event_date,event_timestamp,event_iso8601,event_name,event_previous_timestamp,event_previous_iso8601,event_value_in_usd,event_bundle_sequence_id,event_server_timestamp_offset,user_id,user_pseudo_id,user_first_touch_timestamp,user_first_touch_iso8601,user_ltv,stream_id,platform,event_dimensions,firebase_screen_class,firebase_event_origin,firebase_screen_id,engagement_time_msec,firebase_conversion,firebase_previous_id,firebase_previous_class,user_retailer,user_area,AnalyticsParameterTerm,button_name,AnalyticsParameterItemID,previous_app_version,engine,Compared_vehicle_1,Compared_vehicle_2,update_with_analytics,previous_first_open_count,Compared_vehicle_3,first_open_time,user_id,id,version,install_store,firebase_app_id,install_source,category,mobile_brand_name,mobile_model_name,mobile_marketing_name,mobile_os_hardware_model,operating_system,operating_system_version,vendor_id,advertising_id,language,is_limited_ad_tracking,time_zone_offset_seconds,browser,browser,continent,country,region,city,sub_continent,metro,name,medium,source
20180829,1535542402729002,2018-08-29T12:33:22,screen_view,1535542401817002,2018-08-29T12:33:21,,70,105590,9801ea9bd1869c5c827ba092c9c2f678,483D696063AF449395F5A96439B79B60,1533913118902000,2018-08-10T15:58:38,,1220499683,IOS,,SkodaContentViewController,auto,1670940663789272803,,1,1670940663789272801,SplashViewController,,,,,,,,,,,,,1533913118902000,1535542401909000,uk.co.skoda.assistant.ios,1.1.6,,1:571703561616:ios:777087d7f78ec12a,manual_install,tablet,Apple,iPad,,"iPad7,5",IOS,11.4.1,,,en-gb,No,3600,,,Europe,United Kingdom,England,Nottingham,,,(direct),(none),(direct)
20180829,1535542402731003,2018-08-29T12:33:22,screen_view,1535542402729003,2018-08-29T12:33:22,,70,105590,9801ea9bd1869c5c827ba092c9c2f678,483D696063AF449395F5A96439B79B60,1533913118902000,2018-08-10T15:58:38,,1220499683,IOS,,RangeContentViewController,auto,1670940663789272804,,1,1670940663789272803,SkodaContentViewController,,,,,,,,,,,,,1533913118902000,1535542401909000,uk.co.skoda.assistant.ios,1.1.6,,1:571703561616:ios:777087d7f78ec12a,manual_install,tablet,Apple,iPad,,"iPad7,5",IOS,11.4.1,,,en-gb,No,3600,,,Europe,United Kingdom,England,Nottingham,,,(direct),(none),(direct)
20180829,1535542407535006,2018-08-29T12:33:27,screen_view,1535542402731006,2018-08-29T12:33:22,,70,105590,9801ea9bd1869c5c827ba092c9c2f678,483D696063AF449395F5A96439B79B60,1533913118902000,2018-08-10T15:58:38,,1220499683,IOS,,SkodaContentViewController,auto,1670940663789272803,,1,1670940663789272804,RangeContentViewController,,,,,,,,,,,,,1533913118902000,1535542401909000,uk.co.skoda.assistant.ios,1.1.6,,1:571703561616:ios:777087d7f78ec12a,manual_install,tablet,Apple,iPad,,"iPad7,5",IOS,11.4.1,,,en-gb,No,3600,,,Europe,United Kingdom,England,Nottingham,,,(direct),(none),(direct)
20180829,1535542414026001,2018-08-29T12:33:34,screen_view,1535542407535001,2018-08-29T12:33:27,,71,135922,9801ea9bd1869c5c827ba092c9c2f678,483D696063AF449395F5A96439B79B60,1533913118902000,2018-08-10T15:58:38,,1220499683,IOS,,SFSafariViewController,auto,1670940663789272805,,1,1670940663789272803,SkodaContentViewController,,,,,,,,,,,,,1533913118902000,1535542401909000,uk.co.skoda.assistant.ios,1.1.6,,1:571703561616:ios:777087d7f78ec12a,manual_install,tablet,Apple,iPad,,"iPad7,5",IOS,11.4.1,,,en-gb,No,3600,,,Europe,United Kingdom,England,Nottingham,,,(direct),(none),(direct)
20180829,1535542445939002,2018-08-29T12:34:05,screen_view,1535542414026002,2018-08-29T12:33:34,,71,135922,9801ea9bd1869c5c827ba092c9c2f678,483D696063AF449395F5A96439B79B60,1533913118902000,2018-08-10T15:58:38,,1220499683,IOS,,SkodaContentViewController,auto,1670940663789272803,,1,1670940663789272805,SFSafariViewController,,,,,,,,,,,,,1533913118902000,1535542401909000,uk.co.skoda.assistant.ios,1.1.6,,1:571703561616:ios:777087d7f78ec12a,manual_install,tablet,Apple,iPad,,"iPad7,5",IOS,11.4.1,,,en-gb,No,3600,,,Europe,United Kingdom,England,Nottingham,,,(direct),(none),(direct)
20180829,1535542453853005,2018-08-29T12:34:13,screen_view,1535542445939005,2018-08-29T12:34:05,,71,135922,9801ea9bd1869c5c827ba092c9c2f678,483D696063AF449395F5A96439B79B60,1533913118902000,2018-08-10T15:58:38,,1220499683,IOS,,RangeContentViewController,auto,1670940663789272804,,1,1670940663789272803,SkodaContentViewController,,,,,,,,,,,,,1533913118902000,1535542401909000,uk.co.skoda.assistant.ios,1.1.6,,1:571703561616:ios:777087d7f78ec12a,manual_install,tablet,Apple,iPad,,"iPad7,5",IOS,11.4.1,,,en-gb,No,3600,,,Europe,United Kingdom,England,Nottingham,,,(direct),(none),(direct)
20180829,1535542457093008,2018-08-29T12:34:17,screen_view,1535542453853008,2018-08-29T12:34:13,,71,135922,9801ea9bd1869c5c827ba092c9c2f678,483D696063AF449395F5A96439B79B60,1533913118902000,2018-08-10T15:58:38,,1220499683,IOS,,SkodaContentViewController,auto,1670940663789272803,,1,1670940663789272804,RangeContentViewController,,,,,,,,,,,,,1533913118902000,1535542401909000,uk.co.skoda.assistant.ios,1.1.6,,1:571703561616:ios:777087d7f78ec12a,manual_install,tablet,Apple,iPad,,"iPad7,5",IOS,11.4.1,,,en-gb,No,3600,,,Europe,United Kingdom,England,Nottingham,,,(direct),(none),(direct)
20180829,1535542401976000,2018-08-29T12:33:21,button_press,1535187721960000,2018-08-25T10:02:01,,70,105590,9801ea9bd1869c5c827ba092c9c2f678,483D696063AF449395F5A96439B79B60,1533913118902000,2018-08-10T15:58:38,,1220499683,IOS,,SplashViewController,app,1670940663789272801,,1,,,,,,globalnav_range,,,,,,,,,1533913118902000,1535542401909000,uk.co.skoda.assistant.ios,1.1.6,,1:571703561616:ios:777087d7f78ec12a,manual_install,tablet,Apple,iPad,,"iPad7,5",IOS,11.4.1,,,en-gb,No,3600,,,Europe,United Kingdom,England,Nottingham,,,(direct),(none),(direct)
20180829,1535542401977001,2018-08-29T12:33:21,button_press,1535542401976001,2018-08-29T12:33:21,,70,105590,9801ea9bd1869c5c827ba092c9c2f678,483D696063AF449395F5A96439B79B60,1533913118902000,2018-08-10T15:58:38,,1220499683,IOS,,SplashViewController,app,1670940663789272801,,1,,,,,,range,,,,,,,,,1533913118902000,1535542401909000,uk.co.skoda.assistant.ios,1.1.6,,1:571703561616:ios:777087d7f78ec12a,manual_install,tablet,Apple,iPad,,"iPad7,5",IOS,11.4.1,,,en-gb,No,3600,,,Europe,United Kingdom,England,Nottingham,,,(direct),(none),(direct)
20180829,1535542407439004,2018-08-29T12:33:27,button_press,1535542401977004,2018-08-29T12:33:21,,70,105590,9801ea9bd1869c5c827ba092c9c2f678,483D696063AF449395F5A96439B79B60,1533913118902000,2018-08-10T15:58:38,,1220499683,IOS,,RangeContentViewController,app,1670940663789272804,,1,,,,,,globalnav_links,,,,,,,,,1533913118902000,1535542401909000,uk.co.skoda.assistant.ios,1.1.6,,1:571703561616:ios:777087d7f78ec12a,manual_install,tablet,Apple,iPad,,"iPad7,5",IOS,11.4.1,,,en-gb,No,3600,,,Europe,United Kingdom,England,Nottingham,,,(direct),(none),(direct)
20180829,1535542407450005,2018-08-29T12:33:27,button_press,1535542407439005,2018-08-29T12:33:27,,70,105590,9801ea9bd1869c5c827ba092c9c2f678,483D696063AF449395F5A96439B79B60,1533913118902000,2018-08-10T15:58:38,,1220499683,IOS,,RangeContentViewController,app,1670940663789272804,,1,,,,,,links,,,,,,,,,1533913118902000,1535542401909000,uk.co.skoda.assistant.ios,1.1.6,,1:571703561616:ios:777087d7f78ec12a,manual_install,tablet,Apple,iPad,,"iPad7,5",IOS,11.4.1,,,en-gb,No,3600,,,Europe,United Kingdom,England,Nottingham,,,(direct),(none),(direct)
20180829,1535542453797003,2018-08-29T12:34:13,button_press,1535542407450003,2018-08-29T12:33:27,,71,135922,9801ea9bd1869c5c827ba092c9c2f678,483D696063AF449395F5A96439B79B60,1533913118902000,2018-08-10T15:58:38,,1220499683,IOS,,SkodaContentViewController,app,1670940663789272803,,1,,,,,,globalnav_range,,,,,,,,,1533913118902000,1535542401909000,uk.co.skoda.assistant.ios,1.1.6,,1:571703561616:ios:777087d7f78ec12a,manual_install,tablet,Apple,iPad,,"iPad7,5",IOS,11.4.1,,,en-gb,No,3600,,,Europe,United Kingdom,England,Nottingham,,,(direct),(none),(direct)
20180829,1535542453833004,2018-08-29T12:34:13,button_press,1535542453797004,2018-08-29T12:34:13,,71,135922,9801ea9bd1869c5c827ba092c9c2f678,483D696063AF449395F5A96439B79B60,1533913118902000,2018-08-10T15:58:38,,1220499683,IOS,,SkodaContentViewController,app,1670940663789272803,,1,,,,,,range,,,,,,,,,1533913118902000,1535542401909000,uk.co.skoda.assistant.ios,1.1.6,,1:571703561616:ios:777087d7f78ec12a,manual_install,tablet,Apple,iPad,,"iPad7,5",IOS,11.4.1,,,en-gb,No,3600,,,Europe,United Kingdom,England,Nottingham,,,(direct),(none),(direct)
20180829,1535542456905006,2018-08-29T12:34:16,button_press,1535542453833006,2018-08-29T12:34:13,,71,135922,9801ea9bd1869c5c827ba092c9c2f678,483D696063AF449395F5A96439B79B60,1533913118902000,2018-08-10T15:58:38,,1220499683,IOS,,RangeContentViewController,app,1670940663789272804,,1,,,,,,globalnav_compare,,,,,,,,,1533913118902000,1535542401909000,uk.co.skoda.assistant.ios,1.1.6,,1:571703561616:ios:777087d7f78ec12a,manual_install,tablet,Apple,iPad,,"iPad7,5",IOS,11.4.1,,,en-gb,No,3600,,,Europe,United Kingdom,England,Nottingham,,,(direct),(none),(direct)
20180829,1535542456934007,2018-08-29T12:34:16,button_press,1535542456905007,2018-08-29T12:34:16,,71,135922,9801ea9bd1869c5c827ba092c9c2f678,483D696063AF449395F5A96439B79B60,1533913118902000,2018-08-10T15:58:38,,1220499683,IOS,,RangeContentViewController,app,1670940663789272804,,1,,,,,,compare,,,,,,,,,1533913118902000,1535542401909000,uk.co.skoda.assistant.ios,1.1.6,,1:571703561616:ios:777087d7f78ec12a,manual_install,tablet,Apple,iPad,,"iPad7,5",IOS,11.4.1,,,en-gb,No,3600,,,Europe,United Kingdom,England,Nottingham,,,(direct),(none),(direct)
20180829,1535542413860000,2018-08-29T12:33:33,link_followed,1535187731213000,2018-08-25T10:02:11,,71,135922,9801ea9bd1869c5c827ba092c9c2f678,483D696063AF449395F5A96439B79B60,1533913118902000,2018-08-10T15:58:38,,1220499683,IOS,,SkodaContentViewController,app,1670940663789272803,,1,,,,,Connect Online,,11,,,,,,,,1533913118902000,1535542401909000,uk.co.skoda.assistant.ios,1.1.6,,1:571703561616:ios:777087d7f78ec12a,manual_install,tablet,Apple,iPad,,"iPad7,5",IOS,11.4.1,,,en-gb,No,3600,,,Europe,United Kingdom,England,Nottingham,,,(direct),(none),(direct)
20180829,1535542407535006,2018-08-29T12:33:27,user_engagement,1535542401816006,2018-08-29T12:33:21,,70,105590,9801ea9bd1869c5c827ba092c9c2f678,483D696063AF449395F5A96439B79B60,1533913118902000,2018-08-10T15:58:38,,1220499683,IOS,,RangeContentViewController,auto,1670940663789272804,5717,,,,,,,,,,,,,,,,1533913118902000,1535542401909000,uk.co.skoda.assistant.ios,1.1.6,,1:571703561616:ios:777087d7f78ec12a,manual_install,tablet,Apple,iPad,,"iPad7,5",IOS,11.4.1,,,en-gb,No,3600,,,Europe,United Kingdom,England,Nottingham,,,(direct),(none),(direct)
20180829,1535542414026001,2018-08-29T12:33:34,user_engagement,1535542407535001,2018-08-29T12:33:27,,71,135922,9801ea9bd1869c5c827ba092c9c2f678,483D696063AF449395F5A96439B79B60,1533913118902000,2018-08-10T15:58:38,,1220499683,IOS,,SkodaContentViewController,auto,1670940663789272803,6491,,,,,,,,,,,,,,,,1533913118902000,1535542401909000,uk.co.skoda.assistant.ios,1.1.6,,1:571703561616:ios:777087d7f78ec12a,manual_install,tablet,Apple,iPad,,"iPad7,5",IOS,11.4.1,,,en-gb,No,3600,,,Europe,United Kingdom,England,Nottingham,,,(direct),(none),(direct)
20180829,1535542445939003,2018-08-29T12:34:05,user_engagement,1535542414026003,2018-08-29T12:33:34,,71,135922,9801ea9bd1869c5c827ba092c9c2f678,483D696063AF449395F5A96439B79B60,1533913118902000,2018-08-10T15:58:38,,1220499683,IOS,,SFSafariViewController,auto,1670940663789272805,31912,,,,,,,,,,,,,,,,1533913118902000,1535542401909000,uk.co.skoda.assistant.ios,1.1.6,,1:571703561616:ios:777087d7f78ec12a,manual_install,tablet,Apple,iPad,,"iPad7,5",IOS,11.4.1,,,en-gb,No,3600,,,Europe,United Kingdom,England,Nottingham,,,(direct),(none),(direct)
20180829,1535542453852007,2018-08-29T12:34:13,user_engagement,1535542445939007,2018-08-29T12:34:05,,71,135922,9801ea9bd1869c5c827ba092c9c2f678,483D696063AF449395F5A96439B79B60,1533913118902000,2018-08-10T15:58:38,,1220499683,IOS,,SkodaContentViewController,auto,1670940663789272803,7912,,,,,,,,,,,,,,,,1533913118902000,1535542401909000,uk.co.skoda.assistant.ios,1.1.6,,1:571703561616:ios:777087d7f78ec12a,manual_install,tablet,Apple,iPad,,"iPad7,5",IOS,11.4.1,,,en-gb,No,3600,,,Europe,United Kingdom,England,Nottingham,,,(direct),(none),(direct)
20180829,1535542457092011,2018-08-29T12:34:17,user_engagement,1535542453852011,2018-08-29T12:34:13,,71,135922,9801ea9bd1869c5c827ba092c9c2f678,483D696063AF449395F5A96439B79B60,1533913118902000,2018-08-10T15:58:38,,1220499683,IOS,,RangeContentViewController,auto,1670940663789272804,3240,,,,,,,,,,,,,,,,1533913118902000,1535542401909000,uk.co.skoda.assistant.ios,1.1.6,,1:571703561616:ios:777087d7f78ec12a,manual_install,tablet,Apple,iPad,,"iPad7,5",IOS,11.4.1,,,en-gb,No,3600,,,Europe,United Kingdom,England,Nottingham,,,(direct),(none),(direct)
20180829,1535542461138013,2018-08-29T12:34:21,user_engagement,1535542457092013,2018-08-29T12:34:17,,71,135922,9801ea9bd1869c5c827ba092c9c2f678,483D696063AF449395F5A96439B79B60,1533913118902000,2018-08-10T15:58:38,,1220499683,IOS,,SkodaContentViewController,auto,1670940663789272803,4045,,,,,,,,,,,,,,,,1533913118902000,1535542401909000,uk.co.skoda.assistant.ios,1.1.6,,1:571703561616:ios:777087d7f78ec12a,manual_install,tablet,Apple,iPad,,"iPad7,5",IOS,11.4.1,,,en-gb,No,3600,,,Europe,United Kingdom,England,Nottingham,,,(direct),(none),(direct)
20180829,1535542371378000,2018-08-29T12:32:51,screen_view,1535187731339000,2018-08-25T10:02:11,,65,90420,9801ea9bd1869c5c827ba092c9c2f678,483D696063AF449395F5A96439B79B60,1533913118902000,2018-08-10T15:58:38,,1220499683,IOS,,SplashViewController,auto,302855225628088859,,1,302855225628088865,SFSafariViewController,,,,,,,,,,,,,1533913118902000,1535187705878000,uk.co.skoda.assistant.ios,1.1.6,,1:571703561616:ios:777087d7f78ec12a,manual_install,tablet,Apple,iPad,,"iPad7,5",IOS,11.4.1,,,en-gb,No,3600,,,Europe,United Kingdom,England,Nottingham,,,(direct),(none),(direct)
20180829,1535542371416001,2018-08-29T12:32:51,screen_view,1535542371378001,2018-08-29T12:32:51,,65,90420,9801ea9bd1869c5c827ba092c9c2f678,483D696063AF449395F5A96439B79B60,1533913118902000,2018-08-10T15:58:38,,1220499683,IOS,,LoginViewController,auto,302855225628088866,,1,302855225628088859,SplashViewController,,,,,,,,,,,,,1533913118902000,1535187705878000,uk.co.skoda.assistant.ios,1.1.6,,1:571703561616:ios:777087d7f78ec12a,manual_install,tablet,Apple,iPad,,"iPad7,5",IOS,11.4.1,,,en-gb,No,3600,,,Europe,United Kingdom,England,Nottingham,,,(direct),(none),(direct)
20180829,1535542377544000,2018-08-29T12:32:57,screen_view,1535542371416000,2018-08-29T12:32:51,,66,121941,9801ea9bd1869c5c827ba092c9c2f678,483D696063AF449395F5A96439B79B60,1533913118902000,2018-08-10T15:58:38,,1220499683,IOS,,SplashViewController,auto,302855225628088859,,1,302855225628088866,LoginViewController,,,,,,,,,,,,,1533913118902000,1535187705878000,uk.co.skoda.assistant.ios,1.1.6,,1:571703561616:ios:777087d7f78ec12a,manual_install,tablet,Apple,iPad,,"iPad7,5",IOS,11.4.1,,,en-gb,No,3600,,,Europe,United Kingdom,England,Nottingham,,,(direct),(none),(direct)
20180829,1535542377589001,2018-08-29T12:32:57,screen_view,1535542377544001,2018-08-29T12:32:57,,66,121941,9801ea9bd1869c5c827ba092c9c2f678,483D696063AF449395F5A96439B79B60,1533913118902000,2018-08-10T15:58:38,,1220499683,IOS,,LoginViewController,auto,302855225628088867,,1,302855225628088859,SplashViewController,,,,,,,,,,,,,1533913118902000,1535187705878000,uk.co.skoda.assistant.ios,1.1.6,,1:571703561616:ios:777087d7f78ec12a,manual_install,tablet,Apple,iPad,,"iPad7,5",IOS,11.4.1,,,en-gb,No,3600,,,Europe,United Kingdom,England,Nottingham,,,(direct),(none),(direct)
20180829,1535542383593000,2018-08-29T12:33:03,screen_view,1535542377589000,2018-08-29T12:32:57,,67,84635,9801ea9bd1869c5c827ba092c9c2f678,483D696063AF449395F5A96439B79B60,1533913118902000,2018-08-10T15:58:38,,1220499683,IOS,,SplashViewController,auto,302855225628088859,,1,302855225628088867,LoginViewController,,,,,,,,,,,,,1533913118902000,1535187705878000,uk.co.skoda.assistant.ios,1.1.6,,1:571703561616:ios:777087d7f78ec12a,manual_install,tablet,Apple,iPad,,"iPad7,5",IOS,11.4.1,,,en-gb,No,3600,,,Europe,United Kingdom,England,Nottingham,,,(direct),(none),(direct)
20180829,1535542383697001,2018-08-29T12:33:03,screen_view,1535542383593001,2018-08-29T12:33:03,,67,84635,9801ea9bd1869c5c827ba092c9c2f678,483D696063AF449395F5A96439B79B60,1533913118902000,2018-08-10T15:58:38,,1220499683,IOS,,LoginViewController,auto,302855225628088868,,1,302855225628088859,SplashViewController,,,,,,,,,,,,,1533913118902000,1535187705878000,uk.co.skoda.assistant.ios,1.1.6,,1:571703561616:ios:777087d7f78ec12a,manual_install,tablet,Apple,iPad,,"iPad7,5",IOS,11.4.1,,,en-gb,No,3600,,,Europe,United Kingdom,England,Nottingham,,,(direct),(none),(direct)
20180829,1535542393543000,2018-08-29T12:33:13,screen_view,1535542383697000,2018-08-29T12:33:03,,68,81583,9801ea9bd1869c5c827ba092c9c2f678,483D696063AF449395F5A96439B79B60,1533913118902000,2018-08-10T15:58:38,,1220499683,IOS,,LoginViewController,auto,1670940663789272802,,1,,,,,,,,,,,,,,,1533913118902000,1535187705878000,uk.co.skoda.assistant.ios,1.1.6,,1:571703561616:ios:777087d7f78ec12a,manual_install,tablet,Apple,iPad,,"iPad7,5",IOS,11.4.1,,,en-gb,No,3600,,,Europe,United Kingdom,England,Nottingham,,,(direct),(none),(direct)
20180829,1535542401817000,2018-08-29T12:33:21,screen_view,1535542393543000,2018-08-29T12:33:13,,69,105589,9801ea9bd1869c5c827ba092c9c2f678,483D696063AF449395F5A96439B79B60,1533913118902000,2018-08-10T15:58:38,,1220499683,IOS,,SplashViewController,auto,1670940663789272801,,1,1670940663789272802,LoginViewController,,,,,,,,,,,,,1533913118902000,1535187705878000,uk.co.skoda.assistant.ios,1.1.6,,1:571703561616:ios:777087d7f78ec12a,manual_install,tablet,Apple,iPad,,"iPad7,5",IOS,11.4.1,,,en-gb,No,3600,,,Europe,United Kingdom,England,Nottingham,,,(direct),(none),(direct)
20180829,1535542375019002,2018-08-29T12:32:55,user_engagement,1535187896282002,2018-08-25T10:04:56,,65,90420,9801ea9bd1869c5c827ba092c9c2f678,483D696063AF449395F5A96439B79B60,1533913118902000,2018-08-10T15:58:38,,1220499683,IOS,,LoginViewController,auto,302855225628088866,4235,,,,,,,,,,,,,,,,1533913118902000,1535187705878000,uk.co.skoda.assistant.ios,1.1.6,,1:571703561616:ios:777087d7f78ec12a,manual_install,tablet,Apple,iPad,,"iPad7,5",IOS,11.4.1,,,en-gb,No,3600,,,Europe,United Kingdom,England,Nottingham,,,(direct),(none),(direct)
20180829,1535542381405002,2018-08-29T12:33:01,user_engagement,1535542375019002,2018-08-29T12:32:55,,66,121941,9801ea9bd1869c5c827ba092c9c2f678,483D696063AF449395F5A96439B79B60,1533913118902000,2018-08-10T15:58:38,,1220499683,IOS,,LoginViewController,auto,302855225628088867,4367,,,,,,,,,,,,,,,,1533913118902000,1535187705878000,uk.co.skoda.assistant.ios,1.1.6,,1:571703561616:ios:777087d7f78ec12a,manual_install,tablet,Apple,iPad,,"iPad7,5",IOS,11.4.1,,,en-gb,No,3600,,,Europe,United Kingdom,England,Nottingham,,,(direct),(none),(direct)
20180829,1535542388800002,2018-08-29T12:33:08,user_engagement,1535542381405002,2018-08-29T12:33:01,,67,84635,9801ea9bd1869c5c827ba092c9c2f678,483D696063AF449395F5A96439B79B60,1533913118902000,2018-08-10T15:58:38,,1220499683,IOS,,LoginViewController,auto,302855225628088868,5723,,,,,,,,,,,,,,,,1533913118902000,1535187705878000,uk.co.skoda.assistant.ios,1.1.6,,1:571703561616:ios:777087d7f78ec12a,manual_install,tablet,Apple,iPad,,"iPad7,5",IOS,11.4.1,,,en-gb,No,3600,,,Europe,United Kingdom,England,Nottingham,,,(direct),(none),(direct)
20180829,1535542397804001,2018-08-29T12:33:17,user_engagement,1535542388800001,2018-08-29T12:33:08,,68,81583,9801ea9bd1869c5c827ba092c9c2f678,483D696063AF449395F5A96439B79B60,1533913118902000,2018-08-10T15:58:38,,1220499683,IOS,,LoginViewController,auto,1670940663789272802,4261,,,,,,,,,,,,,,,,1533913118902000,1535187705878000,uk.co.skoda.assistant.ios,1.1.6,,1:571703561616:ios:777087d7f78ec12a,manual_install,tablet,Apple,iPad,,"iPad7,5",IOS,11.4.1,,,en-gb,No,3600,,,Europe,United Kingdom,England,Nottingham,,,(direct),(none),(direct)
20180829,1535542401816000,2018-08-29T12:33:21,user_engagement,1535542397804000,2018-08-29T12:33:17,,69,105589,9801ea9bd1869c5c827ba092c9c2f678,483D696063AF449395F5A96439B79B60,1533913118902000,2018-08-10T15:58:38,,1220499683,IOS,,LoginViewController,auto,1670940663789272802,1984,,,,,,,,,,,,,,,,1533913118902000,1535187705878000,uk.co.skoda.assistant.ios,1.1.6,,1:571703561616:ios:777087d7f78ec12a,manual_install,tablet,Apple,iPad,,"iPad7,5",IOS,11.4.1,,,en-gb,No,3600,,,Europe,United Kingdom,England,Nottingham,,,(direct),(none),(direct)
20180829,1535542401834001,2018-08-29T12:33:21,AnalyticsEventLogin,1535187705814001,2018-08-25T10:01:45,,69,105589,9801ea9bd1869c5c827ba092c9c2f678,483D696063AF449395F5A96439B79B60,1533913118902000,2018-08-10T15:58:38,,1220499683,IOS,,SplashViewController,app,1670940663789272801,,1,,,28060,4,9801ea9bd1869c5c827ba092c9c2f678,,,,,,,,,,1533913118902000,1535187705878000,uk.co.skoda.assistant.ios,1.1.6,,1:571703561616:ios:777087d7f78ec12a,manual_install,tablet,Apple,iPad,,"iPad7,5",IOS,11.4.1,,,en-gb,No,3600,,,Europe,United Kingdom,England,Nottingham,,,(direct),(none),(direct)
