event_date,event_timestamp,event_iso8601,event_name,event_previous_timestamp,event_previous_iso8601,event_value_in_usd,event_bundle_sequence_id,event_server_timestamp_offset,user_id,user_pseudo_id,user_first_touch_timestamp,user_first_touch_iso8601,user_ltv,stream_id,platform,event_dimensions,firebase_screen_class,firebase_event_origin,firebase_screen_id,engagement_time_msec,firebase_conversion,firebase_previous_id,firebase_previous_class,user_retailer,user_area,AnalyticsParameterTerm,button_name,AnalyticsParameterItemID,previous_app_version,engine,Compared_vehicle_1,Compared_vehicle_2,update_with_analytics,previous_first_open_count,Compared_vehicle_3,first_open_time,user_id,id,version,install_store,firebase_app_id,install_source,category,mobile_brand_name,mobile_model_name,mobile_marketing_name,mobile_os_hardware_model,operating_system,operating_system_version,vendor_id,advertising_id,language,is_limited_ad_tracking,time_zone_offset_seconds,browser,browser,continent,country,region,city,sub_continent,metro,name,medium,source
20180829,1535542915016000,2018-08-29T12:41:55,screen_view,1535134429651000,2018-08-24T19:13:49,,25,144289,c0795c1b0be2d3efe8c6cc158277dc44,F7993CD81B8D4DFEB0424CF94D2EA130,1534952797272000,2018-08-22T16:46:37,,1220499683,IOS,,LoginViewController,auto,-5426362898991794736,,1,-5426362898991794804,SkodaContentViewController,,,,,,,,,,,,,1534952797272000,1535104239399000,uk.co.skoda.assistant.ios,1.1.6,,1:571703561616:ios:777087d7f78ec12a,manual_install,tablet,Apple,iPad,,"iPad7,5",IOS,11.4.1,,,en-gb,No,3600,,,Europe,United Kingdom,England,London,,,(direct),(none),(direct)
20180829,1535542915251000,2018-08-29T12:41:55,screen_view,1535542915016000,2018-08-29T12:41:55,,26,126247,c0795c1b0be2d3efe8c6cc158277dc44,F7993CD81B8D4DFEB0424CF94D2EA130,1534952797272000,2018-08-22T16:46:37,,1220499683,IOS,,SplashViewController,auto,-5426362898991794806,,1,-5426362898991794736,LoginViewController,,,,,,,,,,,,,1534952797272000,1535104239399000,uk.co.skoda.assistant.ios,1.1.6,,1:571703561616:ios:777087d7f78ec12a,manual_install,tablet,Apple,iPad,,"iPad7,5",IOS,11.4.1,,,en-gb,No,3600,,,Europe,United Kingdom,England,London,,,(direct),(none),(direct)
20180829,1535542943418000,2018-08-29T12:42:23,screen_view,1535542915251000,2018-08-29T12:41:55,,28,133656,c0795c1b0be2d3efe8c6cc158277dc44,F7993CD81B8D4DFEB0424CF94D2EA130,1534952797272000,2018-08-22T16:46:37,,1220499683,IOS,,LoginViewController,auto,-5426362898991794735,,1,-5426362898991794806,SplashViewController,,,,,,,,,,,,,1534952797272000,1535104239399000,uk.co.skoda.assistant.ios,1.1.6,,1:571703561616:ios:777087d7f78ec12a,manual_install,tablet,Apple,iPad,,"iPad7,5",IOS,11.4.1,,,en-gb,No,3600,,,Europe,United Kingdom,England,London,,,(direct),(none),(direct)
20180829,1535543009832000,2018-08-29T12:43:29,screen_view,1535542943418000,2018-08-29T12:42:23,,29,141701,c0795c1b0be2d3efe8c6cc158277dc44,F7993CD81B8D4DFEB0424CF94D2EA130,1534952797272000,2018-08-22T16:46:37,,1220499683,IOS,,SplashViewController,auto,-5426362898991794806,,1,-5426362898991794735,LoginViewController,,,,,,,,,,,,,1534952797272000,1535104239399000,uk.co.skoda.assistant.ios,1.1.6,,1:571703561616:ios:777087d7f78ec12a,manual_install,tablet,Apple,iPad,,"iPad7,5",IOS,11.4.1,,,en-gb,No,3600,,,Europe,United Kingdom,England,London,,,(direct),(none),(direct)
20180829,1535543009930001,2018-08-29T12:43:29,screen_view,1535543009832001,2018-08-29T12:43:29,,29,141701,c0795c1b0be2d3efe8c6cc158277dc44,F7993CD81B8D4DFEB0424CF94D2EA130,1534952797272000,2018-08-22T16:46:37,,1220499683,IOS,,LoginViewController,auto,-5426362898991794734,,1,-5426362898991794806,SplashViewController,,,,,,,,,,,,,1534952797272000,1535104239399000,uk.co.skoda.assistant.ios,1.1.6,,1:571703561616:ios:777087d7f78ec12a,manual_install,tablet,Apple,iPad,,"iPad7,5",IOS,11.4.1,,,en-gb,No,3600,,,Europe,United Kingdom,England,London,,,(direct),(none),(direct)
20180829,1535543020922000,2018-08-29T12:43:40,screen_view,1535543009930000,2018-08-29T12:43:29,,30,135743,c0795c1b0be2d3efe8c6cc158277dc44,F7993CD81B8D4DFEB0424CF94D2EA130,1534952797272000,2018-08-22T16:46:37,,1220499683,IOS,,SplashViewController,auto,-5426362898991794806,,1,-5426362898991794734,LoginViewController,,,,,,,,,,,,,1534952797272000,1535104239399000,uk.co.skoda.assistant.ios,1.1.6,,1:571703561616:ios:777087d7f78ec12a,manual_install,tablet,Apple,iPad,,"iPad7,5",IOS,11.4.1,,,en-gb,No,3600,,,Europe,United Kingdom,England,London,,,(direct),(none),(direct)
20180829,1535543020953001,2018-08-29T12:43:40,screen_view,1535543020922001,2018-08-29T12:43:40,,30,135743,c0795c1b0be2d3efe8c6cc158277dc44,F7993CD81B8D4DFEB0424CF94D2EA130,1534952797272000,2018-08-22T16:46:37,,1220499683,IOS,,LoginViewController,auto,-5426362898991794733,,1,-5426362898991794806,SplashViewController,,,,,,,,,,,,,1534952797272000,1535104239399000,uk.co.skoda.assistant.ios,1.1.6,,1:571703561616:ios:777087d7f78ec12a,manual_install,tablet,Apple,iPad,,"iPad7,5",IOS,11.4.1,,,en-gb,No,3600,,,Europe,United Kingdom,England,London,,,(direct),(none),(direct)
20180829,1535543033616000,2018-08-29T12:43:53,screen_view,1535543020953000,2018-08-29T12:43:40,,31,1403766,c0795c1b0be2d3efe8c6cc158277dc44,F7993CD81B8D4DFEB0424CF94D2EA130,1534952797272000,2018-08-22T16:46:37,,1220499683,IOS,,SplashViewController,auto,-5426362898991794806,,1,-5426362898991794733,LoginViewController,,,,,,,,,,,,,1534952797272000,1535104239399000,uk.co.skoda.assistant.ios,1.1.6,,1:571703561616:ios:777087d7f78ec12a,manual_install,tablet,Apple,iPad,,"iPad7,5",IOS,11.4.1,,,en-gb,No,3600,,,Europe,United Kingdom,England,London,,,(direct),(none),(direct)
20180829,1535543033719001,2018-08-29T12:43:53,screen_view,1535543033616001,2018-08-29T12:43:53,,31,1403766,c0795c1b0be2d3efe8c6cc158277dc44,F7993CD81B8D4DFEB0424CF94D2EA130,1534952797272000,2018-08-22T16:46:37,,1220499683,IOS,,LoginViewController,auto,-5426362898991794732,,1,-5426362898991794806,SplashViewController,,,,,,,,,,,,,1534952797272000,1535104239399000,uk.co.skoda.assistant.ios,1.1.6,,1:571703561616:ios:777087d7f78ec12a,manual_install,tablet,Apple,iPad,,"iPad7,5",IOS,11.4.1,,,en-gb,No,3600,,,Europe,United Kingdom,England,London,,,(direct),(none),(direct)
20180829,1535543072175002,2018-08-29T12:44:32,screen_view,1535543033719002,2018-08-29T12:43:53,,31,1403766,c0795c1b0be2d3efe8c6cc158277dc44,F7993CD81B8D4DFEB0424CF94D2EA130,1534952797272000,2018-08-22T16:46:37,,1220499683,IOS,,SplashViewController,auto,-5426362898991794806,,1,-5426362898991794732,LoginViewController,,,,,,,,,,,,,1534952797272000,1535104239399000,uk.co.skoda.assistant.ios,1.1.6,,1:571703561616:ios:777087d7f78ec12a,manual_install,tablet,Apple,iPad,,"iPad7,5",IOS,11.4.1,,,en-gb,No,3600,,,Europe,United Kingdom,England,London,,,(direct),(none),(direct)
20180829,1535542924730000,2018-08-29T12:42:04,session_start,1535131445943000,2018-08-24T18:24:05,,27,124009,c0795c1b0be2d3efe8c6cc158277dc44,F7993CD81B8D4DFEB0424CF94D2EA130,1534952797272000,2018-08-22T16:46:37,,1220499683,IOS,,SplashViewController,auto,-5426362898991794806,,1,,,,,,,,,,,,,,,1534952797272000,1535104239399000,uk.co.skoda.assistant.ios,1.1.6,,1:571703561616:ios:777087d7f78ec12a,manual_install,tablet,Apple,iPad,,"iPad7,5",IOS,11.4.1,,,en-gb,No,3600,,,Europe,United Kingdom,England,London,,,(direct),(none),(direct)
20180829,1535542937617001,2018-08-29T12:42:17,user_engagement,1535134430489001,2018-08-24T19:13:50,,27,124009,c0795c1b0be2d3efe8c6cc158277dc44,F7993CD81B8D4DFEB0424CF94D2EA130,1534952797272000,2018-08-22T16:46:37,,1220499683,IOS,,SplashViewController,auto,-5426362898991794806,22888,,,,,,,,,,,,,,,,1534952797272000,1535104239399000,uk.co.skoda.assistant.ios,1.1.6,,1:571703561616:ios:777087d7f78ec12a,manual_install,tablet,Apple,iPad,,"iPad7,5",IOS,11.4.1,,,en-gb,No,3600,,,Europe,United Kingdom,England,London,,,(direct),(none),(direct)
20180829,1535542944261001,2018-08-29T12:42:24,user_engagement,1535542937617001,2018-08-29T12:42:17,,28,133656,c0795c1b0be2d3efe8c6cc158277dc44,F7993CD81B8D4DFEB0424CF94D2EA130,1534952797272000,2018-08-22T16:46:37,,1220499683,IOS,,LoginViewController,auto,-5426362898991794735,1456,,,,,,,,,,,,,,,,1534952797272000,1535104239399000,uk.co.skoda.assistant.ios,1.1.6,,1:571703561616:ios:777087d7f78ec12a,manual_install,tablet,Apple,iPad,,"iPad7,5",IOS,11.4.1,,,en-gb,No,3600,,,Europe,United Kingdom,England,London,,,(direct),(none),(direct)
20180829,1535543013239002,2018-08-29T12:43:33,user_engagement,1535542944261002,2018-08-29T12:42:24,,29,141701,c0795c1b0be2d3efe8c6cc158277dc44,F7993CD81B8D4DFEB0424CF94D2EA130,1534952797272000,2018-08-22T16:46:37,,1220499683,IOS,,LoginViewController,auto,-5426362898991794734,3915,,,,,,,,,,,,,,,,1534952797272000,1535104239399000,uk.co.skoda.assistant.ios,1.1.6,,1:571703561616:ios:777087d7f78ec12a,manual_install,tablet,Apple,iPad,,"iPad7,5",IOS,11.4.1,,,en-gb,No,3600,,,Europe,United Kingdom,England,London,,,(direct),(none),(direct)
20180829,1535543030778002,2018-08-29T12:43:50,user_engagement,1535543013239002,2018-08-29T12:43:33,,30,135743,c0795c1b0be2d3efe8c6cc158277dc44,F7993CD81B8D4DFEB0424CF94D2EA130,1534952797272000,2018-08-22T16:46:37,,1220499683,IOS,,LoginViewController,auto,-5426362898991794733,10383,,,,,,,,,,,,,,,,1534952797272000,1535104239399000,uk.co.skoda.assistant.ios,1.1.6,,1:571703561616:ios:777087d7f78ec12a,manual_install,tablet,Apple,iPad,,"iPad7,5",IOS,11.4.1,,,en-gb,No,3600,,,Europe,United Kingdom,England,London,,,(direct),(none),(direct)
20180829,1535543072174002,2018-08-29T12:44:32,user_engagement,1535543030778002,2018-08-29T12:43:50,,31,1403766,c0795c1b0be2d3efe8c6cc158277dc44,F7993CD81B8D4DFEB0424CF94D2EA130,1534952797272000,2018-08-22T16:46:37,,1220499683,IOS,,LoginViewController,auto,-5426362898991794732,39065,,,,,,,,,,,,,,,,1534952797272000,1535104239399000,uk.co.skoda.assistant.ios,1.1.6,,1:571703561616:ios:777087d7f78ec12a,manual_install,tablet,Apple,iPad,,"iPad7,5",IOS,11.4.1,,,en-gb,No,3600,,,Europe,United Kingdom,England,London,,,(direct),(none),(direct)
20180829,1535543072201003,2018-08-29T12:44:32,AnalyticsEventLogin,1535104239183003,2018-08-24T10:50:39,,31,1403766,c0795c1b0be2d3efe8c6cc158277dc44,F7993CD81B8D4DFEB0424CF94D2EA130,1534952797272000,2018-08-22T16:46:37,,1220499683,IOS,,SplashViewController,app,-5426362898991794806,,1,,,22013,3,c0795c1b0be2d3efe8c6cc158277dc44,,,,,,,,,,1534952797272000,1535104239399000,uk.co.skoda.assistant.ios,1.1.6,,1:571703561616:ios:777087d7f78ec12a,manual_install,tablet,Apple,iPad,,"iPad7,5",IOS,11.4.1,,,en-gb,No,3600,,,Europe,United Kingdom,England,London,,,(direct),(none),(direct)
20180829,1535543073183002,2018-08-29T12:44:33,screen_view,1535543072175002,2018-08-29T12:44:32,,32,1403767,c0795c1b0be2d3efe8c6cc158277dc44,F7993CD81B8D4DFEB0424CF94D2EA130,1534952797272000,2018-08-22T16:46:37,,1220499683,IOS,,SkodaContentViewController,auto,-5426362898991794731,,1,-5426362898991794806,SplashViewController,,,,,,,,,,,,,1534952797272000,1535543072280000,uk.co.skoda.assistant.ios,1.1.6,,1:571703561616:ios:777087d7f78ec12a,manual_install,tablet,Apple,iPad,,"iPad7,5",IOS,11.4.1,,,en-gb,No,3600,,,Europe,United Kingdom,England,London,,,(direct),(none),(direct)
20180829,1535543073184003,2018-08-29T12:44:33,screen_view,1535543073183003,2018-08-29T12:44:33,,32,1403767,c0795c1b0be2d3efe8c6cc158277dc44,F7993CD81B8D4DFEB0424CF94D2EA130,1534952797272000,2018-08-22T16:46:37,,1220499683,IOS,,RangeContentViewController,auto,-5426362898991794730,,1,-5426362898991794731,SkodaContentViewController,,,,,,,,,,,,,1534952797272000,1535543072280000,uk.co.skoda.assistant.ios,1.1.6,,1:571703561616:ios:777087d7f78ec12a,manual_install,tablet,Apple,iPad,,"iPad7,5",IOS,11.4.1,,,en-gb,No,3600,,,Europe,United Kingdom,England,London,,,(direct),(none),(direct)
20180829,1535543198877006,2018-08-29T12:46:38,screen_view,1535543073184006,2018-08-29T12:44:33,,32,1403767,c0795c1b0be2d3efe8c6cc158277dc44,F7993CD81B8D4DFEB0424CF94D2EA130,1534952797272000,2018-08-22T16:46:37,,1220499683,IOS,,TrimViewController,auto,-5426362898991794729,,1,-5426362898991794730,RangeContentViewController,,,,,,,,,,,,,1534952797272000,1535543072280000,uk.co.skoda.assistant.ios,1.1.6,,1:571703561616:ios:777087d7f78ec12a,manual_install,tablet,Apple,iPad,,"iPad7,5",IOS,11.4.1,,,en-gb,No,3600,,,Europe,United Kingdom,England,London,,,(direct),(none),(direct)
20180829,1535543235603009,2018-08-29T12:47:15,screen_view,1535543198877009,2018-08-29T12:46:38,,32,1403767,c0795c1b0be2d3efe8c6cc158277dc44,F7993CD81B8D4DFEB0424CF94D2EA130,1534952797272000,2018-08-22T16:46:37,,1220499683,IOS,,SkodaContentViewController,auto,-5426362898991794731,,1,-5426362898991794729,TrimViewController,,,,,,,,,,,,,1534952797272000,1535543072280000,uk.co.skoda.assistant.ios,1.1.6,,1:571703561616:ios:777087d7f78ec12a,manual_install,tablet,Apple,iPad,,"iPad7,5",IOS,11.4.1,,,en-gb,No,3600,,,Europe,United Kingdom,England,London,,,(direct),(none),(direct)
20180829,1535543250789012,2018-08-29T12:47:30,screen_view,1535543235603012,2018-08-29T12:47:15,,32,1403767,c0795c1b0be2d3efe8c6cc158277dc44,F7993CD81B8D4DFEB0424CF94D2EA130,1534952797272000,2018-08-22T16:46:37,,1220499683,IOS,,TrimViewController,auto,-5426362898991794729,,1,-5426362898991794731,SkodaContentViewController,,,,,,,,,,,,,1534952797272000,1535543072280000,uk.co.skoda.assistant.ios,1.1.6,,1:571703561616:ios:777087d7f78ec12a,manual_install,tablet,Apple,iPad,,"iPad7,5",IOS,11.4.1,,,en-gb,No,3600,,,Europe,United Kingdom,England,London,,,(direct),(none),(direct)
20180829,1535543251804015,2018-08-29T12:47:31,screen_view,1535543250789015,2018-08-29T12:47:30,,32,1403767,c0795c1b0be2d3efe8c6cc158277dc44,F7993CD81B8D4DFEB0424CF94D2EA130,1534952797272000,2018-08-22T16:46:37,,1220499683,IOS,,SkodaContentViewController,auto,-5426362898991794731,,1,-5426362898991794729,TrimViewController,,,,,,,,,,,,,1534952797272000,1535543072280000,uk.co.skoda.assistant.ios,1.1.6,,1:571703561616:ios:777087d7f78ec12a,manual_install,tablet,Apple,iPad,,"iPad7,5",IOS,11.4.1,,,en-gb,No,3600,,,Europe,United Kingdom,England,London,,,(direct),(none),(direct)
20180829,1535543438180017,2018-08-29T12:50:38,screen_view,1535543251804017,2018-08-29T12:47:31,,32,1403767,c0795c1b0be2d3efe8c6cc158277dc44,F7993CD81B8D4DFEB0424CF94D2EA130,1534952797272000,2018-08-22T16:46:37,,1220499683,IOS,,ComparisonResultViewController,auto,-5426362898991794728,,1,-5426362898991794731,SkodaContentViewController,,,,,,,,,,,,,1534952797272000,1535543072280000,uk.co.skoda.assistant.ios,1.1.6,,1:571703561616:ios:777087d7f78ec12a,manual_install,tablet,Apple,iPad,,"iPad7,5",IOS,11.4.1,,,en-gb,No,3600,,,Europe,United Kingdom,England,London,,,(direct),(none),(direct)
20180829,1535543564649018,2018-08-29T12:52:44,screen_view,1535543438180018,2018-08-29T12:50:38,,32,1403767,c0795c1b0be2d3efe8c6cc158277dc44,F7993CD81B8D4DFEB0424CF94D2EA130,1534952797272000,2018-08-22T16:46:37,,1220499683,IOS,,SkodaContentViewController,auto,-5426362898991794731,,1,-5426362898991794728,ComparisonResultViewController,,,,,,,,,,,,,1534952797272000,1535543072280000,uk.co.skoda.assistant.ios,1.1.6,,1:571703561616:ios:777087d7f78ec12a,manual_install,tablet,Apple,iPad,,"iPad7,5",IOS,11.4.1,,,en-gb,No,3600,,,Europe,United Kingdom,England,London,,,(direct),(none),(direct)
20180829,1535543595105021,2018-08-29T12:53:15,screen_view,1535543564649021,2018-08-29T12:52:44,,32,1403767,c0795c1b0be2d3efe8c6cc158277dc44,F7993CD81B8D4DFEB0424CF94D2EA130,1534952797272000,2018-08-22T16:46:37,,1220499683,IOS,,TrimViewController,auto,-5426362898991794729,,1,-5426362898991794731,SkodaContentViewController,,,,,,,,,,,,,1534952797272000,1535543072280000,uk.co.skoda.assistant.ios,1.1.6,,1:571703561616:ios:777087d7f78ec12a,manual_install,tablet,Apple,iPad,,"iPad7,5",IOS,11.4.1,,,en-gb,No,3600,,,Europe,United Kingdom,England,London,,,(direct),(none),(direct)
20180829,1535543599313023,2018-08-29T12:53:19,screen_view,1535543595105023,2018-08-29T12:53:15,,32,1403767,c0795c1b0be2d3efe8c6cc158277dc44,F7993CD81B8D4DFEB0424CF94D2EA130,1534952797272000,2018-08-22T16:46:37,,1220499683,IOS,,EngineDetailsViewController,auto,-5426362898991794727,,1,-5426362898991794729,TrimViewController,,,,,,,,,,,,,1534952797272000,1535543072280000,uk.co.skoda.assistant.ios,1.1.6,,1:571703561616:ios:777087d7f78ec12a,manual_install,tablet,Apple,iPad,,"iPad7,5",IOS,11.4.1,,,en-gb,No,3600,,,Europe,United Kingdom,England,London,,,(direct),(none),(direct)
20180829,1535543607017024,2018-08-29T12:53:27,screen_view,1535543599313024,2018-08-29T12:53:19,,32,1403767,c0795c1b0be2d3efe8c6cc158277dc44,F7993CD81B8D4DFEB0424CF94D2EA130,1534952797272000,2018-08-22T16:46:37,,1220499683,IOS,,SkodaContentViewController,auto,-5426362898991794731,,1,-5426362898991794727,EngineDetailsViewController,,,,,,,,,,,,,1534952797272000,1535543072280000,uk.co.skoda.assistant.ios,1.1.6,,1:571703561616:ios:777087d7f78ec12a,manual_install,tablet,Apple,iPad,,"iPad7,5",IOS,11.4.1,,,en-gb,No,3600,,,Europe,United Kingdom,England,London,,,(direct),(none),(direct)
20180829,1535543607019025,2018-08-29T12:53:27,screen_view,1535543607017025,2018-08-29T12:53:27,,32,1403767,c0795c1b0be2d3efe8c6cc158277dc44,F7993CD81B8D4DFEB0424CF94D2EA130,1534952797272000,2018-08-22T16:46:37,,1220499683,IOS,,TrimViewController,auto,-5426362898991794729,,1,-5426362898991794731,SkodaContentViewController,,,,,,,,,,,,,1534952797272000,1535543072280000,uk.co.skoda.assistant.ios,1.1.6,,1:571703561616:ios:777087d7f78ec12a,manual_install,tablet,Apple,iPad,,"iPad7,5",IOS,11.4.1,,,en-gb,No,3600,,,Europe,United Kingdom,England,London,,,(direct),(none),(direct)
20180829,1535543072399000,2018-08-29T12:44:32,button_press,1535134408671000,2018-08-24T19:13:28,,32,1403767,c0795c1b0be2d3efe8c6cc158277dc44,F7993CD81B8D4DFEB0424CF94D2EA130,1534952797272000,2018-08-22T16:46:37,,1220499683,IOS,,SplashViewController,app,-5426362898991794806,,1,,,,,,globalnav_range,,,,,,,,,1534952797272000,1535543072280000,uk.co.skoda.assistant.ios,1.1.6,,1:571703561616:ios:777087d7f78ec12a,manual_install,tablet,Apple,iPad,,"iPad7,5",IOS,11.4.1,,,en-gb,No,3600,,,Europe,United Kingdom,England,London,,,(direct),(none),(direct)
20180829,1535543072400001,2018-08-29T12:44:32,button_press,1535543072399001,2018-08-29T12:44:32,,32,1403767,c0795c1b0be2d3efe8c6cc158277dc44,F7993CD81B8D4DFEB0424CF94D2EA130,1534952797272000,2018-08-22T16:46:37,,1220499683,IOS,,SplashViewController,app,-5426362898991794806,,1,,,,,,range,,,,,,,,,1534952797272000,1535543072280000,uk.co.skoda.assistant.ios,1.1.6,,1:571703561616:ios:777087d7f78ec12a,manual_install,tablet,Apple,iPad,,"iPad7,5",IOS,11.4.1,,,en-gb,No,3600,,,Europe,United Kingdom,England,London,,,(direct),(none),(direct)
20180829,1535543193640004,2018-08-29T12:46:33,button_press,1535543072400004,2018-08-29T12:44:32,,32,1403767,c0795c1b0be2d3efe8c6cc158277dc44,F7993CD81B8D4DFEB0424CF94D2EA130,1534952797272000,2018-08-22T16:46:37,,1220499683,IOS,,RangeContentViewController,app,-5426362898991794730,,1,,,,,,globalnav_range,,,,,,,,,1534952797272000,1535543072280000,uk.co.skoda.assistant.ios,1.1.6,,1:571703561616:ios:777087d7f78ec12a,manual_install,tablet,Apple,iPad,,"iPad7,5",IOS,11.4.1,,,en-gb,No,3600,,,Europe,United Kingdom,England,London,,,(direct),(none),(direct)
20180829,1535543197918005,2018-08-29T12:46:37,button_press,1535543193640005,2018-08-29T12:46:33,,32,1403767,c0795c1b0be2d3efe8c6cc158277dc44,F7993CD81B8D4DFEB0424CF94D2EA130,1534952797272000,2018-08-22T16:46:37,,1220499683,IOS,,RangeContentViewController,app,-5426362898991794730,,1,,,,,SE L,range_home_trim_select,41,,,,,,,,1534952797272000,1535543072280000,uk.co.skoda.assistant.ios,1.1.6,,1:571703561616:ios:777087d7f78ec12a,manual_install,tablet,Apple,iPad,,"iPad7,5",IOS,11.4.1,,,en-gb,No,3600,,,Europe,United Kingdom,England,London,,,(direct),(none),(direct)
20180829,1535543235393007,2018-08-29T12:47:15,button_press,1535543197918007,2018-08-29T12:46:37,,32,1403767,c0795c1b0be2d3efe8c6cc158277dc44,F7993CD81B8D4DFEB0424CF94D2EA130,1534952797272000,2018-08-22T16:46:37,,1220499683,IOS,,TrimViewController,app,-5426362898991794729,,1,,,,,,globalnav_compare,,,,,,,,,1534952797272000,1535543072280000,uk.co.skoda.assistant.ios,1.1.6,,1:571703561616:ios:777087d7f78ec12a,manual_install,tablet,Apple,iPad,,"iPad7,5",IOS,11.4.1,,,en-gb,No,3600,,,Europe,United Kingdom,England,London,,,(direct),(none),(direct)
20180829,1535543235419008,2018-08-29T12:47:15,button_press,1535543235393008,2018-08-29T12:47:15,,32,1403767,c0795c1b0be2d3efe8c6cc158277dc44,F7993CD81B8D4DFEB0424CF94D2EA130,1534952797272000,2018-08-22T16:46:37,,1220499683,IOS,,TrimViewController,app,-5426362898991794729,,1,,,,,,compare,,,,,,,,,1534952797272000,1535543072280000,uk.co.skoda.assistant.ios,1.1.6,,1:571703561616:ios:777087d7f78ec12a,manual_install,tablet,Apple,iPad,,"iPad7,5",IOS,11.4.1,,,en-gb,No,3600,,,Europe,United Kingdom,England,London,,,(direct),(none),(direct)
20180829,1535543250703010,2018-08-29T12:47:30,button_press,1535543235419010,2018-08-29T12:47:15,,32,1403767,c0795c1b0be2d3efe8c6cc158277dc44,F7993CD81B8D4DFEB0424CF94D2EA130,1534952797272000,2018-08-22T16:46:37,,1220499683,IOS,,SkodaContentViewController,app,-5426362898991794731,,1,,,,,,globalnav_range,,,,,,,,,1534952797272000,1535543072280000,uk.co.skoda.assistant.ios,1.1.6,,1:571703561616:ios:777087d7f78ec12a,manual_install,tablet,Apple,iPad,,"iPad7,5",IOS,11.4.1,,,en-gb,No,3600,,,Europe,United Kingdom,England,London,,,(direct),(none),(direct)
20180829,1535543250767011,2018-08-29T12:47:30,button_press,1535543250703011,2018-08-29T12:47:30,,32,1403767,c0795c1b0be2d3efe8c6cc158277dc44,F7993CD81B8D4DFEB0424CF94D2EA130,1534952797272000,2018-08-22T16:46:37,,1220499683,IOS,,SkodaContentViewController,app,-5426362898991794731,,1,,,,,,range,,,,,,,,,1534952797272000,1535543072280000,uk.co.skoda.assistant.ios,1.1.6,,1:571703561616:ios:777087d7f78ec12a,manual_install,tablet,Apple,iPad,,"iPad7,5",IOS,11.4.1,,,en-gb,No,3600,,,Europe,United Kingdom,England,London,,,(direct),(none),(direct)
20180829,1535543251712013,2018-08-29T12:47:31,button_press,1535543250767013,2018-08-29T12:47:30,,32,1403767,c0795c1b0be2d3efe8c6cc158277dc44,F7993CD81B8D4DFEB0424CF94D2EA130,1534952797272000,2018-08-22T16:46:37,,1220499683,IOS,,TrimViewController,app,-5426362898991794729,,1,,,,,,globalnav_compare,,,,,,,,,1534952797272000,1535543072280000,uk.co.skoda.assistant.ios,1.1.6,,1:571703561616:ios:777087d7f78ec12a,manual_install,tablet,Apple,iPad,,"iPad7,5",IOS,11.4.1,,,en-gb,No,3600,,,Europe,United Kingdom,England,London,,,(direct),(none),(direct)
20180829,1535543251751014,2018-08-29T12:47:31,button_press,1535543251712014,2018-08-29T12:47:31,,32,1403767,c0795c1b0be2d3efe8c6cc158277dc44,F7993CD81B8D4DFEB0424CF94D2EA130,1534952797272000,2018-08-22T16:46:37,,1220499683,IOS,,TrimViewController,app,-5426362898991794729,,1,,,,,,compare,,,,,,,,,1534952797272000,1535543072280000,uk.co.skoda.assistant.ios,1.1.6,,1:571703561616:ios:777087d7f78ec12a,manual_install,tablet,Apple,iPad,,"iPad7,5",IOS,11.4.1,,,en-gb,No,3600,,,Europe,United Kingdom,England,London,,,(direct),(none),(direct)
20180829,1535543437618016,2018-08-29T12:50:37,button_press,1535543251751016,2018-08-29T12:47:31,,32,1403767,c0795c1b0be2d3efe8c6cc158277dc44,F7993CD81B8D4DFEB0424CF94D2EA130,1534952797272000,2018-08-22T16:46:37,,1220499683,IOS,,SkodaContentViewController,app,-5426362898991794731,,1,,,,,,compare_models,,,,,,,,,1534952797272000,1535543072280000,uk.co.skoda.assistant.ios,1.1.6,,1:571703561616:ios:777087d7f78ec12a,manual_install,tablet,Apple,iPad,,"iPad7,5",IOS,11.4.1,,,en-gb,No,3600,,,Europe,United Kingdom,England,London,,,(direct),(none),(direct)
20180829,1535543594989019,2018-08-29T12:53:14,button_press,1535543437618019,2018-08-29T12:50:37,,32,1403767,c0795c1b0be2d3efe8c6cc158277dc44,F7993CD81B8D4DFEB0424CF94D2EA130,1534952797272000,2018-08-22T16:46:37,,1220499683,IOS,,SkodaContentViewController,app,-5426362898991794731,,1,,,,,,globalnav_range,,,,,,,,,1534952797272000,1535543072280000,uk.co.skoda.assistant.ios,1.1.6,,1:571703561616:ios:777087d7f78ec12a,manual_install,tablet,Apple,iPad,,"iPad7,5",IOS,11.4.1,,,en-gb,No,3600,,,Europe,United Kingdom,England,London,,,(direct),(none),(direct)
20180829,1535543595076020,2018-08-29T12:53:15,button_press,1535543594989020,2018-08-29T12:53:14,,32,1403767,c0795c1b0be2d3efe8c6cc158277dc44,F7993CD81B8D4DFEB0424CF94D2EA130,1534952797272000,2018-08-22T16:46:37,,1220499683,IOS,,SkodaContentViewController,app,-5426362898991794731,,1,,,,,,range,,,,,,,,,1534952797272000,1535543072280000,uk.co.skoda.assistant.ios,1.1.6,,1:571703561616:ios:777087d7f78ec12a,manual_install,tablet,Apple,iPad,,"iPad7,5",IOS,11.4.1,,,en-gb,No,3600,,,Europe,United Kingdom,England,London,,,(direct),(none),(direct)
20180829,1535543598646022,2018-08-29T12:53:18,button_press,1535543595076022,2018-08-29T12:53:15,,32,1403767,c0795c1b0be2d3efe8c6cc158277dc44,F7993CD81B8D4DFEB0424CF94D2EA130,1534952797272000,2018-08-22T16:46:37,,1220499683,IOS,,TrimViewController,app,-5426362898991794729,,1,,,,,1.6 TDI 115PS DSG,trim_home_view_full_details,5793,,,,,,,,1534952797272000,1535543072280000,uk.co.skoda.assistant.ios,1.1.6,,1:571703561616:ios:777087d7f78ec12a,manual_install,tablet,Apple,iPad,,"iPad7,5",IOS,11.4.1,,,en-gb,No,3600,,,Europe,United Kingdom,England,London,,,(direct),(none),(direct)
20180829,1535543073183002,2018-08-29T12:44:33,user_engagement,1535543072174002,2018-08-29T12:44:32,,32,1403767,c0795c1b0be2d3efe8c6cc158277dc44,F7993CD81B8D4DFEB0424CF94D2EA130,1534952797272000,2018-08-22T16:46:37,,1220499683,IOS,,SplashViewController,auto,-5426362898991794806,1008,,,,,,,,,,,,,,,,1534952797272000,1535543072280000,uk.co.skoda.assistant.ios,1.1.6,,1:571703561616:ios:777087d7f78ec12a,manual_install,tablet,Apple,iPad,,"iPad7,5",IOS,11.4.1,,,en-gb,No,3600,,,Europe,United Kingdom,England,London,,,(direct),(none),(direct)
20180829,1535543198877007,2018-08-29T12:46:38,user_engagement,1535543073183007,2018-08-29T12:44:33,,32,1403767,c0795c1b0be2d3efe8c6cc158277dc44,F7993CD81B8D4DFEB0424CF94D2EA130,1534952797272000,2018-08-22T16:46:37,,1220499683,IOS,,RangeContentViewController,auto,-5426362898991794730,125694,,,,,,,,,,,,,,,,1534952797272000,1535543072280000,uk.co.skoda.assistant.ios,1.1.6,,1:571703561616:ios:777087d7f78ec12a,manual_install,tablet,Apple,iPad,,"iPad7,5",IOS,11.4.1,,,en-gb,No,3600,,,Europe,United Kingdom,England,London,,,(direct),(none),(direct)
20180829,1535543235602011,2018-08-29T12:47:15,user_engagement,1535543198877011,2018-08-29T12:46:38,,32,1403767,c0795c1b0be2d3efe8c6cc158277dc44,F7993CD81B8D4DFEB0424CF94D2EA130,1534952797272000,2018-08-22T16:46:37,,1220499683,IOS,,TrimViewController,auto,-5426362898991794729,36725,,,,,,,,,,,,,,,,1534952797272000,1535543072280000,uk.co.skoda.assistant.ios,1.1.6,,1:571703561616:ios:777087d7f78ec12a,manual_install,tablet,Apple,iPad,,"iPad7,5",IOS,11.4.1,,,en-gb,No,3600,,,Europe,United Kingdom,England,London,,,(direct),(none),(direct)
20180829,1535543250789015,2018-08-29T12:47:30,user_engagement,1535543235602015,2018-08-29T12:47:15,,32,1403767,c0795c1b0be2d3efe8c6cc158277dc44,F7993CD81B8D4DFEB0424CF94D2EA130,1534952797272000,2018-08-22T16:46:37,,1220499683,IOS,,SkodaContentViewController,auto,-5426362898991794731,15186,,,,,,,,,,,,,,,,1534952797272000,1535543072280000,uk.co.skoda.assistant.ios,1.1.6,,1:571703561616:ios:777087d7f78ec12a,manual_install,tablet,Apple,iPad,,"iPad7,5",IOS,11.4.1,,,en-gb,No,3600,,,Europe,United Kingdom,England,London,,,(direct),(none),(direct)
20180829,1535543251803019,2018-08-29T12:47:31,user_engagement,1535543250789019,2018-08-29T12:47:30,,32,1403767,c0795c1b0be2d3efe8c6cc158277dc44,F7993CD81B8D4DFEB0424CF94D2EA130,1534952797272000,2018-08-22T16:46:37,,1220499683,IOS,,TrimViewController,auto,-5426362898991794729,1014,,,,,,,,,,,,,,,,1534952797272000,1535543072280000,uk.co.skoda.assistant.ios,1.1.6,,1:571703561616:ios:777087d7f78ec12a,manual_install,tablet,Apple,iPad,,"iPad7,5",IOS,11.4.1,,,en-gb,No,3600,,,Europe,United Kingdom,England,London,,,(direct),(none),(direct)
20180829,1535543438179022,2018-08-29T12:50:38,user_engagement,1535543251803022,2018-08-29T12:47:31,,32,1403767,c0795c1b0be2d3efe8c6cc158277dc44,F7993CD81B8D4DFEB0424CF94D2EA130,1534952797272000,2018-08-22T16:46:37,,1220499683,IOS,,SkodaContentViewController,auto,-5426362898991794731,186375,,,,,,,,,,,,,,,,1534952797272000,1535543072280000,uk.co.skoda.assistant.ios,1.1.6,,1:571703561616:ios:777087d7f78ec12a,manual_install,tablet,Apple,iPad,,"iPad7,5",IOS,11.4.1,,,en-gb,No,3600,,,Europe,United Kingdom,England,London,,,(direct),(none),(direct)
20180829,1535543564649025,2018-08-29T12:52:44,user_engagement,1535543438179025,2018-08-29T12:50:38,,32,1403767,c0795c1b0be2d3efe8c6cc158277dc44,F7993CD81B8D4DFEB0424CF94D2EA130,1534952797272000,2018-08-22T16:46:37,,1220499683,IOS,,ComparisonResultViewController,auto,-5426362898991794728,126469,,,,,,,,,,,,,,,,1534952797272000,1535543072280000,uk.co.skoda.assistant.ios,1.1.6,,1:571703561616:ios:777087d7f78ec12a,manual_install,tablet,Apple,iPad,,"iPad7,5",IOS,11.4.1,,,en-gb,No,3600,,,Europe,United Kingdom,England,London,,,(direct),(none),(direct)
20180829,1535543595105029,2018-08-29T12:53:15,user_engagement,1535543564649029,2018-08-29T12:52:44,,32,1403767,c0795c1b0be2d3efe8c6cc158277dc44,F7993CD81B8D4DFEB0424CF94D2EA130,1534952797272000,2018-08-22T16:46:37,,1220499683,IOS,,SkodaContentViewController,auto,-5426362898991794731,30456,,,,,,,,,,,,,,,,1534952797272000,1535543072280000,uk.co.skoda.assistant.ios,1.1.6,,1:571703561616:ios:777087d7f78ec12a,manual_install,tablet,Apple,iPad,,"iPad7,5",IOS,11.4.1,,,en-gb,No,3600,,,Europe,United Kingdom,England,London,,,(direct),(none),(direct)
20180829,1535543599312032,2018-08-29T12:53:19,user_engagement,1535543595105032,2018-08-29T12:53:15,,32,1403767,c0795c1b0be2d3efe8c6cc158277dc44,F7993CD81B8D4DFEB0424CF94D2EA130,1534952797272000,2018-08-22T16:46:37,,1220499683,IOS,,TrimViewController,auto,-5426362898991794729,4207,,,,,,,,,,,,,,,,1534952797272000,1535543072280000,uk.co.skoda.assistant.ios,1.1.6,,1:571703561616:ios:777087d7f78ec12a,manual_install,tablet,Apple,iPad,,"iPad7,5",IOS,11.4.1,,,en-gb,No,3600,,,Europe,United Kingdom,England,London,,,(direct),(none),(direct)
20180829,1535543607017034,2018-08-29T12:53:27,user_engagement,1535543599312034,2018-08-29T12:53:19,,32,1403767,c0795c1b0be2d3efe8c6cc158277dc44,F7993CD81B8D4DFEB0424CF94D2EA130,1534952797272000,2018-08-22T16:46:37,,1220499683,IOS,,EngineDetailsViewController,auto,-5426362898991794727,7704,,,,,,,,,,,,,,,,1534952797272000,1535543072280000,uk.co.skoda.assistant.ios,1.1.6,,1:571703561616:ios:777087d7f78ec12a,manual_install,tablet,Apple,iPad,,"iPad7,5",IOS,11.4.1,,,en-gb,No,3600,,,Europe,United Kingdom,England,London,,,(direct),(none),(direct)
20180829,1535543642095037,2018-08-29T12:54:02,user_engagement,1535543607017037,2018-08-29T12:53:27,,32,1403767,c0795c1b0be2d3efe8c6cc158277dc44,F7993CD81B8D4DFEB0424CF94D2EA130,1534952797272000,2018-08-22T16:46:37,,1220499683,IOS,,TrimViewController,auto,-5426362898991794729,35078,,,,,,,,,,,,,,,,1534952797272000,1535543072280000,uk.co.skoda.assistant.ios,1.1.6,,1:571703561616:ios:777087d7f78ec12a,manual_install,tablet,Apple,iPad,,"iPad7,5",IOS,11.4.1,,,en-gb,No,3600,,,Europe,United Kingdom,England,London,,,(direct),(none),(direct)
20180829,1535543439175024,2018-08-29T12:50:39,AnalyticsEventComparison,,,,32,1403767,c0795c1b0be2d3efe8c6cc158277dc44,F7993CD81B8D4DFEB0424CF94D2EA130,1534952797272000,2018-08-22T16:46:37,,1220499683,IOS,,ComparisonResultViewController,app,-5426362898991794728,,,,,,,,,,,,242027,237195,,,,1534952797272000,1535543072280000,uk.co.skoda.assistant.ios,1.1.6,,1:571703561616:ios:777087d7f78ec12a,manual_install,tablet,Apple,iPad,,"iPad7,5",IOS,11.4.1,,,en-gb,No,3600,,,Europe,United Kingdom,England,London,,,(direct),(none),(direct)
