event_date,event_timestamp,event_iso8601,event_name,event_previous_timestamp,event_previous_iso8601,event_value_in_usd,event_bundle_sequence_id,event_server_timestamp_offset,user_id,user_pseudo_id,user_first_touch_timestamp,user_first_touch_iso8601,user_ltv,stream_id,platform,event_dimensions,firebase_screen_class,firebase_event_origin,firebase_screen_id,engagement_time_msec,firebase_conversion,firebase_previous_id,firebase_previous_class,user_retailer,user_area,AnalyticsParameterTerm,button_name,AnalyticsParameterItemID,previous_app_version,engine,Compared_vehicle_1,Compared_vehicle_2,update_with_analytics,previous_first_open_count,Compared_vehicle_3,first_open_time,user_id,id,version,install_store,firebase_app_id,install_source,category,mobile_brand_name,mobile_model_name,mobile_marketing_name,mobile_os_hardware_model,operating_system,operating_system_version,vendor_id,advertising_id,language,is_limited_ad_tracking,time_zone_offset_seconds,browser,browser,continent,country,region,city,sub_continent,metro,name,medium,source
20180829,1535530244506000,2018-08-29T09:10:44,screen_view,1535379177479000,2018-08-27T15:12:57,,42,119143,d339f25ce0f3a7d05c3c42918899290d,D301639115BD472C9915942ED13D83F7,1534946530664000,2018-08-22T15:02:10,,1220499683,IOS,,SplashViewController,auto,5639773797891522181,,1,,,,,,,,,,,,,,,1534946530664000,1535379158395000,uk.co.skoda.assistant.ios,1.1.6,,1:571703561616:ios:777087d7f78ec12a,manual_install,tablet,Apple,iPad Air 2,,"iPad5,3",IOS,11.2.6,70FDAF07-A22D-4170-957B-C04EAD9D9F1D,,en-gb,No,3600,,,Europe,United Kingdom,Wales,Newport,,,(direct),(none),(direct)
20180829,1535530244758001,2018-08-29T09:10:44,screen_view,1535530244506001,2018-08-29T09:10:44,,42,119143,d339f25ce0f3a7d05c3c42918899290d,D301639115BD472C9915942ED13D83F7,1534946530664000,2018-08-22T15:02:10,,1220499683,IOS,,LoginViewController,auto,5639773797891522182,,1,5639773797891522181,SplashViewController,,,,,,,,,,,,,1534946530664000,1535379158395000,uk.co.skoda.assistant.ios,1.1.6,,1:571703561616:ios:777087d7f78ec12a,manual_install,tablet,Apple,iPad Air 2,,"iPad5,3",IOS,11.2.6,70FDAF07-A22D-4170-957B-C04EAD9D9F1D,,en-gb,No,3600,,,Europe,United Kingdom,Wales,Newport,,,(direct),(none),(direct)
20180829,1535530263037000,2018-08-29T09:11:03,session_start,1535378259497000,2018-08-27T14:57:39,,43,88896,d339f25ce0f3a7d05c3c42918899290d,D301639115BD472C9915942ED13D83F7,1534946530664000,2018-08-22T15:02:10,,1220499683,IOS,,LoginViewController,auto,5639773797891522182,,1,,,,,,,,,,,,,,,1534946530664000,1535379158395000,uk.co.skoda.assistant.ios,1.1.6,,1:571703561616:ios:777087d7f78ec12a,manual_install,tablet,Apple,iPad Air 2,,"iPad5,3",IOS,11.2.6,70FDAF07-A22D-4170-957B-C04EAD9D9F1D,,en-gb,No,3600,,,Europe,United Kingdom,Wales,Newport,,,(direct),(none),(direct)
20180829,1535530251545002,2018-08-29T09:10:51,user_engagement,1535379294138002,2018-08-27T15:14:54,,42,119143,d339f25ce0f3a7d05c3c42918899290d,D301639115BD472C9915942ED13D83F7,1534946530664000,2018-08-22T15:02:10,,1220499683,IOS,,LoginViewController,auto,5639773797891522182,6989,,,,,,,,,,,,,,,,1534946530664000,1535379158395000,uk.co.skoda.assistant.ios,1.1.6,,1:571703561616:ios:777087d7f78ec12a,manual_install,tablet,Apple,iPad Air 2,,"iPad5,3",IOS,11.2.6,70FDAF07-A22D-4170-957B-C04EAD9D9F1D,,en-gb,No,3600,,,Europe,United Kingdom,Wales,Newport,,,(direct),(none),(direct)
20180829,1535530281948000,2018-08-29T09:11:21,user_engagement,1535530251545000,2018-08-29T09:10:51,,44,224446,d339f25ce0f3a7d05c3c42918899290d,D301639115BD472C9915942ED13D83F7,1534946530664000,2018-08-22T15:02:10,,1220499683,IOS,,LoginViewController,auto,5639773797891522182,28906,,,,,,,,,,,,,,,,1534946530664000,1535379158395000,uk.co.skoda.assistant.ios,1.1.6,,1:571703561616:ios:777087d7f78ec12a,manual_install,tablet,Apple,iPad Air 2,,"iPad5,3",IOS,11.2.6,70FDAF07-A22D-4170-957B-C04EAD9D9F1D,,en-gb,No,3600,,,Europe,United Kingdom,Wales,Newport,,,(direct),(none),(direct)
