event_date,event_timestamp,event_iso8601,event_name,event_previous_timestamp,event_previous_iso8601,event_value_in_usd,event_bundle_sequence_id,event_server_timestamp_offset,user_id,user_pseudo_id,user_first_touch_timestamp,user_first_touch_iso8601,user_ltv,stream_id,platform,event_dimensions,firebase_screen_class,firebase_event_origin,firebase_screen_id,engagement_time_msec,firebase_conversion,firebase_previous_id,firebase_previous_class,user_retailer,user_area,AnalyticsParameterTerm,button_name,AnalyticsParameterItemID,previous_app_version,engine,Compared_vehicle_1,Compared_vehicle_2,update_with_analytics,previous_first_open_count,Compared_vehicle_3,first_open_time,user_id,id,version,install_store,firebase_app_id,install_source,category,mobile_brand_name,mobile_model_name,mobile_marketing_name,mobile_os_hardware_model,operating_system,operating_system_version,vendor_id,advertising_id,language,is_limited_ad_tracking,time_zone_offset_seconds,browser,browser,continent,country,region,city,sub_continent,metro,name,medium,source
20180829,1535530244506000,2018-08-29T09:10:44,screen_view,1535379177479000,2018-08-27T15:12:57,,42,119143,d339f25ce0f3a7d05c3c42918899290d,D301639115BD472C9915942ED13D83F7,1534946530664000,2018-08-22T15:02:10,,1220499683,IOS,,SplashViewController,auto,5639773797891522181,,1,,,,,,,,,,,,,,,1534946530664000,1535379158395000,uk.co.skoda.assistant.ios,1.1.6,,1:571703561616:ios:777087d7f78ec12a,manual_install,tablet,Apple,iPad Air 2,,"iPad5,3",IOS,11.2.6,70FDAF07-A22D-4170-957B-C04EAD9D9F1D,,en-gb,No,3600,,,Europe,United Kingdom,Wales,Newport,,,(direct),(none),(direct)
20180829,1535530244758001,2018-08-29T09:10:44,screen_view,1535530244506001,2018-08-29T09:10:44,,42,119143,d339f25ce0f3a7d05c3c42918899290d,D301639115BD472C9915942ED13D83F7,1534946530664000,2018-08-22T15:02:10,,1220499683,IOS,,LoginViewController,auto,5639773797891522182,,1,5639773797891522181,SplashViewController,,,,,,,,,,,,,1534946530664000,1535379158395000,uk.co.skoda.assistant.ios,1.1.6,,1:571703561616:ios:777087d7f78ec12a,manual_install,tablet,Apple,iPad Air 2,,"iPad5,3",IOS,11.2.6,70FDAF07-A22D-4170-957B-C04EAD9D9F1D,,en-gb,No,3600,,,Europe,United Kingdom,Wales,Newport,,,(direct),(none),(direct)
20180829,1535530263037000,2018-08-29T09:11:03,session_start,1535378259497000,2018-08-27T14:57:39,,43,88896,d339f25ce0f3a7d05c3c42918899290d,D301639115BD472C9915942ED13D83F7,1534946530664000,2018-08-22T15:02:10,,1220499683,IOS,,LoginViewController,auto,5639773797891522182,,1,,,,,,,,,,,,,,,1534946530664000,1535379158395000,uk.co.skoda.assistant.ios,1.1.6,,1:571703561616:ios:777087d7f78ec12a,manual_install,tablet,Apple,iPad Air 2,,"iPad5,3",IOS,11.2.6,70FDAF07-A22D-4170-957B-C04EAD9D9F1D,,en-gb,No,3600,,,Europe,United Kingdom,Wales,Newport,,,(direct),(none),(direct)
20180829,1535530251545002,2018-08-29T09:10:51,user_engagement,1535379294138002,2018-08-27T15:14:54,,42,119143,d339f25ce0f3a7d05c3c42918899290d,D301639115BD472C9915942ED13D83F7,1534946530664000,2018-08-22T15:02:10,,1220499683,IOS,,LoginViewController,auto,5639773797891522182,6989,,,,,,,,,,,,,,,,1534946530664000,1535379158395000,uk.co.skoda.assistant.ios,1.1.6,,1:571703561616:ios:777087d7f78ec12a,manual_install,tablet,Apple,iPad Air 2,,"iPad5,3",IOS,11.2.6,70FDAF07-A22D-4170-957B-C04EAD9D9F1D,,en-gb,No,3600,,,Europe,United Kingdom,Wales,Newport,,,(direct),(none),(direct)
20180829,1535530281948000,2018-08-29T09:11:21,user_engagement,1535530251545000,2018-08-29T09:10:51,,44,224446,d339f25ce0f3a7d05c3c42918899290d,D301639115BD472C9915942ED13D83F7,1534946530664000,2018-08-22T15:02:10,,1220499683,IOS,,LoginViewController,auto,5639773797891522182,28906,,,,,,,,,,,,,,,,1534946530664000,1535379158395000,uk.co.skoda.assistant.ios,1.1.6,,1:571703561616:ios:777087d7f78ec12a,manual_install,tablet,Apple,iPad Air 2,,"iPad5,3",IOS,11.2.6,70FDAF07-A22D-4170-957B-C04EAD9D9F1D,,en-gb,No,3600,,,Europe,United Kingdom,Wales,Newport,,,(direct),(none),(direct)
20180829,1535554046603000,2018-08-29T15:47:26,screen_view,1535369297538000,2018-08-27T12:28:17,,39,205355,696c911815a7522e5ea87e8805be0883,37DB4FC1181E4F7A9C3BF76990FDD747,1533812960647000,2018-08-09T12:09:20,,1220499683,IOS,,SplashViewController,auto,-2010729346857695422,,1,-2010729346857695421,LoginViewController,,,,,,,,,,,,,1533812960647000,1534182063340000,uk.co.skoda.assistant.ios,1.1.6,,1:571703561616:ios:777087d7f78ec12a,manual_install,tablet,Apple,iPad Air 2,,"iPad5,3",IOS,11.4.1,31BAE25F-8B65-4294-B231-4F49BB045774,,en-gb,No,3600,,,Europe,United Kingdom,Wales,Newport,,,(direct),(none),(direct)
20180829,1535554047238002,2018-08-29T15:47:27,screen_view,1535554046603002,2018-08-29T15:47:26,,39,205355,696c911815a7522e5ea87e8805be0883,37DB4FC1181E4F7A9C3BF76990FDD747,1533812960647000,2018-08-09T12:09:20,,1220499683,IOS,,ContentLoaderViewController,auto,-2010729346857695420,,1,-2010729346857695422,SplashViewController,,,,,,,,,,,,,1533812960647000,1534182063340000,uk.co.skoda.assistant.ios,1.1.6,,1:571703561616:ios:777087d7f78ec12a,manual_install,tablet,Apple,iPad Air 2,,"iPad5,3",IOS,11.4.1,31BAE25F-8B65-4294-B231-4F49BB045774,,en-gb,No,3600,,,Europe,United Kingdom,Wales,Newport,,,(direct),(none),(direct)
20180829,1535554299489000,2018-08-29T15:51:39,screen_view,1535554047238000,2018-08-29T15:47:27,,40,290163,696c911815a7522e5ea87e8805be0883,37DB4FC1181E4F7A9C3BF76990FDD747,1533812960647000,2018-08-09T12:09:20,,1220499683,IOS,,SplashViewController,auto,-2010729346857695422,,1,-2010729346857695420,ContentLoaderViewController,,,,,,,,,,,,,1533812960647000,1534182063340000,uk.co.skoda.assistant.ios,1.1.6,,1:571703561616:ios:777087d7f78ec12a,manual_install,tablet,Apple,iPad Air 2,,"iPad5,3",IOS,11.4.1,31BAE25F-8B65-4294-B231-4F49BB045774,,en-gb,No,3600,,,Europe,United Kingdom,Wales,Newport,,,(direct),(none),(direct)
20180829,1535554048837003,2018-08-29T15:47:28,session_start,1535010626581003,2018-08-23T08:50:26,,39,205355,696c911815a7522e5ea87e8805be0883,37DB4FC1181E4F7A9C3BF76990FDD747,1533812960647000,2018-08-09T12:09:20,,1220499683,IOS,,ContentLoaderViewController,auto,-2010729346857695420,,1,,,,,,,,,,,,,,,1533812960647000,1534182063340000,uk.co.skoda.assistant.ios,1.1.6,,1:571703561616:ios:777087d7f78ec12a,manual_install,tablet,Apple,iPad Air 2,,"iPad5,3",IOS,11.4.1,31BAE25F-8B65-4294-B231-4F49BB045774,,en-gb,No,3600,,,Europe,United Kingdom,Wales,Newport,,,(direct),(none),(direct)
20180829,1535553988023000,2018-08-29T15:46:28,user_engagement,1535369301590000,2018-08-27T12:28:21,,37,284148,696c911815a7522e5ea87e8805be0883,37DB4FC1181E4F7A9C3BF76990FDD747,1533812960647000,2018-08-09T12:09:20,,1220499683,IOS,,LoginViewController,auto,-2010729346857695421,8912,,,,,,,,,,,,,,,,1533812960647000,1534182063340000,uk.co.skoda.assistant.ios,1.1.6,,1:571703561616:ios:777087d7f78ec12a,manual_install,tablet,Apple,iPad Air 2,,"iPad5,3",IOS,11.4.1,31BAE25F-8B65-4294-B231-4F49BB045774,,en-gb,No,3600,,,Europe,United Kingdom,Wales,Newport,,,(direct),(none),(direct)
20180829,1535553998830000,2018-08-29T15:46:38,user_engagement,1535553988023000,2018-08-29T15:46:28,,38,83044,696c911815a7522e5ea87e8805be0883,37DB4FC1181E4F7A9C3BF76990FDD747,1533812960647000,2018-08-09T12:09:20,,1220499683,IOS,,LoginViewController,auto,-2010729346857695421,5681,,,,,,,,,,,,,,,,1533812960647000,1534182063340000,uk.co.skoda.assistant.ios,1.1.6,,1:571703561616:ios:777087d7f78ec12a,manual_install,tablet,Apple,iPad Air 2,,"iPad5,3",IOS,11.4.1,31BAE25F-8B65-4294-B231-4F49BB045774,,en-gb,No,3600,,,Europe,United Kingdom,Wales,Newport,,,(direct),(none),(direct)
20180829,1535554046602000,2018-08-29T15:47:26,user_engagement,1535553998830000,2018-08-29T15:46:38,,39,205355,696c911815a7522e5ea87e8805be0883,37DB4FC1181E4F7A9C3BF76990FDD747,1533812960647000,2018-08-09T12:09:20,,1220499683,IOS,,LoginViewController,auto,-2010729346857695421,7765,,,,,,,,,,,,,,,,1533812960647000,1534182063340000,uk.co.skoda.assistant.ios,1.1.6,,1:571703561616:ios:777087d7f78ec12a,manual_install,tablet,Apple,iPad Air 2,,"iPad5,3",IOS,11.4.1,31BAE25F-8B65-4294-B231-4F49BB045774,,en-gb,No,3600,,,Europe,United Kingdom,Wales,Newport,,,(direct),(none),(direct)
20180829,1535554299488000,2018-08-29T15:51:39,user_engagement,1535554046602000,2018-08-29T15:47:26,,40,290163,696c911815a7522e5ea87e8805be0883,37DB4FC1181E4F7A9C3BF76990FDD747,1533812960647000,2018-08-09T12:09:20,,1220499683,IOS,,ContentLoaderViewController,auto,-2010729346857695420,252885,,,,,,,,,,,,,,,,1533812960647000,1534182063340000,uk.co.skoda.assistant.ios,1.1.6,,1:571703561616:ios:777087d7f78ec12a,manual_install,tablet,Apple,iPad Air 2,,"iPad5,3",IOS,11.4.1,31BAE25F-8B65-4294-B231-4F49BB045774,,en-gb,No,3600,,,Europe,United Kingdom,Wales,Newport,,,(direct),(none),(direct)
20180829,1535554046662001,2018-08-29T15:47:26,AnalyticsEventLogin,1534177589868001,2018-08-13T17:26:29,,39,205355,696c911815a7522e5ea87e8805be0883,37DB4FC1181E4F7A9C3BF76990FDD747,1533812960647000,2018-08-09T12:09:20,,1220499683,IOS,,SplashViewController,app,-2010729346857695422,,1,,,11111,1,e067a5452f0f29be2806dec15d947940,,,,,,,,,,1533812960647000,1534182063340000,uk.co.skoda.assistant.ios,1.1.6,,1:571703561616:ios:777087d7f78ec12a,manual_install,tablet,Apple,iPad Air 2,,"iPad5,3",IOS,11.4.1,31BAE25F-8B65-4294-B231-4F49BB045774,,en-gb,No,3600,,,Europe,United Kingdom,Wales,Newport,,,(direct),(none),(direct)
20180829,1535554301226002,2018-08-29T15:51:41,screen_view,1535554299489002,2018-08-29T15:51:39,,41,290164,e067a5452f0f29be2806dec15d947940,37DB4FC1181E4F7A9C3BF76990FDD747,1533812960647000,2018-08-09T12:09:20,,1220499683,IOS,,SkodaContentViewController,auto,-2010729346857695419,,1,-2010729346857695422,SplashViewController,,,,,,,,,,,,,1533812960647000,1535554299691000,uk.co.skoda.assistant.ios,1.1.6,,1:571703561616:ios:777087d7f78ec12a,manual_install,tablet,Apple,iPad Air 2,,"iPad5,3",IOS,11.4.1,31BAE25F-8B65-4294-B231-4F49BB045774,,en-gb,No,3600,,,Europe,United Kingdom,Wales,Newport,,,(direct),(none),(direct)
20180829,1535554301229003,2018-08-29T15:51:41,screen_view,1535554301226003,2018-08-29T15:51:41,,41,290164,e067a5452f0f29be2806dec15d947940,37DB4FC1181E4F7A9C3BF76990FDD747,1533812960647000,2018-08-09T12:09:20,,1220499683,IOS,,RangeContentViewController,auto,-2010729346857695418,,1,-2010729346857695419,SkodaContentViewController,,,,,,,,,,,,,1533812960647000,1535554299691000,uk.co.skoda.assistant.ios,1.1.6,,1:571703561616:ios:777087d7f78ec12a,manual_install,tablet,Apple,iPad Air 2,,"iPad5,3",IOS,11.4.1,31BAE25F-8B65-4294-B231-4F49BB045774,,en-gb,No,3600,,,Europe,United Kingdom,Wales,Newport,,,(direct),(none),(direct)
20180829,1535554299818000,2018-08-29T15:51:39,button_press,1534182242533000,2018-08-13T18:44:02,,41,290164,e067a5452f0f29be2806dec15d947940,37DB4FC1181E4F7A9C3BF76990FDD747,1533812960647000,2018-08-09T12:09:20,,1220499683,IOS,,SplashViewController,app,-2010729346857695422,,1,,,,,,globalnav_range,,,,,,,,,1533812960647000,1535554299691000,uk.co.skoda.assistant.ios,1.1.6,,1:571703561616:ios:777087d7f78ec12a,manual_install,tablet,Apple,iPad Air 2,,"iPad5,3",IOS,11.4.1,31BAE25F-8B65-4294-B231-4F49BB045774,,en-gb,No,3600,,,Europe,United Kingdom,Wales,Newport,,,(direct),(none),(direct)
20180829,1535554299818001,2018-08-29T15:51:39,button_press,1535554299818001,2018-08-29T15:51:39,,41,290164,e067a5452f0f29be2806dec15d947940,37DB4FC1181E4F7A9C3BF76990FDD747,1533812960647000,2018-08-09T12:09:20,,1220499683,IOS,,SplashViewController,app,-2010729346857695422,,1,,,,,,range,,,,,,,,,1533812960647000,1535554299691000,uk.co.skoda.assistant.ios,1.1.6,,1:571703561616:ios:777087d7f78ec12a,manual_install,tablet,Apple,iPad Air 2,,"iPad5,3",IOS,11.4.1,31BAE25F-8B65-4294-B231-4F49BB045774,,en-gb,No,3600,,,Europe,United Kingdom,Wales,Newport,,,(direct),(none),(direct)
20180829,1535558173146000,2018-08-29T16:56:13,session_start,1535554048837000,2018-08-29T15:47:28,,44,95179,e067a5452f0f29be2806dec15d947940,37DB4FC1181E4F7A9C3BF76990FDD747,1533812960647000,2018-08-09T12:09:20,,1220499683,IOS,,RangeContentViewController,auto,-2010729346857695418,,1,,,,,,,,,,,,,,,1533812960647000,1535554299691000,uk.co.skoda.assistant.ios,1.1.6,,1:571703561616:ios:777087d7f78ec12a,manual_install,tablet,Apple,iPad Air 2,,"iPad5,3",IOS,11.4.1,31BAE25F-8B65-4294-B231-4F49BB045774,,en-gb,No,3600,,,Europe,United Kingdom,Wales,Newport,,,(direct),(none),(direct)
20180829,1535554301225002,2018-08-29T15:51:41,user_engagement,1535554299488002,2018-08-29T15:51:39,,41,290164,e067a5452f0f29be2806dec15d947940,37DB4FC1181E4F7A9C3BF76990FDD747,1533812960647000,2018-08-09T12:09:20,,1220499683,IOS,,SplashViewController,auto,-2010729346857695422,1737,,,,,,,,,,,,,,,,1533812960647000,1535554299691000,uk.co.skoda.assistant.ios,1.1.6,,1:571703561616:ios:777087d7f78ec12a,manual_install,tablet,Apple,iPad Air 2,,"iPad5,3",IOS,11.4.1,31BAE25F-8B65-4294-B231-4F49BB045774,,en-gb,No,3600,,,Europe,United Kingdom,Wales,Newport,,,(direct),(none),(direct)
20180829,1535554469029000,2018-08-29T15:54:29,user_engagement,1535554301225000,2018-08-29T15:51:41,,42,128207,e067a5452f0f29be2806dec15d947940,37DB4FC1181E4F7A9C3BF76990FDD747,1533812960647000,2018-08-09T12:09:20,,1220499683,IOS,,RangeContentViewController,auto,-2010729346857695418,167804,,,,,,,,,,,,,,,,1533812960647000,1535554299691000,uk.co.skoda.assistant.ios,1.1.6,,1:571703561616:ios:777087d7f78ec12a,manual_install,tablet,Apple,iPad Air 2,,"iPad5,3",IOS,11.4.1,31BAE25F-8B65-4294-B231-4F49BB045774,,en-gb,No,3600,,,Europe,United Kingdom,Wales,Newport,,,(direct),(none),(direct)
20180829,1535557258561000,2018-08-29T16:40:58,user_engagement,1535554469029000,2018-08-29T15:54:29,,43,109468,e067a5452f0f29be2806dec15d947940,37DB4FC1181E4F7A9C3BF76990FDD747,1533812960647000,2018-08-09T12:09:20,,1220499683,IOS,,RangeContentViewController,auto,-2010729346857695418,317,,,,,,,,,,,,,,,,1533812960647000,1535554299691000,uk.co.skoda.assistant.ios,1.1.6,,1:571703561616:ios:777087d7f78ec12a,manual_install,tablet,Apple,iPad Air 2,,"iPad5,3",IOS,11.4.1,31BAE25F-8B65-4294-B231-4F49BB045774,,en-gb,No,3600,,,Europe,United Kingdom,Wales,Newport,,,(direct),(none),(direct)
20180829,1535558175657001,2018-08-29T16:56:15,user_engagement,1535557258561001,2018-08-29T16:40:58,,44,95179,e067a5452f0f29be2806dec15d947940,37DB4FC1181E4F7A9C3BF76990FDD747,1533812960647000,2018-08-09T12:09:20,,1220499683,IOS,,RangeContentViewController,auto,-2010729346857695418,12512,,,,,,,,,,,,,,,,1533812960647000,1535554299691000,uk.co.skoda.assistant.ios,1.1.6,,1:571703561616:ios:777087d7f78ec12a,manual_install,tablet,Apple,iPad Air 2,,"iPad5,3",IOS,11.4.1,31BAE25F-8B65-4294-B231-4F49BB045774,,en-gb,No,3600,,,Europe,United Kingdom,Wales,Newport,,,(direct),(none),(direct)
20180829,1535530240057000,2018-08-29T09:10:40,screen_view,1535198640081000,2018-08-25T13:04:00,,160,85379,0d84a01467a42848fdff983408b26889,771E3A8EE2A34085B783FD4BD9F0A3F6,1533811877062000,2018-08-09T11:51:17,,1220499683,IOS,,SplashViewController,auto,8382897719768688619,,1,,,,,,,,,,,,,,,1533811877062000,1535193102757000,uk.co.skoda.assistant.ios,1.1.6,,1:571703561616:ios:777087d7f78ec12a,manual_install,tablet,Apple,iPad Air 2,,"iPad5,3",IOS,11.4.1,0747A783-77A6-49B7-AC6B-3869C082344F,,en-gb,No,3600,,,Europe,United Kingdom,Wales,Newport,,,(direct),(none),(direct)
20180829,1535530240270001,2018-08-29T09:10:40,screen_view,1535530240057001,2018-08-29T09:10:40,,160,85379,0d84a01467a42848fdff983408b26889,771E3A8EE2A34085B783FD4BD9F0A3F6,1533811877062000,2018-08-09T11:51:17,,1220499683,IOS,,LoginViewController,auto,8382897719768688620,,1,8382897719768688619,SplashViewController,,,,,,,,,,,,,1533811877062000,1535193102757000,uk.co.skoda.assistant.ios,1.1.6,,1:571703561616:ios:777087d7f78ec12a,manual_install,tablet,Apple,iPad Air 2,,"iPad5,3",IOS,11.4.1,0747A783-77A6-49B7-AC6B-3869C082344F,,en-gb,No,3600,,,Europe,United Kingdom,Wales,Newport,,,(direct),(none),(direct)
20180829,1535530257447000,2018-08-29T09:10:57,session_start,1535198629018000,2018-08-25T13:03:49,,161,158026,0d84a01467a42848fdff983408b26889,771E3A8EE2A34085B783FD4BD9F0A3F6,1533811877062000,2018-08-09T11:51:17,,1220499683,IOS,,LoginViewController,auto,8382897719768688620,,1,,,,,,,,,,,,,,,1533811877062000,1535193102757000,uk.co.skoda.assistant.ios,1.1.6,,1:571703561616:ios:777087d7f78ec12a,manual_install,tablet,Apple,iPad Air 2,,"iPad5,3",IOS,11.4.1,0747A783-77A6-49B7-AC6B-3869C082344F,,en-gb,No,3600,,,Europe,United Kingdom,Wales,Newport,,,(direct),(none),(direct)
20180829,1535530246392002,2018-08-29T09:10:46,user_engagement,1535198640934002,2018-08-25T13:04:00,,160,85379,0d84a01467a42848fdff983408b26889,771E3A8EE2A34085B783FD4BD9F0A3F6,1533811877062000,2018-08-09T11:51:17,,1220499683,IOS,,LoginViewController,auto,8382897719768688620,6268,,,,,,,,,,,,,,,,1533811877062000,1535193102757000,uk.co.skoda.assistant.ios,1.1.6,,1:571703561616:ios:777087d7f78ec12a,manual_install,tablet,Apple,iPad Air 2,,"iPad5,3",IOS,11.4.1,0747A783-77A6-49B7-AC6B-3869C082344F,,en-gb,No,3600,,,Europe,United Kingdom,Wales,Newport,,,(direct),(none),(direct)
20180829,1535530391087000,2018-08-29T09:13:11,user_engagement,1535530246392000,2018-08-29T09:10:46,,162,192776,0d84a01467a42848fdff983408b26889,771E3A8EE2A34085B783FD4BD9F0A3F6,1533811877062000,2018-08-09T11:51:17,,1220499683,IOS,,LoginViewController,auto,8382897719768688620,143641,,,,,,,,,,,,,,,,1533811877062000,1535193102757000,uk.co.skoda.assistant.ios,1.1.6,,1:571703561616:ios:777087d7f78ec12a,manual_install,tablet,Apple,iPad Air 2,,"iPad5,3",IOS,11.4.1,0747A783-77A6-49B7-AC6B-3869C082344F,,en-gb,No,3600,,,Europe,United Kingdom,Wales,Newport,,,(direct),(none),(direct)
20180829,1535557331414000,2018-08-29T16:42:11,screen_view,1535097844260000,2018-08-24T09:04:04,,48,84252,8f2b77997259d6be3353027fbb502927,1EDAFE98C7404D2B9451D7C0AC39EB17,1533976041467000,2018-08-11T09:27:21,,1220499683,IOS,,SplashViewController,auto,5176688217233934127,,1,,,,,,,,,,,,,,,1533976041467000,1535097616436000,uk.co.skoda.assistant.ios,1.1.6,,1:571703561616:ios:777087d7f78ec12a,manual_install,tablet,Apple,iPad Air 2,,"iPad5,3",IOS,11.4.1,09A27059-9619-47A8-9DD1-B796AF2A09DF,,en-gb,No,3600,,,Europe,United Kingdom,Wales,Newport,,,(direct),(none),(direct)
20180829,1535557361049001,2018-08-29T16:42:41,screen_view,1535557331414001,2018-08-29T16:42:11,,48,84252,8f2b77997259d6be3353027fbb502927,1EDAFE98C7404D2B9451D7C0AC39EB17,1533976041467000,2018-08-11T09:27:21,,1220499683,IOS,,LoginViewController,auto,5176688217233934128,,1,5176688217233934127,SplashViewController,,,,,,,,,,,,,1533976041467000,1535097616436000,uk.co.skoda.assistant.ios,1.1.6,,1:571703561616:ios:777087d7f78ec12a,manual_install,tablet,Apple,iPad Air 2,,"iPad5,3",IOS,11.4.1,09A27059-9619-47A8-9DD1-B796AF2A09DF,,en-gb,No,3600,,,Europe,United Kingdom,Wales,Newport,,,(direct),(none),(direct)
20180829,1535557369952000,2018-08-29T16:42:49,screen_view,1535557361049000,2018-08-29T16:42:41,,49,508191,8f2b77997259d6be3353027fbb502927,1EDAFE98C7404D2B9451D7C0AC39EB17,1533976041467000,2018-08-11T09:27:21,,1220499683,IOS,,SplashViewController,auto,5176688217233934127,,1,5176688217233934128,LoginViewController,,,,,,,,,,,,,1533976041467000,1535097616436000,uk.co.skoda.assistant.ios,1.1.6,,1:571703561616:ios:777087d7f78ec12a,manual_install,tablet,Apple,iPad Air 2,,"iPad5,3",IOS,11.4.1,09A27059-9619-47A8-9DD1-B796AF2A09DF,,en-gb,No,3600,,,Europe,United Kingdom,Wales,Newport,,,(direct),(none),(direct)
20180829,1535557369952000,2018-08-29T16:42:49,user_engagement,1535097969812000,2018-08-24T09:06:09,,49,508191,8f2b77997259d6be3353027fbb502927,1EDAFE98C7404D2B9451D7C0AC39EB17,1533976041467000,2018-08-11T09:27:21,,1220499683,IOS,,LoginViewController,auto,5176688217233934128,8903,,,,,,,,,,,,,,,,1533976041467000,1535097616436000,uk.co.skoda.assistant.ios,1.1.6,,1:571703561616:ios:777087d7f78ec12a,manual_install,tablet,Apple,iPad Air 2,,"iPad5,3",IOS,11.4.1,09A27059-9619-47A8-9DD1-B796AF2A09DF,,en-gb,No,3600,,,Europe,United Kingdom,Wales,Newport,,,(direct),(none),(direct)
20180829,1535557370076001,2018-08-29T16:42:50,AnalyticsEventLogin,1535097616378001,2018-08-24T09:00:16,,49,508191,8f2b77997259d6be3353027fbb502927,1EDAFE98C7404D2B9451D7C0AC39EB17,1533976041467000,2018-08-11T09:27:21,,1220499683,IOS,,SplashViewController,app,5176688217233934127,,1,,,1,1,8f2b77997259d6be3353027fbb502927,,,,,,,,,,1533976041467000,1535097616436000,uk.co.skoda.assistant.ios,1.1.6,,1:571703561616:ios:777087d7f78ec12a,manual_install,tablet,Apple,iPad Air 2,,"iPad5,3",IOS,11.4.1,09A27059-9619-47A8-9DD1-B796AF2A09DF,,en-gb,No,3600,,,Europe,United Kingdom,Wales,Newport,,,(direct),(none),(direct)
20180829,1535557371986000,2018-08-29T16:42:51,screen_view,1535557369952000,2018-08-29T16:42:49,,51,100310,8f2b77997259d6be3353027fbb502927,1EDAFE98C7404D2B9451D7C0AC39EB17,1533976041467000,2018-08-11T09:27:21,,1220499683,IOS,,SkodaContentViewController,auto,5176688217233934129,,1,5176688217233934127,SplashViewController,,,,,,,,,,,,,1533976041467000,1535557370259000,uk.co.skoda.assistant.ios,1.1.6,,1:571703561616:ios:777087d7f78ec12a,manual_install,tablet,Apple,iPad Air 2,,"iPad5,3",IOS,11.4.1,09A27059-9619-47A8-9DD1-B796AF2A09DF,,en-gb,No,3600,,,Europe,United Kingdom,Wales,Newport,,,(direct),(none),(direct)
20180829,1535557371988001,2018-08-29T16:42:51,screen_view,1535557371986001,2018-08-29T16:42:51,,51,100310,8f2b77997259d6be3353027fbb502927,1EDAFE98C7404D2B9451D7C0AC39EB17,1533976041467000,2018-08-11T09:27:21,,1220499683,IOS,,RangeContentViewController,auto,5176688217233934130,,1,5176688217233934129,SkodaContentViewController,,,,,,,,,,,,,1533976041467000,1535557370259000,uk.co.skoda.assistant.ios,1.1.6,,1:571703561616:ios:777087d7f78ec12a,manual_install,tablet,Apple,iPad Air 2,,"iPad5,3",IOS,11.4.1,09A27059-9619-47A8-9DD1-B796AF2A09DF,,en-gb,No,3600,,,Europe,United Kingdom,Wales,Newport,,,(direct),(none),(direct)
20180829,1535557383978002,2018-08-29T16:43:03,screen_view,1535557371988002,2018-08-29T16:42:51,,52,135231,8f2b77997259d6be3353027fbb502927,1EDAFE98C7404D2B9451D7C0AC39EB17,1533976041467000,2018-08-11T09:27:21,,1220499683,IOS,,SkodaContentViewController,auto,5176688217233934129,,1,5176688217233934130,RangeContentViewController,,,,,,,,,,,,,1533976041467000,1535557370259000,uk.co.skoda.assistant.ios,1.1.6,,1:571703561616:ios:777087d7f78ec12a,manual_install,tablet,Apple,iPad Air 2,,"iPad5,3",IOS,11.4.1,09A27059-9619-47A8-9DD1-B796AF2A09DF,,en-gb,No,3600,,,Europe,United Kingdom,Wales,Newport,,,(direct),(none),(direct)
20180829,1535557391744007,2018-08-29T16:43:11,screen_view,1535557383978007,2018-08-29T16:43:03,,52,135231,8f2b77997259d6be3353027fbb502927,1EDAFE98C7404D2B9451D7C0AC39EB17,1533976041467000,2018-08-11T09:27:21,,1220499683,IOS,,PresentationExploreSegmentedViewController,auto,5176688217233934131,,1,5176688217233934129,SkodaContentViewController,,,,,,,,,,,,,1533976041467000,1535557370259000,uk.co.skoda.assistant.ios,1.1.6,,1:571703561616:ios:777087d7f78ec12a,manual_install,tablet,Apple,iPad Air 2,,"iPad5,3",IOS,11.4.1,09A27059-9619-47A8-9DD1-B796AF2A09DF,,en-gb,No,3600,,,Europe,United Kingdom,Wales,Newport,,,(direct),(none),(direct)
20180829,1535557392239008,2018-08-29T16:43:12,screen_view,1535557391744008,2018-08-29T16:43:11,,52,135231,8f2b77997259d6be3353027fbb502927,1EDAFE98C7404D2B9451D7C0AC39EB17,1533976041467000,2018-08-11T09:27:21,,1220499683,IOS,,PresentationEditorViewController,auto,5176688217233934132,,1,5176688217233934131,PresentationExploreSegmentedViewController,,,,,,,,,,,,,1533976041467000,1535557370259000,uk.co.skoda.assistant.ios,1.1.6,,1:571703561616:ios:777087d7f78ec12a,manual_install,tablet,Apple,iPad Air 2,,"iPad5,3",IOS,11.4.1,09A27059-9619-47A8-9DD1-B796AF2A09DF,,en-gb,No,3600,,,Europe,United Kingdom,Wales,Newport,,,(direct),(none),(direct)
20180829,1535557401153001,2018-08-29T16:43:21,screen_view,1535557392239001,2018-08-29T16:43:12,,53,97672,8f2b77997259d6be3353027fbb502927,1EDAFE98C7404D2B9451D7C0AC39EB17,1533976041467000,2018-08-11T09:27:21,,1220499683,IOS,,MFMailComposeInternalViewController,auto,5176688217233934133,,1,5176688217233934132,PresentationEditorViewController,,,,,,,,,,,,,1533976041467000,1535557370259000,uk.co.skoda.assistant.ios,1.1.6,,1:571703561616:ios:777087d7f78ec12a,manual_install,tablet,Apple,iPad Air 2,,"iPad5,3",IOS,11.4.1,09A27059-9619-47A8-9DD1-B796AF2A09DF,,en-gb,No,3600,,,Europe,United Kingdom,Wales,Newport,,,(direct),(none),(direct)
20180829,1535557435628002,2018-08-29T16:43:55,screen_view,1535557401153002,2018-08-29T16:43:21,,53,97672,8f2b77997259d6be3353027fbb502927,1EDAFE98C7404D2B9451D7C0AC39EB17,1533976041467000,2018-08-11T09:27:21,,1220499683,IOS,,PresentationEditorViewController,auto,5176688217233934132,,1,5176688217233934133,MFMailComposeInternalViewController,,,,,,,,,,,,,1533976041467000,1535557370259000,uk.co.skoda.assistant.ios,1.1.6,,1:571703561616:ios:777087d7f78ec12a,manual_install,tablet,Apple,iPad Air 2,,"iPad5,3",IOS,11.4.1,09A27059-9619-47A8-9DD1-B796AF2A09DF,,en-gb,No,3600,,,Europe,United Kingdom,Wales,Newport,,,(direct),(none),(direct)
20180829,1535557437086003,2018-08-29T16:43:57,screen_view,1535557435628003,2018-08-29T16:43:55,,53,97672,8f2b77997259d6be3353027fbb502927,1EDAFE98C7404D2B9451D7C0AC39EB17,1533976041467000,2018-08-11T09:27:21,,1220499683,IOS,,SkodaContentViewController,auto,5176688217233934129,,1,5176688217233934132,PresentationEditorViewController,,,,,,,,,,,,,1533976041467000,1535557370259000,uk.co.skoda.assistant.ios,1.1.6,,1:571703561616:ios:777087d7f78ec12a,manual_install,tablet,Apple,iPad Air 2,,"iPad5,3",IOS,11.4.1,09A27059-9619-47A8-9DD1-B796AF2A09DF,,en-gb,No,3600,,,Europe,United Kingdom,Wales,Newport,,,(direct),(none),(direct)
20180829,1535557449875006,2018-08-29T16:44:09,screen_view,1535557437086006,2018-08-29T16:43:57,,53,97672,8f2b77997259d6be3353027fbb502927,1EDAFE98C7404D2B9451D7C0AC39EB17,1533976041467000,2018-08-11T09:27:21,,1220499683,IOS,,PresentationExploreSegmentedViewController,auto,5176688217233934134,,1,5176688217233934129,SkodaContentViewController,,,,,,,,,,,,,1533976041467000,1535557370259000,uk.co.skoda.assistant.ios,1.1.6,,1:571703561616:ios:777087d7f78ec12a,manual_install,tablet,Apple,iPad Air 2,,"iPad5,3",IOS,11.4.1,09A27059-9619-47A8-9DD1-B796AF2A09DF,,en-gb,No,3600,,,Europe,United Kingdom,Wales,Newport,,,(direct),(none),(direct)
20180829,1535557450195007,2018-08-29T16:44:10,screen_view,1535557449875007,2018-08-29T16:44:09,,53,97672,8f2b77997259d6be3353027fbb502927,1EDAFE98C7404D2B9451D7C0AC39EB17,1533976041467000,2018-08-11T09:27:21,,1220499683,IOS,,PresentationEditorViewController,auto,5176688217233934135,,1,5176688217233934134,PresentationExploreSegmentedViewController,,,,,,,,,,,,,1533976041467000,1535557370259000,uk.co.skoda.assistant.ios,1.1.6,,1:571703561616:ios:777087d7f78ec12a,manual_install,tablet,Apple,iPad Air 2,,"iPad5,3",IOS,11.4.1,09A27059-9619-47A8-9DD1-B796AF2A09DF,,en-gb,No,3600,,,Europe,United Kingdom,Wales,Newport,,,(direct),(none),(direct)
20180829,1535557453244009,2018-08-29T16:44:13,screen_view,1535557450195009,2018-08-29T16:44:10,,53,97672,8f2b77997259d6be3353027fbb502927,1EDAFE98C7404D2B9451D7C0AC39EB17,1533976041467000,2018-08-11T09:27:21,,1220499683,IOS,,MFMailComposeInternalViewController,auto,5176688217233934136,,1,5176688217233934135,PresentationEditorViewController,,,,,,,,,,,,,1533976041467000,1535557370259000,uk.co.skoda.assistant.ios,1.1.6,,1:571703561616:ios:777087d7f78ec12a,manual_install,tablet,Apple,iPad Air 2,,"iPad5,3",IOS,11.4.1,09A27059-9619-47A8-9DD1-B796AF2A09DF,,en-gb,No,3600,,,Europe,United Kingdom,Wales,Newport,,,(direct),(none),(direct)
20180829,1535557489006000,2018-08-29T16:44:49,screen_view,1535557453244000,2018-08-29T16:44:13,,54,84404,8f2b77997259d6be3353027fbb502927,1EDAFE98C7404D2B9451D7C0AC39EB17,1533976041467000,2018-08-11T09:27:21,,1220499683,IOS,,PresentationEditorViewController,auto,5176688217233934135,,1,5176688217233934136,MFMailComposeInternalViewController,,,,,,,,,,,,,1533976041467000,1535557370259000,uk.co.skoda.assistant.ios,1.1.6,,1:571703561616:ios:777087d7f78ec12a,manual_install,tablet,Apple,iPad Air 2,,"iPad5,3",IOS,11.4.1,09A27059-9619-47A8-9DD1-B796AF2A09DF,,en-gb,No,3600,,,Europe,United Kingdom,Wales,Newport,,,(direct),(none),(direct)
20180829,1535557370489000,2018-08-29T16:42:50,button_press,1535097834083000,2018-08-24T09:03:54,,50,508192,8f2b77997259d6be3353027fbb502927,1EDAFE98C7404D2B9451D7C0AC39EB17,1533976041467000,2018-08-11T09:27:21,,1220499683,IOS,,SplashViewController,app,5176688217233934127,,1,,,,,,globalnav_range,,,,,,,,,1533976041467000,1535557370259000,uk.co.skoda.assistant.ios,1.1.6,,1:571703561616:ios:777087d7f78ec12a,manual_install,tablet,Apple,iPad Air 2,,"iPad5,3",IOS,11.4.1,09A27059-9619-47A8-9DD1-B796AF2A09DF,,en-gb,No,3600,,,Europe,United Kingdom,Wales,Newport,,,(direct),(none),(direct)
20180829,1535557370491001,2018-08-29T16:42:50,button_press,1535557370489001,2018-08-29T16:42:50,,50,508192,8f2b77997259d6be3353027fbb502927,1EDAFE98C7404D2B9451D7C0AC39EB17,1533976041467000,2018-08-11T09:27:21,,1220499683,IOS,,SplashViewController,app,5176688217233934127,,1,,,,,,range,,,,,,,,,1533976041467000,1535557370259000,uk.co.skoda.assistant.ios,1.1.6,,1:571703561616:ios:777087d7f78ec12a,manual_install,tablet,Apple,iPad Air 2,,"iPad5,3",IOS,11.4.1,09A27059-9619-47A8-9DD1-B796AF2A09DF,,en-gb,No,3600,,,Europe,United Kingdom,Wales,Newport,,,(direct),(none),(direct)
20180829,1535557383713000,2018-08-29T16:43:03,button_press,1535557370491000,2018-08-29T16:42:50,,52,135231,8f2b77997259d6be3353027fbb502927,1EDAFE98C7404D2B9451D7C0AC39EB17,1533976041467000,2018-08-11T09:27:21,,1220499683,IOS,,RangeContentViewController,app,5176688217233934130,,1,,,,,,globalnav_compare,,,,,,,,,1533976041467000,1535557370259000,uk.co.skoda.assistant.ios,1.1.6,,1:571703561616:ios:777087d7f78ec12a,manual_install,tablet,Apple,iPad Air 2,,"iPad5,3",IOS,11.4.1,09A27059-9619-47A8-9DD1-B796AF2A09DF,,en-gb,No,3600,,,Europe,United Kingdom,Wales,Newport,,,(direct),(none),(direct)
20180829,1535557383737001,2018-08-29T16:43:03,button_press,1535557383713001,2018-08-29T16:43:03,,52,135231,8f2b77997259d6be3353027fbb502927,1EDAFE98C7404D2B9451D7C0AC39EB17,1533976041467000,2018-08-11T09:27:21,,1220499683,IOS,,RangeContentViewController,app,5176688217233934130,,1,,,,,,compare,,,,,,,,,1533976041467000,1535557370259000,uk.co.skoda.assistant.ios,1.1.6,,1:571703561616:ios:777087d7f78ec12a,manual_install,tablet,Apple,iPad Air 2,,"iPad5,3",IOS,11.4.1,09A27059-9619-47A8-9DD1-B796AF2A09DF,,en-gb,No,3600,,,Europe,United Kingdom,Wales,Newport,,,(direct),(none),(direct)
20180829,1535557384687003,2018-08-29T16:43:04,button_press,1535557383737003,2018-08-29T16:43:03,,52,135231,8f2b77997259d6be3353027fbb502927,1EDAFE98C7404D2B9451D7C0AC39EB17,1533976041467000,2018-08-11T09:27:21,,1220499683,IOS,,SkodaContentViewController,app,5176688217233934129,,1,,,,,,globalnav_presentation,,,,,,,,,1533976041467000,1535557370259000,uk.co.skoda.assistant.ios,1.1.6,,1:571703561616:ios:777087d7f78ec12a,manual_install,tablet,Apple,iPad Air 2,,"iPad5,3",IOS,11.4.1,09A27059-9619-47A8-9DD1-B796AF2A09DF,,en-gb,No,3600,,,Europe,United Kingdom,Wales,Newport,,,(direct),(none),(direct)
20180829,1535557384696004,2018-08-29T16:43:04,button_press,1535557384687004,2018-08-29T16:43:04,,52,135231,8f2b77997259d6be3353027fbb502927,1EDAFE98C7404D2B9451D7C0AC39EB17,1533976041467000,2018-08-11T09:27:21,,1220499683,IOS,,SkodaContentViewController,app,5176688217233934129,,1,,,,,,presentation,,,,,,,,,1533976041467000,1535557370259000,uk.co.skoda.assistant.ios,1.1.6,,1:571703561616:ios:777087d7f78ec12a,manual_install,tablet,Apple,iPad Air 2,,"iPad5,3",IOS,11.4.1,09A27059-9619-47A8-9DD1-B796AF2A09DF,,en-gb,No,3600,,,Europe,United Kingdom,Wales,Newport,,,(direct),(none),(direct)
20180829,1535557389606005,2018-08-29T16:43:09,button_press,1535557384696005,2018-08-29T16:43:04,,52,135231,8f2b77997259d6be3353027fbb502927,1EDAFE98C7404D2B9451D7C0AC39EB17,1533976041467000,2018-08-11T09:27:21,,1220499683,IOS,,SkodaContentViewController,app,5176688217233934129,,1,,,,,,presentation_home_download_asset,,,,,,,,,1533976041467000,1535557370259000,uk.co.skoda.assistant.ios,1.1.6,,1:571703561616:ios:777087d7f78ec12a,manual_install,tablet,Apple,iPad Air 2,,"iPad5,3",IOS,11.4.1,09A27059-9619-47A8-9DD1-B796AF2A09DF,,en-gb,No,3600,,,Europe,United Kingdom,Wales,Newport,,,(direct),(none),(direct)
20180829,1535557400768000,2018-08-29T16:43:20,button_press,1535557389606000,2018-08-29T16:43:09,,53,97672,8f2b77997259d6be3353027fbb502927,1EDAFE98C7404D2B9451D7C0AC39EB17,1533976041467000,2018-08-11T09:27:21,,1220499683,IOS,,PresentationEditorViewController,app,5176688217233934132,,1,,,,,,presentation_home_email_presentation,,,,,,,,,1533976041467000,1535557370259000,uk.co.skoda.assistant.ios,1.1.6,,1:571703561616:ios:777087d7f78ec12a,manual_install,tablet,Apple,iPad Air 2,,"iPad5,3",IOS,11.4.1,09A27059-9619-47A8-9DD1-B796AF2A09DF,,en-gb,No,3600,,,Europe,United Kingdom,Wales,Newport,,,(direct),(none),(direct)
20180829,1535557447576004,2018-08-29T16:44:07,button_press,1535557400768004,2018-08-29T16:43:20,,53,97672,8f2b77997259d6be3353027fbb502927,1EDAFE98C7404D2B9451D7C0AC39EB17,1533976041467000,2018-08-11T09:27:21,,1220499683,IOS,,SkodaContentViewController,app,5176688217233934129,,1,,,,,,presentation_home_download_asset,,,,,,,,,1533976041467000,1535557370259000,uk.co.skoda.assistant.ios,1.1.6,,1:571703561616:ios:777087d7f78ec12a,manual_install,tablet,Apple,iPad Air 2,,"iPad5,3",IOS,11.4.1,09A27059-9619-47A8-9DD1-B796AF2A09DF,,en-gb,No,3600,,,Europe,United Kingdom,Wales,Newport,,,(direct),(none),(direct)
20180829,1535557452914008,2018-08-29T16:44:12,button_press,1535557447576008,2018-08-29T16:44:07,,53,97672,8f2b77997259d6be3353027fbb502927,1EDAFE98C7404D2B9451D7C0AC39EB17,1533976041467000,2018-08-11T09:27:21,,1220499683,IOS,,PresentationEditorViewController,app,5176688217233934135,,1,,,,,,presentation_home_email_presentation,,,,,,,,,1533976041467000,1535557370259000,uk.co.skoda.assistant.ios,1.1.6,,1:571703561616:ios:777087d7f78ec12a,manual_install,tablet,Apple,iPad Air 2,,"iPad5,3",IOS,11.4.1,09A27059-9619-47A8-9DD1-B796AF2A09DF,,en-gb,No,3600,,,Europe,United Kingdom,Wales,Newport,,,(direct),(none),(direct)
20180829,1535557371197002,2018-08-29T16:42:51,session_start,1535097620059002,2018-08-24T09:00:20,,50,508192,8f2b77997259d6be3353027fbb502927,1EDAFE98C7404D2B9451D7C0AC39EB17,1533976041467000,2018-08-11T09:27:21,,1220499683,IOS,,SplashViewController,auto,5176688217233934127,,1,,,,,,,,,,,,,,,1533976041467000,1535557370259000,uk.co.skoda.assistant.ios,1.1.6,,1:571703561616:ios:777087d7f78ec12a,manual_install,tablet,Apple,iPad Air 2,,"iPad5,3",IOS,11.4.1,09A27059-9619-47A8-9DD1-B796AF2A09DF,,en-gb,No,3600,,,Europe,United Kingdom,Wales,Newport,,,(direct),(none),(direct)
20180829,1535557371985000,2018-08-29T16:42:51,user_engagement,1535557369952000,2018-08-29T16:42:49,,51,100310,8f2b77997259d6be3353027fbb502927,1EDAFE98C7404D2B9451D7C0AC39EB17,1533976041467000,2018-08-11T09:27:21,,1220499683,IOS,,SplashViewController,auto,5176688217233934127,2033,,,,,,,,,,,,,,,,1533976041467000,1535557370259000,uk.co.skoda.assistant.ios,1.1.6,,1:571703561616:ios:777087d7f78ec12a,manual_install,tablet,Apple,iPad Air 2,,"iPad5,3",IOS,11.4.1,09A27059-9619-47A8-9DD1-B796AF2A09DF,,en-gb,No,3600,,,Europe,United Kingdom,Wales,Newport,,,(direct),(none),(direct)
20180829,1535557383978002,2018-08-29T16:43:03,user_engagement,1535557371985002,2018-08-29T16:42:51,,52,135231,8f2b77997259d6be3353027fbb502927,1EDAFE98C7404D2B9451D7C0AC39EB17,1533976041467000,2018-08-11T09:27:21,,1220499683,IOS,,RangeContentViewController,auto,5176688217233934130,11992,,,,,,,,,,,,,,,,1533976041467000,1535557370259000,uk.co.skoda.assistant.ios,1.1.6,,1:571703561616:ios:777087d7f78ec12a,manual_install,tablet,Apple,iPad Air 2,,"iPad5,3",IOS,11.4.1,09A27059-9619-47A8-9DD1-B796AF2A09DF,,en-gb,No,3600,,,Europe,United Kingdom,Wales,Newport,,,(direct),(none),(direct)
20180829,1535557391743008,2018-08-29T16:43:11,user_engagement,1535557383978008,2018-08-29T16:43:03,,52,135231,8f2b77997259d6be3353027fbb502927,1EDAFE98C7404D2B9451D7C0AC39EB17,1533976041467000,2018-08-11T09:27:21,,1220499683,IOS,,SkodaContentViewController,auto,5176688217233934129,7764,,,,,,,,,,,,,,,,1533976041467000,1535557370259000,uk.co.skoda.assistant.ios,1.1.6,,1:571703561616:ios:777087d7f78ec12a,manual_install,tablet,Apple,iPad Air 2,,"iPad5,3",IOS,11.4.1,09A27059-9619-47A8-9DD1-B796AF2A09DF,,en-gb,No,3600,,,Europe,United Kingdom,Wales,Newport,,,(direct),(none),(direct)
20180829,1535557401152001,2018-08-29T16:43:21,user_engagement,1535557391743001,2018-08-29T16:43:11,,53,97672,8f2b77997259d6be3353027fbb502927,1EDAFE98C7404D2B9451D7C0AC39EB17,1533976041467000,2018-08-11T09:27:21,,1220499683,IOS,,PresentationEditorViewController,auto,5176688217233934132,9409,,,,,,,,,,,,,,,,1533976041467000,1535557370259000,uk.co.skoda.assistant.ios,1.1.6,,1:571703561616:ios:777087d7f78ec12a,manual_install,tablet,Apple,iPad Air 2,,"iPad5,3",IOS,11.4.1,09A27059-9619-47A8-9DD1-B796AF2A09DF,,en-gb,No,3600,,,Europe,United Kingdom,Wales,Newport,,,(direct),(none),(direct)
20180829,1535557435627003,2018-08-29T16:43:55,user_engagement,1535557401152003,2018-08-29T16:43:21,,53,97672,8f2b77997259d6be3353027fbb502927,1EDAFE98C7404D2B9451D7C0AC39EB17,1533976041467000,2018-08-11T09:27:21,,1220499683,IOS,,MFMailComposeInternalViewController,auto,5176688217233934133,34475,,,,,,,,,,,,,,,,1533976041467000,1535557370259000,uk.co.skoda.assistant.ios,1.1.6,,1:571703561616:ios:777087d7f78ec12a,manual_install,tablet,Apple,iPad Air 2,,"iPad5,3",IOS,11.4.1,09A27059-9619-47A8-9DD1-B796AF2A09DF,,en-gb,No,3600,,,Europe,United Kingdom,Wales,Newport,,,(direct),(none),(direct)
20180829,1535557437085005,2018-08-29T16:43:57,user_engagement,1535557435627005,2018-08-29T16:43:55,,53,97672,8f2b77997259d6be3353027fbb502927,1EDAFE98C7404D2B9451D7C0AC39EB17,1533976041467000,2018-08-11T09:27:21,,1220499683,IOS,,PresentationEditorViewController,auto,5176688217233934132,1457,,,,,,,,,,,,,,,,1533976041467000,1535557370259000,uk.co.skoda.assistant.ios,1.1.6,,1:571703561616:ios:777087d7f78ec12a,manual_install,tablet,Apple,iPad Air 2,,"iPad5,3",IOS,11.4.1,09A27059-9619-47A8-9DD1-B796AF2A09DF,,en-gb,No,3600,,,Europe,United Kingdom,Wales,Newport,,,(direct),(none),(direct)
20180829,1535557449875009,2018-08-29T16:44:09,user_engagement,1535557437085009,2018-08-29T16:43:57,,53,97672,8f2b77997259d6be3353027fbb502927,1EDAFE98C7404D2B9451D7C0AC39EB17,1533976041467000,2018-08-11T09:27:21,,1220499683,IOS,,SkodaContentViewController,auto,5176688217233934129,12789,,,,,,,,,,,,,,,,1533976041467000,1535557370259000,uk.co.skoda.assistant.ios,1.1.6,,1:571703561616:ios:777087d7f78ec12a,manual_install,tablet,Apple,iPad Air 2,,"iPad5,3",IOS,11.4.1,09A27059-9619-47A8-9DD1-B796AF2A09DF,,en-gb,No,3600,,,Europe,United Kingdom,Wales,Newport,,,(direct),(none),(direct)
20180829,1535557453244013,2018-08-29T16:44:13,user_engagement,1535557449875013,2018-08-29T16:44:09,,53,97672,8f2b77997259d6be3353027fbb502927,1EDAFE98C7404D2B9451D7C0AC39EB17,1533976041467000,2018-08-11T09:27:21,,1220499683,IOS,,PresentationEditorViewController,auto,5176688217233934135,3368,,,,,,,,,,,,,,,,1533976041467000,1535557370259000,uk.co.skoda.assistant.ios,1.1.6,,1:571703561616:ios:777087d7f78ec12a,manual_install,tablet,Apple,iPad Air 2,,"iPad5,3",IOS,11.4.1,09A27059-9619-47A8-9DD1-B796AF2A09DF,,en-gb,No,3600,,,Europe,United Kingdom,Wales,Newport,,,(direct),(none),(direct)
20180829,1535557479100015,2018-08-29T16:44:39,user_engagement,1535557453244015,2018-08-29T16:44:13,,53,97672,8f2b77997259d6be3353027fbb502927,1EDAFE98C7404D2B9451D7C0AC39EB17,1533976041467000,2018-08-11T09:27:21,,1220499683,IOS,,MFMailComposeInternalViewController,auto,5176688217233934136,25856,,,,,,,,,,,,,,,,1533976041467000,1535557370259000,uk.co.skoda.assistant.ios,1.1.6,,1:571703561616:ios:777087d7f78ec12a,manual_install,tablet,Apple,iPad Air 2,,"iPad5,3",IOS,11.4.1,09A27059-9619-47A8-9DD1-B796AF2A09DF,,en-gb,No,3600,,,Europe,United Kingdom,Wales,Newport,,,(direct),(none),(direct)
20180829,1535557489006000,2018-08-29T16:44:49,user_engagement,1535557479100000,2018-08-29T16:44:39,,54,84404,8f2b77997259d6be3353027fbb502927,1EDAFE98C7404D2B9451D7C0AC39EB17,1533976041467000,2018-08-11T09:27:21,,1220499683,IOS,,MFMailComposeInternalViewController,auto,5176688217233934136,8087,,,,,,,,,,,,,,,,1533976041467000,1535557370259000,uk.co.skoda.assistant.ios,1.1.6,,1:571703561616:ios:777087d7f78ec12a,manual_install,tablet,Apple,iPad Air 2,,"iPad5,3",IOS,11.4.1,09A27059-9619-47A8-9DD1-B796AF2A09DF,,en-gb,No,3600,,,Europe,United Kingdom,Wales,Newport,,,(direct),(none),(direct)
20180829,1535557490043002,2018-08-29T16:44:50,user_engagement,1535557489006002,2018-08-29T16:44:49,,54,84404,8f2b77997259d6be3353027fbb502927,1EDAFE98C7404D2B9451D7C0AC39EB17,1533976041467000,2018-08-11T09:27:21,,1220499683,IOS,,PresentationEditorViewController,auto,5176688217233934135,1036,,,,,,,,,,,,,,,,1533976041467000,1535557370259000,uk.co.skoda.assistant.ios,1.1.6,,1:571703561616:ios:777087d7f78ec12a,manual_install,tablet,Apple,iPad Air 2,,"iPad5,3",IOS,11.4.1,09A27059-9619-47A8-9DD1-B796AF2A09DF,,en-gb,No,3600,,,Europe,United Kingdom,Wales,Newport,,,(direct),(none),(direct)
20180829,1535557391489006,2018-08-29T16:43:11,AnalyticsEventViewItem,1535097796968006,2018-08-24T09:03:16,,52,135231,8f2b77997259d6be3353027fbb502927,1EDAFE98C7404D2B9451D7C0AC39EB17,1533976041467000,2018-08-11T09:27:21,,1220499683,IOS,,SkodaContentViewController,app,5176688217233934129,,1,,,,,,,5b7c33035833f795331202,,,,,,,,1533976041467000,1535557370259000,uk.co.skoda.assistant.ios,1.1.6,,1:571703561616:ios:777087d7f78ec12a,manual_install,tablet,Apple,iPad Air 2,,"iPad5,3",IOS,11.4.1,09A27059-9619-47A8-9DD1-B796AF2A09DF,,en-gb,No,3600,,,Europe,United Kingdom,Wales,Newport,,,(direct),(none),(direct)
20180829,1535557449497005,2018-08-29T16:44:09,AnalyticsEventViewItem,1535557391489005,2018-08-29T16:43:11,,53,97672,8f2b77997259d6be3353027fbb502927,1EDAFE98C7404D2B9451D7C0AC39EB17,1533976041467000,2018-08-11T09:27:21,,1220499683,IOS,,SkodaContentViewController,app,5176688217233934129,,1,,,,,,,5b339c74e0780714524430,,,,,,,,1533976041467000,1535557370259000,uk.co.skoda.assistant.ios,1.1.6,,1:571703561616:ios:777087d7f78ec12a,manual_install,tablet,Apple,iPad Air 2,,"iPad5,3",IOS,11.4.1,09A27059-9619-47A8-9DD1-B796AF2A09DF,,en-gb,No,3600,,,Europe,United Kingdom,Wales,Newport,,,(direct),(none),(direct)
20180829,1535530249628000,2018-08-29T09:10:49,session_start,1535443546435000,2018-08-28T09:05:46,,24,97199,da586463c9fbfa289daccfec40d52ea0,07D60866DFF74B03B7855ED5FCEFD5F7,1534146771876000,2018-08-13T08:52:51,,1220499683,IOS,,LoginViewController,auto,8684055197403558425,,1,,,,,,,,,,,,,,,1534146771876000,1534676976883000,uk.co.skoda.assistant.ios,1.1.6,,1:571703561616:ios:777087d7f78ec12a,manual_install,tablet,Apple,iPad Air 2,,"iPad5,3",IOS,11.4.1,5515BF7D-CA33-41F2-942F-84B66EA6D96F,,en-gb,No,3600,,,Europe,United Kingdom,Wales,Newport,,,(direct),(none),(direct)
20180829,1535530316948000,2018-08-29T09:11:56,user_engagement,1535465750736000,2018-08-28T15:15:50,,25,84449,da586463c9fbfa289daccfec40d52ea0,07D60866DFF74B03B7855ED5FCEFD5F7,1534146771876000,2018-08-13T08:52:51,,1220499683,IOS,,LoginViewController,auto,8684055197403558425,77324,,,,,,,,,,,,,,,,1534146771876000,1534676976883000,uk.co.skoda.assistant.ios,1.1.6,,1:571703561616:ios:777087d7f78ec12a,manual_install,tablet,Apple,iPad Air 2,,"iPad5,3",IOS,11.4.1,5515BF7D-CA33-41F2-942F-84B66EA6D96F,,en-gb,No,3600,,,Europe,United Kingdom,Wales,Newport,,,(direct),(none),(direct)
20180829,1535549132831000,2018-08-29T14:25:32,user_engagement,1535530316948000,2018-08-29T09:11:56,,26,92142,da586463c9fbfa289daccfec40d52ea0,07D60866DFF74B03B7855ED5FCEFD5F7,1534146771876000,2018-08-13T08:52:51,,1220499683,IOS,,LoginViewController,auto,8684055197403558425,3929,,,,,,,,,,,,,,,,1534146771876000,1534676976883000,uk.co.skoda.assistant.ios,1.1.6,,1:571703561616:ios:777087d7f78ec12a,manual_install,tablet,Apple,iPad Air 2,,"iPad5,3",IOS,11.4.1,5515BF7D-CA33-41F2-942F-84B66EA6D96F,,en-gb,No,3600,,,Europe,United Kingdom,Wales,Newport,,,(direct),(none),(direct)
