event_date,event_timestamp,event_iso8601,event_name,event_previous_timestamp,event_previous_iso8601,event_value_in_usd,event_bundle_sequence_id,event_server_timestamp_offset,user_id,user_pseudo_id,user_first_touch_timestamp,user_first_touch_iso8601,user_ltv,stream_id,platform,event_dimensions,firebase_screen_class,firebase_event_origin,firebase_screen_id,engagement_time_msec,firebase_conversion,firebase_previous_id,firebase_previous_class,user_retailer,user_area,AnalyticsParameterTerm,button_name,AnalyticsParameterItemID,previous_app_version,engine,Compared_vehicle_1,Compared_vehicle_2,update_with_analytics,previous_first_open_count,Compared_vehicle_3,first_open_time,user_id,id,version,install_store,firebase_app_id,install_source,category,mobile_brand_name,mobile_model_name,mobile_marketing_name,mobile_os_hardware_model,operating_system,operating_system_version,vendor_id,advertising_id,language,is_limited_ad_tracking,time_zone_offset_seconds,browser,browser,continent,country,region,city,sub_continent,metro,name,medium,source
20180829,1535559655863002,2018-08-29T17:20:55,screen_view,1535559654889002,2018-08-29T17:20:54,,8,-1488486,1a9f4d0183ebff4d1b5a22b360df9183,2238582BA9A54A1EA26FAC8EE831050B,1535472722849000,2018-08-28T17:12:02,,1220499683,IOS,,SkodaContentViewController,auto,663068733484837413,,1,663068733484837410,SplashViewController,,,,,,,,,,,,,1535472722849000,1535559654978000,uk.co.skoda.assistant.uat,1.1.7,,1:571703561616:ios:777087d7f78ec12a,manual_install,tablet,Apple,iPad 5th gen,,"iPad6,11",IOS,11.4.1,,,en-gb,No,3600,,,Europe,United Kingdom,England,Newport Pagnell,,,(direct),(none),(direct)
20180829,1535559655864003,2018-08-29T17:20:55,screen_view,1535559655863003,2018-08-29T17:20:55,,8,-1488486,1a9f4d0183ebff4d1b5a22b360df9183,2238582BA9A54A1EA26FAC8EE831050B,1535472722849000,2018-08-28T17:12:02,,1220499683,IOS,,RangeContentViewController,auto,663068733484837414,,1,663068733484837413,SkodaContentViewController,,,,,,,,,,,,,1535472722849000,1535559654978000,uk.co.skoda.assistant.uat,1.1.7,,1:571703561616:ios:777087d7f78ec12a,manual_install,tablet,Apple,iPad 5th gen,,"iPad6,11",IOS,11.4.1,,,en-gb,No,3600,,,Europe,United Kingdom,England,Newport Pagnell,,,(direct),(none),(direct)
20180829,1535559671920001,2018-08-29T17:21:11,screen_view,1535559655864001,2018-08-29T17:20:55,,9,-1517301,1a9f4d0183ebff4d1b5a22b360df9183,2238582BA9A54A1EA26FAC8EE831050B,1535472722849000,2018-08-28T17:12:02,,1220499683,IOS,,TrimViewController,auto,663068733484837415,,1,663068733484837414,RangeContentViewController,,,,,,,,,,,,,1535472722849000,1535559654978000,uk.co.skoda.assistant.uat,1.1.7,,1:571703561616:ios:777087d7f78ec12a,manual_install,tablet,Apple,iPad 5th gen,,"iPad6,11",IOS,11.4.1,,,en-gb,No,3600,,,Europe,United Kingdom,England,Newport Pagnell,,,(direct),(none),(direct)
20180829,1535559674151002,2018-08-29T17:21:14,screen_view,1535559671920002,2018-08-29T17:21:11,,9,-1517301,1a9f4d0183ebff4d1b5a22b360df9183,2238582BA9A54A1EA26FAC8EE831050B,1535472722849000,2018-08-28T17:12:02,,1220499683,IOS,,RangeContentViewController,auto,663068733484837414,,1,663068733484837415,TrimViewController,,,,,,,,,,,,,1535472722849000,1535559654978000,uk.co.skoda.assistant.uat,1.1.7,,1:571703561616:ios:777087d7f78ec12a,manual_install,tablet,Apple,iPad 5th gen,,"iPad6,11",IOS,11.4.1,,,en-gb,No,3600,,,Europe,United Kingdom,England,Newport Pagnell,,,(direct),(none),(direct)
20180829,1535559675117004,2018-08-29T17:21:15,screen_view,1535559674151004,2018-08-29T17:21:14,,9,-1517301,1a9f4d0183ebff4d1b5a22b360df9183,2238582BA9A54A1EA26FAC8EE831050B,1535472722849000,2018-08-28T17:12:02,,1220499683,IOS,,TrimViewController,auto,663068733484837416,,1,663068733484837414,RangeContentViewController,,,,,,,,,,,,,1535472722849000,1535559654978000,uk.co.skoda.assistant.uat,1.1.7,,1:571703561616:ios:777087d7f78ec12a,manual_install,tablet,Apple,iPad 5th gen,,"iPad6,11",IOS,11.4.1,,,en-gb,No,3600,,,Europe,United Kingdom,England,Newport Pagnell,,,(direct),(none),(direct)
20180829,1535559677977005,2018-08-29T17:21:17,screen_view,1535559675117005,2018-08-29T17:21:15,,9,-1517301,1a9f4d0183ebff4d1b5a22b360df9183,2238582BA9A54A1EA26FAC8EE831050B,1535472722849000,2018-08-28T17:12:02,,1220499683,IOS,,RangeContentViewController,auto,663068733484837414,,1,663068733484837416,TrimViewController,,,,,,,,,,,,,1535472722849000,1535559654978000,uk.co.skoda.assistant.uat,1.1.7,,1:571703561616:ios:777087d7f78ec12a,manual_install,tablet,Apple,iPad 5th gen,,"iPad6,11",IOS,11.4.1,,,en-gb,No,3600,,,Europe,United Kingdom,England,Newport Pagnell,,,(direct),(none),(direct)
20180829,1535559679037007,2018-08-29T17:21:19,screen_view,1535559677977007,2018-08-29T17:21:17,,9,-1517301,1a9f4d0183ebff4d1b5a22b360df9183,2238582BA9A54A1EA26FAC8EE831050B,1535472722849000,2018-08-28T17:12:02,,1220499683,IOS,,TrimViewController,auto,663068733484837417,,1,663068733484837414,RangeContentViewController,,,,,,,,,,,,,1535472722849000,1535559654978000,uk.co.skoda.assistant.uat,1.1.7,,1:571703561616:ios:777087d7f78ec12a,manual_install,tablet,Apple,iPad 5th gen,,"iPad6,11",IOS,11.4.1,,,en-gb,No,3600,,,Europe,United Kingdom,England,Newport Pagnell,,,(direct),(none),(direct)
20180829,1535559683352000,2018-08-29T17:21:23,screen_view,1535559679037000,2018-08-29T17:21:19,,10,-1510883,1a9f4d0183ebff4d1b5a22b360df9183,2238582BA9A54A1EA26FAC8EE831050B,1535472722849000,2018-08-28T17:12:02,,1220499683,IOS,,RangeContentViewController,auto,663068733484837414,,1,663068733484837417,TrimViewController,,,,,,,,,,,,,1535472722849000,1535559654978000,uk.co.skoda.assistant.uat,1.1.7,,1:571703561616:ios:777087d7f78ec12a,manual_install,tablet,Apple,iPad 5th gen,,"iPad6,11",IOS,11.4.1,,,en-gb,No,3600,,,Europe,United Kingdom,England,Newport Pagnell,,,(direct),(none),(direct)
20180829,1535559685605002,2018-08-29T17:21:25,screen_view,1535559683352002,2018-08-29T17:21:23,,10,-1510883,1a9f4d0183ebff4d1b5a22b360df9183,2238582BA9A54A1EA26FAC8EE831050B,1535472722849000,2018-08-28T17:12:02,,1220499683,IOS,,TrimViewController,auto,663068733484837418,,1,663068733484837414,RangeContentViewController,,,,,,,,,,,,,1535472722849000,1535559654978000,uk.co.skoda.assistant.uat,1.1.7,,1:571703561616:ios:777087d7f78ec12a,manual_install,tablet,Apple,iPad 5th gen,,"iPad6,11",IOS,11.4.1,,,en-gb,No,3600,,,Europe,United Kingdom,England,Newport Pagnell,,,(direct),(none),(direct)
20180829,1535559688375003,2018-08-29T17:21:28,screen_view,1535559685605003,2018-08-29T17:21:25,,10,-1510883,1a9f4d0183ebff4d1b5a22b360df9183,2238582BA9A54A1EA26FAC8EE831050B,1535472722849000,2018-08-28T17:12:02,,1220499683,IOS,,RangeContentViewController,auto,663068733484837414,,1,663068733484837418,TrimViewController,,,,,,,,,,,,,1535472722849000,1535559654978000,uk.co.skoda.assistant.uat,1.1.7,,1:571703561616:ios:777087d7f78ec12a,manual_install,tablet,Apple,iPad 5th gen,,"iPad6,11",IOS,11.4.1,,,en-gb,No,3600,,,Europe,United Kingdom,England,Newport Pagnell,,,(direct),(none),(direct)
20180829,1535559689868005,2018-08-29T17:21:29,screen_view,1535559688375005,2018-08-29T17:21:28,,10,-1510883,1a9f4d0183ebff4d1b5a22b360df9183,2238582BA9A54A1EA26FAC8EE831050B,1535472722849000,2018-08-28T17:12:02,,1220499683,IOS,,TrimViewController,auto,663068733484837419,,1,663068733484837414,RangeContentViewController,,,,,,,,,,,,,1535472722849000,1535559654978000,uk.co.skoda.assistant.uat,1.1.7,,1:571703561616:ios:777087d7f78ec12a,manual_install,tablet,Apple,iPad 5th gen,,"iPad6,11",IOS,11.4.1,,,en-gb,No,3600,,,Europe,United Kingdom,England,Newport Pagnell,,,(direct),(none),(direct)
20180829,1535559692209006,2018-08-29T17:21:32,screen_view,1535559689868006,2018-08-29T17:21:29,,10,-1510883,1a9f4d0183ebff4d1b5a22b360df9183,2238582BA9A54A1EA26FAC8EE831050B,1535472722849000,2018-08-28T17:12:02,,1220499683,IOS,,RangeContentViewController,auto,663068733484837414,,1,663068733484837419,TrimViewController,,,,,,,,,,,,,1535472722849000,1535559654978000,uk.co.skoda.assistant.uat,1.1.7,,1:571703561616:ios:777087d7f78ec12a,manual_install,tablet,Apple,iPad 5th gen,,"iPad6,11",IOS,11.4.1,,,en-gb,No,3600,,,Europe,United Kingdom,England,Newport Pagnell,,,(direct),(none),(direct)
20180829,1535559693751008,2018-08-29T17:21:33,screen_view,1535559692209008,2018-08-29T17:21:32,,10,-1510883,1a9f4d0183ebff4d1b5a22b360df9183,2238582BA9A54A1EA26FAC8EE831050B,1535472722849000,2018-08-28T17:12:02,,1220499683,IOS,,TrimViewController,auto,663068733484837420,,1,663068733484837414,RangeContentViewController,,,,,,,,,,,,,1535472722849000,1535559654978000,uk.co.skoda.assistant.uat,1.1.7,,1:571703561616:ios:777087d7f78ec12a,manual_install,tablet,Apple,iPad 5th gen,,"iPad6,11",IOS,11.4.1,,,en-gb,No,3600,,,Europe,United Kingdom,England,Newport Pagnell,,,(direct),(none),(direct)
20180829,1535559706921009,2018-08-29T17:21:46,screen_view,1535559693751009,2018-08-29T17:21:33,,10,-1510883,1a9f4d0183ebff4d1b5a22b360df9183,2238582BA9A54A1EA26FAC8EE831050B,1535472722849000,2018-08-28T17:12:02,,1220499683,IOS,,RangeContentViewController,auto,663068733484837414,,1,663068733484837420,TrimViewController,,,,,,,,,,,,,1535472722849000,1535559654978000,uk.co.skoda.assistant.uat,1.1.7,,1:571703561616:ios:777087d7f78ec12a,manual_install,tablet,Apple,iPad 5th gen,,"iPad6,11",IOS,11.4.1,,,en-gb,No,3600,,,Europe,United Kingdom,England,Newport Pagnell,,,(direct),(none),(direct)
20180829,1535559709745011,2018-08-29T17:21:49,screen_view,1535559706921011,2018-08-29T17:21:46,,10,-1510883,1a9f4d0183ebff4d1b5a22b360df9183,2238582BA9A54A1EA26FAC8EE831050B,1535472722849000,2018-08-28T17:12:02,,1220499683,IOS,,TrimViewController,auto,663068733484837421,,1,663068733484837414,RangeContentViewController,,,,,,,,,,,,,1535472722849000,1535559654978000,uk.co.skoda.assistant.uat,1.1.7,,1:571703561616:ios:777087d7f78ec12a,manual_install,tablet,Apple,iPad 5th gen,,"iPad6,11",IOS,11.4.1,,,en-gb,No,3600,,,Europe,United Kingdom,England,Newport Pagnell,,,(direct),(none),(direct)
20180829,1535559712991012,2018-08-29T17:21:52,screen_view,1535559709745012,2018-08-29T17:21:49,,10,-1510883,1a9f4d0183ebff4d1b5a22b360df9183,2238582BA9A54A1EA26FAC8EE831050B,1535472722849000,2018-08-28T17:12:02,,1220499683,IOS,,RangeContentViewController,auto,663068733484837414,,1,663068733484837421,TrimViewController,,,,,,,,,,,,,1535472722849000,1535559654978000,uk.co.skoda.assistant.uat,1.1.7,,1:571703561616:ios:777087d7f78ec12a,manual_install,tablet,Apple,iPad 5th gen,,"iPad6,11",IOS,11.4.1,,,en-gb,No,3600,,,Europe,United Kingdom,England,Newport Pagnell,,,(direct),(none),(direct)
20180829,1535559753587014,2018-08-29T17:22:33,screen_view,1535559712991014,2018-08-29T17:21:52,,10,-1510883,1a9f4d0183ebff4d1b5a22b360df9183,2238582BA9A54A1EA26FAC8EE831050B,1535472722849000,2018-08-28T17:12:02,,1220499683,IOS,,TrimViewController,auto,663068733484837422,,1,663068733484837414,RangeContentViewController,,,,,,,,,,,,,1535472722849000,1535559654978000,uk.co.skoda.assistant.uat,1.1.7,,1:571703561616:ios:777087d7f78ec12a,manual_install,tablet,Apple,iPad 5th gen,,"iPad6,11",IOS,11.4.1,,,en-gb,No,3600,,,Europe,United Kingdom,England,Newport Pagnell,,,(direct),(none),(direct)
20180829,1535559755778015,2018-08-29T17:22:35,screen_view,1535559753587015,2018-08-29T17:22:33,,10,-1510883,1a9f4d0183ebff4d1b5a22b360df9183,2238582BA9A54A1EA26FAC8EE831050B,1535472722849000,2018-08-28T17:12:02,,1220499683,IOS,,RangeContentViewController,auto,663068733484837414,,1,663068733484837422,TrimViewController,,,,,,,,,,,,,1535472722849000,1535559654978000,uk.co.skoda.assistant.uat,1.1.7,,1:571703561616:ios:777087d7f78ec12a,manual_install,tablet,Apple,iPad 5th gen,,"iPad6,11",IOS,11.4.1,,,en-gb,No,3600,,,Europe,United Kingdom,England,Newport Pagnell,,,(direct),(none),(direct)
20180829,1535559757113017,2018-08-29T17:22:37,screen_view,1535559755778017,2018-08-29T17:22:35,,10,-1510883,1a9f4d0183ebff4d1b5a22b360df9183,2238582BA9A54A1EA26FAC8EE831050B,1535472722849000,2018-08-28T17:12:02,,1220499683,IOS,,TrimViewController,auto,663068733484837423,,1,663068733484837414,RangeContentViewController,,,,,,,,,,,,,1535472722849000,1535559654978000,uk.co.skoda.assistant.uat,1.1.7,,1:571703561616:ios:777087d7f78ec12a,manual_install,tablet,Apple,iPad 5th gen,,"iPad6,11",IOS,11.4.1,,,en-gb,No,3600,,,Europe,United Kingdom,England,Newport Pagnell,,,(direct),(none),(direct)
20180829,1535559759735018,2018-08-29T17:22:39,screen_view,1535559757113018,2018-08-29T17:22:37,,10,-1510883,1a9f4d0183ebff4d1b5a22b360df9183,2238582BA9A54A1EA26FAC8EE831050B,1535472722849000,2018-08-28T17:12:02,,1220499683,IOS,,RangeContentViewController,auto,663068733484837414,,1,663068733484837423,TrimViewController,,,,,,,,,,,,,1535472722849000,1535559654978000,uk.co.skoda.assistant.uat,1.1.7,,1:571703561616:ios:777087d7f78ec12a,manual_install,tablet,Apple,iPad 5th gen,,"iPad6,11",IOS,11.4.1,,,en-gb,No,3600,,,Europe,United Kingdom,England,Newport Pagnell,,,(direct),(none),(direct)
20180829,1535559760874020,2018-08-29T17:22:40,screen_view,1535559759735020,2018-08-29T17:22:39,,10,-1510883,1a9f4d0183ebff4d1b5a22b360df9183,2238582BA9A54A1EA26FAC8EE831050B,1535472722849000,2018-08-28T17:12:02,,1220499683,IOS,,TrimViewController,auto,663068733484837424,,1,663068733484837414,RangeContentViewController,,,,,,,,,,,,,1535472722849000,1535559654978000,uk.co.skoda.assistant.uat,1.1.7,,1:571703561616:ios:777087d7f78ec12a,manual_install,tablet,Apple,iPad 5th gen,,"iPad6,11",IOS,11.4.1,,,en-gb,No,3600,,,Europe,United Kingdom,England,Newport Pagnell,,,(direct),(none),(direct)
20180829,1535559763011021,2018-08-29T17:22:43,screen_view,1535559760874021,2018-08-29T17:22:40,,10,-1510883,1a9f4d0183ebff4d1b5a22b360df9183,2238582BA9A54A1EA26FAC8EE831050B,1535472722849000,2018-08-28T17:12:02,,1220499683,IOS,,RangeContentViewController,auto,663068733484837414,,1,663068733484837424,TrimViewController,,,,,,,,,,,,,1535472722849000,1535559654978000,uk.co.skoda.assistant.uat,1.1.7,,1:571703561616:ios:777087d7f78ec12a,manual_install,tablet,Apple,iPad 5th gen,,"iPad6,11",IOS,11.4.1,,,en-gb,No,3600,,,Europe,United Kingdom,England,Newport Pagnell,,,(direct),(none),(direct)
20180829,1535559764348023,2018-08-29T17:22:44,screen_view,1535559763011023,2018-08-29T17:22:43,,10,-1510883,1a9f4d0183ebff4d1b5a22b360df9183,2238582BA9A54A1EA26FAC8EE831050B,1535472722849000,2018-08-28T17:12:02,,1220499683,IOS,,TrimViewController,auto,663068733484837425,,1,663068733484837414,RangeContentViewController,,,,,,,,,,,,,1535472722849000,1535559654978000,uk.co.skoda.assistant.uat,1.1.7,,1:571703561616:ios:777087d7f78ec12a,manual_install,tablet,Apple,iPad 5th gen,,"iPad6,11",IOS,11.4.1,,,en-gb,No,3600,,,Europe,United Kingdom,England,Newport Pagnell,,,(direct),(none),(direct)
20180829,1535559766514024,2018-08-29T17:22:46,screen_view,1535559764348024,2018-08-29T17:22:44,,10,-1510883,1a9f4d0183ebff4d1b5a22b360df9183,2238582BA9A54A1EA26FAC8EE831050B,1535472722849000,2018-08-28T17:12:02,,1220499683,IOS,,RangeContentViewController,auto,663068733484837414,,1,663068733484837425,TrimViewController,,,,,,,,,,,,,1535472722849000,1535559654978000,uk.co.skoda.assistant.uat,1.1.7,,1:571703561616:ios:777087d7f78ec12a,manual_install,tablet,Apple,iPad 5th gen,,"iPad6,11",IOS,11.4.1,,,en-gb,No,3600,,,Europe,United Kingdom,England,Newport Pagnell,,,(direct),(none),(direct)
20180829,1535559790916026,2018-08-29T17:23:10,screen_view,1535559766514026,2018-08-29T17:22:46,,10,-1510883,1a9f4d0183ebff4d1b5a22b360df9183,2238582BA9A54A1EA26FAC8EE831050B,1535472722849000,2018-08-28T17:12:02,,1220499683,IOS,,TrimViewController,auto,663068733484837426,,1,663068733484837414,RangeContentViewController,,,,,,,,,,,,,1535472722849000,1535559654978000,uk.co.skoda.assistant.uat,1.1.7,,1:571703561616:ios:777087d7f78ec12a,manual_install,tablet,Apple,iPad 5th gen,,"iPad6,11",IOS,11.4.1,,,en-gb,No,3600,,,Europe,United Kingdom,England,Newport Pagnell,,,(direct),(none),(direct)
20180829,1535560199602026,2018-08-29T17:29:59,screen_view,1535559790916026,2018-08-29T17:23:10,,12,-1526834,1a9f4d0183ebff4d1b5a22b360df9183,2238582BA9A54A1EA26FAC8EE831050B,1535472722849000,2018-08-28T17:12:02,,1220499683,IOS,,RangeContentViewController,auto,663068733484837414,,1,663068733484837426,TrimViewController,,,,,,,,,,,,,1535472722849000,1535559654978000,uk.co.skoda.assistant.uat,1.1.7,,1:571703561616:ios:777087d7f78ec12a,manual_install,tablet,Apple,iPad 5th gen,,"iPad6,11",IOS,11.4.1,,,en-gb,No,3600,,,Europe,United Kingdom,England,Newport Pagnell,,,(direct),(none),(direct)
20180829,1535560205944028,2018-08-29T17:30:05,screen_view,1535560199602028,2018-08-29T17:29:59,,12,-1526834,1a9f4d0183ebff4d1b5a22b360df9183,2238582BA9A54A1EA26FAC8EE831050B,1535472722849000,2018-08-28T17:12:02,,1220499683,IOS,,TrimViewController,auto,663068733484837427,,1,663068733484837414,RangeContentViewController,,,,,,,,,,,,,1535472722849000,1535559654978000,uk.co.skoda.assistant.uat,1.1.7,,1:571703561616:ios:777087d7f78ec12a,manual_install,tablet,Apple,iPad 5th gen,,"iPad6,11",IOS,11.4.1,,,en-gb,No,3600,,,Europe,United Kingdom,England,Newport Pagnell,,,(direct),(none),(direct)
20180829,1535559655043000,2018-08-29T17:20:55,button_press,,,,8,-1488486,1a9f4d0183ebff4d1b5a22b360df9183,2238582BA9A54A1EA26FAC8EE831050B,1535472722849000,2018-08-28T17:12:02,,1220499683,IOS,,SplashViewController,app,663068733484837410,,1,,,,,,globalnav_range,,,,,,,,,1535472722849000,1535559654978000,uk.co.skoda.assistant.uat,1.1.7,,1:571703561616:ios:777087d7f78ec12a,manual_install,tablet,Apple,iPad 5th gen,,"iPad6,11",IOS,11.4.1,,,en-gb,No,3600,,,Europe,United Kingdom,England,Newport Pagnell,,,(direct),(none),(direct)
20180829,1535559655043001,2018-08-29T17:20:55,button_press,1535559655043001,2018-08-29T17:20:55,,8,-1488486,1a9f4d0183ebff4d1b5a22b360df9183,2238582BA9A54A1EA26FAC8EE831050B,1535472722849000,2018-08-28T17:12:02,,1220499683,IOS,,SplashViewController,app,663068733484837410,,1,,,,,,range,,,,,,,,,1535472722849000,1535559654978000,uk.co.skoda.assistant.uat,1.1.7,,1:571703561616:ios:777087d7f78ec12a,manual_install,tablet,Apple,iPad 5th gen,,"iPad6,11",IOS,11.4.1,,,en-gb,No,3600,,,Europe,United Kingdom,England,Newport Pagnell,,,(direct),(none),(direct)
20180829,1535559671106000,2018-08-29T17:21:11,button_press,1535559655043000,2018-08-29T17:20:55,,9,-1517301,1a9f4d0183ebff4d1b5a22b360df9183,2238582BA9A54A1EA26FAC8EE831050B,1535472722849000,2018-08-28T17:12:02,,1220499683,IOS,,RangeContentViewController,app,663068733484837414,,1,,,,,S,range_home_trim_select,75,,,,,,,,1535472722849000,1535559654978000,uk.co.skoda.assistant.uat,1.1.7,,1:571703561616:ios:777087d7f78ec12a,manual_install,tablet,Apple,iPad 5th gen,,"iPad6,11",IOS,11.4.1,,,en-gb,No,3600,,,Europe,United Kingdom,England,Newport Pagnell,,,(direct),(none),(direct)
20180829,1535559674419003,2018-08-29T17:21:14,button_press,1535559671106003,2018-08-29T17:21:11,,9,-1517301,1a9f4d0183ebff4d1b5a22b360df9183,2238582BA9A54A1EA26FAC8EE831050B,1535472722849000,2018-08-28T17:12:02,,1220499683,IOS,,RangeContentViewController,app,663068733484837414,,1,,,,,S,range_home_trim_select,75,,,,,,,,1535472722849000,1535559654978000,uk.co.skoda.assistant.uat,1.1.7,,1:571703561616:ios:777087d7f78ec12a,manual_install,tablet,Apple,iPad 5th gen,,"iPad6,11",IOS,11.4.1,,,en-gb,No,3600,,,Europe,United Kingdom,England,Newport Pagnell,,,(direct),(none),(direct)
20180829,1535559678273006,2018-08-29T17:21:18,button_press,1535559674419006,2018-08-29T17:21:14,,9,-1517301,1a9f4d0183ebff4d1b5a22b360df9183,2238582BA9A54A1EA26FAC8EE831050B,1535472722849000,2018-08-28T17:12:02,,1220499683,IOS,,RangeContentViewController,app,663068733484837414,,1,,,,,SE,range_home_trim_select,76,,,,,,,,1535472722849000,1535559654978000,uk.co.skoda.assistant.uat,1.1.7,,1:571703561616:ios:777087d7f78ec12a,manual_install,tablet,Apple,iPad 5th gen,,"iPad6,11",IOS,11.4.1,,,en-gb,No,3600,,,Europe,United Kingdom,England,Newport Pagnell,,,(direct),(none),(direct)
20180829,1535559684804001,2018-08-29T17:21:24,button_press,1535559678273001,2018-08-29T17:21:18,,10,-1510883,1a9f4d0183ebff4d1b5a22b360df9183,2238582BA9A54A1EA26FAC8EE831050B,1535472722849000,2018-08-28T17:12:02,,1220499683,IOS,,RangeContentViewController,app,663068733484837414,,1,,,,,Colour Edition,range_home_trim_select,77,,,,,,,,1535472722849000,1535559654978000,uk.co.skoda.assistant.uat,1.1.7,,1:571703561616:ios:777087d7f78ec12a,manual_install,tablet,Apple,iPad 5th gen,,"iPad6,11",IOS,11.4.1,,,en-gb,No,3600,,,Europe,United Kingdom,England,Newport Pagnell,,,(direct),(none),(direct)
20180829,1535559689054004,2018-08-29T17:21:29,button_press,1535559684804004,2018-08-29T17:21:24,,10,-1510883,1a9f4d0183ebff4d1b5a22b360df9183,2238582BA9A54A1EA26FAC8EE831050B,1535472722849000,2018-08-28T17:12:02,,1220499683,IOS,,RangeContentViewController,app,663068733484837414,,1,,,,,SE L,range_home_trim_select,78,,,,,,,,1535472722849000,1535559654978000,uk.co.skoda.assistant.uat,1.1.7,,1:571703561616:ios:777087d7f78ec12a,manual_install,tablet,Apple,iPad 5th gen,,"iPad6,11",IOS,11.4.1,,,en-gb,No,3600,,,Europe,United Kingdom,England,Newport Pagnell,,,(direct),(none),(direct)
20180829,1535559693004007,2018-08-29T17:21:33,button_press,1535559689054007,2018-08-29T17:21:29,,10,-1510883,1a9f4d0183ebff4d1b5a22b360df9183,2238582BA9A54A1EA26FAC8EE831050B,1535472722849000,2018-08-28T17:12:02,,1220499683,IOS,,RangeContentViewController,app,663068733484837414,,1,,,,,Monte Carlo,range_home_trim_select,79,,,,,,,,1535472722849000,1535559654978000,uk.co.skoda.assistant.uat,1.1.7,,1:571703561616:ios:777087d7f78ec12a,manual_install,tablet,Apple,iPad 5th gen,,"iPad6,11",IOS,11.4.1,,,en-gb,No,3600,,,Europe,United Kingdom,England,Newport Pagnell,,,(direct),(none),(direct)
20180829,1535559708991010,2018-08-29T17:21:48,button_press,1535559693004010,2018-08-29T17:21:33,,10,-1510883,1a9f4d0183ebff4d1b5a22b360df9183,2238582BA9A54A1EA26FAC8EE831050B,1535472722849000,2018-08-28T17:12:02,,1220499683,IOS,,RangeContentViewController,app,663068733484837414,,1,,,,,S,range_home_trim_select,75,,,,,,,,1535472722849000,1535559654978000,uk.co.skoda.assistant.uat,1.1.7,,1:571703561616:ios:777087d7f78ec12a,manual_install,tablet,Apple,iPad 5th gen,,"iPad6,11",IOS,11.4.1,,,en-gb,No,3600,,,Europe,United Kingdom,England,Newport Pagnell,,,(direct),(none),(direct)
20180829,1535559752940013,2018-08-29T17:22:32,button_press,1535559708991013,2018-08-29T17:21:48,,10,-1510883,1a9f4d0183ebff4d1b5a22b360df9183,2238582BA9A54A1EA26FAC8EE831050B,1535472722849000,2018-08-28T17:12:02,,1220499683,IOS,,RangeContentViewController,app,663068733484837414,,1,,,,,Colour Edition,range_home_trim_select,9,,,,,,,,1535472722849000,1535559654978000,uk.co.skoda.assistant.uat,1.1.7,,1:571703561616:ios:777087d7f78ec12a,manual_install,tablet,Apple,iPad 5th gen,,"iPad6,11",IOS,11.4.1,,,en-gb,No,3600,,,Europe,United Kingdom,England,Newport Pagnell,,,(direct),(none),(direct)
20180829,1535559756358016,2018-08-29T17:22:36,button_press,1535559752940016,2018-08-29T17:22:32,,10,-1510883,1a9f4d0183ebff4d1b5a22b360df9183,2238582BA9A54A1EA26FAC8EE831050B,1535472722849000,2018-08-28T17:12:02,,1220499683,IOS,,RangeContentViewController,app,663068733484837414,,1,,,,,SE L,range_home_trim_select,8,,,,,,,,1535472722849000,1535559654978000,uk.co.skoda.assistant.uat,1.1.7,,1:571703561616:ios:777087d7f78ec12a,manual_install,tablet,Apple,iPad 5th gen,,"iPad6,11",IOS,11.4.1,,,en-gb,No,3600,,,Europe,United Kingdom,England,Newport Pagnell,,,(direct),(none),(direct)
20180829,1535559760227019,2018-08-29T17:22:40,button_press,1535559756358019,2018-08-29T17:22:36,,10,-1510883,1a9f4d0183ebff4d1b5a22b360df9183,2238582BA9A54A1EA26FAC8EE831050B,1535472722849000,2018-08-28T17:12:02,,1220499683,IOS,,RangeContentViewController,app,663068733484837414,,1,,,,,SE,range_home_trim_select,6,,,,,,,,1535472722849000,1535559654978000,uk.co.skoda.assistant.uat,1.1.7,,1:571703561616:ios:777087d7f78ec12a,manual_install,tablet,Apple,iPad 5th gen,,"iPad6,11",IOS,11.4.1,,,en-gb,No,3600,,,Europe,United Kingdom,England,Newport Pagnell,,,(direct),(none),(direct)
20180829,1535559763738022,2018-08-29T17:22:43,button_press,1535559760227022,2018-08-29T17:22:40,,10,-1510883,1a9f4d0183ebff4d1b5a22b360df9183,2238582BA9A54A1EA26FAC8EE831050B,1535472722849000,2018-08-28T17:12:02,,1220499683,IOS,,RangeContentViewController,app,663068733484837414,,1,,,,,S,range_home_trim_select,7,,,,,,,,1535472722849000,1535559654978000,uk.co.skoda.assistant.uat,1.1.7,,1:571703561616:ios:777087d7f78ec12a,manual_install,tablet,Apple,iPad 5th gen,,"iPad6,11",IOS,11.4.1,,,en-gb,No,3600,,,Europe,United Kingdom,England,Newport Pagnell,,,(direct),(none),(direct)
20180829,1535559790242025,2018-08-29T17:23:10,button_press,1535559763738025,2018-08-29T17:22:43,,10,-1510883,1a9f4d0183ebff4d1b5a22b360df9183,2238582BA9A54A1EA26FAC8EE831050B,1535472722849000,2018-08-28T17:12:02,,1220499683,IOS,,RangeContentViewController,app,663068733484837414,,1,,,,,S,range_home_trim_select,11,,,,,,,,1535472722849000,1535559654978000,uk.co.skoda.assistant.uat,1.1.7,,1:571703561616:ios:777087d7f78ec12a,manual_install,tablet,Apple,iPad 5th gen,,"iPad6,11",IOS,11.4.1,,,en-gb,No,3600,,,Europe,United Kingdom,England,Newport Pagnell,,,(direct),(none),(direct)
20180829,1535559839679027,2018-08-29T17:23:59,button_press,1535559790242027,2018-08-29T17:23:10,,10,-1510883,1a9f4d0183ebff4d1b5a22b360df9183,2238582BA9A54A1EA26FAC8EE831050B,1535472722849000,2018-08-28T17:12:02,,1220499683,IOS,,TrimViewController,app,663068733484837426,,1,,,,,,trim_home_trim_dropdown_select,,,,,,,,,1535472722849000,1535559654978000,uk.co.skoda.assistant.uat,1.1.7,,1:571703561616:ios:777087d7f78ec12a,manual_install,tablet,Apple,iPad 5th gen,,"iPad6,11",IOS,11.4.1,,,en-gb,No,3600,,,Europe,United Kingdom,England,Newport Pagnell,,,(direct),(none),(direct)
20180829,1535559840578028,2018-08-29T17:24:00,button_press,1535559839679028,2018-08-29T17:23:59,,10,-1510883,1a9f4d0183ebff4d1b5a22b360df9183,2238582BA9A54A1EA26FAC8EE831050B,1535472722849000,2018-08-28T17:12:02,,1220499683,IOS,,TrimViewController,app,663068733484837426,,1,,,,,SE,trim_home_trim_select_from_dropdown,47,,,,,,,,1535472722849000,1535559654978000,uk.co.skoda.assistant.uat,1.1.7,,1:571703561616:ios:777087d7f78ec12a,manual_install,tablet,Apple,iPad 5th gen,,"iPad6,11",IOS,11.4.1,,,en-gb,No,3600,,,Europe,United Kingdom,England,Newport Pagnell,,,(direct),(none),(direct)
20180829,1535559852810029,2018-08-29T17:24:12,button_press,1535559840578029,2018-08-29T17:24:00,,10,-1510883,1a9f4d0183ebff4d1b5a22b360df9183,2238582BA9A54A1EA26FAC8EE831050B,1535472722849000,2018-08-28T17:12:02,,1220499683,IOS,,TrimViewController,app,663068733484837426,,1,,,,,,trim_home_trim_dropdown_select,,,,,,,,,1535472722849000,1535559654978000,uk.co.skoda.assistant.uat,1.1.7,,1:571703561616:ios:777087d7f78ec12a,manual_install,tablet,Apple,iPad 5th gen,,"iPad6,11",IOS,11.4.1,,,en-gb,No,3600,,,Europe,United Kingdom,England,Newport Pagnell,,,(direct),(none),(direct)
20180829,1535559854745030,2018-08-29T17:24:14,button_press,1535559852810030,2018-08-29T17:24:12,,10,-1510883,1a9f4d0183ebff4d1b5a22b360df9183,2238582BA9A54A1EA26FAC8EE831050B,1535472722849000,2018-08-28T17:12:02,,1220499683,IOS,,TrimViewController,app,663068733484837426,,1,,,,,Colour Edition,trim_home_trim_select_from_dropdown,12,,,,,,,,1535472722849000,1535559654978000,uk.co.skoda.assistant.uat,1.1.7,,1:571703561616:ios:777087d7f78ec12a,manual_install,tablet,Apple,iPad 5th gen,,"iPad6,11",IOS,11.4.1,,,en-gb,No,3600,,,Europe,United Kingdom,England,Newport Pagnell,,,(direct),(none),(direct)
20180829,1535559863696031,2018-08-29T17:24:23,button_press,1535559854745031,2018-08-29T17:24:14,,10,-1510883,1a9f4d0183ebff4d1b5a22b360df9183,2238582BA9A54A1EA26FAC8EE831050B,1535472722849000,2018-08-28T17:12:02,,1220499683,IOS,,TrimViewController,app,663068733484837426,,1,,,,,,trim_home_trim_dropdown_select,,,,,,,,,1535472722849000,1535559654978000,uk.co.skoda.assistant.uat,1.1.7,,1:571703561616:ios:777087d7f78ec12a,manual_install,tablet,Apple,iPad 5th gen,,"iPad6,11",IOS,11.4.1,,,en-gb,No,3600,,,Europe,United Kingdom,England,Newport Pagnell,,,(direct),(none),(direct)
20180829,1535559864597032,2018-08-29T17:24:24,button_press,1535559863696032,2018-08-29T17:24:23,,10,-1510883,1a9f4d0183ebff4d1b5a22b360df9183,2238582BA9A54A1EA26FAC8EE831050B,1535472722849000,2018-08-28T17:12:02,,1220499683,IOS,,TrimViewController,app,663068733484837426,,1,,,,,SE L,trim_home_trim_select_from_dropdown,13,,,,,,,,1535472722849000,1535559654978000,uk.co.skoda.assistant.uat,1.1.7,,1:571703561616:ios:777087d7f78ec12a,manual_install,tablet,Apple,iPad 5th gen,,"iPad6,11",IOS,11.4.1,,,en-gb,No,3600,,,Europe,United Kingdom,England,Newport Pagnell,,,(direct),(none),(direct)
20180829,1535559875715033,2018-08-29T17:24:35,button_press,1535559864597033,2018-08-29T17:24:24,,10,-1510883,1a9f4d0183ebff4d1b5a22b360df9183,2238582BA9A54A1EA26FAC8EE831050B,1535472722849000,2018-08-28T17:12:02,,1220499683,IOS,,TrimViewController,app,663068733484837426,,1,,,,,,trim_home_trim_dropdown_select,,,,,,,,,1535472722849000,1535559654978000,uk.co.skoda.assistant.uat,1.1.7,,1:571703561616:ios:777087d7f78ec12a,manual_install,tablet,Apple,iPad 5th gen,,"iPad6,11",IOS,11.4.1,,,en-gb,No,3600,,,Europe,United Kingdom,England,Newport Pagnell,,,(direct),(none),(direct)
20180829,1535559877445034,2018-08-29T17:24:37,button_press,1535559875715034,2018-08-29T17:24:35,,10,-1510883,1a9f4d0183ebff4d1b5a22b360df9183,2238582BA9A54A1EA26FAC8EE831050B,1535472722849000,2018-08-28T17:12:02,,1220499683,IOS,,TrimViewController,app,663068733484837426,,1,,,,,Monte Carlo,trim_home_trim_select_from_dropdown,10,,,,,,,,1535472722849000,1535559654978000,uk.co.skoda.assistant.uat,1.1.7,,1:571703561616:ios:777087d7f78ec12a,manual_install,tablet,Apple,iPad 5th gen,,"iPad6,11",IOS,11.4.1,,,en-gb,No,3600,,,Europe,United Kingdom,England,Newport Pagnell,,,(direct),(none),(direct)
20180829,1535559877830035,2018-08-29T17:24:37,button_press,1535559877445035,2018-08-29T17:24:37,,10,-1510883,1a9f4d0183ebff4d1b5a22b360df9183,2238582BA9A54A1EA26FAC8EE831050B,1535472722849000,2018-08-28T17:12:02,,1220499683,IOS,,TrimViewController,app,663068733484837426,,1,,,,,1.0 TSI 110PS DSG,trim_home_engine_select,,,5990,,,,,,1535472722849000,1535559654978000,uk.co.skoda.assistant.uat,1.1.7,,1:571703561616:ios:777087d7f78ec12a,manual_install,tablet,Apple,iPad 5th gen,,"iPad6,11",IOS,11.4.1,,,en-gb,No,3600,,,Europe,United Kingdom,England,Newport Pagnell,,,(direct),(none),(direct)
20180829,1535559879464036,2018-08-29T17:24:39,button_press,1535559877830036,2018-08-29T17:24:37,,10,-1510883,1a9f4d0183ebff4d1b5a22b360df9183,2238582BA9A54A1EA26FAC8EE831050B,1535472722849000,2018-08-28T17:12:02,,1220499683,IOS,,TrimViewController,app,663068733484837426,,1,,,,,1.0 TSI 95PS,trim_home_engine_select,,,5988,,,,,,1535472722849000,1535559654978000,uk.co.skoda.assistant.uat,1.1.7,,1:571703561616:ios:777087d7f78ec12a,manual_install,tablet,Apple,iPad 5th gen,,"iPad6,11",IOS,11.4.1,,,en-gb,No,3600,,,Europe,United Kingdom,England,Newport Pagnell,,,(direct),(none),(direct)
20180829,1535560025971000,2018-08-29T17:27:05,button_press,1535559879464000,2018-08-29T17:24:39,,12,-1526834,1a9f4d0183ebff4d1b5a22b360df9183,2238582BA9A54A1EA26FAC8EE831050B,1535472722849000,2018-08-28T17:12:02,,1220499683,IOS,,TrimViewController,app,663068733484837426,,1,,,,,1.0 TSI 110PS,trim_home_engine_select,,,5989,,,,,,1535472722849000,1535559654978000,uk.co.skoda.assistant.uat,1.1.7,,1:571703561616:ios:777087d7f78ec12a,manual_install,tablet,Apple,iPad 5th gen,,"iPad6,11",IOS,11.4.1,,,en-gb,No,3600,,,Europe,United Kingdom,England,Newport Pagnell,,,(direct),(none),(direct)
20180829,1535560026822001,2018-08-29T17:27:06,button_press,1535560025971001,2018-08-29T17:27:05,,12,-1526834,1a9f4d0183ebff4d1b5a22b360df9183,2238582BA9A54A1EA26FAC8EE831050B,1535472722849000,2018-08-28T17:12:02,,1220499683,IOS,,TrimViewController,app,663068733484837426,,1,,,,,1.0 TSI 110PS DSG,trim_home_engine_select,,,5990,,,,,,1535472722849000,1535559654978000,uk.co.skoda.assistant.uat,1.1.7,,1:571703561616:ios:777087d7f78ec12a,manual_install,tablet,Apple,iPad 5th gen,,"iPad6,11",IOS,11.4.1,,,en-gb,No,3600,,,Europe,United Kingdom,England,Newport Pagnell,,,(direct),(none),(direct)
20180829,1535560027122002,2018-08-29T17:27:07,button_press,1535560026822002,2018-08-29T17:27:06,,12,-1526834,1a9f4d0183ebff4d1b5a22b360df9183,2238582BA9A54A1EA26FAC8EE831050B,1535472722849000,2018-08-28T17:12:02,,1220499683,IOS,,TrimViewController,app,663068733484837426,,1,,,,,1.0 TSI 110PS,trim_home_engine_select,,,5989,,,,,,1535472722849000,1535559654978000,uk.co.skoda.assistant.uat,1.1.7,,1:571703561616:ios:777087d7f78ec12a,manual_install,tablet,Apple,iPad 5th gen,,"iPad6,11",IOS,11.4.1,,,en-gb,No,3600,,,Europe,United Kingdom,England,Newport Pagnell,,,(direct),(none),(direct)
20180829,1535560027489003,2018-08-29T17:27:07,button_press,1535560027122003,2018-08-29T17:27:07,,12,-1526834,1a9f4d0183ebff4d1b5a22b360df9183,2238582BA9A54A1EA26FAC8EE831050B,1535472722849000,2018-08-28T17:12:02,,1220499683,IOS,,TrimViewController,app,663068733484837426,,1,,,,,1.0 TSI 95PS,trim_home_engine_select,,,5988,,,,,,1535472722849000,1535559654978000,uk.co.skoda.assistant.uat,1.1.7,,1:571703561616:ios:777087d7f78ec12a,manual_install,tablet,Apple,iPad 5th gen,,"iPad6,11",IOS,11.4.1,,,en-gb,No,3600,,,Europe,United Kingdom,England,Newport Pagnell,,,(direct),(none),(direct)
20180829,1535560082862004,2018-08-29T17:28:02,button_press,1535560027489004,2018-08-29T17:27:07,,12,-1526834,1a9f4d0183ebff4d1b5a22b360df9183,2238582BA9A54A1EA26FAC8EE831050B,1535472722849000,2018-08-28T17:12:02,,1220499683,IOS,,TrimViewController,app,663068733484837426,,1,,,,,1.0 TSI 110PS,trim_home_engine_select,,,5989,,,,,,1535472722849000,1535559654978000,uk.co.skoda.assistant.uat,1.1.7,,1:571703561616:ios:777087d7f78ec12a,manual_install,tablet,Apple,iPad 5th gen,,"iPad6,11",IOS,11.4.1,,,en-gb,No,3600,,,Europe,United Kingdom,England,Newport Pagnell,,,(direct),(none),(direct)
20180829,1535560083778005,2018-08-29T17:28:03,button_press,1535560082862005,2018-08-29T17:28:02,,12,-1526834,1a9f4d0183ebff4d1b5a22b360df9183,2238582BA9A54A1EA26FAC8EE831050B,1535472722849000,2018-08-28T17:12:02,,1220499683,IOS,,TrimViewController,app,663068733484837426,,1,,,,,1.0 TSI 110PS DSG,trim_home_engine_select,,,5990,,,,,,1535472722849000,1535559654978000,uk.co.skoda.assistant.uat,1.1.7,,1:571703561616:ios:777087d7f78ec12a,manual_install,tablet,Apple,iPad 5th gen,,"iPad6,11",IOS,11.4.1,,,en-gb,No,3600,,,Europe,United Kingdom,England,Newport Pagnell,,,(direct),(none),(direct)
20180829,1535560084209006,2018-08-29T17:28:04,button_press,1535560083778006,2018-08-29T17:28:03,,12,-1526834,1a9f4d0183ebff4d1b5a22b360df9183,2238582BA9A54A1EA26FAC8EE831050B,1535472722849000,2018-08-28T17:12:02,,1220499683,IOS,,TrimViewController,app,663068733484837426,,1,,,,,1.0 TSI 110PS,trim_home_engine_select,,,5989,,,,,,1535472722849000,1535559654978000,uk.co.skoda.assistant.uat,1.1.7,,1:571703561616:ios:777087d7f78ec12a,manual_install,tablet,Apple,iPad 5th gen,,"iPad6,11",IOS,11.4.1,,,en-gb,No,3600,,,Europe,United Kingdom,England,Newport Pagnell,,,(direct),(none),(direct)
20180829,1535560084509007,2018-08-29T17:28:04,button_press,1535560084209007,2018-08-29T17:28:04,,12,-1526834,1a9f4d0183ebff4d1b5a22b360df9183,2238582BA9A54A1EA26FAC8EE831050B,1535472722849000,2018-08-28T17:12:02,,1220499683,IOS,,TrimViewController,app,663068733484837426,,1,,,,,1.0 TSI 110PS DSG,trim_home_engine_select,,,5990,,,,,,1535472722849000,1535559654978000,uk.co.skoda.assistant.uat,1.1.7,,1:571703561616:ios:777087d7f78ec12a,manual_install,tablet,Apple,iPad 5th gen,,"iPad6,11",IOS,11.4.1,,,en-gb,No,3600,,,Europe,United Kingdom,England,Newport Pagnell,,,(direct),(none),(direct)
20180829,1535560084723008,2018-08-29T17:28:04,button_press,1535560084509008,2018-08-29T17:28:04,,12,-1526834,1a9f4d0183ebff4d1b5a22b360df9183,2238582BA9A54A1EA26FAC8EE831050B,1535472722849000,2018-08-28T17:12:02,,1220499683,IOS,,TrimViewController,app,663068733484837426,,1,,,,,1.0 TSI 110PS,trim_home_engine_select,,,5989,,,,,,1535472722849000,1535559654978000,uk.co.skoda.assistant.uat,1.1.7,,1:571703561616:ios:777087d7f78ec12a,manual_install,tablet,Apple,iPad 5th gen,,"iPad6,11",IOS,11.4.1,,,en-gb,No,3600,,,Europe,United Kingdom,England,Newport Pagnell,,,(direct),(none),(direct)
20180829,1535560084959009,2018-08-29T17:28:04,button_press,1535560084723009,2018-08-29T17:28:04,,12,-1526834,1a9f4d0183ebff4d1b5a22b360df9183,2238582BA9A54A1EA26FAC8EE831050B,1535472722849000,2018-08-28T17:12:02,,1220499683,IOS,,TrimViewController,app,663068733484837426,,1,,,,,1.0 TSI 95PS,trim_home_engine_select,,,5988,,,,,,1535472722849000,1535559654978000,uk.co.skoda.assistant.uat,1.1.7,,1:571703561616:ios:777087d7f78ec12a,manual_install,tablet,Apple,iPad 5th gen,,"iPad6,11",IOS,11.4.1,,,en-gb,No,3600,,,Europe,United Kingdom,England,Newport Pagnell,,,(direct),(none),(direct)
20180829,1535560085809010,2018-08-29T17:28:05,button_press,1535560084959010,2018-08-29T17:28:04,,12,-1526834,1a9f4d0183ebff4d1b5a22b360df9183,2238582BA9A54A1EA26FAC8EE831050B,1535472722849000,2018-08-28T17:12:02,,1220499683,IOS,,TrimViewController,app,663068733484837426,,1,,,,,1.0 TSI 110PS,trim_home_engine_select,,,5989,,,,,,1535472722849000,1535559654978000,uk.co.skoda.assistant.uat,1.1.7,,1:571703561616:ios:777087d7f78ec12a,manual_install,tablet,Apple,iPad 5th gen,,"iPad6,11",IOS,11.4.1,,,en-gb,No,3600,,,Europe,United Kingdom,England,Newport Pagnell,,,(direct),(none),(direct)
20180829,1535560086142011,2018-08-29T17:28:06,button_press,1535560085809011,2018-08-29T17:28:05,,12,-1526834,1a9f4d0183ebff4d1b5a22b360df9183,2238582BA9A54A1EA26FAC8EE831050B,1535472722849000,2018-08-28T17:12:02,,1220499683,IOS,,TrimViewController,app,663068733484837426,,1,,,,,1.0 TSI 95PS,trim_home_engine_select,,,5988,,,,,,1535472722849000,1535559654978000,uk.co.skoda.assistant.uat,1.1.7,,1:571703561616:ios:777087d7f78ec12a,manual_install,tablet,Apple,iPad 5th gen,,"iPad6,11",IOS,11.4.1,,,en-gb,No,3600,,,Europe,United Kingdom,England,Newport Pagnell,,,(direct),(none),(direct)
20180829,1535560086478012,2018-08-29T17:28:06,button_press,1535560086142012,2018-08-29T17:28:06,,12,-1526834,1a9f4d0183ebff4d1b5a22b360df9183,2238582BA9A54A1EA26FAC8EE831050B,1535472722849000,2018-08-28T17:12:02,,1220499683,IOS,,TrimViewController,app,663068733484837426,,1,,,,,1.0 TSI 110PS DSG,trim_home_engine_select,,,5990,,,,,,1535472722849000,1535559654978000,uk.co.skoda.assistant.uat,1.1.7,,1:571703561616:ios:777087d7f78ec12a,manual_install,tablet,Apple,iPad 5th gen,,"iPad6,11",IOS,11.4.1,,,en-gb,No,3600,,,Europe,United Kingdom,England,Newport Pagnell,,,(direct),(none),(direct)
20180829,1535560087109013,2018-08-29T17:28:07,button_press,1535560086478013,2018-08-29T17:28:06,,12,-1526834,1a9f4d0183ebff4d1b5a22b360df9183,2238582BA9A54A1EA26FAC8EE831050B,1535472722849000,2018-08-28T17:12:02,,1220499683,IOS,,TrimViewController,app,663068733484837426,,1,,,,,1.0 TSI 110PS,trim_home_engine_select,,,5989,,,,,,1535472722849000,1535559654978000,uk.co.skoda.assistant.uat,1.1.7,,1:571703561616:ios:777087d7f78ec12a,manual_install,tablet,Apple,iPad 5th gen,,"iPad6,11",IOS,11.4.1,,,en-gb,No,3600,,,Europe,United Kingdom,England,Newport Pagnell,,,(direct),(none),(direct)
20180829,1535560087392014,2018-08-29T17:28:07,button_press,1535560087109014,2018-08-29T17:28:07,,12,-1526834,1a9f4d0183ebff4d1b5a22b360df9183,2238582BA9A54A1EA26FAC8EE831050B,1535472722849000,2018-08-28T17:12:02,,1220499683,IOS,,TrimViewController,app,663068733484837426,,1,,,,,1.0 TSI 95PS,trim_home_engine_select,,,5988,,,,,,1535472722849000,1535559654978000,uk.co.skoda.assistant.uat,1.1.7,,1:571703561616:ios:777087d7f78ec12a,manual_install,tablet,Apple,iPad 5th gen,,"iPad6,11",IOS,11.4.1,,,en-gb,No,3600,,,Europe,United Kingdom,England,Newport Pagnell,,,(direct),(none),(direct)
20180829,1535560087875015,2018-08-29T17:28:07,button_press,1535560087392015,2018-08-29T17:28:07,,12,-1526834,1a9f4d0183ebff4d1b5a22b360df9183,2238582BA9A54A1EA26FAC8EE831050B,1535472722849000,2018-08-28T17:12:02,,1220499683,IOS,,TrimViewController,app,663068733484837426,,1,,,,,1.0 TSI 110PS DSG,trim_home_engine_select,,,5990,,,,,,1535472722849000,1535559654978000,uk.co.skoda.assistant.uat,1.1.7,,1:571703561616:ios:777087d7f78ec12a,manual_install,tablet,Apple,iPad 5th gen,,"iPad6,11",IOS,11.4.1,,,en-gb,No,3600,,,Europe,United Kingdom,England,Newport Pagnell,,,(direct),(none),(direct)
20180829,1535560088494016,2018-08-29T17:28:08,button_press,1535560087875016,2018-08-29T17:28:07,,12,-1526834,1a9f4d0183ebff4d1b5a22b360df9183,2238582BA9A54A1EA26FAC8EE831050B,1535472722849000,2018-08-28T17:12:02,,1220499683,IOS,,TrimViewController,app,663068733484837426,,1,,,,,1.0 TSI 110PS,trim_home_engine_select,,,5989,,,,,,1535472722849000,1535559654978000,uk.co.skoda.assistant.uat,1.1.7,,1:571703561616:ios:777087d7f78ec12a,manual_install,tablet,Apple,iPad 5th gen,,"iPad6,11",IOS,11.4.1,,,en-gb,No,3600,,,Europe,United Kingdom,England,Newport Pagnell,,,(direct),(none),(direct)
20180829,1535560088675017,2018-08-29T17:28:08,button_press,1535560088494017,2018-08-29T17:28:08,,12,-1526834,1a9f4d0183ebff4d1b5a22b360df9183,2238582BA9A54A1EA26FAC8EE831050B,1535472722849000,2018-08-28T17:12:02,,1220499683,IOS,,TrimViewController,app,663068733484837426,,1,,,,,1.0 TSI 95PS,trim_home_engine_select,,,5988,,,,,,1535472722849000,1535559654978000,uk.co.skoda.assistant.uat,1.1.7,,1:571703561616:ios:777087d7f78ec12a,manual_install,tablet,Apple,iPad 5th gen,,"iPad6,11",IOS,11.4.1,,,en-gb,No,3600,,,Europe,United Kingdom,England,Newport Pagnell,,,(direct),(none),(direct)
20180829,1535560089059018,2018-08-29T17:28:09,button_press,1535560088675018,2018-08-29T17:28:08,,12,-1526834,1a9f4d0183ebff4d1b5a22b360df9183,2238582BA9A54A1EA26FAC8EE831050B,1535472722849000,2018-08-28T17:12:02,,1220499683,IOS,,TrimViewController,app,663068733484837426,,1,,,,,1.0 TSI 110PS DSG,trim_home_engine_select,,,5990,,,,,,1535472722849000,1535559654978000,uk.co.skoda.assistant.uat,1.1.7,,1:571703561616:ios:777087d7f78ec12a,manual_install,tablet,Apple,iPad 5th gen,,"iPad6,11",IOS,11.4.1,,,en-gb,No,3600,,,Europe,United Kingdom,England,Newport Pagnell,,,(direct),(none),(direct)
20180829,1535560089629019,2018-08-29T17:28:09,button_press,1535560089059019,2018-08-29T17:28:09,,12,-1526834,1a9f4d0183ebff4d1b5a22b360df9183,2238582BA9A54A1EA26FAC8EE831050B,1535472722849000,2018-08-28T17:12:02,,1220499683,IOS,,TrimViewController,app,663068733484837426,,1,,,,,1.0 TSI 95PS,trim_home_engine_select,,,5988,,,,,,1535472722849000,1535559654978000,uk.co.skoda.assistant.uat,1.1.7,,1:571703561616:ios:777087d7f78ec12a,manual_install,tablet,Apple,iPad 5th gen,,"iPad6,11",IOS,11.4.1,,,en-gb,No,3600,,,Europe,United Kingdom,England,Newport Pagnell,,,(direct),(none),(direct)
20180829,1535560090226020,2018-08-29T17:28:10,button_press,1535560089629020,2018-08-29T17:28:09,,12,-1526834,1a9f4d0183ebff4d1b5a22b360df9183,2238582BA9A54A1EA26FAC8EE831050B,1535472722849000,2018-08-28T17:12:02,,1220499683,IOS,,TrimViewController,app,663068733484837426,,1,,,,,1.0 TSI 110PS DSG,trim_home_engine_select,,,5990,,,,,,1535472722849000,1535559654978000,uk.co.skoda.assistant.uat,1.1.7,,1:571703561616:ios:777087d7f78ec12a,manual_install,tablet,Apple,iPad 5th gen,,"iPad6,11",IOS,11.4.1,,,en-gb,No,3600,,,Europe,United Kingdom,England,Newport Pagnell,,,(direct),(none),(direct)
20180829,1535560090542021,2018-08-29T17:28:10,button_press,1535560090226021,2018-08-29T17:28:10,,12,-1526834,1a9f4d0183ebff4d1b5a22b360df9183,2238582BA9A54A1EA26FAC8EE831050B,1535472722849000,2018-08-28T17:12:02,,1220499683,IOS,,TrimViewController,app,663068733484837426,,1,,,,,1.0 TSI 110PS,trim_home_engine_select,,,5989,,,,,,1535472722849000,1535559654978000,uk.co.skoda.assistant.uat,1.1.7,,1:571703561616:ios:777087d7f78ec12a,manual_install,tablet,Apple,iPad 5th gen,,"iPad6,11",IOS,11.4.1,,,en-gb,No,3600,,,Europe,United Kingdom,England,Newport Pagnell,,,(direct),(none),(direct)
20180829,1535560090791022,2018-08-29T17:28:10,button_press,1535560090542022,2018-08-29T17:28:10,,12,-1526834,1a9f4d0183ebff4d1b5a22b360df9183,2238582BA9A54A1EA26FAC8EE831050B,1535472722849000,2018-08-28T17:12:02,,1220499683,IOS,,TrimViewController,app,663068733484837426,,1,,,,,1.0 TSI 95PS,trim_home_engine_select,,,5988,,,,,,1535472722849000,1535559654978000,uk.co.skoda.assistant.uat,1.1.7,,1:571703561616:ios:777087d7f78ec12a,manual_install,tablet,Apple,iPad 5th gen,,"iPad6,11",IOS,11.4.1,,,en-gb,No,3600,,,Europe,United Kingdom,England,Newport Pagnell,,,(direct),(none),(direct)
20180829,1535560091311023,2018-08-29T17:28:11,button_press,1535560090791023,2018-08-29T17:28:10,,12,-1526834,1a9f4d0183ebff4d1b5a22b360df9183,2238582BA9A54A1EA26FAC8EE831050B,1535472722849000,2018-08-28T17:12:02,,1220499683,IOS,,TrimViewController,app,663068733484837426,,1,,,,,1.0 TSI 110PS DSG,trim_home_engine_select,,,5990,,,,,,1535472722849000,1535559654978000,uk.co.skoda.assistant.uat,1.1.7,,1:571703561616:ios:777087d7f78ec12a,manual_install,tablet,Apple,iPad 5th gen,,"iPad6,11",IOS,11.4.1,,,en-gb,No,3600,,,Europe,United Kingdom,England,Newport Pagnell,,,(direct),(none),(direct)
20180829,1535560091593024,2018-08-29T17:28:11,button_press,1535560091311024,2018-08-29T17:28:11,,12,-1526834,1a9f4d0183ebff4d1b5a22b360df9183,2238582BA9A54A1EA26FAC8EE831050B,1535472722849000,2018-08-28T17:12:02,,1220499683,IOS,,TrimViewController,app,663068733484837426,,1,,,,,1.0 TSI 110PS,trim_home_engine_select,,,5989,,,,,,1535472722849000,1535559654978000,uk.co.skoda.assistant.uat,1.1.7,,1:571703561616:ios:777087d7f78ec12a,manual_install,tablet,Apple,iPad 5th gen,,"iPad6,11",IOS,11.4.1,,,en-gb,No,3600,,,Europe,United Kingdom,England,Newport Pagnell,,,(direct),(none),(direct)
20180829,1535560091840025,2018-08-29T17:28:11,button_press,1535560091593025,2018-08-29T17:28:11,,12,-1526834,1a9f4d0183ebff4d1b5a22b360df9183,2238582BA9A54A1EA26FAC8EE831050B,1535472722849000,2018-08-28T17:12:02,,1220499683,IOS,,TrimViewController,app,663068733484837426,,1,,,,,1.0 TSI 95PS,trim_home_engine_select,,,5988,,,,,,1535472722849000,1535559654978000,uk.co.skoda.assistant.uat,1.1.7,,1:571703561616:ios:777087d7f78ec12a,manual_install,tablet,Apple,iPad 5th gen,,"iPad6,11",IOS,11.4.1,,,en-gb,No,3600,,,Europe,United Kingdom,England,Newport Pagnell,,,(direct),(none),(direct)
20180829,1535560205115027,2018-08-29T17:30:05,button_press,1535560091840027,2018-08-29T17:28:11,,12,-1526834,1a9f4d0183ebff4d1b5a22b360df9183,2238582BA9A54A1EA26FAC8EE831050B,1535472722849000,2018-08-28T17:12:02,,1220499683,IOS,,RangeContentViewController,app,663068733484837414,,1,,,,,Monte Carlo,range_home_trim_select,10,,,,,,,,1535472722849000,1535559654978000,uk.co.skoda.assistant.uat,1.1.7,,1:571703561616:ios:777087d7f78ec12a,manual_install,tablet,Apple,iPad 5th gen,,"iPad6,11",IOS,11.4.1,,,en-gb,No,3600,,,Europe,United Kingdom,England,Newport Pagnell,,,(direct),(none),(direct)
20180829,1535559671919001,2018-08-29T17:21:11,user_engagement,1535559654888001,2018-08-29T17:20:54,,9,-1517301,1a9f4d0183ebff4d1b5a22b360df9183,2238582BA9A54A1EA26FAC8EE831050B,1535472722849000,2018-08-28T17:12:02,,1220499683,IOS,,RangeContentViewController,auto,663068733484837414,17031,,,,,,,,,,,,,,,,1535472722849000,1535559654978000,uk.co.skoda.assistant.uat,1.1.7,,1:571703561616:ios:777087d7f78ec12a,manual_install,tablet,Apple,iPad 5th gen,,"iPad6,11",IOS,11.4.1,,,en-gb,No,3600,,,Europe,United Kingdom,England,Newport Pagnell,,,(direct),(none),(direct)
20180829,1535559674150003,2018-08-29T17:21:14,user_engagement,1535559671919003,2018-08-29T17:21:11,,9,-1517301,1a9f4d0183ebff4d1b5a22b360df9183,2238582BA9A54A1EA26FAC8EE831050B,1535472722849000,2018-08-28T17:12:02,,1220499683,IOS,,TrimViewController,auto,663068733484837415,2230,,,,,,,,,,,,,,,,1535472722849000,1535559654978000,uk.co.skoda.assistant.uat,1.1.7,,1:571703561616:ios:777087d7f78ec12a,manual_install,tablet,Apple,iPad 5th gen,,"iPad6,11",IOS,11.4.1,,,en-gb,No,3600,,,Europe,United Kingdom,England,Newport Pagnell,,,(direct),(none),(direct)
20180829,1535559677976007,2018-08-29T17:21:17,user_engagement,1535559674150007,2018-08-29T17:21:14,,9,-1517301,1a9f4d0183ebff4d1b5a22b360df9183,2238582BA9A54A1EA26FAC8EE831050B,1535472722849000,2018-08-28T17:12:02,,1220499683,IOS,,TrimViewController,auto,663068733484837416,3825,,,,,,,,,,,,,,,,1535472722849000,1535559654978000,uk.co.skoda.assistant.uat,1.1.7,,1:571703561616:ios:777087d7f78ec12a,manual_install,tablet,Apple,iPad 5th gen,,"iPad6,11",IOS,11.4.1,,,en-gb,No,3600,,,Europe,United Kingdom,England,Newport Pagnell,,,(direct),(none),(direct)
20180829,1535559679037010,2018-08-29T17:21:19,user_engagement,1535559677976010,2018-08-29T17:21:17,,9,-1517301,1a9f4d0183ebff4d1b5a22b360df9183,2238582BA9A54A1EA26FAC8EE831050B,1535472722849000,2018-08-28T17:12:02,,1220499683,IOS,,RangeContentViewController,auto,663068733484837414,1060,,,,,,,,,,,,,,,,1535472722849000,1535559654978000,uk.co.skoda.assistant.uat,1.1.7,,1:571703561616:ios:777087d7f78ec12a,manual_install,tablet,Apple,iPad 5th gen,,"iPad6,11",IOS,11.4.1,,,en-gb,No,3600,,,Europe,United Kingdom,England,Newport Pagnell,,,(direct),(none),(direct)
20180829,1535559683352000,2018-08-29T17:21:23,user_engagement,1535559679037000,2018-08-29T17:21:19,,10,-1510883,1a9f4d0183ebff4d1b5a22b360df9183,2238582BA9A54A1EA26FAC8EE831050B,1535472722849000,2018-08-28T17:12:02,,1220499683,IOS,,TrimViewController,auto,663068733484837417,4314,,,,,,,,,,,,,,,,1535472722849000,1535559654978000,uk.co.skoda.assistant.uat,1.1.7,,1:571703561616:ios:777087d7f78ec12a,manual_install,tablet,Apple,iPad 5th gen,,"iPad6,11",IOS,11.4.1,,,en-gb,No,3600,,,Europe,United Kingdom,England,Newport Pagnell,,,(direct),(none),(direct)
20180829,1535559685605003,2018-08-29T17:21:25,user_engagement,1535559683352003,2018-08-29T17:21:23,,10,-1510883,1a9f4d0183ebff4d1b5a22b360df9183,2238582BA9A54A1EA26FAC8EE831050B,1535472722849000,2018-08-28T17:12:02,,1220499683,IOS,,RangeContentViewController,auto,663068733484837414,2253,,,,,,,,,,,,,,,,1535472722849000,1535559654978000,uk.co.skoda.assistant.uat,1.1.7,,1:571703561616:ios:777087d7f78ec12a,manual_install,tablet,Apple,iPad 5th gen,,"iPad6,11",IOS,11.4.1,,,en-gb,No,3600,,,Europe,United Kingdom,England,Newport Pagnell,,,(direct),(none),(direct)
20180829,1535559688375005,2018-08-29T17:21:28,user_engagement,1535559685605005,2018-08-29T17:21:25,,10,-1510883,1a9f4d0183ebff4d1b5a22b360df9183,2238582BA9A54A1EA26FAC8EE831050B,1535472722849000,2018-08-28T17:12:02,,1220499683,IOS,,TrimViewController,auto,663068733484837418,2769,,,,,,,,,,,,,,,,1535472722849000,1535559654978000,uk.co.skoda.assistant.uat,1.1.7,,1:571703561616:ios:777087d7f78ec12a,manual_install,tablet,Apple,iPad 5th gen,,"iPad6,11",IOS,11.4.1,,,en-gb,No,3600,,,Europe,United Kingdom,England,Newport Pagnell,,,(direct),(none),(direct)
20180829,1535559689867008,2018-08-29T17:21:29,user_engagement,1535559688375008,2018-08-29T17:21:28,,10,-1510883,1a9f4d0183ebff4d1b5a22b360df9183,2238582BA9A54A1EA26FAC8EE831050B,1535472722849000,2018-08-28T17:12:02,,1220499683,IOS,,RangeContentViewController,auto,663068733484837414,1492,,,,,,,,,,,,,,,,1535472722849000,1535559654978000,uk.co.skoda.assistant.uat,1.1.7,,1:571703561616:ios:777087d7f78ec12a,manual_install,tablet,Apple,iPad 5th gen,,"iPad6,11",IOS,11.4.1,,,en-gb,No,3600,,,Europe,United Kingdom,England,Newport Pagnell,,,(direct),(none),(direct)
20180829,1535559692209010,2018-08-29T17:21:32,user_engagement,1535559689867010,2018-08-29T17:21:29,,10,-1510883,1a9f4d0183ebff4d1b5a22b360df9183,2238582BA9A54A1EA26FAC8EE831050B,1535472722849000,2018-08-28T17:12:02,,1220499683,IOS,,TrimViewController,auto,663068733484837419,2341,,,,,,,,,,,,,,,,1535472722849000,1535559654978000,uk.co.skoda.assistant.uat,1.1.7,,1:571703561616:ios:777087d7f78ec12a,manual_install,tablet,Apple,iPad 5th gen,,"iPad6,11",IOS,11.4.1,,,en-gb,No,3600,,,Europe,United Kingdom,England,Newport Pagnell,,,(direct),(none),(direct)
20180829,1535559693750013,2018-08-29T17:21:33,user_engagement,1535559692209013,2018-08-29T17:21:32,,10,-1510883,1a9f4d0183ebff4d1b5a22b360df9183,2238582BA9A54A1EA26FAC8EE831050B,1535472722849000,2018-08-28T17:12:02,,1220499683,IOS,,RangeContentViewController,auto,663068733484837414,1541,,,,,,,,,,,,,,,,1535472722849000,1535559654978000,uk.co.skoda.assistant.uat,1.1.7,,1:571703561616:ios:777087d7f78ec12a,manual_install,tablet,Apple,iPad 5th gen,,"iPad6,11",IOS,11.4.1,,,en-gb,No,3600,,,Europe,United Kingdom,England,Newport Pagnell,,,(direct),(none),(direct)
20180829,1535559706920015,2018-08-29T17:21:46,user_engagement,1535559693750015,2018-08-29T17:21:33,,10,-1510883,1a9f4d0183ebff4d1b5a22b360df9183,2238582BA9A54A1EA26FAC8EE831050B,1535472722849000,2018-08-28T17:12:02,,1220499683,IOS,,TrimViewController,auto,663068733484837420,13169,,,,,,,,,,,,,,,,1535472722849000,1535559654978000,uk.co.skoda.assistant.uat,1.1.7,,1:571703561616:ios:777087d7f78ec12a,manual_install,tablet,Apple,iPad 5th gen,,"iPad6,11",IOS,11.4.1,,,en-gb,No,3600,,,Europe,United Kingdom,England,Newport Pagnell,,,(direct),(none),(direct)
20180829,1535559709744018,2018-08-29T17:21:49,user_engagement,1535559706920018,2018-08-29T17:21:46,,10,-1510883,1a9f4d0183ebff4d1b5a22b360df9183,2238582BA9A54A1EA26FAC8EE831050B,1535472722849000,2018-08-28T17:12:02,,1220499683,IOS,,RangeContentViewController,auto,663068733484837414,2824,,,,,,,,,,,,,,,,1535472722849000,1535559654978000,uk.co.skoda.assistant.uat,1.1.7,,1:571703561616:ios:777087d7f78ec12a,manual_install,tablet,Apple,iPad 5th gen,,"iPad6,11",IOS,11.4.1,,,en-gb,No,3600,,,Europe,United Kingdom,England,Newport Pagnell,,,(direct),(none),(direct)
20180829,1535559712990020,2018-08-29T17:21:52,user_engagement,1535559709744020,2018-08-29T17:21:49,,10,-1510883,1a9f4d0183ebff4d1b5a22b360df9183,2238582BA9A54A1EA26FAC8EE831050B,1535472722849000,2018-08-28T17:12:02,,1220499683,IOS,,TrimViewController,auto,663068733484837421,3245,,,,,,,,,,,,,,,,1535472722849000,1535559654978000,uk.co.skoda.assistant.uat,1.1.7,,1:571703561616:ios:777087d7f78ec12a,manual_install,tablet,Apple,iPad 5th gen,,"iPad6,11",IOS,11.4.1,,,en-gb,No,3600,,,Europe,United Kingdom,England,Newport Pagnell,,,(direct),(none),(direct)
20180829,1535559753587023,2018-08-29T17:22:33,user_engagement,1535559712990023,2018-08-29T17:21:52,,10,-1510883,1a9f4d0183ebff4d1b5a22b360df9183,2238582BA9A54A1EA26FAC8EE831050B,1535472722849000,2018-08-28T17:12:02,,1220499683,IOS,,RangeContentViewController,auto,663068733484837414,40596,,,,,,,,,,,,,,,,1535472722849000,1535559654978000,uk.co.skoda.assistant.uat,1.1.7,,1:571703561616:ios:777087d7f78ec12a,manual_install,tablet,Apple,iPad 5th gen,,"iPad6,11",IOS,11.4.1,,,en-gb,No,3600,,,Europe,United Kingdom,England,Newport Pagnell,,,(direct),(none),(direct)
20180829,1535559755777025,2018-08-29T17:22:35,user_engagement,1535559753587025,2018-08-29T17:22:33,,10,-1510883,1a9f4d0183ebff4d1b5a22b360df9183,2238582BA9A54A1EA26FAC8EE831050B,1535472722849000,2018-08-28T17:12:02,,1220499683,IOS,,TrimViewController,auto,663068733484837422,2190,,,,,,,,,,,,,,,,1535472722849000,1535559654978000,uk.co.skoda.assistant.uat,1.1.7,,1:571703561616:ios:777087d7f78ec12a,manual_install,tablet,Apple,iPad 5th gen,,"iPad6,11",IOS,11.4.1,,,en-gb,No,3600,,,Europe,United Kingdom,England,Newport Pagnell,,,(direct),(none),(direct)
20180829,1535559757112028,2018-08-29T17:22:37,user_engagement,1535559755777028,2018-08-29T17:22:35,,10,-1510883,1a9f4d0183ebff4d1b5a22b360df9183,2238582BA9A54A1EA26FAC8EE831050B,1535472722849000,2018-08-28T17:12:02,,1220499683,IOS,,RangeContentViewController,auto,663068733484837414,1334,,,,,,,,,,,,,,,,1535472722849000,1535559654978000,uk.co.skoda.assistant.uat,1.1.7,,1:571703561616:ios:777087d7f78ec12a,manual_install,tablet,Apple,iPad 5th gen,,"iPad6,11",IOS,11.4.1,,,en-gb,No,3600,,,Europe,United Kingdom,England,Newport Pagnell,,,(direct),(none),(direct)
20180829,1535559759734030,2018-08-29T17:22:39,user_engagement,1535559757112030,2018-08-29T17:22:37,,10,-1510883,1a9f4d0183ebff4d1b5a22b360df9183,2238582BA9A54A1EA26FAC8EE831050B,1535472722849000,2018-08-28T17:12:02,,1220499683,IOS,,TrimViewController,auto,663068733484837423,2621,,,,,,,,,,,,,,,,1535472722849000,1535559654978000,uk.co.skoda.assistant.uat,1.1.7,,1:571703561616:ios:777087d7f78ec12a,manual_install,tablet,Apple,iPad 5th gen,,"iPad6,11",IOS,11.4.1,,,en-gb,No,3600,,,Europe,United Kingdom,England,Newport Pagnell,,,(direct),(none),(direct)
20180829,1535559760874033,2018-08-29T17:22:40,user_engagement,1535559759734033,2018-08-29T17:22:39,,10,-1510883,1a9f4d0183ebff4d1b5a22b360df9183,2238582BA9A54A1EA26FAC8EE831050B,1535472722849000,2018-08-28T17:12:02,,1220499683,IOS,,RangeContentViewController,auto,663068733484837414,1139,,,,,,,,,,,,,,,,1535472722849000,1535559654978000,uk.co.skoda.assistant.uat,1.1.7,,1:571703561616:ios:777087d7f78ec12a,manual_install,tablet,Apple,iPad 5th gen,,"iPad6,11",IOS,11.4.1,,,en-gb,No,3600,,,Europe,United Kingdom,England,Newport Pagnell,,,(direct),(none),(direct)
20180829,1535559763010035,2018-08-29T17:22:43,user_engagement,1535559760874035,2018-08-29T17:22:40,,10,-1510883,1a9f4d0183ebff4d1b5a22b360df9183,2238582BA9A54A1EA26FAC8EE831050B,1535472722849000,2018-08-28T17:12:02,,1220499683,IOS,,TrimViewController,auto,663068733484837424,2136,,,,,,,,,,,,,,,,1535472722849000,1535559654978000,uk.co.skoda.assistant.uat,1.1.7,,1:571703561616:ios:777087d7f78ec12a,manual_install,tablet,Apple,iPad 5th gen,,"iPad6,11",IOS,11.4.1,,,en-gb,No,3600,,,Europe,United Kingdom,England,Newport Pagnell,,,(direct),(none),(direct)
20180829,1535559764347038,2018-08-29T17:22:44,user_engagement,1535559763010038,2018-08-29T17:22:43,,10,-1510883,1a9f4d0183ebff4d1b5a22b360df9183,2238582BA9A54A1EA26FAC8EE831050B,1535472722849000,2018-08-28T17:12:02,,1220499683,IOS,,RangeContentViewController,auto,663068733484837414,1336,,,,,,,,,,,,,,,,1535472722849000,1535559654978000,uk.co.skoda.assistant.uat,1.1.7,,1:571703561616:ios:777087d7f78ec12a,manual_install,tablet,Apple,iPad 5th gen,,"iPad6,11",IOS,11.4.1,,,en-gb,No,3600,,,Europe,United Kingdom,England,Newport Pagnell,,,(direct),(none),(direct)
20180829,1535559766514040,2018-08-29T17:22:46,user_engagement,1535559764347040,2018-08-29T17:22:44,,10,-1510883,1a9f4d0183ebff4d1b5a22b360df9183,2238582BA9A54A1EA26FAC8EE831050B,1535472722849000,2018-08-28T17:12:02,,1220499683,IOS,,TrimViewController,auto,663068733484837425,2166,,,,,,,,,,,,,,,,1535472722849000,1535559654978000,uk.co.skoda.assistant.uat,1.1.7,,1:571703561616:ios:777087d7f78ec12a,manual_install,tablet,Apple,iPad 5th gen,,"iPad6,11",IOS,11.4.1,,,en-gb,No,3600,,,Europe,United Kingdom,England,Newport Pagnell,,,(direct),(none),(direct)
20180829,1535559790916043,2018-08-29T17:23:10,user_engagement,1535559766514043,2018-08-29T17:22:46,,10,-1510883,1a9f4d0183ebff4d1b5a22b360df9183,2238582BA9A54A1EA26FAC8EE831050B,1535472722849000,2018-08-28T17:12:02,,1220499683,IOS,,RangeContentViewController,auto,663068733484837414,24401,,,,,,,,,,,,,,,,1535472722849000,1535559654978000,uk.co.skoda.assistant.uat,1.1.7,,1:571703561616:ios:777087d7f78ec12a,manual_install,tablet,Apple,iPad 5th gen,,"iPad6,11",IOS,11.4.1,,,en-gb,No,3600,,,Europe,United Kingdom,England,Newport Pagnell,,,(direct),(none),(direct)
20180829,1535559994127000,2018-08-29T17:26:34,user_engagement,1535559790916000,2018-08-29T17:23:10,,11,-1534762,1a9f4d0183ebff4d1b5a22b360df9183,2238582BA9A54A1EA26FAC8EE831050B,1535472722849000,2018-08-28T17:12:02,,1220499683,IOS,,TrimViewController,auto,663068733484837426,203211,,,,,,,,,,,,,,,,1535472722849000,1535559654978000,uk.co.skoda.assistant.uat,1.1.7,,1:571703561616:ios:777087d7f78ec12a,manual_install,tablet,Apple,iPad 5th gen,,"iPad6,11",IOS,11.4.1,,,en-gb,No,3600,,,Europe,United Kingdom,England,Newport Pagnell,,,(direct),(none),(direct)
20180829,1535560199602026,2018-08-29T17:29:59,user_engagement,1535559994127026,2018-08-29T17:26:34,,12,-1526834,1a9f4d0183ebff4d1b5a22b360df9183,2238582BA9A54A1EA26FAC8EE831050B,1535472722849000,2018-08-28T17:12:02,,1220499683,IOS,,TrimViewController,auto,663068733484837426,203217,,,,,,,,,,,,,,,,1535472722849000,1535559654978000,uk.co.skoda.assistant.uat,1.1.7,,1:571703561616:ios:777087d7f78ec12a,manual_install,tablet,Apple,iPad 5th gen,,"iPad6,11",IOS,11.4.1,,,en-gb,No,3600,,,Europe,United Kingdom,England,Newport Pagnell,,,(direct),(none),(direct)
20180829,1535560205943029,2018-08-29T17:30:05,user_engagement,1535560199602029,2018-08-29T17:29:59,,12,-1526834,1a9f4d0183ebff4d1b5a22b360df9183,2238582BA9A54A1EA26FAC8EE831050B,1535472722849000,2018-08-28T17:12:02,,1220499683,IOS,,RangeContentViewController,auto,663068733484837414,6341,,,,,,,,,,,,,,,,1535472722849000,1535559654978000,uk.co.skoda.assistant.uat,1.1.7,,1:571703561616:ios:777087d7f78ec12a,manual_install,tablet,Apple,iPad 5th gen,,"iPad6,11",IOS,11.4.1,,,en-gb,No,3600,,,Europe,United Kingdom,England,Newport Pagnell,,,(direct),(none),(direct)
20180829,1535560320921031,2018-08-29T17:32:00,user_engagement,1535560205943031,2018-08-29T17:30:05,,12,-1526834,1a9f4d0183ebff4d1b5a22b360df9183,2238582BA9A54A1EA26FAC8EE831050B,1535472722849000,2018-08-28T17:12:02,,1220499683,IOS,,TrimViewController,auto,663068733484837427,114978,,,,,,,,,,,,,,,,1535472722849000,1535559654978000,uk.co.skoda.assistant.uat,1.1.7,,1:571703561616:ios:777087d7f78ec12a,manual_install,tablet,Apple,iPad 5th gen,,"iPad6,11",IOS,11.4.1,,,en-gb,No,3600,,,Europe,United Kingdom,England,Newport Pagnell,,,(direct),(none),(direct)
