event_date,event_timestamp,event_iso8601,event_name,event_previous_timestamp,event_previous_iso8601,event_value_in_usd,event_bundle_sequence_id,event_server_timestamp_offset,user_id,user_pseudo_id,user_first_touch_timestamp,user_first_touch_iso8601,user_ltv,stream_id,platform,event_dimensions,firebase_screen_class,firebase_event_origin,firebase_screen_id,engagement_time_msec,firebase_conversion,firebase_previous_id,firebase_previous_class,user_retailer,user_area,AnalyticsParameterTerm,button_name,AnalyticsParameterItemID,previous_app_version,engine,Compared_vehicle_1,Compared_vehicle_2,update_with_analytics,previous_first_open_count,Compared_vehicle_3,first_open_time,user_id,id,version,install_store,firebase_app_id,install_source,category,mobile_brand_name,mobile_model_name,mobile_marketing_name,mobile_os_hardware_model,operating_system,operating_system_version,vendor_id,advertising_id,language,is_limited_ad_tracking,time_zone_offset_seconds,browser,browser,continent,country,region,city,sub_continent,metro,name,medium,source
20180829,1535551732187002,2018-08-29T15:08:52,screen_view,1535551731207002,2018-08-29T15:08:51,,88,132715,6776a5bbdb8392012a9c0ba2c19dac34,7DD2DAD06C3D42B293861A4E53DCC977,1534924685291000,2018-08-22T08:58:05,,1220499683,IOS,,SkodaContentViewController,auto,1188875215498756247,,1,1188875215498756245,SplashViewController,,,,,,,,,,,,,1534924685291000,1535551731294000,uk.co.skoda.assistant.ios,1.1.6,,1:571703561616:ios:777087d7f78ec12a,manual_install,tablet,Apple,iPad,,"iPad7,6",IOS,11.4.1,,,en-gb,No,3600,,,Europe,United Kingdom,England,London,,,(direct),(none),(direct)
20180829,1535551732189003,2018-08-29T15:08:52,screen_view,1535551732187003,2018-08-29T15:08:52,,88,132715,6776a5bbdb8392012a9c0ba2c19dac34,7DD2DAD06C3D42B293861A4E53DCC977,1534924685291000,2018-08-22T08:58:05,,1220499683,IOS,,RangeContentViewController,auto,1188875215498756248,,1,1188875215498756247,SkodaContentViewController,,,,,,,,,,,,,1534924685291000,1535551731294000,uk.co.skoda.assistant.ios,1.1.6,,1:571703561616:ios:777087d7f78ec12a,manual_install,tablet,Apple,iPad,,"iPad7,6",IOS,11.4.1,,,en-gb,No,3600,,,Europe,United Kingdom,England,London,,,(direct),(none),(direct)
20180829,1535551736224006,2018-08-29T15:08:56,screen_view,1535551732189006,2018-08-29T15:08:52,,88,132715,6776a5bbdb8392012a9c0ba2c19dac34,7DD2DAD06C3D42B293861A4E53DCC977,1534924685291000,2018-08-22T08:58:05,,1220499683,IOS,,SkodaContentViewController,auto,1188875215498756247,,1,1188875215498756248,RangeContentViewController,,,,,,,,,,,,,1534924685291000,1535551731294000,uk.co.skoda.assistant.ios,1.1.6,,1:571703561616:ios:777087d7f78ec12a,manual_install,tablet,Apple,iPad,,"iPad7,6",IOS,11.4.1,,,en-gb,No,3600,,,Europe,United Kingdom,England,London,,,(direct),(none),(direct)
20180829,1535551737890008,2018-08-29T15:08:57,screen_view,1535551736224008,2018-08-29T15:08:56,,88,132715,6776a5bbdb8392012a9c0ba2c19dac34,7DD2DAD06C3D42B293861A4E53DCC977,1534924685291000,2018-08-22T08:58:05,,1220499683,IOS,,MyPresentationsViewController,auto,1188875215498756249,,1,1188875215498756247,SkodaContentViewController,,,,,,,,,,,,,1534924685291000,1535551731294000,uk.co.skoda.assistant.ios,1.1.6,,1:571703561616:ios:777087d7f78ec12a,manual_install,tablet,Apple,iPad,,"iPad7,6",IOS,11.4.1,,,en-gb,No,3600,,,Europe,United Kingdom,England,London,,,(direct),(none),(direct)
20180829,1535551740150009,2018-08-29T15:09:00,screen_view,1535551737890009,2018-08-29T15:08:57,,88,132715,6776a5bbdb8392012a9c0ba2c19dac34,7DD2DAD06C3D42B293861A4E53DCC977,1534924685291000,2018-08-22T08:58:05,,1220499683,IOS,,PresentationExploreSegmentedViewController,auto,1188875215498756250,,1,1188875215498756249,MyPresentationsViewController,,,,,,,,,,,,,1534924685291000,1535551731294000,uk.co.skoda.assistant.ios,1.1.6,,1:571703561616:ios:777087d7f78ec12a,manual_install,tablet,Apple,iPad,,"iPad7,6",IOS,11.4.1,,,en-gb,No,3600,,,Europe,United Kingdom,England,London,,,(direct),(none),(direct)
20180829,1535551740649010,2018-08-29T15:09:00,screen_view,1535551740150010,2018-08-29T15:09:00,,88,132715,6776a5bbdb8392012a9c0ba2c19dac34,7DD2DAD06C3D42B293861A4E53DCC977,1534924685291000,2018-08-22T08:58:05,,1220499683,IOS,,PresentationEditorViewController,auto,1188875215498756251,,1,1188875215498756250,PresentationExploreSegmentedViewController,,,,,,,,,,,,,1534924685291000,1535551731294000,uk.co.skoda.assistant.ios,1.1.6,,1:571703561616:ios:777087d7f78ec12a,manual_install,tablet,Apple,iPad,,"iPad7,6",IOS,11.4.1,,,en-gb,No,3600,,,Europe,United Kingdom,England,London,,,(direct),(none),(direct)
20180829,1535551803768012,2018-08-29T15:10:03,screen_view,1535551740649012,2018-08-29T15:09:00,,88,132715,6776a5bbdb8392012a9c0ba2c19dac34,7DD2DAD06C3D42B293861A4E53DCC977,1534924685291000,2018-08-22T08:58:05,,1220499683,IOS,,MFMailComposeInternalViewController,auto,1188875215498756252,,1,1188875215498756251,PresentationEditorViewController,,,,,,,,,,,,,1534924685291000,1535551731294000,uk.co.skoda.assistant.ios,1.1.6,,1:571703561616:ios:777087d7f78ec12a,manual_install,tablet,Apple,iPad,,"iPad7,6",IOS,11.4.1,,,en-gb,No,3600,,,Europe,United Kingdom,England,London,,,(direct),(none),(direct)
20180829,1535551851365000,2018-08-29T15:10:51,screen_view,1535551803768000,2018-08-29T15:10:03,,90,131962,6776a5bbdb8392012a9c0ba2c19dac34,7DD2DAD06C3D42B293861A4E53DCC977,1534924685291000,2018-08-22T08:58:05,,1220499683,IOS,,PresentationEditorViewController,auto,1188875215498756251,,1,1188875215498756252,MFMailComposeInternalViewController,,,,,,,,,,,,,1534924685291000,1535551731294000,uk.co.skoda.assistant.ios,1.1.6,,1:571703561616:ios:777087d7f78ec12a,manual_install,tablet,Apple,iPad,,"iPad7,6",IOS,11.4.1,,,en-gb,No,3600,,,Europe,United Kingdom,England,London,,,(direct),(none),(direct)
20180829,1535551925503000,2018-08-29T15:12:05,screen_view,1535551851365000,2018-08-29T15:10:51,,91,134291,6776a5bbdb8392012a9c0ba2c19dac34,7DD2DAD06C3D42B293861A4E53DCC977,1534924685291000,2018-08-22T08:58:05,,1220499683,IOS,,SkodaContentViewController,auto,1188875215498756247,,1,1188875215498756251,PresentationEditorViewController,,,,,,,,,,,,,1534924685291000,1535551731294000,uk.co.skoda.assistant.ios,1.1.6,,1:571703561616:ios:777087d7f78ec12a,manual_install,tablet,Apple,iPad,,"iPad7,6",IOS,11.4.1,,,en-gb,No,3600,,,Europe,United Kingdom,England,London,,,(direct),(none),(direct)
20180829,1535551925503001,2018-08-29T15:12:05,screen_view,1535551925503001,2018-08-29T15:12:05,,91,134291,6776a5bbdb8392012a9c0ba2c19dac34,7DD2DAD06C3D42B293861A4E53DCC977,1534924685291000,2018-08-22T08:58:05,,1220499683,IOS,,MyPresentationsViewController,auto,1188875215498756249,,1,1188875215498756247,SkodaContentViewController,,,,,,,,,,,,,1534924685291000,1535551731294000,uk.co.skoda.assistant.ios,1.1.6,,1:571703561616:ios:777087d7f78ec12a,manual_install,tablet,Apple,iPad,,"iPad7,6",IOS,11.4.1,,,en-gb,No,3600,,,Europe,United Kingdom,England,London,,,(direct),(none),(direct)
20180829,1535551926821004,2018-08-29T15:12:06,screen_view,1535551925503004,2018-08-29T15:12:05,,91,134291,6776a5bbdb8392012a9c0ba2c19dac34,7DD2DAD06C3D42B293861A4E53DCC977,1534924685291000,2018-08-22T08:58:05,,1220499683,IOS,,SkodaContentViewController,auto,1188875215498756247,,1,1188875215498756249,MyPresentationsViewController,,,,,,,,,,,,,1534924685291000,1535551731294000,uk.co.skoda.assistant.ios,1.1.6,,1:571703561616:ios:777087d7f78ec12a,manual_install,tablet,Apple,iPad,,"iPad7,6",IOS,11.4.1,,,en-gb,No,3600,,,Europe,United Kingdom,England,London,,,(direct),(none),(direct)
20180829,1535551926823005,2018-08-29T15:12:06,screen_view,1535551926821005,2018-08-29T15:12:06,,91,134291,6776a5bbdb8392012a9c0ba2c19dac34,7DD2DAD06C3D42B293861A4E53DCC977,1534924685291000,2018-08-22T08:58:05,,1220499683,IOS,,RangeContentViewController,auto,1188875215498756248,,1,1188875215498756247,SkodaContentViewController,,,,,,,,,,,,,1534924685291000,1535551731294000,uk.co.skoda.assistant.ios,1.1.6,,1:571703561616:ios:777087d7f78ec12a,manual_install,tablet,Apple,iPad,,"iPad7,6",IOS,11.4.1,,,en-gb,No,3600,,,Europe,United Kingdom,England,London,,,(direct),(none),(direct)
20180829,1535551927937008,2018-08-29T15:12:07,screen_view,1535551926823008,2018-08-29T15:12:06,,91,134291,6776a5bbdb8392012a9c0ba2c19dac34,7DD2DAD06C3D42B293861A4E53DCC977,1534924685291000,2018-08-22T08:58:05,,1220499683,IOS,,SkodaContentViewController,auto,1188875215498756247,,1,1188875215498756248,RangeContentViewController,,,,,,,,,,,,,1534924685291000,1535551731294000,uk.co.skoda.assistant.ios,1.1.6,,1:571703561616:ios:777087d7f78ec12a,manual_install,tablet,Apple,iPad,,"iPad7,6",IOS,11.4.1,,,en-gb,No,3600,,,Europe,United Kingdom,England,London,,,(direct),(none),(direct)
20180829,1535551945027002,2018-08-29T15:12:25,screen_view,1535551927937002,2018-08-29T15:12:07,,92,127142,6776a5bbdb8392012a9c0ba2c19dac34,7DD2DAD06C3D42B293861A4E53DCC977,1534924685291000,2018-08-22T08:58:05,,1220499683,IOS,,MyPresentationsViewController,auto,1188875215498756249,,1,1188875215498756247,SkodaContentViewController,,,,,,,,,,,,,1534924685291000,1535551731294000,uk.co.skoda.assistant.ios,1.1.6,,1:571703561616:ios:777087d7f78ec12a,manual_install,tablet,Apple,iPad,,"iPad7,6",IOS,11.4.1,,,en-gb,No,3600,,,Europe,United Kingdom,England,London,,,(direct),(none),(direct)
20180829,1535551958249005,2018-08-29T15:12:38,screen_view,1535551945027005,2018-08-29T15:12:25,,92,127142,6776a5bbdb8392012a9c0ba2c19dac34,7DD2DAD06C3D42B293861A4E53DCC977,1534924685291000,2018-08-22T08:58:05,,1220499683,IOS,,SkodaContentViewController,auto,1188875215498756247,,1,1188875215498756249,MyPresentationsViewController,,,,,,,,,,,,,1534924685291000,1535551731294000,uk.co.skoda.assistant.ios,1.1.6,,1:571703561616:ios:777087d7f78ec12a,manual_install,tablet,Apple,iPad,,"iPad7,6",IOS,11.4.1,,,en-gb,No,3600,,,Europe,United Kingdom,England,London,,,(direct),(none),(direct)
20180829,1535551970392008,2018-08-29T15:12:50,screen_view,1535551958249008,2018-08-29T15:12:38,,92,127142,6776a5bbdb8392012a9c0ba2c19dac34,7DD2DAD06C3D42B293861A4E53DCC977,1534924685291000,2018-08-22T08:58:05,,1220499683,IOS,,MyPresentationsViewController,auto,1188875215498756249,,1,1188875215498756247,SkodaContentViewController,,,,,,,,,,,,,1534924685291000,1535551731294000,uk.co.skoda.assistant.ios,1.1.6,,1:571703561616:ios:777087d7f78ec12a,manual_install,tablet,Apple,iPad,,"iPad7,6",IOS,11.4.1,,,en-gb,No,3600,,,Europe,United Kingdom,England,London,,,(direct),(none),(direct)
20180829,1535551972080009,2018-08-29T15:12:52,screen_view,1535551970392009,2018-08-29T15:12:50,,92,127142,6776a5bbdb8392012a9c0ba2c19dac34,7DD2DAD06C3D42B293861A4E53DCC977,1534924685291000,2018-08-22T08:58:05,,1220499683,IOS,,PresentationExploreSegmentedViewController,auto,1188875215498756253,,1,1188875215498756249,MyPresentationsViewController,,,,,,,,,,,,,1534924685291000,1535551731294000,uk.co.skoda.assistant.ios,1.1.6,,1:571703561616:ios:777087d7f78ec12a,manual_install,tablet,Apple,iPad,,"iPad7,6",IOS,11.4.1,,,en-gb,No,3600,,,Europe,United Kingdom,England,London,,,(direct),(none),(direct)
20180829,1535551972576010,2018-08-29T15:12:52,screen_view,1535551972080010,2018-08-29T15:12:52,,92,127142,6776a5bbdb8392012a9c0ba2c19dac34,7DD2DAD06C3D42B293861A4E53DCC977,1534924685291000,2018-08-22T08:58:05,,1220499683,IOS,,PresentationEditorViewController,auto,1188875215498756254,,1,1188875215498756253,PresentationExploreSegmentedViewController,,,,,,,,,,,,,1534924685291000,1535551731294000,uk.co.skoda.assistant.ios,1.1.6,,1:571703561616:ios:777087d7f78ec12a,manual_install,tablet,Apple,iPad,,"iPad7,6",IOS,11.4.1,,,en-gb,No,3600,,,Europe,United Kingdom,England,London,,,(direct),(none),(direct)
20180829,1535551975843011,2018-08-29T15:12:55,screen_view,1535551972576011,2018-08-29T15:12:52,,92,127142,6776a5bbdb8392012a9c0ba2c19dac34,7DD2DAD06C3D42B293861A4E53DCC977,1534924685291000,2018-08-22T08:58:05,,1220499683,IOS,,SkodaContentViewController,auto,1188875215498756247,,1,1188875215498756254,PresentationEditorViewController,,,,,,,,,,,,,1534924685291000,1535551731294000,uk.co.skoda.assistant.ios,1.1.6,,1:571703561616:ios:777087d7f78ec12a,manual_install,tablet,Apple,iPad,,"iPad7,6",IOS,11.4.1,,,en-gb,No,3600,,,Europe,United Kingdom,England,London,,,(direct),(none),(direct)
20180829,1535551975843012,2018-08-29T15:12:55,screen_view,1535551975843012,2018-08-29T15:12:55,,92,127142,6776a5bbdb8392012a9c0ba2c19dac34,7DD2DAD06C3D42B293861A4E53DCC977,1534924685291000,2018-08-22T08:58:05,,1220499683,IOS,,MyPresentationsViewController,auto,1188875215498756249,,1,1188875215498756247,SkodaContentViewController,,,,,,,,,,,,,1534924685291000,1535551731294000,uk.co.skoda.assistant.ios,1.1.6,,1:571703561616:ios:777087d7f78ec12a,manual_install,tablet,Apple,iPad,,"iPad7,6",IOS,11.4.1,,,en-gb,No,3600,,,Europe,United Kingdom,England,London,,,(direct),(none),(direct)
20180829,1535551977300013,2018-08-29T15:12:57,screen_view,1535551975843013,2018-08-29T15:12:55,,92,127142,6776a5bbdb8392012a9c0ba2c19dac34,7DD2DAD06C3D42B293861A4E53DCC977,1534924685291000,2018-08-22T08:58:05,,1220499683,IOS,,SkodaContentViewController,auto,1188875215498756247,,1,1188875215498756249,MyPresentationsViewController,,,,,,,,,,,,,1534924685291000,1535551731294000,uk.co.skoda.assistant.ios,1.1.6,,1:571703561616:ios:777087d7f78ec12a,manual_install,tablet,Apple,iPad,,"iPad7,6",IOS,11.4.1,,,en-gb,No,3600,,,Europe,United Kingdom,England,London,,,(direct),(none),(direct)
20180829,1535551979688014,2018-08-29T15:12:59,screen_view,1535551977300014,2018-08-29T15:12:57,,92,127142,6776a5bbdb8392012a9c0ba2c19dac34,7DD2DAD06C3D42B293861A4E53DCC977,1534924685291000,2018-08-22T08:58:05,,1220499683,IOS,,SkodaAlertController,auto,1188875215498756255,,1,1188875215498756247,SkodaContentViewController,,,,,,,,,,,,,1534924685291000,1535551731294000,uk.co.skoda.assistant.ios,1.1.6,,1:571703561616:ios:777087d7f78ec12a,manual_install,tablet,Apple,iPad,,"iPad7,6",IOS,11.4.1,,,en-gb,No,3600,,,Europe,United Kingdom,England,London,,,(direct),(none),(direct)
20180829,1535551982911015,2018-08-29T15:13:02,screen_view,1535551979688015,2018-08-29T15:12:59,,92,127142,6776a5bbdb8392012a9c0ba2c19dac34,7DD2DAD06C3D42B293861A4E53DCC977,1534924685291000,2018-08-22T08:58:05,,1220499683,IOS,,SkodaContentViewController,auto,1188875215498756247,,1,1188875215498756255,SkodaAlertController,,,,,,,,,,,,,1534924685291000,1535551731294000,uk.co.skoda.assistant.ios,1.1.6,,1:571703561616:ios:777087d7f78ec12a,manual_install,tablet,Apple,iPad,,"iPad7,6",IOS,11.4.1,,,en-gb,No,3600,,,Europe,United Kingdom,England,London,,,(direct),(none),(direct)
20180829,1535552080050017,2018-08-29T15:14:40,screen_view,1535551982911017,2018-08-29T15:13:02,,92,127142,6776a5bbdb8392012a9c0ba2c19dac34,7DD2DAD06C3D42B293861A4E53DCC977,1534924685291000,2018-08-22T08:58:05,,1220499683,IOS,,PresentationExploreSegmentedViewController,auto,1188875215498756256,,1,1188875215498756247,SkodaContentViewController,,,,,,,,,,,,,1534924685291000,1535551731294000,uk.co.skoda.assistant.ios,1.1.6,,1:571703561616:ios:777087d7f78ec12a,manual_install,tablet,Apple,iPad,,"iPad7,6",IOS,11.4.1,,,en-gb,No,3600,,,Europe,United Kingdom,England,London,,,(direct),(none),(direct)
20180829,1535552080548018,2018-08-29T15:14:40,screen_view,1535552080050018,2018-08-29T15:14:40,,92,127142,6776a5bbdb8392012a9c0ba2c19dac34,7DD2DAD06C3D42B293861A4E53DCC977,1534924685291000,2018-08-22T08:58:05,,1220499683,IOS,,PresentationEditorViewController,auto,1188875215498756257,,1,1188875215498756256,PresentationExploreSegmentedViewController,,,,,,,,,,,,,1534924685291000,1535551731294000,uk.co.skoda.assistant.ios,1.1.6,,1:571703561616:ios:777087d7f78ec12a,manual_install,tablet,Apple,iPad,,"iPad7,6",IOS,11.4.1,,,en-gb,No,3600,,,Europe,United Kingdom,England,London,,,(direct),(none),(direct)
20180829,1535551731403000,2018-08-29T15:08:51,button_press,1535471597271000,2018-08-28T16:53:17,,88,132715,6776a5bbdb8392012a9c0ba2c19dac34,7DD2DAD06C3D42B293861A4E53DCC977,1534924685291000,2018-08-22T08:58:05,,1220499683,IOS,,SplashViewController,app,1188875215498756245,,1,,,,,,globalnav_range,,,,,,,,,1534924685291000,1535551731294000,uk.co.skoda.assistant.ios,1.1.6,,1:571703561616:ios:777087d7f78ec12a,manual_install,tablet,Apple,iPad,,"iPad7,6",IOS,11.4.1,,,en-gb,No,3600,,,Europe,United Kingdom,England,London,,,(direct),(none),(direct)
20180829,1535551731404001,2018-08-29T15:08:51,button_press,1535551731403001,2018-08-29T15:08:51,,88,132715,6776a5bbdb8392012a9c0ba2c19dac34,7DD2DAD06C3D42B293861A4E53DCC977,1534924685291000,2018-08-22T08:58:05,,1220499683,IOS,,SplashViewController,app,1188875215498756245,,1,,,,,,range,,,,,,,,,1534924685291000,1535551731294000,uk.co.skoda.assistant.ios,1.1.6,,1:571703561616:ios:777087d7f78ec12a,manual_install,tablet,Apple,iPad,,"iPad7,6",IOS,11.4.1,,,en-gb,No,3600,,,Europe,United Kingdom,England,London,,,(direct),(none),(direct)
20180829,1535551736084004,2018-08-29T15:08:56,button_press,1535551731404004,2018-08-29T15:08:51,,88,132715,6776a5bbdb8392012a9c0ba2c19dac34,7DD2DAD06C3D42B293861A4E53DCC977,1534924685291000,2018-08-22T08:58:05,,1220499683,IOS,,RangeContentViewController,app,1188875215498756248,,1,,,,,,globalnav_presentation,,,,,,,,,1534924685291000,1535551731294000,uk.co.skoda.assistant.ios,1.1.6,,1:571703561616:ios:777087d7f78ec12a,manual_install,tablet,Apple,iPad,,"iPad7,6",IOS,11.4.1,,,en-gb,No,3600,,,Europe,United Kingdom,England,London,,,(direct),(none),(direct)
20180829,1535551736102005,2018-08-29T15:08:56,button_press,1535551736084005,2018-08-29T15:08:56,,88,132715,6776a5bbdb8392012a9c0ba2c19dac34,7DD2DAD06C3D42B293861A4E53DCC977,1534924685291000,2018-08-22T08:58:05,,1220499683,IOS,,RangeContentViewController,app,1188875215498756248,,1,,,,,,presentation,,,,,,,,,1534924685291000,1535551731294000,uk.co.skoda.assistant.ios,1.1.6,,1:571703561616:ios:777087d7f78ec12a,manual_install,tablet,Apple,iPad,,"iPad7,6",IOS,11.4.1,,,en-gb,No,3600,,,Europe,United Kingdom,England,London,,,(direct),(none),(direct)
20180829,1535551737228007,2018-08-29T15:08:57,button_press,1535551736102007,2018-08-29T15:08:56,,88,132715,6776a5bbdb8392012a9c0ba2c19dac34,7DD2DAD06C3D42B293861A4E53DCC977,1534924685291000,2018-08-22T08:58:05,,1220499683,IOS,,SkodaContentViewController,app,1188875215498756247,,1,,,,,,presentation_home_my_presentations,,,,,,,,,1534924685291000,1535551731294000,uk.co.skoda.assistant.ios,1.1.6,,1:571703561616:ios:777087d7f78ec12a,manual_install,tablet,Apple,iPad,,"iPad7,6",IOS,11.4.1,,,en-gb,No,3600,,,Europe,United Kingdom,England,London,,,(direct),(none),(direct)
20180829,1535551802655011,2018-08-29T15:10:02,button_press,1535551737228011,2018-08-29T15:08:57,,88,132715,6776a5bbdb8392012a9c0ba2c19dac34,7DD2DAD06C3D42B293861A4E53DCC977,1534924685291000,2018-08-22T08:58:05,,1220499683,IOS,,PresentationEditorViewController,app,1188875215498756251,,1,,,,,,presentation_home_email_presentation,,,,,,,,,1534924685291000,1535551731294000,uk.co.skoda.assistant.ios,1.1.6,,1:571703561616:ios:777087d7f78ec12a,manual_install,tablet,Apple,iPad,,"iPad7,6",IOS,11.4.1,,,en-gb,No,3600,,,Europe,United Kingdom,England,London,,,(direct),(none),(direct)
20180829,1535551926753002,2018-08-29T15:12:06,button_press,1535551802655002,2018-08-29T15:10:02,,91,134291,6776a5bbdb8392012a9c0ba2c19dac34,7DD2DAD06C3D42B293861A4E53DCC977,1534924685291000,2018-08-22T08:58:05,,1220499683,IOS,,MyPresentationsViewController,app,1188875215498756249,,1,,,,,,globalnav_range,,,,,,,,,1534924685291000,1535551731294000,uk.co.skoda.assistant.ios,1.1.6,,1:571703561616:ios:777087d7f78ec12a,manual_install,tablet,Apple,iPad,,"iPad7,6",IOS,11.4.1,,,en-gb,No,3600,,,Europe,United Kingdom,England,London,,,(direct),(none),(direct)
20180829,1535551926791003,2018-08-29T15:12:06,button_press,1535551926753003,2018-08-29T15:12:06,,91,134291,6776a5bbdb8392012a9c0ba2c19dac34,7DD2DAD06C3D42B293861A4E53DCC977,1534924685291000,2018-08-22T08:58:05,,1220499683,IOS,,MyPresentationsViewController,app,1188875215498756249,,1,,,,,,range,,,,,,,,,1534924685291000,1535551731294000,uk.co.skoda.assistant.ios,1.1.6,,1:571703561616:ios:777087d7f78ec12a,manual_install,tablet,Apple,iPad,,"iPad7,6",IOS,11.4.1,,,en-gb,No,3600,,,Europe,United Kingdom,England,London,,,(direct),(none),(direct)
20180829,1535551927695006,2018-08-29T15:12:07,button_press,1535551926791006,2018-08-29T15:12:06,,91,134291,6776a5bbdb8392012a9c0ba2c19dac34,7DD2DAD06C3D42B293861A4E53DCC977,1534924685291000,2018-08-22T08:58:05,,1220499683,IOS,,RangeContentViewController,app,1188875215498756248,,1,,,,,,globalnav_compare,,,,,,,,,1534924685291000,1535551731294000,uk.co.skoda.assistant.ios,1.1.6,,1:571703561616:ios:777087d7f78ec12a,manual_install,tablet,Apple,iPad,,"iPad7,6",IOS,11.4.1,,,en-gb,No,3600,,,Europe,United Kingdom,England,London,,,(direct),(none),(direct)
20180829,1535551927723007,2018-08-29T15:12:07,button_press,1535551927695007,2018-08-29T15:12:07,,91,134291,6776a5bbdb8392012a9c0ba2c19dac34,7DD2DAD06C3D42B293861A4E53DCC977,1534924685291000,2018-08-22T08:58:05,,1220499683,IOS,,RangeContentViewController,app,1188875215498756248,,1,,,,,,compare,,,,,,,,,1534924685291000,1535551731294000,uk.co.skoda.assistant.ios,1.1.6,,1:571703561616:ios:777087d7f78ec12a,manual_install,tablet,Apple,iPad,,"iPad7,6",IOS,11.4.1,,,en-gb,No,3600,,,Europe,United Kingdom,England,London,,,(direct),(none),(direct)
20180829,1535551944955000,2018-08-29T15:12:24,button_press,1535551927723000,2018-08-29T15:12:07,,92,127142,6776a5bbdb8392012a9c0ba2c19dac34,7DD2DAD06C3D42B293861A4E53DCC977,1534924685291000,2018-08-22T08:58:05,,1220499683,IOS,,SkodaContentViewController,app,1188875215498756247,,1,,,,,,globalnav_presentation,,,,,,,,,1534924685291000,1535551731294000,uk.co.skoda.assistant.ios,1.1.6,,1:571703561616:ios:777087d7f78ec12a,manual_install,tablet,Apple,iPad,,"iPad7,6",IOS,11.4.1,,,en-gb,No,3600,,,Europe,United Kingdom,England,London,,,(direct),(none),(direct)
20180829,1535551944977001,2018-08-29T15:12:24,button_press,1535551944955001,2018-08-29T15:12:24,,92,127142,6776a5bbdb8392012a9c0ba2c19dac34,7DD2DAD06C3D42B293861A4E53DCC977,1534924685291000,2018-08-22T08:58:05,,1220499683,IOS,,SkodaContentViewController,app,1188875215498756247,,1,,,,,,presentation,,,,,,,,,1534924685291000,1535551731294000,uk.co.skoda.assistant.ios,1.1.6,,1:571703561616:ios:777087d7f78ec12a,manual_install,tablet,Apple,iPad,,"iPad7,6",IOS,11.4.1,,,en-gb,No,3600,,,Europe,United Kingdom,England,London,,,(direct),(none),(direct)
20180829,1535551958223003,2018-08-29T15:12:38,button_press,1535551944977003,2018-08-29T15:12:24,,92,127142,6776a5bbdb8392012a9c0ba2c19dac34,7DD2DAD06C3D42B293861A4E53DCC977,1534924685291000,2018-08-22T08:58:05,,1220499683,IOS,,MyPresentationsViewController,app,1188875215498756249,,1,,,,,,globalnav_compare,,,,,,,,,1534924685291000,1535551731294000,uk.co.skoda.assistant.ios,1.1.6,,1:571703561616:ios:777087d7f78ec12a,manual_install,tablet,Apple,iPad,,"iPad7,6",IOS,11.4.1,,,en-gb,No,3600,,,Europe,United Kingdom,England,London,,,(direct),(none),(direct)
20180829,1535551958241004,2018-08-29T15:12:38,button_press,1535551958223004,2018-08-29T15:12:38,,92,127142,6776a5bbdb8392012a9c0ba2c19dac34,7DD2DAD06C3D42B293861A4E53DCC977,1534924685291000,2018-08-22T08:58:05,,1220499683,IOS,,MyPresentationsViewController,app,1188875215498756249,,1,,,,,,compare,,,,,,,,,1534924685291000,1535551731294000,uk.co.skoda.assistant.ios,1.1.6,,1:571703561616:ios:777087d7f78ec12a,manual_install,tablet,Apple,iPad,,"iPad7,6",IOS,11.4.1,,,en-gb,No,3600,,,Europe,United Kingdom,England,London,,,(direct),(none),(direct)
20180829,1535551970340006,2018-08-29T15:12:50,button_press,1535551958241006,2018-08-29T15:12:38,,92,127142,6776a5bbdb8392012a9c0ba2c19dac34,7DD2DAD06C3D42B293861A4E53DCC977,1534924685291000,2018-08-22T08:58:05,,1220499683,IOS,,SkodaContentViewController,app,1188875215498756247,,1,,,,,,globalnav_presentation,,,,,,,,,1534924685291000,1535551731294000,uk.co.skoda.assistant.ios,1.1.6,,1:571703561616:ios:777087d7f78ec12a,manual_install,tablet,Apple,iPad,,"iPad7,6",IOS,11.4.1,,,en-gb,No,3600,,,Europe,United Kingdom,England,London,,,(direct),(none),(direct)
20180829,1535551970361007,2018-08-29T15:12:50,button_press,1535551970340007,2018-08-29T15:12:50,,92,127142,6776a5bbdb8392012a9c0ba2c19dac34,7DD2DAD06C3D42B293861A4E53DCC977,1534924685291000,2018-08-22T08:58:05,,1220499683,IOS,,SkodaContentViewController,app,1188875215498756247,,1,,,,,,presentation,,,,,,,,,1534924685291000,1535551731294000,uk.co.skoda.assistant.ios,1.1.6,,1:571703561616:ios:777087d7f78ec12a,manual_install,tablet,Apple,iPad,,"iPad7,6",IOS,11.4.1,,,en-gb,No,3600,,,Europe,United Kingdom,England,London,,,(direct),(none),(direct)
20180829,1535551736223006,2018-08-29T15:08:56,user_engagement,1535551731207006,2018-08-29T15:08:51,,88,132715,6776a5bbdb8392012a9c0ba2c19dac34,7DD2DAD06C3D42B293861A4E53DCC977,1534924685291000,2018-08-22T08:58:05,,1220499683,IOS,,RangeContentViewController,auto,1188875215498756248,5016,,,,,,,,,,,,,,,,1534924685291000,1535551731294000,uk.co.skoda.assistant.ios,1.1.6,,1:571703561616:ios:777087d7f78ec12a,manual_install,tablet,Apple,iPad,,"iPad7,6",IOS,11.4.1,,,en-gb,No,3600,,,Europe,United Kingdom,England,London,,,(direct),(none),(direct)
20180829,1535551737890009,2018-08-29T15:08:57,user_engagement,1535551736223009,2018-08-29T15:08:56,,88,132715,6776a5bbdb8392012a9c0ba2c19dac34,7DD2DAD06C3D42B293861A4E53DCC977,1534924685291000,2018-08-22T08:58:05,,1220499683,IOS,,SkodaContentViewController,auto,1188875215498756247,1666,,,,,,,,,,,,,,,,1534924685291000,1535551731294000,uk.co.skoda.assistant.ios,1.1.6,,1:571703561616:ios:777087d7f78ec12a,manual_install,tablet,Apple,iPad,,"iPad7,6",IOS,11.4.1,,,en-gb,No,3600,,,Europe,United Kingdom,England,London,,,(direct),(none),(direct)
20180829,1535551740150011,2018-08-29T15:09:00,user_engagement,1535551737890011,2018-08-29T15:08:57,,88,132715,6776a5bbdb8392012a9c0ba2c19dac34,7DD2DAD06C3D42B293861A4E53DCC977,1534924685291000,2018-08-22T08:58:05,,1220499683,IOS,,MyPresentationsViewController,auto,1188875215498756249,2260,,,,,,,,,,,,,,,,1534924685291000,1535551731294000,uk.co.skoda.assistant.ios,1.1.6,,1:571703561616:ios:777087d7f78ec12a,manual_install,tablet,Apple,iPad,,"iPad7,6",IOS,11.4.1,,,en-gb,No,3600,,,Europe,United Kingdom,England,London,,,(direct),(none),(direct)
20180829,1535551803768015,2018-08-29T15:10:03,user_engagement,1535551740150015,2018-08-29T15:09:00,,88,132715,6776a5bbdb8392012a9c0ba2c19dac34,7DD2DAD06C3D42B293861A4E53DCC977,1534924685291000,2018-08-22T08:58:05,,1220499683,IOS,,PresentationEditorViewController,auto,1188875215498756251,63617,,,,,,,,,,,,,,,,1534924685291000,1535551731294000,uk.co.skoda.assistant.ios,1.1.6,,1:571703561616:ios:777087d7f78ec12a,manual_install,tablet,Apple,iPad,,"iPad7,6",IOS,11.4.1,,,en-gb,No,3600,,,Europe,United Kingdom,England,London,,,(direct),(none),(direct)
20180829,1535551809816017,2018-08-29T15:10:09,user_engagement,1535551803768017,2018-08-29T15:10:03,,88,132715,6776a5bbdb8392012a9c0ba2c19dac34,7DD2DAD06C3D42B293861A4E53DCC977,1534924685291000,2018-08-22T08:58:05,,1220499683,IOS,,MFMailComposeInternalViewController,auto,1188875215498756252,6047,,,,,,,,,,,,,,,,1534924685291000,1535551731294000,uk.co.skoda.assistant.ios,1.1.6,,1:571703561616:ios:777087d7f78ec12a,manual_install,tablet,Apple,iPad,,"iPad7,6",IOS,11.4.1,,,en-gb,No,3600,,,Europe,United Kingdom,England,London,,,(direct),(none),(direct)
20180829,1535551829740000,2018-08-29T15:10:29,user_engagement,1535551809816000,2018-08-29T15:10:09,,89,135961,6776a5bbdb8392012a9c0ba2c19dac34,7DD2DAD06C3D42B293861A4E53DCC977,1534924685291000,2018-08-22T08:58:05,,1220499683,IOS,,MFMailComposeInternalViewController,auto,1188875215498756252,15431,,,,,,,,,,,,,,,,1534924685291000,1535551731294000,uk.co.skoda.assistant.ios,1.1.6,,1:571703561616:ios:777087d7f78ec12a,manual_install,tablet,Apple,iPad,,"iPad7,6",IOS,11.4.1,,,en-gb,No,3600,,,Europe,United Kingdom,England,London,,,(direct),(none),(direct)
20180829,1535551851365000,2018-08-29T15:10:51,user_engagement,1535551829740000,2018-08-29T15:10:29,,90,131962,6776a5bbdb8392012a9c0ba2c19dac34,7DD2DAD06C3D42B293861A4E53DCC977,1534924685291000,2018-08-22T08:58:05,,1220499683,IOS,,MFMailComposeInternalViewController,auto,1188875215498756252,4140,,,,,,,,,,,,,,,,1534924685291000,1535551731294000,uk.co.skoda.assistant.ios,1.1.6,,1:571703561616:ios:777087d7f78ec12a,manual_install,tablet,Apple,iPad,,"iPad7,6",IOS,11.4.1,,,en-gb,No,3600,,,Europe,United Kingdom,England,London,,,(direct),(none),(direct)
20180829,1535551912582002,2018-08-29T15:11:52,user_engagement,1535551851365002,2018-08-29T15:10:51,,90,131962,6776a5bbdb8392012a9c0ba2c19dac34,7DD2DAD06C3D42B293861A4E53DCC977,1534924685291000,2018-08-22T08:58:05,,1220499683,IOS,,PresentationEditorViewController,auto,1188875215498756251,61217,,,,,,,,,,,,,,,,1534924685291000,1535551731294000,uk.co.skoda.assistant.ios,1.1.6,,1:571703561616:ios:777087d7f78ec12a,manual_install,tablet,Apple,iPad,,"iPad7,6",IOS,11.4.1,,,en-gb,No,3600,,,Europe,United Kingdom,England,London,,,(direct),(none),(direct)
20180829,1535551925502000,2018-08-29T15:12:05,user_engagement,1535551912582000,2018-08-29T15:11:52,,91,134291,6776a5bbdb8392012a9c0ba2c19dac34,7DD2DAD06C3D42B293861A4E53DCC977,1534924685291000,2018-08-22T08:58:05,,1220499683,IOS,,PresentationEditorViewController,auto,1188875215498756251,10131,,,,,,,,,,,,,,,,1534924685291000,1535551731294000,uk.co.skoda.assistant.ios,1.1.6,,1:571703561616:ios:777087d7f78ec12a,manual_install,tablet,Apple,iPad,,"iPad7,6",IOS,11.4.1,,,en-gb,No,3600,,,Europe,United Kingdom,England,London,,,(direct),(none),(direct)
20180829,1535551926820005,2018-08-29T15:12:06,user_engagement,1535551925502005,2018-08-29T15:12:05,,91,134291,6776a5bbdb8392012a9c0ba2c19dac34,7DD2DAD06C3D42B293861A4E53DCC977,1534924685291000,2018-08-22T08:58:05,,1220499683,IOS,,MyPresentationsViewController,auto,1188875215498756249,1318,,,,,,,,,,,,,,,,1534924685291000,1535551731294000,uk.co.skoda.assistant.ios,1.1.6,,1:571703561616:ios:777087d7f78ec12a,manual_install,tablet,Apple,iPad,,"iPad7,6",IOS,11.4.1,,,en-gb,No,3600,,,Europe,United Kingdom,England,London,,,(direct),(none),(direct)
20180829,1535551927936010,2018-08-29T15:12:07,user_engagement,1535551926820010,2018-08-29T15:12:06,,91,134291,6776a5bbdb8392012a9c0ba2c19dac34,7DD2DAD06C3D42B293861A4E53DCC977,1534924685291000,2018-08-22T08:58:05,,1220499683,IOS,,RangeContentViewController,auto,1188875215498756248,1115,,,,,,,,,,,,,,,,1534924685291000,1535551731294000,uk.co.skoda.assistant.ios,1.1.6,,1:571703561616:ios:777087d7f78ec12a,manual_install,tablet,Apple,iPad,,"iPad7,6",IOS,11.4.1,,,en-gb,No,3600,,,Europe,United Kingdom,England,London,,,(direct),(none),(direct)
20180829,1535551940921012,2018-08-29T15:12:20,user_engagement,1535551927936012,2018-08-29T15:12:07,,91,134291,6776a5bbdb8392012a9c0ba2c19dac34,7DD2DAD06C3D42B293861A4E53DCC977,1534924685291000,2018-08-22T08:58:05,,1220499683,IOS,,SkodaContentViewController,auto,1188875215498756247,12984,,,,,,,,,,,,,,,,1534924685291000,1535551731294000,uk.co.skoda.assistant.ios,1.1.6,,1:571703561616:ios:777087d7f78ec12a,manual_install,tablet,Apple,iPad,,"iPad7,6",IOS,11.4.1,,,en-gb,No,3600,,,Europe,United Kingdom,England,London,,,(direct),(none),(direct)
20180829,1535551945027002,2018-08-29T15:12:25,user_engagement,1535551940921002,2018-08-29T15:12:20,,92,127142,6776a5bbdb8392012a9c0ba2c19dac34,7DD2DAD06C3D42B293861A4E53DCC977,1534924685291000,2018-08-22T08:58:05,,1220499683,IOS,,SkodaContentViewController,auto,1188875215498756247,2145,,,,,,,,,,,,,,,,1534924685291000,1535551731294000,uk.co.skoda.assistant.ios,1.1.6,,1:571703561616:ios:777087d7f78ec12a,manual_install,tablet,Apple,iPad,,"iPad7,6",IOS,11.4.1,,,en-gb,No,3600,,,Europe,United Kingdom,England,London,,,(direct),(none),(direct)
20180829,1535551958247006,2018-08-29T15:12:38,user_engagement,1535551945027006,2018-08-29T15:12:25,,92,127142,6776a5bbdb8392012a9c0ba2c19dac34,7DD2DAD06C3D42B293861A4E53DCC977,1534924685291000,2018-08-22T08:58:05,,1220499683,IOS,,MyPresentationsViewController,auto,1188875215498756249,13220,,,,,,,,,,,,,,,,1534924685291000,1535551731294000,uk.co.skoda.assistant.ios,1.1.6,,1:571703561616:ios:777087d7f78ec12a,manual_install,tablet,Apple,iPad,,"iPad7,6",IOS,11.4.1,,,en-gb,No,3600,,,Europe,United Kingdom,England,London,,,(direct),(none),(direct)
20180829,1535551970391010,2018-08-29T15:12:50,user_engagement,1535551958247010,2018-08-29T15:12:38,,92,127142,6776a5bbdb8392012a9c0ba2c19dac34,7DD2DAD06C3D42B293861A4E53DCC977,1534924685291000,2018-08-22T08:58:05,,1220499683,IOS,,SkodaContentViewController,auto,1188875215498756247,12143,,,,,,,,,,,,,,,,1534924685291000,1535551731294000,uk.co.skoda.assistant.ios,1.1.6,,1:571703561616:ios:777087d7f78ec12a,manual_install,tablet,Apple,iPad,,"iPad7,6",IOS,11.4.1,,,en-gb,No,3600,,,Europe,United Kingdom,England,London,,,(direct),(none),(direct)
20180829,1535551972080012,2018-08-29T15:12:52,user_engagement,1535551970391012,2018-08-29T15:12:50,,92,127142,6776a5bbdb8392012a9c0ba2c19dac34,7DD2DAD06C3D42B293861A4E53DCC977,1534924685291000,2018-08-22T08:58:05,,1220499683,IOS,,MyPresentationsViewController,auto,1188875215498756249,1688,,,,,,,,,,,,,,,,1534924685291000,1535551731294000,uk.co.skoda.assistant.ios,1.1.6,,1:571703561616:ios:777087d7f78ec12a,manual_install,tablet,Apple,iPad,,"iPad7,6",IOS,11.4.1,,,en-gb,No,3600,,,Europe,United Kingdom,England,London,,,(direct),(none),(direct)
20180829,1535551975842015,2018-08-29T15:12:55,user_engagement,1535551972080015,2018-08-29T15:12:52,,92,127142,6776a5bbdb8392012a9c0ba2c19dac34,7DD2DAD06C3D42B293861A4E53DCC977,1534924685291000,2018-08-22T08:58:05,,1220499683,IOS,,PresentationEditorViewController,auto,1188875215498756254,3762,,,,,,,,,,,,,,,,1534924685291000,1535551731294000,uk.co.skoda.assistant.ios,1.1.6,,1:571703561616:ios:777087d7f78ec12a,manual_install,tablet,Apple,iPad,,"iPad7,6",IOS,11.4.1,,,en-gb,No,3600,,,Europe,United Kingdom,England,London,,,(direct),(none),(direct)
20180829,1535551977299018,2018-08-29T15:12:57,user_engagement,1535551975842018,2018-08-29T15:12:55,,92,127142,6776a5bbdb8392012a9c0ba2c19dac34,7DD2DAD06C3D42B293861A4E53DCC977,1534924685291000,2018-08-22T08:58:05,,1220499683,IOS,,MyPresentationsViewController,auto,1188875215498756249,1457,,,,,,,,,,,,,,,,1534924685291000,1535551731294000,uk.co.skoda.assistant.ios,1.1.6,,1:571703561616:ios:777087d7f78ec12a,manual_install,tablet,Apple,iPad,,"iPad7,6",IOS,11.4.1,,,en-gb,No,3600,,,Europe,United Kingdom,England,London,,,(direct),(none),(direct)
20180829,1535551979688020,2018-08-29T15:12:59,user_engagement,1535551977299020,2018-08-29T15:12:57,,92,127142,6776a5bbdb8392012a9c0ba2c19dac34,7DD2DAD06C3D42B293861A4E53DCC977,1534924685291000,2018-08-22T08:58:05,,1220499683,IOS,,SkodaContentViewController,auto,1188875215498756247,2388,,,,,,,,,,,,,,,,1534924685291000,1535551731294000,uk.co.skoda.assistant.ios,1.1.6,,1:571703561616:ios:777087d7f78ec12a,manual_install,tablet,Apple,iPad,,"iPad7,6",IOS,11.4.1,,,en-gb,No,3600,,,Europe,United Kingdom,England,London,,,(direct),(none),(direct)
20180829,1535551982910022,2018-08-29T15:13:02,user_engagement,1535551979688022,2018-08-29T15:12:59,,92,127142,6776a5bbdb8392012a9c0ba2c19dac34,7DD2DAD06C3D42B293861A4E53DCC977,1534924685291000,2018-08-22T08:58:05,,1220499683,IOS,,SkodaAlertController,auto,1188875215498756255,3222,,,,,,,,,,,,,,,,1534924685291000,1535551731294000,uk.co.skoda.assistant.ios,1.1.6,,1:571703561616:ios:777087d7f78ec12a,manual_install,tablet,Apple,iPad,,"iPad7,6",IOS,11.4.1,,,en-gb,No,3600,,,Europe,United Kingdom,England,London,,,(direct),(none),(direct)
20180829,1535552080049025,2018-08-29T15:14:40,user_engagement,1535551982910025,2018-08-29T15:13:02,,92,127142,6776a5bbdb8392012a9c0ba2c19dac34,7DD2DAD06C3D42B293861A4E53DCC977,1534924685291000,2018-08-22T08:58:05,,1220499683,IOS,,SkodaContentViewController,auto,1188875215498756247,97139,,,,,,,,,,,,,,,,1534924685291000,1535551731294000,uk.co.skoda.assistant.ios,1.1.6,,1:571703561616:ios:777087d7f78ec12a,manual_install,tablet,Apple,iPad,,"iPad7,6",IOS,11.4.1,,,en-gb,No,3600,,,Europe,United Kingdom,England,London,,,(direct),(none),(direct)
20180829,1535552165673028,2018-08-29T15:16:05,user_engagement,1535552080049028,2018-08-29T15:14:40,,92,127142,6776a5bbdb8392012a9c0ba2c19dac34,7DD2DAD06C3D42B293861A4E53DCC977,1534924685291000,2018-08-22T08:58:05,,1220499683,IOS,,PresentationEditorViewController,auto,1188875215498756257,85623,,,,,,,,,,,,,,,,1534924685291000,1535551731294000,uk.co.skoda.assistant.ios,1.1.6,,1:571703561616:ios:777087d7f78ec12a,manual_install,tablet,Apple,iPad,,"iPad7,6",IOS,11.4.1,,,en-gb,No,3600,,,Europe,United Kingdom,England,London,,,(direct),(none),(direct)
20180829,1535552079911016,2018-08-29T15:14:39,AnalyticsEventViewItem,1535471594690016,2018-08-28T16:53:14,,92,127142,6776a5bbdb8392012a9c0ba2c19dac34,7DD2DAD06C3D42B293861A4E53DCC977,1534924685291000,2018-08-22T08:58:05,,1220499683,IOS,,SkodaContentViewController,app,1188875215498756247,,1,,,,,,,5b339a6fd7e56171551686,,,,,,,,1534924685291000,1535551731294000,uk.co.skoda.assistant.ios,1.1.6,,1:571703561616:ios:777087d7f78ec12a,manual_install,tablet,Apple,iPad,,"iPad7,6",IOS,11.4.1,,,en-gb,No,3600,,,Europe,United Kingdom,England,London,,,(direct),(none),(direct)
20180829,1535551590567000,2018-08-29T15:06:30,screen_view,1535471654172000,2018-08-28T16:54:14,,78,147726,6776a5bbdb8392012a9c0ba2c19dac34,7DD2DAD06C3D42B293861A4E53DCC977,1534924685291000,2018-08-22T08:58:05,,1220499683,IOS,,LoginViewController,auto,-4619865760130533793,,1,-4619865760130533808,SkodaContentViewController,,,,,,,,,,,,,1534924685291000,1535455501271000,uk.co.skoda.assistant.ios,1.1.6,,1:571703561616:ios:777087d7f78ec12a,manual_install,tablet,Apple,iPad,,"iPad7,6",IOS,11.4.1,,,en-gb,No,3600,,,Europe,United Kingdom,England,London,,,(direct),(none),(direct)
20180829,1535551590815001,2018-08-29T15:06:30,screen_view,1535551590567001,2018-08-29T15:06:30,,78,147726,6776a5bbdb8392012a9c0ba2c19dac34,7DD2DAD06C3D42B293861A4E53DCC977,1534924685291000,2018-08-22T08:58:05,,1220499683,IOS,,SplashViewController,auto,-4619865760130533810,,1,-4619865760130533793,LoginViewController,,,,,,,,,,,,,1534924685291000,1535455501271000,uk.co.skoda.assistant.ios,1.1.6,,1:571703561616:ios:777087d7f78ec12a,manual_install,tablet,Apple,iPad,,"iPad7,6",IOS,11.4.1,,,en-gb,No,3600,,,Europe,United Kingdom,England,London,,,(direct),(none),(direct)
20180829,1535551598993000,2018-08-29T15:06:38,screen_view,1535551590815000,2018-08-29T15:06:30,,79,128841,6776a5bbdb8392012a9c0ba2c19dac34,7DD2DAD06C3D42B293861A4E53DCC977,1534924685291000,2018-08-22T08:58:05,,1220499683,IOS,,LoginViewController,auto,-4619865760130533792,,1,-4619865760130533810,SplashViewController,,,,,,,,,,,,,1534924685291000,1535455501271000,uk.co.skoda.assistant.ios,1.1.6,,1:571703561616:ios:777087d7f78ec12a,manual_install,tablet,Apple,iPad,,"iPad7,6",IOS,11.4.1,,,en-gb,No,3600,,,Europe,United Kingdom,England,London,,,(direct),(none),(direct)
20180829,1535551606348000,2018-08-29T15:06:46,screen_view,1535551598993000,2018-08-29T15:06:38,,80,136042,6776a5bbdb8392012a9c0ba2c19dac34,7DD2DAD06C3D42B293861A4E53DCC977,1534924685291000,2018-08-22T08:58:05,,1220499683,IOS,,SplashViewController,auto,-4619865760130533810,,1,-4619865760130533792,LoginViewController,,,,,,,,,,,,,1534924685291000,1535455501271000,uk.co.skoda.assistant.ios,1.1.6,,1:571703561616:ios:777087d7f78ec12a,manual_install,tablet,Apple,iPad,,"iPad7,6",IOS,11.4.1,,,en-gb,No,3600,,,Europe,United Kingdom,England,London,,,(direct),(none),(direct)
20180829,1535551606454001,2018-08-29T15:06:46,screen_view,1535551606348001,2018-08-29T15:06:46,,80,136042,6776a5bbdb8392012a9c0ba2c19dac34,7DD2DAD06C3D42B293861A4E53DCC977,1534924685291000,2018-08-22T08:58:05,,1220499683,IOS,,LoginViewController,auto,-4619865760130533791,,1,-4619865760130533810,SplashViewController,,,,,,,,,,,,,1534924685291000,1535455501271000,uk.co.skoda.assistant.ios,1.1.6,,1:571703561616:ios:777087d7f78ec12a,manual_install,tablet,Apple,iPad,,"iPad7,6",IOS,11.4.1,,,en-gb,No,3600,,,Europe,United Kingdom,England,London,,,(direct),(none),(direct)
20180829,1535551615858000,2018-08-29T15:06:55,screen_view,1535551606454000,2018-08-29T15:06:46,,81,135465,6776a5bbdb8392012a9c0ba2c19dac34,7DD2DAD06C3D42B293861A4E53DCC977,1534924685291000,2018-08-22T08:58:05,,1220499683,IOS,,SplashViewController,auto,-4619865760130533810,,1,-4619865760130533791,LoginViewController,,,,,,,,,,,,,1534924685291000,1535455501271000,uk.co.skoda.assistant.ios,1.1.6,,1:571703561616:ios:777087d7f78ec12a,manual_install,tablet,Apple,iPad,,"iPad7,6",IOS,11.4.1,,,en-gb,No,3600,,,Europe,United Kingdom,England,London,,,(direct),(none),(direct)
20180829,1535551615962001,2018-08-29T15:06:55,screen_view,1535551615858001,2018-08-29T15:06:55,,81,135465,6776a5bbdb8392012a9c0ba2c19dac34,7DD2DAD06C3D42B293861A4E53DCC977,1534924685291000,2018-08-22T08:58:05,,1220499683,IOS,,LoginViewController,auto,-4619865760130533790,,1,-4619865760130533810,SplashViewController,,,,,,,,,,,,,1534924685291000,1535455501271000,uk.co.skoda.assistant.ios,1.1.6,,1:571703561616:ios:777087d7f78ec12a,manual_install,tablet,Apple,iPad,,"iPad7,6",IOS,11.4.1,,,en-gb,No,3600,,,Europe,United Kingdom,England,London,,,(direct),(none),(direct)
20180829,1535551622580000,2018-08-29T15:07:02,screen_view,1535551615962000,2018-08-29T15:06:55,,82,135209,6776a5bbdb8392012a9c0ba2c19dac34,7DD2DAD06C3D42B293861A4E53DCC977,1534924685291000,2018-08-22T08:58:05,,1220499683,IOS,,SplashViewController,auto,-4619865760130533810,,1,-4619865760130533790,LoginViewController,,,,,,,,,,,,,1534924685291000,1535455501271000,uk.co.skoda.assistant.ios,1.1.6,,1:571703561616:ios:777087d7f78ec12a,manual_install,tablet,Apple,iPad,,"iPad7,6",IOS,11.4.1,,,en-gb,No,3600,,,Europe,United Kingdom,England,London,,,(direct),(none),(direct)
20180829,1535551622685001,2018-08-29T15:07:02,screen_view,1535551622580001,2018-08-29T15:07:02,,82,135209,6776a5bbdb8392012a9c0ba2c19dac34,7DD2DAD06C3D42B293861A4E53DCC977,1534924685291000,2018-08-22T08:58:05,,1220499683,IOS,,LoginViewController,auto,-4619865760130533789,,1,-4619865760130533810,SplashViewController,,,,,,,,,,,,,1534924685291000,1535455501271000,uk.co.skoda.assistant.ios,1.1.6,,1:571703561616:ios:777087d7f78ec12a,manual_install,tablet,Apple,iPad,,"iPad7,6",IOS,11.4.1,,,en-gb,No,3600,,,Europe,United Kingdom,England,London,,,(direct),(none),(direct)
20180829,1535551646549000,2018-08-29T15:07:26,screen_view,1535551622685000,2018-08-29T15:07:02,,83,138805,6776a5bbdb8392012a9c0ba2c19dac34,7DD2DAD06C3D42B293861A4E53DCC977,1534924685291000,2018-08-22T08:58:05,,1220499683,IOS,,SplashViewController,auto,-4619865760130533810,,1,-4619865760130533789,LoginViewController,,,,,,,,,,,,,1534924685291000,1535455501271000,uk.co.skoda.assistant.ios,1.1.6,,1:571703561616:ios:777087d7f78ec12a,manual_install,tablet,Apple,iPad,,"iPad7,6",IOS,11.4.1,,,en-gb,No,3600,,,Europe,United Kingdom,England,London,,,(direct),(none),(direct)
20180829,1535551646653001,2018-08-29T15:07:26,screen_view,1535551646549001,2018-08-29T15:07:26,,83,138805,6776a5bbdb8392012a9c0ba2c19dac34,7DD2DAD06C3D42B293861A4E53DCC977,1534924685291000,2018-08-22T08:58:05,,1220499683,IOS,,LoginViewController,auto,-4619865760130533788,,1,-4619865760130533810,SplashViewController,,,,,,,,,,,,,1534924685291000,1535455501271000,uk.co.skoda.assistant.ios,1.1.6,,1:571703561616:ios:777087d7f78ec12a,manual_install,tablet,Apple,iPad,,"iPad7,6",IOS,11.4.1,,,en-gb,No,3600,,,Europe,United Kingdom,England,London,,,(direct),(none),(direct)
20180829,1535551656692000,2018-08-29T15:07:36,screen_view,1535551646653000,2018-08-29T15:07:26,,84,133758,6776a5bbdb8392012a9c0ba2c19dac34,7DD2DAD06C3D42B293861A4E53DCC977,1534924685291000,2018-08-22T08:58:05,,1220499683,IOS,,SplashViewController,auto,-4619865760130533810,,1,-4619865760130533788,LoginViewController,,,,,,,,,,,,,1534924685291000,1535455501271000,uk.co.skoda.assistant.ios,1.1.6,,1:571703561616:ios:777087d7f78ec12a,manual_install,tablet,Apple,iPad,,"iPad7,6",IOS,11.4.1,,,en-gb,No,3600,,,Europe,United Kingdom,England,London,,,(direct),(none),(direct)
20180829,1535551656816001,2018-08-29T15:07:36,screen_view,1535551656692001,2018-08-29T15:07:36,,84,133758,6776a5bbdb8392012a9c0ba2c19dac34,7DD2DAD06C3D42B293861A4E53DCC977,1534924685291000,2018-08-22T08:58:05,,1220499683,IOS,,LoginViewController,auto,-4619865760130533787,,1,-4619865760130533810,SplashViewController,,,,,,,,,,,,,1534924685291000,1535455501271000,uk.co.skoda.assistant.ios,1.1.6,,1:571703561616:ios:777087d7f78ec12a,manual_install,tablet,Apple,iPad,,"iPad7,6",IOS,11.4.1,,,en-gb,No,3600,,,Europe,United Kingdom,England,London,,,(direct),(none),(direct)
20180829,1535551677878000,2018-08-29T15:07:57,screen_view,1535551656816000,2018-08-29T15:07:36,,85,124362,6776a5bbdb8392012a9c0ba2c19dac34,7DD2DAD06C3D42B293861A4E53DCC977,1534924685291000,2018-08-22T08:58:05,,1220499683,IOS,,SplashViewController,auto,-4619865760130533810,,1,-4619865760130533787,LoginViewController,,,,,,,,,,,,,1534924685291000,1535455501271000,uk.co.skoda.assistant.ios,1.1.6,,1:571703561616:ios:777087d7f78ec12a,manual_install,tablet,Apple,iPad,,"iPad7,6",IOS,11.4.1,,,en-gb,No,3600,,,Europe,United Kingdom,England,London,,,(direct),(none),(direct)
20180829,1535551677983001,2018-08-29T15:07:57,screen_view,1535551677878001,2018-08-29T15:07:57,,85,124362,6776a5bbdb8392012a9c0ba2c19dac34,7DD2DAD06C3D42B293861A4E53DCC977,1534924685291000,2018-08-22T08:58:05,,1220499683,IOS,,LoginViewController,auto,-4619865760130533786,,1,-4619865760130533810,SplashViewController,,,,,,,,,,,,,1534924685291000,1535455501271000,uk.co.skoda.assistant.ios,1.1.6,,1:571703561616:ios:777087d7f78ec12a,manual_install,tablet,Apple,iPad,,"iPad7,6",IOS,11.4.1,,,en-gb,No,3600,,,Europe,United Kingdom,England,London,,,(direct),(none),(direct)
20180829,1535551718718000,2018-08-29T15:08:38,screen_view,1535551677983000,2018-08-29T15:07:57,,86,143765,6776a5bbdb8392012a9c0ba2c19dac34,7DD2DAD06C3D42B293861A4E53DCC977,1534924685291000,2018-08-22T08:58:05,,1220499683,IOS,,LoginViewController,auto,1188875215498756246,,1,,,,,,,,,,,,,,,1534924685291000,1535455501271000,uk.co.skoda.assistant.ios,1.1.6,,1:571703561616:ios:777087d7f78ec12a,manual_install,tablet,Apple,iPad,,"iPad7,6",IOS,11.4.1,,,en-gb,No,3600,,,Europe,United Kingdom,England,London,,,(direct),(none),(direct)
20180829,1535551731207000,2018-08-29T15:08:51,screen_view,1535551718718000,2018-08-29T15:08:38,,87,132714,6776a5bbdb8392012a9c0ba2c19dac34,7DD2DAD06C3D42B293861A4E53DCC977,1534924685291000,2018-08-22T08:58:05,,1220499683,IOS,,SplashViewController,auto,1188875215498756245,,1,1188875215498756246,LoginViewController,,,,,,,,,,,,,1534924685291000,1535455501271000,uk.co.skoda.assistant.ios,1.1.6,,1:571703561616:ios:777087d7f78ec12a,manual_install,tablet,Apple,iPad,,"iPad7,6",IOS,11.4.1,,,en-gb,No,3600,,,Europe,United Kingdom,England,London,,,(direct),(none),(direct)
20180829,1535551666153002,2018-08-29T15:07:46,session_start,1535471518312002,2018-08-28T16:51:58,,84,133758,6776a5bbdb8392012a9c0ba2c19dac34,7DD2DAD06C3D42B293861A4E53DCC977,1534924685291000,2018-08-22T08:58:05,,1220499683,IOS,,LoginViewController,auto,-4619865760130533787,,1,,,,,,,,,,,,,,,1534924685291000,1535455501271000,uk.co.skoda.assistant.ios,1.1.6,,1:571703561616:ios:777087d7f78ec12a,manual_install,tablet,Apple,iPad,,"iPad7,6",IOS,11.4.1,,,en-gb,No,3600,,,Europe,United Kingdom,England,London,,,(direct),(none),(direct)
20180829,1535551595987002,2018-08-29T15:06:35,user_engagement,1535474790508002,2018-08-28T17:46:30,,78,147726,6776a5bbdb8392012a9c0ba2c19dac34,7DD2DAD06C3D42B293861A4E53DCC977,1534924685291000,2018-08-22T08:58:05,,1220499683,IOS,,SplashViewController,auto,-4619865760130533810,5710,,,,,,,,,,,,,,,,1534924685291000,1535455501271000,uk.co.skoda.assistant.ios,1.1.6,,1:571703561616:ios:777087d7f78ec12a,manual_install,tablet,Apple,iPad,,"iPad7,6",IOS,11.4.1,,,en-gb,No,3600,,,Europe,United Kingdom,England,London,,,(direct),(none),(direct)
20180829,1535551604338001,2018-08-29T15:06:44,user_engagement,1535551595987001,2018-08-29T15:06:35,,79,128841,6776a5bbdb8392012a9c0ba2c19dac34,7DD2DAD06C3D42B293861A4E53DCC977,1534924685291000,2018-08-22T08:58:05,,1220499683,IOS,,LoginViewController,auto,-4619865760130533792,6008,,,,,,,,,,,,,,,,1534924685291000,1535455501271000,uk.co.skoda.assistant.ios,1.1.6,,1:571703561616:ios:777087d7f78ec12a,manual_install,tablet,Apple,iPad,,"iPad7,6",IOS,11.4.1,,,en-gb,No,3600,,,Europe,United Kingdom,England,London,,,(direct),(none),(direct)
20180829,1535551613954002,2018-08-29T15:06:53,user_engagement,1535551604338002,2018-08-29T15:06:44,,80,136042,6776a5bbdb8392012a9c0ba2c19dac34,7DD2DAD06C3D42B293861A4E53DCC977,1534924685291000,2018-08-22T08:58:05,,1220499683,IOS,,LoginViewController,auto,-4619865760130533791,8118,,,,,,,,,,,,,,,,1534924685291000,1535455501271000,uk.co.skoda.assistant.ios,1.1.6,,1:571703561616:ios:777087d7f78ec12a,manual_install,tablet,Apple,iPad,,"iPad7,6",IOS,11.4.1,,,en-gb,No,3600,,,Europe,United Kingdom,England,London,,,(direct),(none),(direct)
20180829,1535551620963002,2018-08-29T15:07:00,user_engagement,1535551613954002,2018-08-29T15:06:53,,81,135465,6776a5bbdb8392012a9c0ba2c19dac34,7DD2DAD06C3D42B293861A4E53DCC977,1534924685291000,2018-08-22T08:58:05,,1220499683,IOS,,LoginViewController,auto,-4619865760130533790,5620,,,,,,,,,,,,,,,,1534924685291000,1535455501271000,uk.co.skoda.assistant.ios,1.1.6,,1:571703561616:ios:777087d7f78ec12a,manual_install,tablet,Apple,iPad,,"iPad7,6",IOS,11.4.1,,,en-gb,No,3600,,,Europe,United Kingdom,England,London,,,(direct),(none),(direct)
20180829,1535551625680002,2018-08-29T15:07:05,user_engagement,1535551620963002,2018-08-29T15:07:00,,82,135209,6776a5bbdb8392012a9c0ba2c19dac34,7DD2DAD06C3D42B293861A4E53DCC977,1534924685291000,2018-08-22T08:58:05,,1220499683,IOS,,LoginViewController,auto,-4619865760130533789,3609,,,,,,,,,,,,,,,,1534924685291000,1535455501271000,uk.co.skoda.assistant.ios,1.1.6,,1:571703561616:ios:777087d7f78ec12a,manual_install,tablet,Apple,iPad,,"iPad7,6",IOS,11.4.1,,,en-gb,No,3600,,,Europe,United Kingdom,England,London,,,(direct),(none),(direct)
20180829,1535551654974002,2018-08-29T15:07:34,user_engagement,1535551625680002,2018-08-29T15:07:05,,83,138805,6776a5bbdb8392012a9c0ba2c19dac34,7DD2DAD06C3D42B293861A4E53DCC977,1534924685291000,2018-08-22T08:58:05,,1220499683,IOS,,LoginViewController,auto,-4619865760130533788,8934,,,,,,,,,,,,,,,,1534924685291000,1535455501271000,uk.co.skoda.assistant.ios,1.1.6,,1:571703561616:ios:777087d7f78ec12a,manual_install,tablet,Apple,iPad,,"iPad7,6",IOS,11.4.1,,,en-gb,No,3600,,,Europe,United Kingdom,England,London,,,(direct),(none),(direct)
20180829,1535551675872003,2018-08-29T15:07:55,user_engagement,1535551654974003,2018-08-29T15:07:34,,84,133758,6776a5bbdb8392012a9c0ba2c19dac34,7DD2DAD06C3D42B293861A4E53DCC977,1534924685291000,2018-08-22T08:58:05,,1220499683,IOS,,LoginViewController,auto,-4619865760130533787,19686,,,,,,,,,,,,,,,,1534924685291000,1535455501271000,uk.co.skoda.assistant.ios,1.1.6,,1:571703561616:ios:777087d7f78ec12a,manual_install,tablet,Apple,iPad,,"iPad7,6",IOS,11.4.1,,,en-gb,No,3600,,,Europe,United Kingdom,England,London,,,(direct),(none),(direct)
20180829,1535551679910002,2018-08-29T15:07:59,user_engagement,1535551675872002,2018-08-29T15:07:55,,85,124362,6776a5bbdb8392012a9c0ba2c19dac34,7DD2DAD06C3D42B293861A4E53DCC977,1534924685291000,2018-08-22T08:58:05,,1220499683,IOS,,LoginViewController,auto,-4619865760130533786,2541,,,,,,,,,,,,,,,,1534924685291000,1535455501271000,uk.co.skoda.assistant.ios,1.1.6,,1:571703561616:ios:777087d7f78ec12a,manual_install,tablet,Apple,iPad,,"iPad7,6",IOS,11.4.1,,,en-gb,No,3600,,,Europe,United Kingdom,England,London,,,(direct),(none),(direct)
20180829,1535551727807001,2018-08-29T15:08:47,user_engagement,1535551679910001,2018-08-29T15:07:59,,86,143765,6776a5bbdb8392012a9c0ba2c19dac34,7DD2DAD06C3D42B293861A4E53DCC977,1534924685291000,2018-08-22T08:58:05,,1220499683,IOS,,LoginViewController,auto,1188875215498756246,9089,,,,,,,,,,,,,,,,1534924685291000,1535455501271000,uk.co.skoda.assistant.ios,1.1.6,,1:571703561616:ios:777087d7f78ec12a,manual_install,tablet,Apple,iPad,,"iPad7,6",IOS,11.4.1,,,en-gb,No,3600,,,Europe,United Kingdom,England,London,,,(direct),(none),(direct)
20180829,1535551731207000,2018-08-29T15:08:51,user_engagement,1535551727807000,2018-08-29T15:08:47,,87,132714,6776a5bbdb8392012a9c0ba2c19dac34,7DD2DAD06C3D42B293861A4E53DCC977,1534924685291000,2018-08-22T08:58:05,,1220499683,IOS,,LoginViewController,auto,1188875215498756246,2185,,,,,,,,,,,,,,,,1534924685291000,1535455501271000,uk.co.skoda.assistant.ios,1.1.6,,1:571703561616:ios:777087d7f78ec12a,manual_install,tablet,Apple,iPad,,"iPad7,6",IOS,11.4.1,,,en-gb,No,3600,,,Europe,United Kingdom,England,London,,,(direct),(none),(direct)
20180829,1535551731229001,2018-08-29T15:08:51,AnalyticsEventLogin,1535455501212001,2018-08-28T12:25:01,,87,132714,6776a5bbdb8392012a9c0ba2c19dac34,7DD2DAD06C3D42B293861A4E53DCC977,1534924685291000,2018-08-22T08:58:05,,1220499683,IOS,,SplashViewController,app,1188875215498756245,,1,,,22013,3,6776a5bbdb8392012a9c0ba2c19dac34,,,,,,,,,,1534924685291000,1535455501271000,uk.co.skoda.assistant.ios,1.1.6,,1:571703561616:ios:777087d7f78ec12a,manual_install,tablet,Apple,iPad,,"iPad7,6",IOS,11.4.1,,,en-gb,No,3600,,,Europe,United Kingdom,England,London,,,(direct),(none),(direct)
