event_date,event_timestamp,event_iso8601,event_name,event_previous_timestamp,event_previous_iso8601,event_value_in_usd,event_bundle_sequence_id,event_server_timestamp_offset,user_id,user_pseudo_id,user_first_touch_timestamp,user_first_touch_iso8601,user_ltv,stream_id,platform,event_dimensions,firebase_screen_class,firebase_event_origin,firebase_screen_id,engagement_time_msec,firebase_conversion,firebase_previous_id,firebase_previous_class,user_retailer,user_area,AnalyticsParameterTerm,button_name,AnalyticsParameterItemID,previous_app_version,engine,Compared_vehicle_1,Compared_vehicle_2,update_with_analytics,previous_first_open_count,Compared_vehicle_3,first_open_time,user_id,id,version,install_store,firebase_app_id,install_source,category,mobile_brand_name,mobile_model_name,mobile_marketing_name,mobile_os_hardware_model,operating_system,operating_system_version,vendor_id,advertising_id,language,is_limited_ad_tracking,time_zone_offset_seconds,browser,browser,continent,country,region,city,sub_continent,metro,name,medium,source
20180829,1535530240057000,2018-08-29T09:10:40,screen_view,1535198640081000,2018-08-25T13:04:00,,160,85379,0d84a01467a42848fdff983408b26889,771E3A8EE2A34085B783FD4BD9F0A3F6,1533811877062000,2018-08-09T11:51:17,,1220499683,IOS,,SplashViewController,auto,8382897719768688619,,1,,,,,,,,,,,,,,,1533811877062000,1535193102757000,uk.co.skoda.assistant.ios,1.1.6,,1:571703561616:ios:777087d7f78ec12a,manual_install,tablet,Apple,iPad Air 2,,"iPad5,3",IOS,11.4.1,0747A783-77A6-49B7-AC6B-3869C082344F,,en-gb,No,3600,,,Europe,United Kingdom,Wales,Newport,,,(direct),(none),(direct)
20180829,1535530240270001,2018-08-29T09:10:40,screen_view,1535530240057001,2018-08-29T09:10:40,,160,85379,0d84a01467a42848fdff983408b26889,771E3A8EE2A34085B783FD4BD9F0A3F6,1533811877062000,2018-08-09T11:51:17,,1220499683,IOS,,LoginViewController,auto,8382897719768688620,,1,8382897719768688619,SplashViewController,,,,,,,,,,,,,1533811877062000,1535193102757000,uk.co.skoda.assistant.ios,1.1.6,,1:571703561616:ios:777087d7f78ec12a,manual_install,tablet,Apple,iPad Air 2,,"iPad5,3",IOS,11.4.1,0747A783-77A6-49B7-AC6B-3869C082344F,,en-gb,No,3600,,,Europe,United Kingdom,Wales,Newport,,,(direct),(none),(direct)
20180829,1535530257447000,2018-08-29T09:10:57,session_start,1535198629018000,2018-08-25T13:03:49,,161,158026,0d84a01467a42848fdff983408b26889,771E3A8EE2A34085B783FD4BD9F0A3F6,1533811877062000,2018-08-09T11:51:17,,1220499683,IOS,,LoginViewController,auto,8382897719768688620,,1,,,,,,,,,,,,,,,1533811877062000,1535193102757000,uk.co.skoda.assistant.ios,1.1.6,,1:571703561616:ios:777087d7f78ec12a,manual_install,tablet,Apple,iPad Air 2,,"iPad5,3",IOS,11.4.1,0747A783-77A6-49B7-AC6B-3869C082344F,,en-gb,No,3600,,,Europe,United Kingdom,Wales,Newport,,,(direct),(none),(direct)
20180829,1535530246392002,2018-08-29T09:10:46,user_engagement,1535198640934002,2018-08-25T13:04:00,,160,85379,0d84a01467a42848fdff983408b26889,771E3A8EE2A34085B783FD4BD9F0A3F6,1533811877062000,2018-08-09T11:51:17,,1220499683,IOS,,LoginViewController,auto,8382897719768688620,6268,,,,,,,,,,,,,,,,1533811877062000,1535193102757000,uk.co.skoda.assistant.ios,1.1.6,,1:571703561616:ios:777087d7f78ec12a,manual_install,tablet,Apple,iPad Air 2,,"iPad5,3",IOS,11.4.1,0747A783-77A6-49B7-AC6B-3869C082344F,,en-gb,No,3600,,,Europe,United Kingdom,Wales,Newport,,,(direct),(none),(direct)
20180829,1535530391087000,2018-08-29T09:13:11,user_engagement,1535530246392000,2018-08-29T09:10:46,,162,192776,0d84a01467a42848fdff983408b26889,771E3A8EE2A34085B783FD4BD9F0A3F6,1533811877062000,2018-08-09T11:51:17,,1220499683,IOS,,LoginViewController,auto,8382897719768688620,143641,,,,,,,,,,,,,,,,1533811877062000,1535193102757000,uk.co.skoda.assistant.ios,1.1.6,,1:571703561616:ios:777087d7f78ec12a,manual_install,tablet,Apple,iPad Air 2,,"iPad5,3",IOS,11.4.1,0747A783-77A6-49B7-AC6B-3869C082344F,,en-gb,No,3600,,,Europe,United Kingdom,Wales,Newport,,,(direct),(none),(direct)
