event_date,event_timestamp,event_iso8601,event_name,event_previous_timestamp,event_previous_iso8601,event_value_in_usd,event_bundle_sequence_id,event_server_timestamp_offset,user_id,user_pseudo_id,user_first_touch_timestamp,user_first_touch_iso8601,user_ltv,stream_id,platform,event_dimensions,firebase_screen_class,firebase_event_origin,firebase_screen_id,engagement_time_msec,firebase_conversion,firebase_previous_id,firebase_previous_class,user_retailer,user_area,AnalyticsParameterTerm,button_name,AnalyticsParameterItemID,previous_app_version,engine,Compared_vehicle_1,Compared_vehicle_2,update_with_analytics,previous_first_open_count,Compared_vehicle_3,first_open_time,user_id,id,version,install_store,firebase_app_id,install_source,category,mobile_brand_name,mobile_model_name,mobile_marketing_name,mobile_os_hardware_model,operating_system,operating_system_version,vendor_id,advertising_id,language,is_limited_ad_tracking,time_zone_offset_seconds,browser,browser,continent,country,region,city,sub_continent,metro,name,medium,source
20180829,1535545756931000,2018-08-29T13:29:16,screen_view,1535278061499000,2018-08-26T11:07:41,,74,50577,cf45cf67225c8db6fae2aa19b9fc3f14,A6C4FC6E2A16448DACC5EF768EC0D466,1533915225464000,2018-08-10T16:33:45,,1220499683,IOS,,SplashViewController,auto,1120063461576609441,,1,,,,,,,,,,,,,,,1533915225464000,1535278039578000,uk.co.skoda.assistant.ios,1.1.6,,1:571703561616:ios:777087d7f78ec12a,manual_install,tablet,Apple,iPad 5th gen,,"iPad6,11",IOS,11.4.1,,,en-gb,No,3600,,,Europe,United Kingdom,England,Birmingham,,,(direct),(none),(direct)
20180829,1535545757104001,2018-08-29T13:29:17,screen_view,1535545756931001,2018-08-29T13:29:16,,74,50577,cf45cf67225c8db6fae2aa19b9fc3f14,A6C4FC6E2A16448DACC5EF768EC0D466,1533915225464000,2018-08-10T16:33:45,,1220499683,IOS,,LoginViewController,auto,1120063461576609442,,1,1120063461576609441,SplashViewController,,,,,,,,,,,,,1533915225464000,1535278039578000,uk.co.skoda.assistant.ios,1.1.6,,1:571703561616:ios:777087d7f78ec12a,manual_install,tablet,Apple,iPad 5th gen,,"iPad6,11",IOS,11.4.1,,,en-gb,No,3600,,,Europe,United Kingdom,England,Birmingham,,,(direct),(none),(direct)
20180829,1535545767157003,2018-08-29T13:29:27,screen_view,1535545757104003,2018-08-29T13:29:17,,74,50577,cf45cf67225c8db6fae2aa19b9fc3f14,A6C4FC6E2A16448DACC5EF768EC0D466,1533915225464000,2018-08-10T16:33:45,,1220499683,IOS,,SplashViewController,auto,1120063461576609441,,1,1120063461576609442,LoginViewController,,,,,,,,,,,,,1533915225464000,1535278039578000,uk.co.skoda.assistant.ios,1.1.6,,1:571703561616:ios:777087d7f78ec12a,manual_install,tablet,Apple,iPad 5th gen,,"iPad6,11",IOS,11.4.1,,,en-gb,No,3600,,,Europe,United Kingdom,England,Birmingham,,,(direct),(none),(direct)
20180829,1535545767014002,2018-08-29T13:29:27,session_start,1535277946043002,2018-08-26T11:05:46,,74,50577,cf45cf67225c8db6fae2aa19b9fc3f14,A6C4FC6E2A16448DACC5EF768EC0D466,1533915225464000,2018-08-10T16:33:45,,1220499683,IOS,,LoginViewController,auto,1120063461576609442,,1,,,,,,,,,,,,,,,1533915225464000,1535278039578000,uk.co.skoda.assistant.ios,1.1.6,,1:571703561616:ios:777087d7f78ec12a,manual_install,tablet,Apple,iPad 5th gen,,"iPad6,11",IOS,11.4.1,,,en-gb,No,3600,,,Europe,United Kingdom,England,Birmingham,,,(direct),(none),(direct)
20180829,1535545767156003,2018-08-29T13:29:27,user_engagement,1535278186306003,2018-08-26T11:09:46,,74,50577,cf45cf67225c8db6fae2aa19b9fc3f14,A6C4FC6E2A16448DACC5EF768EC0D466,1533915225464000,2018-08-10T16:33:45,,1220499683,IOS,,LoginViewController,auto,1120063461576609442,10144,,,,,,,,,,,,,,,,1533915225464000,1535278039578000,uk.co.skoda.assistant.ios,1.1.6,,1:571703561616:ios:777087d7f78ec12a,manual_install,tablet,Apple,iPad 5th gen,,"iPad6,11",IOS,11.4.1,,,en-gb,No,3600,,,Europe,United Kingdom,England,Birmingham,,,(direct),(none),(direct)
20180829,1535545767182004,2018-08-29T13:29:27,AnalyticsEventLogin,1535278039522004,2018-08-26T11:07:19,,74,50577,cf45cf67225c8db6fae2aa19b9fc3f14,A6C4FC6E2A16448DACC5EF768EC0D466,1533915225464000,2018-08-10T16:33:45,,1220499683,IOS,,SplashViewController,app,1120063461576609441,,1,,,25049,8,cf45cf67225c8db6fae2aa19b9fc3f14,,,,,,,,,,1533915225464000,1535278039578000,uk.co.skoda.assistant.ios,1.1.6,,1:571703561616:ios:777087d7f78ec12a,manual_install,tablet,Apple,iPad 5th gen,,"iPad6,11",IOS,11.4.1,,,en-gb,No,3600,,,Europe,United Kingdom,England,Birmingham,,,(direct),(none),(direct)
20180829,1535545768230002,2018-08-29T13:29:28,screen_view,1535545767157002,2018-08-29T13:29:27,,75,50578,cf45cf67225c8db6fae2aa19b9fc3f14,A6C4FC6E2A16448DACC5EF768EC0D466,1533915225464000,2018-08-10T16:33:45,,1220499683,IOS,,SkodaContentViewController,auto,1120063461576609443,,1,1120063461576609441,SplashViewController,,,,,,,,,,,,,1533915225464000,1535545767234000,uk.co.skoda.assistant.ios,1.1.6,,1:571703561616:ios:777087d7f78ec12a,manual_install,tablet,Apple,iPad 5th gen,,"iPad6,11",IOS,11.4.1,,,en-gb,No,3600,,,Europe,United Kingdom,England,Birmingham,,,(direct),(none),(direct)
20180829,1535545768231003,2018-08-29T13:29:28,screen_view,1535545768230003,2018-08-29T13:29:28,,75,50578,cf45cf67225c8db6fae2aa19b9fc3f14,A6C4FC6E2A16448DACC5EF768EC0D466,1533915225464000,2018-08-10T16:33:45,,1220499683,IOS,,RangeContentViewController,auto,1120063461576609444,,1,1120063461576609443,SkodaContentViewController,,,,,,,,,,,,,1533915225464000,1535545767234000,uk.co.skoda.assistant.ios,1.1.6,,1:571703561616:ios:777087d7f78ec12a,manual_install,tablet,Apple,iPad 5th gen,,"iPad6,11",IOS,11.4.1,,,en-gb,No,3600,,,Europe,United Kingdom,England,Birmingham,,,(direct),(none),(direct)
20180829,1535545771864006,2018-08-29T13:29:31,screen_view,1535545768231006,2018-08-29T13:29:28,,75,50578,cf45cf67225c8db6fae2aa19b9fc3f14,A6C4FC6E2A16448DACC5EF768EC0D466,1533915225464000,2018-08-10T16:33:45,,1220499683,IOS,,SkodaContentViewController,auto,1120063461576609443,,1,1120063461576609444,RangeContentViewController,,,,,,,,,,,,,1533915225464000,1535545767234000,uk.co.skoda.assistant.ios,1.1.6,,1:571703561616:ios:777087d7f78ec12a,manual_install,tablet,Apple,iPad 5th gen,,"iPad6,11",IOS,11.4.1,,,en-gb,No,3600,,,Europe,United Kingdom,England,Birmingham,,,(direct),(none),(direct)
20180829,1535545801089002,2018-08-29T13:30:01,screen_view,1535545771864002,2018-08-29T13:29:31,,76,109864,cf45cf67225c8db6fae2aa19b9fc3f14,A6C4FC6E2A16448DACC5EF768EC0D466,1533915225464000,2018-08-10T16:33:45,,1220499683,IOS,,SkodaAlertController,auto,1120063461576609445,,1,1120063461576609443,SkodaContentViewController,,,,,,,,,,,,,1533915225464000,1535545767234000,uk.co.skoda.assistant.ios,1.1.6,,1:571703561616:ios:777087d7f78ec12a,manual_install,tablet,Apple,iPad 5th gen,,"iPad6,11",IOS,11.4.1,,,en-gb,No,3600,,,Europe,United Kingdom,England,Birmingham,,,(direct),(none),(direct)
20180829,1535545802812003,2018-08-29T13:30:02,screen_view,1535545801089003,2018-08-29T13:30:01,,76,109864,cf45cf67225c8db6fae2aa19b9fc3f14,A6C4FC6E2A16448DACC5EF768EC0D466,1533915225464000,2018-08-10T16:33:45,,1220499683,IOS,,SkodaContentViewController,auto,1120063461576609443,,1,1120063461576609445,SkodaAlertController,,,,,,,,,,,,,1533915225464000,1535545767234000,uk.co.skoda.assistant.ios,1.1.6,,1:571703561616:ios:777087d7f78ec12a,manual_install,tablet,Apple,iPad 5th gen,,"iPad6,11",IOS,11.4.1,,,en-gb,No,3600,,,Europe,United Kingdom,England,Birmingham,,,(direct),(none),(direct)
20180829,1535546912618002,2018-08-29T13:48:32,screen_view,1535545802812002,2018-08-29T13:30:02,,78,79035,cf45cf67225c8db6fae2aa19b9fc3f14,A6C4FC6E2A16448DACC5EF768EC0D466,1533915225464000,2018-08-10T16:33:45,,1220499683,IOS,,RangeContentViewController,auto,1120063461576609444,,1,1120063461576609443,SkodaContentViewController,,,,,,,,,,,,,1533915225464000,1535545767234000,uk.co.skoda.assistant.ios,1.1.6,,1:571703561616:ios:777087d7f78ec12a,manual_install,tablet,Apple,iPad 5th gen,,"iPad6,11",IOS,11.4.1,,,en-gb,No,3600,,,Europe,United Kingdom,England,Birmingham,,,(direct),(none),(direct)
20180829,1535547029558006,2018-08-29T13:50:29,screen_view,1535546912618006,2018-08-29T13:48:32,,78,79035,cf45cf67225c8db6fae2aa19b9fc3f14,A6C4FC6E2A16448DACC5EF768EC0D466,1533915225464000,2018-08-10T16:33:45,,1220499683,IOS,,SkodaContentViewController,auto,1120063461576609443,,1,1120063461576609444,RangeContentViewController,,,,,,,,,,,,,1533915225464000,1535545767234000,uk.co.skoda.assistant.ios,1.1.6,,1:571703561616:ios:777087d7f78ec12a,manual_install,tablet,Apple,iPad 5th gen,,"iPad6,11",IOS,11.4.1,,,en-gb,No,3600,,,Europe,United Kingdom,England,Birmingham,,,(direct),(none),(direct)
20180829,1535547039350010,2018-08-29T13:50:39,screen_view,1535547029558010,2018-08-29T13:50:29,,78,79035,cf45cf67225c8db6fae2aa19b9fc3f14,A6C4FC6E2A16448DACC5EF768EC0D466,1533915225464000,2018-08-10T16:33:45,,1220499683,IOS,,PresentationExploreSegmentedViewController,auto,1120063461576609446,,1,1120063461576609443,SkodaContentViewController,,,,,,,,,,,,,1533915225464000,1535545767234000,uk.co.skoda.assistant.ios,1.1.6,,1:571703561616:ios:777087d7f78ec12a,manual_install,tablet,Apple,iPad 5th gen,,"iPad6,11",IOS,11.4.1,,,en-gb,No,3600,,,Europe,United Kingdom,England,Birmingham,,,(direct),(none),(direct)
20180829,1535547039714011,2018-08-29T13:50:39,screen_view,1535547039350011,2018-08-29T13:50:39,,78,79035,cf45cf67225c8db6fae2aa19b9fc3f14,A6C4FC6E2A16448DACC5EF768EC0D466,1533915225464000,2018-08-10T16:33:45,,1220499683,IOS,,PresentationEditorViewController,auto,1120063461576609447,,1,1120063461576609446,PresentationExploreSegmentedViewController,,,,,,,,,,,,,1533915225464000,1535545767234000,uk.co.skoda.assistant.ios,1.1.6,,1:571703561616:ios:777087d7f78ec12a,manual_install,tablet,Apple,iPad 5th gen,,"iPad6,11",IOS,11.4.1,,,en-gb,No,3600,,,Europe,United Kingdom,England,Birmingham,,,(direct),(none),(direct)
20180829,1535547059684012,2018-08-29T13:50:59,screen_view,1535547039714012,2018-08-29T13:50:39,,78,79035,cf45cf67225c8db6fae2aa19b9fc3f14,A6C4FC6E2A16448DACC5EF768EC0D466,1533915225464000,2018-08-10T16:33:45,,1220499683,IOS,,SkodaContentViewController,auto,1120063461576609443,,1,1120063461576609447,PresentationEditorViewController,,,,,,,,,,,,,1533915225464000,1535545767234000,uk.co.skoda.assistant.ios,1.1.6,,1:571703561616:ios:777087d7f78ec12a,manual_install,tablet,Apple,iPad 5th gen,,"iPad6,11",IOS,11.4.1,,,en-gb,No,3600,,,Europe,United Kingdom,England,Birmingham,,,(direct),(none),(direct)
20180829,1535547071956014,2018-08-29T13:51:11,screen_view,1535547059684014,2018-08-29T13:50:59,,78,79035,cf45cf67225c8db6fae2aa19b9fc3f14,A6C4FC6E2A16448DACC5EF768EC0D466,1533915225464000,2018-08-10T16:33:45,,1220499683,IOS,,PresentationExploreSegmentedViewController,auto,1120063461576609448,,1,1120063461576609443,SkodaContentViewController,,,,,,,,,,,,,1533915225464000,1535545767234000,uk.co.skoda.assistant.ios,1.1.6,,1:571703561616:ios:777087d7f78ec12a,manual_install,tablet,Apple,iPad 5th gen,,"iPad6,11",IOS,11.4.1,,,en-gb,No,3600,,,Europe,United Kingdom,England,Birmingham,,,(direct),(none),(direct)
20180829,1535547072468015,2018-08-29T13:51:12,screen_view,1535547071956015,2018-08-29T13:51:11,,78,79035,cf45cf67225c8db6fae2aa19b9fc3f14,A6C4FC6E2A16448DACC5EF768EC0D466,1533915225464000,2018-08-10T16:33:45,,1220499683,IOS,,PresentationEditorViewController,auto,1120063461576609449,,1,1120063461576609448,PresentationExploreSegmentedViewController,,,,,,,,,,,,,1533915225464000,1535545767234000,uk.co.skoda.assistant.ios,1.1.6,,1:571703561616:ios:777087d7f78ec12a,manual_install,tablet,Apple,iPad 5th gen,,"iPad6,11",IOS,11.4.1,,,en-gb,No,3600,,,Europe,United Kingdom,England,Birmingham,,,(direct),(none),(direct)
20180829,1535547086853016,2018-08-29T13:51:26,screen_view,1535547072468016,2018-08-29T13:51:12,,78,79035,cf45cf67225c8db6fae2aa19b9fc3f14,A6C4FC6E2A16448DACC5EF768EC0D466,1533915225464000,2018-08-10T16:33:45,,1220499683,IOS,,SkodaContentViewController,auto,1120063461576609443,,1,1120063461576609449,PresentationEditorViewController,,,,,,,,,,,,,1533915225464000,1535545767234000,uk.co.skoda.assistant.ios,1.1.6,,1:571703561616:ios:777087d7f78ec12a,manual_install,tablet,Apple,iPad 5th gen,,"iPad6,11",IOS,11.4.1,,,en-gb,No,3600,,,Europe,United Kingdom,England,Birmingham,,,(direct),(none),(direct)
20180829,1535547104314019,2018-08-29T13:51:44,screen_view,1535547086853019,2018-08-29T13:51:26,,78,79035,cf45cf67225c8db6fae2aa19b9fc3f14,A6C4FC6E2A16448DACC5EF768EC0D466,1533915225464000,2018-08-10T16:33:45,,1220499683,IOS,,RangeContentViewController,auto,1120063461576609444,,1,1120063461576609443,SkodaContentViewController,,,,,,,,,,,,,1533915225464000,1535545767234000,uk.co.skoda.assistant.ios,1.1.6,,1:571703561616:ios:777087d7f78ec12a,manual_install,tablet,Apple,iPad 5th gen,,"iPad6,11",IOS,11.4.1,,,en-gb,No,3600,,,Europe,United Kingdom,England,Birmingham,,,(direct),(none),(direct)
20180829,1535547218801022,2018-08-29T13:53:38,screen_view,1535547104314022,2018-08-29T13:51:44,,78,79035,cf45cf67225c8db6fae2aa19b9fc3f14,A6C4FC6E2A16448DACC5EF768EC0D466,1533915225464000,2018-08-10T16:33:45,,1220499683,IOS,,SkodaContentViewController,auto,1120063461576609443,,1,1120063461576609444,RangeContentViewController,,,,,,,,,,,,,1533915225464000,1535545767234000,uk.co.skoda.assistant.ios,1.1.6,,1:571703561616:ios:777087d7f78ec12a,manual_install,tablet,Apple,iPad 5th gen,,"iPad6,11",IOS,11.4.1,,,en-gb,No,3600,,,Europe,United Kingdom,England,Birmingham,,,(direct),(none),(direct)
20180829,1535547592307003,2018-08-29T13:59:52,screen_view,1535547218801003,2018-08-29T13:53:38,,79,69368,cf45cf67225c8db6fae2aa19b9fc3f14,A6C4FC6E2A16448DACC5EF768EC0D466,1533915225464000,2018-08-10T16:33:45,,1220499683,IOS,,MyPresentationsViewController,auto,1120063461576609450,,1,1120063461576609443,SkodaContentViewController,,,,,,,,,,,,,1533915225464000,1535545767234000,uk.co.skoda.assistant.ios,1.1.6,,1:571703561616:ios:777087d7f78ec12a,manual_install,tablet,Apple,iPad 5th gen,,"iPad6,11",IOS,11.4.1,,,en-gb,No,3600,,,Europe,United Kingdom,England,Birmingham,,,(direct),(none),(direct)
20180829,1535547594209005,2018-08-29T13:59:54,screen_view,1535547592307005,2018-08-29T13:59:52,,79,69368,cf45cf67225c8db6fae2aa19b9fc3f14,A6C4FC6E2A16448DACC5EF768EC0D466,1533915225464000,2018-08-10T16:33:45,,1220499683,IOS,,CreateOrChoosePresentationViewController,auto,1120063461576609451,,1,1120063461576609450,MyPresentationsViewController,,,,,,,,,,,,,1533915225464000,1535545767234000,uk.co.skoda.assistant.ios,1.1.6,,1:571703561616:ios:777087d7f78ec12a,manual_install,tablet,Apple,iPad 5th gen,,"iPad6,11",IOS,11.4.1,,,en-gb,No,3600,,,Europe,United Kingdom,England,Birmingham,,,(direct),(none),(direct)
20180829,1535547731591000,2018-08-29T14:02:11,screen_view,1535547594209000,2018-08-29T13:59:54,,81,89801,cf45cf67225c8db6fae2aa19b9fc3f14,A6C4FC6E2A16448DACC5EF768EC0D466,1533915225464000,2018-08-10T16:33:45,,1220499683,IOS,,MyPresentationsViewController,auto,1120063461576609450,,1,1120063461576609451,CreateOrChoosePresentationViewController,,,,,,,,,,,,,1533915225464000,1535545767234000,uk.co.skoda.assistant.ios,1.1.6,,1:571703561616:ios:777087d7f78ec12a,manual_install,tablet,Apple,iPad 5th gen,,"iPad6,11",IOS,11.4.1,,,en-gb,No,3600,,,Europe,United Kingdom,England,Birmingham,,,(direct),(none),(direct)
20180829,1535547738827001,2018-08-29T14:02:18,screen_view,1535547731591001,2018-08-29T14:02:11,,81,89801,cf45cf67225c8db6fae2aa19b9fc3f14,A6C4FC6E2A16448DACC5EF768EC0D466,1533915225464000,2018-08-10T16:33:45,,1220499683,IOS,,SkodaContentViewController,auto,1120063461576609443,,1,1120063461576609450,MyPresentationsViewController,,,,,,,,,,,,,1533915225464000,1535545767234000,uk.co.skoda.assistant.ios,1.1.6,,1:571703561616:ios:777087d7f78ec12a,manual_install,tablet,Apple,iPad 5th gen,,"iPad6,11",IOS,11.4.1,,,en-gb,No,3600,,,Europe,United Kingdom,England,Birmingham,,,(direct),(none),(direct)
20180829,1535573791137001,2018-08-29T21:16:31,screen_view,1535547738827001,2018-08-29T14:02:18,,83,404610,cf45cf67225c8db6fae2aa19b9fc3f14,A6C4FC6E2A16448DACC5EF768EC0D466,1533915225464000,2018-08-10T16:33:45,,1220499683,IOS,,PresentationExploreSegmentedViewController,auto,1120063461576609452,,1,1120063461576609443,SkodaContentViewController,,,,,,,,,,,,,1533915225464000,1535545767234000,uk.co.skoda.assistant.ios,1.1.6,,1:571703561616:ios:777087d7f78ec12a,manual_install,tablet,Apple,iPad 5th gen,,"iPad6,11",IOS,11.4.1,,,en-gb,No,3600,,,Europe,United Kingdom,England,Herne Bay,,,(direct),(none),(direct)
20180829,1535573791388002,2018-08-29T21:16:31,screen_view,1535573791137002,2018-08-29T21:16:31,,83,404610,cf45cf67225c8db6fae2aa19b9fc3f14,A6C4FC6E2A16448DACC5EF768EC0D466,1533915225464000,2018-08-10T16:33:45,,1220499683,IOS,,PresentationEditorViewController,auto,1120063461576609453,,1,1120063461576609452,PresentationExploreSegmentedViewController,,,,,,,,,,,,,1533915225464000,1535545767234000,uk.co.skoda.assistant.ios,1.1.6,,1:571703561616:ios:777087d7f78ec12a,manual_install,tablet,Apple,iPad 5th gen,,"iPad6,11",IOS,11.4.1,,,en-gb,No,3600,,,Europe,United Kingdom,England,Herne Bay,,,(direct),(none),(direct)
20180829,1535573794265003,2018-08-29T21:16:34,screen_view,1535573791388003,2018-08-29T21:16:31,,83,404610,cf45cf67225c8db6fae2aa19b9fc3f14,A6C4FC6E2A16448DACC5EF768EC0D466,1533915225464000,2018-08-10T16:33:45,,1220499683,IOS,,AVPlayerViewController,auto,1120063461576609454,,1,1120063461576609453,PresentationEditorViewController,,,,,,,,,,,,,1533915225464000,1535545767234000,uk.co.skoda.assistant.ios,1.1.6,,1:571703561616:ios:777087d7f78ec12a,manual_install,tablet,Apple,iPad 5th gen,,"iPad6,11",IOS,11.4.1,,,en-gb,No,3600,,,Europe,United Kingdom,England,Herne Bay,,,(direct),(none),(direct)
20180829,1535573832391000,2018-08-29T21:17:12,screen_view,1535573794265000,2018-08-29T21:16:34,,84,200722,cf45cf67225c8db6fae2aa19b9fc3f14,A6C4FC6E2A16448DACC5EF768EC0D466,1533915225464000,2018-08-10T16:33:45,,1220499683,IOS,,PresentationExploreSegmentedViewController,auto,1120063461576609452,,1,1120063461576609454,AVPlayerViewController,,,,,,,,,,,,,1533915225464000,1535545767234000,uk.co.skoda.assistant.ios,1.1.6,,1:571703561616:ios:777087d7f78ec12a,manual_install,tablet,Apple,iPad 5th gen,,"iPad6,11",IOS,11.4.1,,,en-gb,No,3600,,,Europe,United Kingdom,England,Herne Bay,,,(direct),(none),(direct)
20180829,1535573832659001,2018-08-29T21:17:12,screen_view,1535573832391001,2018-08-29T21:17:12,,84,200722,cf45cf67225c8db6fae2aa19b9fc3f14,A6C4FC6E2A16448DACC5EF768EC0D466,1533915225464000,2018-08-10T16:33:45,,1220499683,IOS,,AVPlayerViewController,auto,1120063461576609454,,1,1120063461576609452,PresentationExploreSegmentedViewController,,,,,,,,,,,,,1533915225464000,1535545767234000,uk.co.skoda.assistant.ios,1.1.6,,1:571703561616:ios:777087d7f78ec12a,manual_install,tablet,Apple,iPad 5th gen,,"iPad6,11",IOS,11.4.1,,,en-gb,No,3600,,,Europe,United Kingdom,England,Herne Bay,,,(direct),(none),(direct)
20180829,1535573946075002,2018-08-29T21:19:06,screen_view,1535573832659002,2018-08-29T21:17:12,,84,200722,cf45cf67225c8db6fae2aa19b9fc3f14,A6C4FC6E2A16448DACC5EF768EC0D466,1533915225464000,2018-08-10T16:33:45,,1220499683,IOS,,PresentationExploreSegmentedViewController,auto,1120063461576609452,,1,1120063461576609454,AVPlayerViewController,,,,,,,,,,,,,1533915225464000,1535545767234000,uk.co.skoda.assistant.ios,1.1.6,,1:571703561616:ios:777087d7f78ec12a,manual_install,tablet,Apple,iPad 5th gen,,"iPad6,11",IOS,11.4.1,,,en-gb,No,3600,,,Europe,United Kingdom,England,Herne Bay,,,(direct),(none),(direct)
20180829,1535573946489003,2018-08-29T21:19:06,screen_view,1535573946075003,2018-08-29T21:19:06,,84,200722,cf45cf67225c8db6fae2aa19b9fc3f14,A6C4FC6E2A16448DACC5EF768EC0D466,1533915225464000,2018-08-10T16:33:45,,1220499683,IOS,,SkodaContentViewController,auto,1120063461576609443,,1,1120063461576609452,PresentationExploreSegmentedViewController,,,,,,,,,,,,,1533915225464000,1535545767234000,uk.co.skoda.assistant.ios,1.1.6,,1:571703561616:ios:777087d7f78ec12a,manual_install,tablet,Apple,iPad 5th gen,,"iPad6,11",IOS,11.4.1,,,en-gb,No,3600,,,Europe,United Kingdom,England,Herne Bay,,,(direct),(none),(direct)
20180829,1535573946490004,2018-08-29T21:19:06,screen_view,1535573946489004,2018-08-29T21:19:06,,84,200722,cf45cf67225c8db6fae2aa19b9fc3f14,A6C4FC6E2A16448DACC5EF768EC0D466,1533915225464000,2018-08-10T16:33:45,,1220499683,IOS,,PresentationEditorViewController,auto,1120063461576609453,,1,1120063461576609443,SkodaContentViewController,,,,,,,,,,,,,1533915225464000,1535545767234000,uk.co.skoda.assistant.ios,1.1.6,,1:571703561616:ios:777087d7f78ec12a,manual_install,tablet,Apple,iPad 5th gen,,"iPad6,11",IOS,11.4.1,,,en-gb,No,3600,,,Europe,United Kingdom,England,Herne Bay,,,(direct),(none),(direct)
20180829,1535573952341005,2018-08-29T21:19:12,screen_view,1535573946490005,2018-08-29T21:19:06,,84,200722,cf45cf67225c8db6fae2aa19b9fc3f14,A6C4FC6E2A16448DACC5EF768EC0D466,1533915225464000,2018-08-10T16:33:45,,1220499683,IOS,,SkodaContentViewController,auto,1120063461576609443,,1,1120063461576609453,PresentationEditorViewController,,,,,,,,,,,,,1533915225464000,1535545767234000,uk.co.skoda.assistant.ios,1.1.6,,1:571703561616:ios:777087d7f78ec12a,manual_install,tablet,Apple,iPad 5th gen,,"iPad6,11",IOS,11.4.1,,,en-gb,No,3600,,,Europe,United Kingdom,England,Herne Bay,,,(direct),(none),(direct)
20180829,1535573955295007,2018-08-29T21:19:15,screen_view,1535573952341007,2018-08-29T21:19:12,,84,200722,cf45cf67225c8db6fae2aa19b9fc3f14,A6C4FC6E2A16448DACC5EF768EC0D466,1533915225464000,2018-08-10T16:33:45,,1220499683,IOS,,PresentationExploreSegmentedViewController,auto,1120063461576609455,,1,1120063461576609443,SkodaContentViewController,,,,,,,,,,,,,1533915225464000,1535545767234000,uk.co.skoda.assistant.ios,1.1.6,,1:571703561616:ios:777087d7f78ec12a,manual_install,tablet,Apple,iPad 5th gen,,"iPad6,11",IOS,11.4.1,,,en-gb,No,3600,,,Europe,United Kingdom,England,Herne Bay,,,(direct),(none),(direct)
20180829,1535573955653008,2018-08-29T21:19:15,screen_view,1535573955295008,2018-08-29T21:19:15,,84,200722,cf45cf67225c8db6fae2aa19b9fc3f14,A6C4FC6E2A16448DACC5EF768EC0D466,1533915225464000,2018-08-10T16:33:45,,1220499683,IOS,,PresentationEditorViewController,auto,1120063461576609456,,1,1120063461576609455,PresentationExploreSegmentedViewController,,,,,,,,,,,,,1533915225464000,1535545767234000,uk.co.skoda.assistant.ios,1.1.6,,1:571703561616:ios:777087d7f78ec12a,manual_install,tablet,Apple,iPad 5th gen,,"iPad6,11",IOS,11.4.1,,,en-gb,No,3600,,,Europe,United Kingdom,England,Herne Bay,,,(direct),(none),(direct)
20180829,1535573958573009,2018-08-29T21:19:18,screen_view,1535573955653009,2018-08-29T21:19:15,,84,200722,cf45cf67225c8db6fae2aa19b9fc3f14,A6C4FC6E2A16448DACC5EF768EC0D466,1533915225464000,2018-08-10T16:33:45,,1220499683,IOS,,AVPlayerViewController,auto,1120063461576609457,,1,1120063461576609456,PresentationEditorViewController,,,,,,,,,,,,,1533915225464000,1535545767234000,uk.co.skoda.assistant.ios,1.1.6,,1:571703561616:ios:777087d7f78ec12a,manual_install,tablet,Apple,iPad 5th gen,,"iPad6,11",IOS,11.4.1,,,en-gb,No,3600,,,Europe,United Kingdom,England,Herne Bay,,,(direct),(none),(direct)
20180829,1535574009993010,2018-08-29T21:20:09,screen_view,1535573958573010,2018-08-29T21:19:18,,84,200722,cf45cf67225c8db6fae2aa19b9fc3f14,A6C4FC6E2A16448DACC5EF768EC0D466,1533915225464000,2018-08-10T16:33:45,,1220499683,IOS,,PresentationExploreSegmentedViewController,auto,1120063461576609455,,1,1120063461576609457,AVPlayerViewController,,,,,,,,,,,,,1533915225464000,1535545767234000,uk.co.skoda.assistant.ios,1.1.6,,1:571703561616:ios:777087d7f78ec12a,manual_install,tablet,Apple,iPad 5th gen,,"iPad6,11",IOS,11.4.1,,,en-gb,No,3600,,,Europe,United Kingdom,England,Herne Bay,,,(direct),(none),(direct)
20180829,1535574010416011,2018-08-29T21:20:10,screen_view,1535574009993011,2018-08-29T21:20:09,,84,200722,cf45cf67225c8db6fae2aa19b9fc3f14,A6C4FC6E2A16448DACC5EF768EC0D466,1533915225464000,2018-08-10T16:33:45,,1220499683,IOS,,SkodaContentViewController,auto,1120063461576609443,,1,1120063461576609455,PresentationExploreSegmentedViewController,,,,,,,,,,,,,1533915225464000,1535545767234000,uk.co.skoda.assistant.ios,1.1.6,,1:571703561616:ios:777087d7f78ec12a,manual_install,tablet,Apple,iPad 5th gen,,"iPad6,11",IOS,11.4.1,,,en-gb,No,3600,,,Europe,United Kingdom,England,Herne Bay,,,(direct),(none),(direct)
20180829,1535574010418012,2018-08-29T21:20:10,screen_view,1535574010416012,2018-08-29T21:20:10,,84,200722,cf45cf67225c8db6fae2aa19b9fc3f14,A6C4FC6E2A16448DACC5EF768EC0D466,1533915225464000,2018-08-10T16:33:45,,1220499683,IOS,,PresentationEditorViewController,auto,1120063461576609456,,1,1120063461576609443,SkodaContentViewController,,,,,,,,,,,,,1533915225464000,1535545767234000,uk.co.skoda.assistant.ios,1.1.6,,1:571703561616:ios:777087d7f78ec12a,manual_install,tablet,Apple,iPad 5th gen,,"iPad6,11",IOS,11.4.1,,,en-gb,No,3600,,,Europe,United Kingdom,England,Herne Bay,,,(direct),(none),(direct)
20180829,1535574019229013,2018-08-29T21:20:19,screen_view,1535574010418013,2018-08-29T21:20:10,,84,200722,cf45cf67225c8db6fae2aa19b9fc3f14,A6C4FC6E2A16448DACC5EF768EC0D466,1533915225464000,2018-08-10T16:33:45,,1220499683,IOS,,SkodaContentViewController,auto,1120063461576609443,,1,1120063461576609456,PresentationEditorViewController,,,,,,,,,,,,,1533915225464000,1535545767234000,uk.co.skoda.assistant.ios,1.1.6,,1:571703561616:ios:777087d7f78ec12a,manual_install,tablet,Apple,iPad 5th gen,,"iPad6,11",IOS,11.4.1,,,en-gb,No,3600,,,Europe,United Kingdom,England,Herne Bay,,,(direct),(none),(direct)
20180829,1535574049265015,2018-08-29T21:20:49,screen_view,1535574019229015,2018-08-29T21:20:19,,84,200722,cf45cf67225c8db6fae2aa19b9fc3f14,A6C4FC6E2A16448DACC5EF768EC0D466,1533915225464000,2018-08-10T16:33:45,,1220499683,IOS,,PresentationExploreSegmentedViewController,auto,1120063461576609458,,1,1120063461576609443,SkodaContentViewController,,,,,,,,,,,,,1533915225464000,1535545767234000,uk.co.skoda.assistant.ios,1.1.6,,1:571703561616:ios:777087d7f78ec12a,manual_install,tablet,Apple,iPad 5th gen,,"iPad6,11",IOS,11.4.1,,,en-gb,No,3600,,,Europe,United Kingdom,England,Herne Bay,,,(direct),(none),(direct)
20180829,1535574049777016,2018-08-29T21:20:49,screen_view,1535574049265016,2018-08-29T21:20:49,,84,200722,cf45cf67225c8db6fae2aa19b9fc3f14,A6C4FC6E2A16448DACC5EF768EC0D466,1533915225464000,2018-08-10T16:33:45,,1220499683,IOS,,PresentationEditorViewController,auto,1120063461576609459,,1,1120063461576609458,PresentationExploreSegmentedViewController,,,,,,,,,,,,,1533915225464000,1535545767234000,uk.co.skoda.assistant.ios,1.1.6,,1:571703561616:ios:777087d7f78ec12a,manual_install,tablet,Apple,iPad 5th gen,,"iPad6,11",IOS,11.4.1,,,en-gb,No,3600,,,Europe,United Kingdom,England,Herne Bay,,,(direct),(none),(direct)
20180829,1535574054591017,2018-08-29T21:20:54,screen_view,1535574049777017,2018-08-29T21:20:49,,84,200722,cf45cf67225c8db6fae2aa19b9fc3f14,A6C4FC6E2A16448DACC5EF768EC0D466,1533915225464000,2018-08-10T16:33:45,,1220499683,IOS,,AVPlayerViewController,auto,1120063461576609460,,1,1120063461576609459,PresentationEditorViewController,,,,,,,,,,,,,1533915225464000,1535545767234000,uk.co.skoda.assistant.ios,1.1.6,,1:571703561616:ios:777087d7f78ec12a,manual_install,tablet,Apple,iPad 5th gen,,"iPad6,11",IOS,11.4.1,,,en-gb,No,3600,,,Europe,United Kingdom,England,Herne Bay,,,(direct),(none),(direct)
20180829,1535574090367018,2018-08-29T21:21:30,screen_view,1535574054591018,2018-08-29T21:20:54,,84,200722,cf45cf67225c8db6fae2aa19b9fc3f14,A6C4FC6E2A16448DACC5EF768EC0D466,1533915225464000,2018-08-10T16:33:45,,1220499683,IOS,,PresentationExploreSegmentedViewController,auto,1120063461576609458,,1,1120063461576609460,AVPlayerViewController,,,,,,,,,,,,,1533915225464000,1535545767234000,uk.co.skoda.assistant.ios,1.1.6,,1:571703561616:ios:777087d7f78ec12a,manual_install,tablet,Apple,iPad 5th gen,,"iPad6,11",IOS,11.4.1,,,en-gb,No,3600,,,Europe,United Kingdom,England,Herne Bay,,,(direct),(none),(direct)
20180829,1535574090790019,2018-08-29T21:21:30,screen_view,1535574090367019,2018-08-29T21:21:30,,84,200722,cf45cf67225c8db6fae2aa19b9fc3f14,A6C4FC6E2A16448DACC5EF768EC0D466,1533915225464000,2018-08-10T16:33:45,,1220499683,IOS,,SkodaContentViewController,auto,1120063461576609443,,1,1120063461576609458,PresentationExploreSegmentedViewController,,,,,,,,,,,,,1533915225464000,1535545767234000,uk.co.skoda.assistant.ios,1.1.6,,1:571703561616:ios:777087d7f78ec12a,manual_install,tablet,Apple,iPad 5th gen,,"iPad6,11",IOS,11.4.1,,,en-gb,No,3600,,,Europe,United Kingdom,England,Herne Bay,,,(direct),(none),(direct)
20180829,1535574090792020,2018-08-29T21:21:30,screen_view,1535574090790020,2018-08-29T21:21:30,,84,200722,cf45cf67225c8db6fae2aa19b9fc3f14,A6C4FC6E2A16448DACC5EF768EC0D466,1533915225464000,2018-08-10T16:33:45,,1220499683,IOS,,PresentationEditorViewController,auto,1120063461576609459,,1,1120063461576609443,SkodaContentViewController,,,,,,,,,,,,,1533915225464000,1535545767234000,uk.co.skoda.assistant.ios,1.1.6,,1:571703561616:ios:777087d7f78ec12a,manual_install,tablet,Apple,iPad 5th gen,,"iPad6,11",IOS,11.4.1,,,en-gb,No,3600,,,Europe,United Kingdom,England,Herne Bay,,,(direct),(none),(direct)
20180829,1535574094402021,2018-08-29T21:21:34,screen_view,1535574090792021,2018-08-29T21:21:30,,84,200722,cf45cf67225c8db6fae2aa19b9fc3f14,A6C4FC6E2A16448DACC5EF768EC0D466,1533915225464000,2018-08-10T16:33:45,,1220499683,IOS,,SkodaContentViewController,auto,1120063461576609443,,1,1120063461576609459,PresentationEditorViewController,,,,,,,,,,,,,1533915225464000,1535545767234000,uk.co.skoda.assistant.ios,1.1.6,,1:571703561616:ios:777087d7f78ec12a,manual_install,tablet,Apple,iPad 5th gen,,"iPad6,11",IOS,11.4.1,,,en-gb,No,3600,,,Europe,United Kingdom,England,Herne Bay,,,(direct),(none),(direct)
20180829,1535545767322000,2018-08-29T13:29:27,button_press,1535278053618000,2018-08-26T11:07:33,,75,50578,cf45cf67225c8db6fae2aa19b9fc3f14,A6C4FC6E2A16448DACC5EF768EC0D466,1533915225464000,2018-08-10T16:33:45,,1220499683,IOS,,SplashViewController,app,1120063461576609441,,1,,,,,,globalnav_range,,,,,,,,,1533915225464000,1535545767234000,uk.co.skoda.assistant.ios,1.1.6,,1:571703561616:ios:777087d7f78ec12a,manual_install,tablet,Apple,iPad 5th gen,,"iPad6,11",IOS,11.4.1,,,en-gb,No,3600,,,Europe,United Kingdom,England,Birmingham,,,(direct),(none),(direct)
20180829,1535545767323001,2018-08-29T13:29:27,button_press,1535545767322001,2018-08-29T13:29:27,,75,50578,cf45cf67225c8db6fae2aa19b9fc3f14,A6C4FC6E2A16448DACC5EF768EC0D466,1533915225464000,2018-08-10T16:33:45,,1220499683,IOS,,SplashViewController,app,1120063461576609441,,1,,,,,,range,,,,,,,,,1533915225464000,1535545767234000,uk.co.skoda.assistant.ios,1.1.6,,1:571703561616:ios:777087d7f78ec12a,manual_install,tablet,Apple,iPad 5th gen,,"iPad6,11",IOS,11.4.1,,,en-gb,No,3600,,,Europe,United Kingdom,England,Birmingham,,,(direct),(none),(direct)
20180829,1535545771690004,2018-08-29T13:29:31,button_press,1535545767323004,2018-08-29T13:29:27,,75,50578,cf45cf67225c8db6fae2aa19b9fc3f14,A6C4FC6E2A16448DACC5EF768EC0D466,1533915225464000,2018-08-10T16:33:45,,1220499683,IOS,,RangeContentViewController,app,1120063461576609444,,1,,,,,,globalnav_presentation,,,,,,,,,1533915225464000,1535545767234000,uk.co.skoda.assistant.ios,1.1.6,,1:571703561616:ios:777087d7f78ec12a,manual_install,tablet,Apple,iPad 5th gen,,"iPad6,11",IOS,11.4.1,,,en-gb,No,3600,,,Europe,United Kingdom,England,Birmingham,,,(direct),(none),(direct)
20180829,1535545771707005,2018-08-29T13:29:31,button_press,1535545771690005,2018-08-29T13:29:31,,75,50578,cf45cf67225c8db6fae2aa19b9fc3f14,A6C4FC6E2A16448DACC5EF768EC0D466,1533915225464000,2018-08-10T16:33:45,,1220499683,IOS,,RangeContentViewController,app,1120063461576609444,,1,,,,,,presentation,,,,,,,,,1533915225464000,1535545767234000,uk.co.skoda.assistant.ios,1.1.6,,1:571703561616:ios:777087d7f78ec12a,manual_install,tablet,Apple,iPad 5th gen,,"iPad6,11",IOS,11.4.1,,,en-gb,No,3600,,,Europe,United Kingdom,England,Birmingham,,,(direct),(none),(direct)
20180829,1535545794959000,2018-08-29T13:29:54,button_press,1535545771707000,2018-08-29T13:29:31,,76,109864,cf45cf67225c8db6fae2aa19b9fc3f14,A6C4FC6E2A16448DACC5EF768EC0D466,1533915225464000,2018-08-10T16:33:45,,1220499683,IOS,,SkodaContentViewController,app,1120063461576609443,,1,,,,,,presentation_home_download_asset,,,,,,,,,1533915225464000,1535545767234000,uk.co.skoda.assistant.ios,1.1.6,,1:571703561616:ios:777087d7f78ec12a,manual_install,tablet,Apple,iPad 5th gen,,"iPad6,11",IOS,11.4.1,,,en-gb,No,3600,,,Europe,United Kingdom,England,Birmingham,,,(direct),(none),(direct)
20180829,1535545797308001,2018-08-29T13:29:57,button_press,1535545794959001,2018-08-29T13:29:54,,76,109864,cf45cf67225c8db6fae2aa19b9fc3f14,A6C4FC6E2A16448DACC5EF768EC0D466,1533915225464000,2018-08-10T16:33:45,,1220499683,IOS,,SkodaContentViewController,app,1120063461576609443,,1,,,,,,presentation_home_download_asset,,,,,,,,,1533915225464000,1535545767234000,uk.co.skoda.assistant.ios,1.1.6,,1:571703561616:ios:777087d7f78ec12a,manual_install,tablet,Apple,iPad 5th gen,,"iPad6,11",IOS,11.4.1,,,en-gb,No,3600,,,Europe,United Kingdom,England,Birmingham,,,(direct),(none),(direct)
20180829,1535546912542000,2018-08-29T13:48:32,button_press,1535545797308000,2018-08-29T13:29:57,,78,79035,cf45cf67225c8db6fae2aa19b9fc3f14,A6C4FC6E2A16448DACC5EF768EC0D466,1533915225464000,2018-08-10T16:33:45,,1220499683,IOS,,SkodaContentViewController,app,1120063461576609443,,1,,,,,,globalnav_range,,,,,,,,,1533915225464000,1535545767234000,uk.co.skoda.assistant.ios,1.1.6,,1:571703561616:ios:777087d7f78ec12a,manual_install,tablet,Apple,iPad 5th gen,,"iPad6,11",IOS,11.4.1,,,en-gb,No,3600,,,Europe,United Kingdom,England,Birmingham,,,(direct),(none),(direct)
20180829,1535546912570001,2018-08-29T13:48:32,button_press,1535546912542001,2018-08-29T13:48:32,,78,79035,cf45cf67225c8db6fae2aa19b9fc3f14,A6C4FC6E2A16448DACC5EF768EC0D466,1533915225464000,2018-08-10T16:33:45,,1220499683,IOS,,SkodaContentViewController,app,1120063461576609443,,1,,,,,,range,,,,,,,,,1533915225464000,1535545767234000,uk.co.skoda.assistant.ios,1.1.6,,1:571703561616:ios:777087d7f78ec12a,manual_install,tablet,Apple,iPad 5th gen,,"iPad6,11",IOS,11.4.1,,,en-gb,No,3600,,,Europe,United Kingdom,England,Birmingham,,,(direct),(none),(direct)
20180829,1535546922512003,2018-08-29T13:48:42,button_press,1535546912570003,2018-08-29T13:48:32,,78,79035,cf45cf67225c8db6fae2aa19b9fc3f14,A6C4FC6E2A16448DACC5EF768EC0D466,1533915225464000,2018-08-10T16:33:45,,1220499683,IOS,,RangeContentViewController,app,1120063461576609444,,1,,,,,,range_home_filter_open,,,,,,,,,1533915225464000,1535545767234000,uk.co.skoda.assistant.ios,1.1.6,,1:571703561616:ios:777087d7f78ec12a,manual_install,tablet,Apple,iPad 5th gen,,"iPad6,11",IOS,11.4.1,,,en-gb,No,3600,,,Europe,United Kingdom,England,Birmingham,,,(direct),(none),(direct)
20180829,1535547029429004,2018-08-29T13:50:29,button_press,1535546922512004,2018-08-29T13:48:42,,78,79035,cf45cf67225c8db6fae2aa19b9fc3f14,A6C4FC6E2A16448DACC5EF768EC0D466,1533915225464000,2018-08-10T16:33:45,,1220499683,IOS,,RangeContentViewController,app,1120063461576609444,,1,,,,,,globalnav_compare,,,,,,,,,1533915225464000,1535545767234000,uk.co.skoda.assistant.ios,1.1.6,,1:571703561616:ios:777087d7f78ec12a,manual_install,tablet,Apple,iPad 5th gen,,"iPad6,11",IOS,11.4.1,,,en-gb,No,3600,,,Europe,United Kingdom,England,Birmingham,,,(direct),(none),(direct)
20180829,1535547029447005,2018-08-29T13:50:29,button_press,1535547029429005,2018-08-29T13:50:29,,78,79035,cf45cf67225c8db6fae2aa19b9fc3f14,A6C4FC6E2A16448DACC5EF768EC0D466,1533915225464000,2018-08-10T16:33:45,,1220499683,IOS,,RangeContentViewController,app,1120063461576609444,,1,,,,,,compare,,,,,,,,,1533915225464000,1535545767234000,uk.co.skoda.assistant.ios,1.1.6,,1:571703561616:ios:777087d7f78ec12a,manual_install,tablet,Apple,iPad 5th gen,,"iPad6,11",IOS,11.4.1,,,en-gb,No,3600,,,Europe,United Kingdom,England,Birmingham,,,(direct),(none),(direct)
20180829,1535547035081007,2018-08-29T13:50:35,button_press,1535547029447007,2018-08-29T13:50:29,,78,79035,cf45cf67225c8db6fae2aa19b9fc3f14,A6C4FC6E2A16448DACC5EF768EC0D466,1533915225464000,2018-08-10T16:33:45,,1220499683,IOS,,SkodaContentViewController,app,1120063461576609443,,1,,,,,,globalnav_presentation,,,,,,,,,1533915225464000,1535545767234000,uk.co.skoda.assistant.ios,1.1.6,,1:571703561616:ios:777087d7f78ec12a,manual_install,tablet,Apple,iPad 5th gen,,"iPad6,11",IOS,11.4.1,,,en-gb,No,3600,,,Europe,United Kingdom,England,Birmingham,,,(direct),(none),(direct)
20180829,1535547035121008,2018-08-29T13:50:35,button_press,1535547035081008,2018-08-29T13:50:35,,78,79035,cf45cf67225c8db6fae2aa19b9fc3f14,A6C4FC6E2A16448DACC5EF768EC0D466,1533915225464000,2018-08-10T16:33:45,,1220499683,IOS,,SkodaContentViewController,app,1120063461576609443,,1,,,,,,presentation,,,,,,,,,1533915225464000,1535545767234000,uk.co.skoda.assistant.ios,1.1.6,,1:571703561616:ios:777087d7f78ec12a,manual_install,tablet,Apple,iPad 5th gen,,"iPad6,11",IOS,11.4.1,,,en-gb,No,3600,,,Europe,United Kingdom,England,Birmingham,,,(direct),(none),(direct)
20180829,1535547104267017,2018-08-29T13:51:44,button_press,1535547035121017,2018-08-29T13:50:35,,78,79035,cf45cf67225c8db6fae2aa19b9fc3f14,A6C4FC6E2A16448DACC5EF768EC0D466,1533915225464000,2018-08-10T16:33:45,,1220499683,IOS,,SkodaContentViewController,app,1120063461576609443,,1,,,,,,globalnav_range,,,,,,,,,1533915225464000,1535545767234000,uk.co.skoda.assistant.ios,1.1.6,,1:571703561616:ios:777087d7f78ec12a,manual_install,tablet,Apple,iPad 5th gen,,"iPad6,11",IOS,11.4.1,,,en-gb,No,3600,,,Europe,United Kingdom,England,Birmingham,,,(direct),(none),(direct)
20180829,1535547104296018,2018-08-29T13:51:44,button_press,1535547104267018,2018-08-29T13:51:44,,78,79035,cf45cf67225c8db6fae2aa19b9fc3f14,A6C4FC6E2A16448DACC5EF768EC0D466,1533915225464000,2018-08-10T16:33:45,,1220499683,IOS,,SkodaContentViewController,app,1120063461576609443,,1,,,,,,range,,,,,,,,,1533915225464000,1535545767234000,uk.co.skoda.assistant.ios,1.1.6,,1:571703561616:ios:777087d7f78ec12a,manual_install,tablet,Apple,iPad 5th gen,,"iPad6,11",IOS,11.4.1,,,en-gb,No,3600,,,Europe,United Kingdom,England,Birmingham,,,(direct),(none),(direct)
20180829,1535547218772020,2018-08-29T13:53:38,button_press,1535547104296020,2018-08-29T13:51:44,,78,79035,cf45cf67225c8db6fae2aa19b9fc3f14,A6C4FC6E2A16448DACC5EF768EC0D466,1533915225464000,2018-08-10T16:33:45,,1220499683,IOS,,RangeContentViewController,app,1120063461576609444,,1,,,,,,globalnav_compare,,,,,,,,,1533915225464000,1535545767234000,uk.co.skoda.assistant.ios,1.1.6,,1:571703561616:ios:777087d7f78ec12a,manual_install,tablet,Apple,iPad 5th gen,,"iPad6,11",IOS,11.4.1,,,en-gb,No,3600,,,Europe,United Kingdom,England,Birmingham,,,(direct),(none),(direct)
20180829,1535547218795021,2018-08-29T13:53:38,button_press,1535547218772021,2018-08-29T13:53:38,,78,79035,cf45cf67225c8db6fae2aa19b9fc3f14,A6C4FC6E2A16448DACC5EF768EC0D466,1533915225464000,2018-08-10T16:33:45,,1220499683,IOS,,RangeContentViewController,app,1120063461576609444,,1,,,,,,compare,,,,,,,,,1533915225464000,1535545767234000,uk.co.skoda.assistant.ios,1.1.6,,1:571703561616:ios:777087d7f78ec12a,manual_install,tablet,Apple,iPad 5th gen,,"iPad6,11",IOS,11.4.1,,,en-gb,No,3600,,,Europe,United Kingdom,England,Birmingham,,,(direct),(none),(direct)
20180829,1535547283658023,2018-08-29T13:54:43,button_press,1535547218795023,2018-08-29T13:53:38,,78,79035,cf45cf67225c8db6fae2aa19b9fc3f14,A6C4FC6E2A16448DACC5EF768EC0D466,1533915225464000,2018-08-10T16:33:45,,1220499683,IOS,,SkodaContentViewController,app,1120063461576609443,,1,,,,,,globalnav_presentation,,,,,,,,,1533915225464000,1535545767234000,uk.co.skoda.assistant.ios,1.1.6,,1:571703561616:ios:777087d7f78ec12a,manual_install,tablet,Apple,iPad 5th gen,,"iPad6,11",IOS,11.4.1,,,en-gb,No,3600,,,Europe,United Kingdom,England,Birmingham,,,(direct),(none),(direct)
20180829,1535547283684024,2018-08-29T13:54:43,button_press,1535547283658024,2018-08-29T13:54:43,,78,79035,cf45cf67225c8db6fae2aa19b9fc3f14,A6C4FC6E2A16448DACC5EF768EC0D466,1533915225464000,2018-08-10T16:33:45,,1220499683,IOS,,SkodaContentViewController,app,1120063461576609443,,1,,,,,,presentation,,,,,,,,,1533915225464000,1535545767234000,uk.co.skoda.assistant.ios,1.1.6,,1:571703561616:ios:777087d7f78ec12a,manual_install,tablet,Apple,iPad 5th gen,,"iPad6,11",IOS,11.4.1,,,en-gb,No,3600,,,Europe,United Kingdom,England,Birmingham,,,(direct),(none),(direct)
20180829,1535547285673025,2018-08-29T13:54:45,button_press,1535547283684025,2018-08-29T13:54:43,,78,79035,cf45cf67225c8db6fae2aa19b9fc3f14,A6C4FC6E2A16448DACC5EF768EC0D466,1533915225464000,2018-08-10T16:33:45,,1220499683,IOS,,SkodaContentViewController,app,1120063461576609443,,1,,,,,,globalnav_compare,,,,,,,,,1533915225464000,1535545767234000,uk.co.skoda.assistant.ios,1.1.6,,1:571703561616:ios:777087d7f78ec12a,manual_install,tablet,Apple,iPad 5th gen,,"iPad6,11",IOS,11.4.1,,,en-gb,No,3600,,,Europe,United Kingdom,England,Birmingham,,,(direct),(none),(direct)
20180829,1535547285692026,2018-08-29T13:54:45,button_press,1535547285673026,2018-08-29T13:54:45,,78,79035,cf45cf67225c8db6fae2aa19b9fc3f14,A6C4FC6E2A16448DACC5EF768EC0D466,1533915225464000,2018-08-10T16:33:45,,1220499683,IOS,,SkodaContentViewController,app,1120063461576609443,,1,,,,,,compare,,,,,,,,,1533915225464000,1535545767234000,uk.co.skoda.assistant.ios,1.1.6,,1:571703561616:ios:777087d7f78ec12a,manual_install,tablet,Apple,iPad 5th gen,,"iPad6,11",IOS,11.4.1,,,en-gb,No,3600,,,Europe,United Kingdom,England,Birmingham,,,(direct),(none),(direct)
20180829,1535547286591027,2018-08-29T13:54:46,button_press,1535547285692027,2018-08-29T13:54:45,,78,79035,cf45cf67225c8db6fae2aa19b9fc3f14,A6C4FC6E2A16448DACC5EF768EC0D466,1533915225464000,2018-08-10T16:33:45,,1220499683,IOS,,SkodaContentViewController,app,1120063461576609443,,1,,,,,,globalnav_links,,,,,,,,,1533915225464000,1535545767234000,uk.co.skoda.assistant.ios,1.1.6,,1:571703561616:ios:777087d7f78ec12a,manual_install,tablet,Apple,iPad 5th gen,,"iPad6,11",IOS,11.4.1,,,en-gb,No,3600,,,Europe,United Kingdom,England,Birmingham,,,(direct),(none),(direct)
20180829,1535547286599028,2018-08-29T13:54:46,button_press,1535547286591028,2018-08-29T13:54:46,,78,79035,cf45cf67225c8db6fae2aa19b9fc3f14,A6C4FC6E2A16448DACC5EF768EC0D466,1533915225464000,2018-08-10T16:33:45,,1220499683,IOS,,SkodaContentViewController,app,1120063461576609443,,1,,,,,,links,,,,,,,,,1533915225464000,1535545767234000,uk.co.skoda.assistant.ios,1.1.6,,1:571703561616:ios:777087d7f78ec12a,manual_install,tablet,Apple,iPad 5th gen,,"iPad6,11",IOS,11.4.1,,,en-gb,No,3600,,,Europe,United Kingdom,England,Birmingham,,,(direct),(none),(direct)
20180829,1535547569122000,2018-08-29T13:59:29,button_press,1535547286599000,2018-08-29T13:54:46,,79,69368,cf45cf67225c8db6fae2aa19b9fc3f14,A6C4FC6E2A16448DACC5EF768EC0D466,1533915225464000,2018-08-10T16:33:45,,1220499683,IOS,,SkodaContentViewController,app,1120063461576609443,,1,,,,,,globalnav_presentation,,,,,,,,,1533915225464000,1535545767234000,uk.co.skoda.assistant.ios,1.1.6,,1:571703561616:ios:777087d7f78ec12a,manual_install,tablet,Apple,iPad 5th gen,,"iPad6,11",IOS,11.4.1,,,en-gb,No,3600,,,Europe,United Kingdom,England,Birmingham,,,(direct),(none),(direct)
20180829,1535547569164001,2018-08-29T13:59:29,button_press,1535547569122001,2018-08-29T13:59:29,,79,69368,cf45cf67225c8db6fae2aa19b9fc3f14,A6C4FC6E2A16448DACC5EF768EC0D466,1533915225464000,2018-08-10T16:33:45,,1220499683,IOS,,SkodaContentViewController,app,1120063461576609443,,1,,,,,,presentation,,,,,,,,,1533915225464000,1535545767234000,uk.co.skoda.assistant.ios,1.1.6,,1:571703561616:ios:777087d7f78ec12a,manual_install,tablet,Apple,iPad 5th gen,,"iPad6,11",IOS,11.4.1,,,en-gb,No,3600,,,Europe,United Kingdom,England,Birmingham,,,(direct),(none),(direct)
20180829,1535547591720002,2018-08-29T13:59:51,button_press,1535547569164002,2018-08-29T13:59:29,,79,69368,cf45cf67225c8db6fae2aa19b9fc3f14,A6C4FC6E2A16448DACC5EF768EC0D466,1533915225464000,2018-08-10T16:33:45,,1220499683,IOS,,SkodaContentViewController,app,1120063461576609443,,1,,,,,,presentation_home_my_presentations,,,,,,,,,1533915225464000,1535545767234000,uk.co.skoda.assistant.ios,1.1.6,,1:571703561616:ios:777087d7f78ec12a,manual_install,tablet,Apple,iPad 5th gen,,"iPad6,11",IOS,11.4.1,,,en-gb,No,3600,,,Europe,United Kingdom,England,Birmingham,,,(direct),(none),(direct)
20180829,1535547593475004,2018-08-29T13:59:53,button_press,1535547591720004,2018-08-29T13:59:51,,79,69368,cf45cf67225c8db6fae2aa19b9fc3f14,A6C4FC6E2A16448DACC5EF768EC0D466,1533915225464000,2018-08-10T16:33:45,,1220499683,IOS,,MyPresentationsViewController,app,1120063461576609450,,1,,,,,,presentation_home_new_presentation,,,,,,,,,1533915225464000,1535545767234000,uk.co.skoda.assistant.ios,1.1.6,,1:571703561616:ios:777087d7f78ec12a,manual_install,tablet,Apple,iPad 5th gen,,"iPad6,11",IOS,11.4.1,,,en-gb,No,3600,,,Europe,United Kingdom,England,Birmingham,,,(direct),(none),(direct)
20180829,1535573798053004,2018-08-29T21:16:38,session_start,1535545767014004,2018-08-29T13:29:27,,83,404610,cf45cf67225c8db6fae2aa19b9fc3f14,A6C4FC6E2A16448DACC5EF768EC0D466,1533915225464000,2018-08-10T16:33:45,,1220499683,IOS,,AVPlayerViewController,auto,1120063461576609454,,1,,,,,,,,,,,,,,,1533915225464000,1535545767234000,uk.co.skoda.assistant.ios,1.1.6,,1:571703561616:ios:777087d7f78ec12a,manual_install,tablet,Apple,iPad 5th gen,,"iPad6,11",IOS,11.4.1,,,en-gb,No,3600,,,Europe,United Kingdom,England,Herne Bay,,,(direct),(none),(direct)
20180829,1535545768229002,2018-08-29T13:29:28,user_engagement,1535545767156002,2018-08-29T13:29:27,,75,50578,cf45cf67225c8db6fae2aa19b9fc3f14,A6C4FC6E2A16448DACC5EF768EC0D466,1533915225464000,2018-08-10T16:33:45,,1220499683,IOS,,SplashViewController,auto,1120063461576609441,1072,,,,,,,,,,,,,,,,1533915225464000,1535545767234000,uk.co.skoda.assistant.ios,1.1.6,,1:571703561616:ios:777087d7f78ec12a,manual_install,tablet,Apple,iPad 5th gen,,"iPad6,11",IOS,11.4.1,,,en-gb,No,3600,,,Europe,United Kingdom,England,Birmingham,,,(direct),(none),(direct)
20180829,1535545771864007,2018-08-29T13:29:31,user_engagement,1535545768229007,2018-08-29T13:29:28,,75,50578,cf45cf67225c8db6fae2aa19b9fc3f14,A6C4FC6E2A16448DACC5EF768EC0D466,1533915225464000,2018-08-10T16:33:45,,1220499683,IOS,,RangeContentViewController,auto,1120063461576609444,3634,,,,,,,,,,,,,,,,1533915225464000,1535545767234000,uk.co.skoda.assistant.ios,1.1.6,,1:571703561616:ios:777087d7f78ec12a,manual_install,tablet,Apple,iPad 5th gen,,"iPad6,11",IOS,11.4.1,,,en-gb,No,3600,,,Europe,United Kingdom,England,Birmingham,,,(direct),(none),(direct)
20180829,1535545801089002,2018-08-29T13:30:01,user_engagement,1535545771864002,2018-08-29T13:29:31,,76,109864,cf45cf67225c8db6fae2aa19b9fc3f14,A6C4FC6E2A16448DACC5EF768EC0D466,1533915225464000,2018-08-10T16:33:45,,1220499683,IOS,,SkodaContentViewController,auto,1120063461576609443,29224,,,,,,,,,,,,,,,,1533915225464000,1535545767234000,uk.co.skoda.assistant.ios,1.1.6,,1:571703561616:ios:777087d7f78ec12a,manual_install,tablet,Apple,iPad 5th gen,,"iPad6,11",IOS,11.4.1,,,en-gb,No,3600,,,Europe,United Kingdom,England,Birmingham,,,(direct),(none),(direct)
20180829,1535545802812004,2018-08-29T13:30:02,user_engagement,1535545801089004,2018-08-29T13:30:01,,76,109864,cf45cf67225c8db6fae2aa19b9fc3f14,A6C4FC6E2A16448DACC5EF768EC0D466,1533915225464000,2018-08-10T16:33:45,,1220499683,IOS,,SkodaAlertController,auto,1120063461576609445,1722,,,,,,,,,,,,,,,,1533915225464000,1535545767234000,uk.co.skoda.assistant.ios,1.1.6,,1:571703561616:ios:777087d7f78ec12a,manual_install,tablet,Apple,iPad 5th gen,,"iPad6,11",IOS,11.4.1,,,en-gb,No,3600,,,Europe,United Kingdom,England,Birmingham,,,(direct),(none),(direct)
20180829,1535546183635006,2018-08-29T13:36:23,user_engagement,1535545802812006,2018-08-29T13:30:02,,76,109864,cf45cf67225c8db6fae2aa19b9fc3f14,A6C4FC6E2A16448DACC5EF768EC0D466,1533915225464000,2018-08-10T16:33:45,,1220499683,IOS,,SkodaContentViewController,auto,1120063461576609443,380822,,,,,,,,,,,,,,,,1533915225464000,1535545767234000,uk.co.skoda.assistant.ios,1.1.6,,1:571703561616:ios:777087d7f78ec12a,manual_install,tablet,Apple,iPad 5th gen,,"iPad6,11",IOS,11.4.1,,,en-gb,No,3600,,,Europe,United Kingdom,England,Birmingham,,,(direct),(none),(direct)
20180829,1535546315398000,2018-08-29T13:38:35,user_engagement,1535546183635000,2018-08-29T13:36:23,,77,82104,cf45cf67225c8db6fae2aa19b9fc3f14,A6C4FC6E2A16448DACC5EF768EC0D466,1533915225464000,2018-08-10T16:33:45,,1220499683,IOS,,SkodaContentViewController,auto,1120063461576609443,122857,,,,,,,,,,,,,,,,1533915225464000,1535545767234000,uk.co.skoda.assistant.ios,1.1.6,,1:571703561616:ios:777087d7f78ec12a,manual_install,tablet,Apple,iPad 5th gen,,"iPad6,11",IOS,11.4.1,,,en-gb,No,3600,,,Europe,United Kingdom,England,Birmingham,,,(direct),(none),(direct)
20180829,1535546912617002,2018-08-29T13:48:32,user_engagement,1535546315398002,2018-08-29T13:38:35,,78,79035,cf45cf67225c8db6fae2aa19b9fc3f14,A6C4FC6E2A16448DACC5EF768EC0D466,1533915225464000,2018-08-10T16:33:45,,1220499683,IOS,,SkodaContentViewController,auto,1120063461576609443,12183,,,,,,,,,,,,,,,,1533915225464000,1535545767234000,uk.co.skoda.assistant.ios,1.1.6,,1:571703561616:ios:777087d7f78ec12a,manual_install,tablet,Apple,iPad 5th gen,,"iPad6,11",IOS,11.4.1,,,en-gb,No,3600,,,Europe,United Kingdom,England,Birmingham,,,(direct),(none),(direct)
20180829,1535547029557007,2018-08-29T13:50:29,user_engagement,1535546912617007,2018-08-29T13:48:32,,78,79035,cf45cf67225c8db6fae2aa19b9fc3f14,A6C4FC6E2A16448DACC5EF768EC0D466,1533915225464000,2018-08-10T16:33:45,,1220499683,IOS,,RangeContentViewController,auto,1120063461576609444,116940,,,,,,,,,,,,,,,,1533915225464000,1535545767234000,uk.co.skoda.assistant.ios,1.1.6,,1:571703561616:ios:777087d7f78ec12a,manual_install,tablet,Apple,iPad 5th gen,,"iPad6,11",IOS,11.4.1,,,en-gb,No,3600,,,Europe,United Kingdom,England,Birmingham,,,(direct),(none),(direct)
20180829,1535547039350012,2018-08-29T13:50:39,user_engagement,1535547029557012,2018-08-29T13:50:29,,78,79035,cf45cf67225c8db6fae2aa19b9fc3f14,A6C4FC6E2A16448DACC5EF768EC0D466,1533915225464000,2018-08-10T16:33:45,,1220499683,IOS,,SkodaContentViewController,auto,1120063461576609443,9792,,,,,,,,,,,,,,,,1533915225464000,1535545767234000,uk.co.skoda.assistant.ios,1.1.6,,1:571703561616:ios:777087d7f78ec12a,manual_install,tablet,Apple,iPad 5th gen,,"iPad6,11",IOS,11.4.1,,,en-gb,No,3600,,,Europe,United Kingdom,England,Birmingham,,,(direct),(none),(direct)
20180829,1535547059684015,2018-08-29T13:50:59,user_engagement,1535547039350015,2018-08-29T13:50:39,,78,79035,cf45cf67225c8db6fae2aa19b9fc3f14,A6C4FC6E2A16448DACC5EF768EC0D466,1533915225464000,2018-08-10T16:33:45,,1220499683,IOS,,PresentationEditorViewController,auto,1120063461576609447,20333,,,,,,,,,,,,,,,,1533915225464000,1535545767234000,uk.co.skoda.assistant.ios,1.1.6,,1:571703561616:ios:777087d7f78ec12a,manual_install,tablet,Apple,iPad 5th gen,,"iPad6,11",IOS,11.4.1,,,en-gb,No,3600,,,Europe,United Kingdom,England,Birmingham,,,(direct),(none),(direct)
20180829,1535547071956018,2018-08-29T13:51:11,user_engagement,1535547059684018,2018-08-29T13:50:59,,78,79035,cf45cf67225c8db6fae2aa19b9fc3f14,A6C4FC6E2A16448DACC5EF768EC0D466,1533915225464000,2018-08-10T16:33:45,,1220499683,IOS,,SkodaContentViewController,auto,1120063461576609443,12272,,,,,,,,,,,,,,,,1533915225464000,1535545767234000,uk.co.skoda.assistant.ios,1.1.6,,1:571703561616:ios:777087d7f78ec12a,manual_install,tablet,Apple,iPad 5th gen,,"iPad6,11",IOS,11.4.1,,,en-gb,No,3600,,,Europe,United Kingdom,England,Birmingham,,,(direct),(none),(direct)
20180829,1535547086853021,2018-08-29T13:51:26,user_engagement,1535547071956021,2018-08-29T13:51:11,,78,79035,cf45cf67225c8db6fae2aa19b9fc3f14,A6C4FC6E2A16448DACC5EF768EC0D466,1533915225464000,2018-08-10T16:33:45,,1220499683,IOS,,PresentationEditorViewController,auto,1120063461576609449,14896,,,,,,,,,,,,,,,,1533915225464000,1535545767234000,uk.co.skoda.assistant.ios,1.1.6,,1:571703561616:ios:777087d7f78ec12a,manual_install,tablet,Apple,iPad 5th gen,,"iPad6,11",IOS,11.4.1,,,en-gb,No,3600,,,Europe,United Kingdom,England,Birmingham,,,(direct),(none),(direct)
20180829,1535547104313025,2018-08-29T13:51:44,user_engagement,1535547086853025,2018-08-29T13:51:26,,78,79035,cf45cf67225c8db6fae2aa19b9fc3f14,A6C4FC6E2A16448DACC5EF768EC0D466,1533915225464000,2018-08-10T16:33:45,,1220499683,IOS,,SkodaContentViewController,auto,1120063461576609443,17459,,,,,,,,,,,,,,,,1533915225464000,1535545767234000,uk.co.skoda.assistant.ios,1.1.6,,1:571703561616:ios:777087d7f78ec12a,manual_install,tablet,Apple,iPad 5th gen,,"iPad6,11",IOS,11.4.1,,,en-gb,No,3600,,,Europe,United Kingdom,England,Birmingham,,,(direct),(none),(direct)
20180829,1535547218801029,2018-08-29T13:53:38,user_engagement,1535547104313029,2018-08-29T13:51:44,,78,79035,cf45cf67225c8db6fae2aa19b9fc3f14,A6C4FC6E2A16448DACC5EF768EC0D466,1533915225464000,2018-08-10T16:33:45,,1220499683,IOS,,RangeContentViewController,auto,1120063461576609444,114487,,,,,,,,,,,,,,,,1533915225464000,1535545767234000,uk.co.skoda.assistant.ios,1.1.6,,1:571703561616:ios:777087d7f78ec12a,manual_install,tablet,Apple,iPad 5th gen,,"iPad6,11",IOS,11.4.1,,,en-gb,No,3600,,,Europe,United Kingdom,England,Birmingham,,,(direct),(none),(direct)
20180829,1535547406961037,2018-08-29T13:56:46,user_engagement,1535547218801037,2018-08-29T13:53:38,,78,79035,cf45cf67225c8db6fae2aa19b9fc3f14,A6C4FC6E2A16448DACC5EF768EC0D466,1533915225464000,2018-08-10T16:33:45,,1220499683,IOS,,SkodaContentViewController,auto,1120063461576609443,188160,,,,,,,,,,,,,,,,1533915225464000,1535545767234000,uk.co.skoda.assistant.ios,1.1.6,,1:571703561616:ios:777087d7f78ec12a,manual_install,tablet,Apple,iPad 5th gen,,"iPad6,11",IOS,11.4.1,,,en-gb,No,3600,,,Europe,United Kingdom,England,Birmingham,,,(direct),(none),(direct)
20180829,1535547592306003,2018-08-29T13:59:52,user_engagement,1535547406961003,2018-08-29T13:56:46,,79,69368,cf45cf67225c8db6fae2aa19b9fc3f14,A6C4FC6E2A16448DACC5EF768EC0D466,1533915225464000,2018-08-10T16:33:45,,1220499683,IOS,,SkodaContentViewController,auto,1120063461576609443,24111,,,,,,,,,,,,,,,,1533915225464000,1535545767234000,uk.co.skoda.assistant.ios,1.1.6,,1:571703561616:ios:777087d7f78ec12a,manual_install,tablet,Apple,iPad 5th gen,,"iPad6,11",IOS,11.4.1,,,en-gb,No,3600,,,Europe,United Kingdom,England,Birmingham,,,(direct),(none),(direct)
20180829,1535547594208006,2018-08-29T13:59:54,user_engagement,1535547592306006,2018-08-29T13:59:52,,79,69368,cf45cf67225c8db6fae2aa19b9fc3f14,A6C4FC6E2A16448DACC5EF768EC0D466,1533915225464000,2018-08-10T16:33:45,,1220499683,IOS,,MyPresentationsViewController,auto,1120063461576609450,1902,,,,,,,,,,,,,,,,1533915225464000,1535545767234000,uk.co.skoda.assistant.ios,1.1.6,,1:571703561616:ios:777087d7f78ec12a,manual_install,tablet,Apple,iPad 5th gen,,"iPad6,11",IOS,11.4.1,,,en-gb,No,3600,,,Europe,United Kingdom,England,Birmingham,,,(direct),(none),(direct)
20180829,1535547722041000,2018-08-29T14:02:02,user_engagement,1535547594208000,2018-08-29T13:59:54,,80,69369,cf45cf67225c8db6fae2aa19b9fc3f14,A6C4FC6E2A16448DACC5EF768EC0D466,1533915225464000,2018-08-10T16:33:45,,1220499683,IOS,,CreateOrChoosePresentationViewController,auto,1120063461576609451,127832,,,,,,,,,,,,,,,,1533915225464000,1535545767234000,uk.co.skoda.assistant.ios,1.1.6,,1:571703561616:ios:777087d7f78ec12a,manual_install,tablet,Apple,iPad 5th gen,,"iPad6,11",IOS,11.4.1,,,en-gb,No,3600,,,Europe,United Kingdom,England,Birmingham,,,(direct),(none),(direct)
20180829,1535547731590000,2018-08-29T14:02:11,user_engagement,1535547722041000,2018-08-29T14:02:02,,81,89801,cf45cf67225c8db6fae2aa19b9fc3f14,A6C4FC6E2A16448DACC5EF768EC0D466,1533915225464000,2018-08-10T16:33:45,,1220499683,IOS,,CreateOrChoosePresentationViewController,auto,1120063461576609451,4014,,,,,,,,,,,,,,,,1533915225464000,1535545767234000,uk.co.skoda.assistant.ios,1.1.6,,1:571703561616:ios:777087d7f78ec12a,manual_install,tablet,Apple,iPad 5th gen,,"iPad6,11",IOS,11.4.1,,,en-gb,No,3600,,,Europe,United Kingdom,England,Birmingham,,,(direct),(none),(direct)
20180829,1535547738826002,2018-08-29T14:02:18,user_engagement,1535547731590002,2018-08-29T14:02:11,,81,89801,cf45cf67225c8db6fae2aa19b9fc3f14,A6C4FC6E2A16448DACC5EF768EC0D466,1533915225464000,2018-08-10T16:33:45,,1220499683,IOS,,MyPresentationsViewController,auto,1120063461576609450,7235,,,,,,,,,,,,,,,,1533915225464000,1535545767234000,uk.co.skoda.assistant.ios,1.1.6,,1:571703561616:ios:777087d7f78ec12a,manual_install,tablet,Apple,iPad 5th gen,,"iPad6,11",IOS,11.4.1,,,en-gb,No,3600,,,Europe,United Kingdom,England,Birmingham,,,(direct),(none),(direct)
20180829,1535547858596004,2018-08-29T14:04:18,user_engagement,1535547738826004,2018-08-29T14:02:18,,81,89801,cf45cf67225c8db6fae2aa19b9fc3f14,A6C4FC6E2A16448DACC5EF768EC0D466,1533915225464000,2018-08-10T16:33:45,,1220499683,IOS,,SkodaContentViewController,auto,1120063461576609443,119769,,,,,,,,,,,,,,,,1533915225464000,1535545767234000,uk.co.skoda.assistant.ios,1.1.6,,1:571703561616:ios:777087d7f78ec12a,manual_install,tablet,Apple,iPad 5th gen,,"iPad6,11",IOS,11.4.1,,,en-gb,No,3600,,,Europe,United Kingdom,England,Birmingham,,,(direct),(none),(direct)
20180829,1535559537809000,2018-08-29T17:18:57,user_engagement,1535547858596000,2018-08-29T14:04:18,,82,49280,cf45cf67225c8db6fae2aa19b9fc3f14,A6C4FC6E2A16448DACC5EF768EC0D466,1533915225464000,2018-08-10T16:33:45,,1220499683,IOS,,SkodaContentViewController,auto,1120063461576609443,1173,,,,,,,,,,,,,,,,1533915225464000,1535545767234000,uk.co.skoda.assistant.ios,1.1.6,,1:571703561616:ios:777087d7f78ec12a,manual_install,tablet,Apple,iPad 5th gen,,"iPad6,11",IOS,11.4.1,,,en-gb,No,3600,,,Europe,United Kingdom,England,Birmingham,,,(direct),(none),(direct)
20180829,1535573791136001,2018-08-29T21:16:31,user_engagement,1535559537809001,2018-08-29T17:18:57,,83,404610,cf45cf67225c8db6fae2aa19b9fc3f14,A6C4FC6E2A16448DACC5EF768EC0D466,1533915225464000,2018-08-10T16:33:45,,1220499683,IOS,,SkodaContentViewController,auto,1120063461576609443,3085,,,,,,,,,,,,,,,,1533915225464000,1535545767234000,uk.co.skoda.assistant.ios,1.1.6,,1:571703561616:ios:777087d7f78ec12a,manual_install,tablet,Apple,iPad 5th gen,,"iPad6,11",IOS,11.4.1,,,en-gb,No,3600,,,Europe,United Kingdom,England,Herne Bay,,,(direct),(none),(direct)
20180829,1535573794265004,2018-08-29T21:16:34,user_engagement,1535573791136004,2018-08-29T21:16:31,,83,404610,cf45cf67225c8db6fae2aa19b9fc3f14,A6C4FC6E2A16448DACC5EF768EC0D466,1533915225464000,2018-08-10T16:33:45,,1220499683,IOS,,PresentationEditorViewController,auto,1120063461576609453,3128,,,,,,,,,,,,,,,,1533915225464000,1535545767234000,uk.co.skoda.assistant.ios,1.1.6,,1:571703561616:ios:777087d7f78ec12a,manual_install,tablet,Apple,iPad 5th gen,,"iPad6,11",IOS,11.4.1,,,en-gb,No,3600,,,Europe,United Kingdom,England,Herne Bay,,,(direct),(none),(direct)
20180829,1535573832390000,2018-08-29T21:17:12,user_engagement,1535573794265000,2018-08-29T21:16:34,,84,200722,cf45cf67225c8db6fae2aa19b9fc3f14,A6C4FC6E2A16448DACC5EF768EC0D466,1533915225464000,2018-08-10T16:33:45,,1220499683,IOS,,AVPlayerViewController,auto,1120063461576609454,38125,,,,,,,,,,,,,,,,1533915225464000,1535545767234000,uk.co.skoda.assistant.ios,1.1.6,,1:571703561616:ios:777087d7f78ec12a,manual_install,tablet,Apple,iPad 5th gen,,"iPad6,11",IOS,11.4.1,,,en-gb,No,3600,,,Europe,United Kingdom,England,Herne Bay,,,(direct),(none),(direct)
20180829,1535573946074003,2018-08-29T21:19:06,user_engagement,1535573832390003,2018-08-29T21:17:12,,84,200722,cf45cf67225c8db6fae2aa19b9fc3f14,A6C4FC6E2A16448DACC5EF768EC0D466,1533915225464000,2018-08-10T16:33:45,,1220499683,IOS,,AVPlayerViewController,auto,1120063461576609454,113683,,,,,,,,,,,,,,,,1533915225464000,1535545767234000,uk.co.skoda.assistant.ios,1.1.6,,1:571703561616:ios:777087d7f78ec12a,manual_install,tablet,Apple,iPad 5th gen,,"iPad6,11",IOS,11.4.1,,,en-gb,No,3600,,,Europe,United Kingdom,England,Herne Bay,,,(direct),(none),(direct)
20180829,1535573952340007,2018-08-29T21:19:12,user_engagement,1535573946074007,2018-08-29T21:19:06,,84,200722,cf45cf67225c8db6fae2aa19b9fc3f14,A6C4FC6E2A16448DACC5EF768EC0D466,1533915225464000,2018-08-10T16:33:45,,1220499683,IOS,,PresentationEditorViewController,auto,1120063461576609453,6265,,,,,,,,,,,,,,,,1533915225464000,1535545767234000,uk.co.skoda.assistant.ios,1.1.6,,1:571703561616:ios:777087d7f78ec12a,manual_install,tablet,Apple,iPad 5th gen,,"iPad6,11",IOS,11.4.1,,,en-gb,No,3600,,,Europe,United Kingdom,England,Herne Bay,,,(direct),(none),(direct)
20180829,1535573955295010,2018-08-29T21:19:15,user_engagement,1535573952340010,2018-08-29T21:19:12,,84,200722,cf45cf67225c8db6fae2aa19b9fc3f14,A6C4FC6E2A16448DACC5EF768EC0D466,1533915225464000,2018-08-10T16:33:45,,1220499683,IOS,,SkodaContentViewController,auto,1120063461576609443,2954,,,,,,,,,,,,,,,,1533915225464000,1535545767234000,uk.co.skoda.assistant.ios,1.1.6,,1:571703561616:ios:777087d7f78ec12a,manual_install,tablet,Apple,iPad 5th gen,,"iPad6,11",IOS,11.4.1,,,en-gb,No,3600,,,Europe,United Kingdom,England,Herne Bay,,,(direct),(none),(direct)
20180829,1535573958571013,2018-08-29T21:19:18,user_engagement,1535573955295013,2018-08-29T21:19:15,,84,200722,cf45cf67225c8db6fae2aa19b9fc3f14,A6C4FC6E2A16448DACC5EF768EC0D466,1533915225464000,2018-08-10T16:33:45,,1220499683,IOS,,PresentationEditorViewController,auto,1120063461576609456,3276,,,,,,,,,,,,,,,,1533915225464000,1535545767234000,uk.co.skoda.assistant.ios,1.1.6,,1:571703561616:ios:777087d7f78ec12a,manual_install,tablet,Apple,iPad 5th gen,,"iPad6,11",IOS,11.4.1,,,en-gb,No,3600,,,Europe,United Kingdom,England,Herne Bay,,,(direct),(none),(direct)
20180829,1535574009992015,2018-08-29T21:20:09,user_engagement,1535573958571015,2018-08-29T21:19:18,,84,200722,cf45cf67225c8db6fae2aa19b9fc3f14,A6C4FC6E2A16448DACC5EF768EC0D466,1533915225464000,2018-08-10T16:33:45,,1220499683,IOS,,AVPlayerViewController,auto,1120063461576609457,51420,,,,,,,,,,,,,,,,1533915225464000,1535545767234000,uk.co.skoda.assistant.ios,1.1.6,,1:571703561616:ios:777087d7f78ec12a,manual_install,tablet,Apple,iPad 5th gen,,"iPad6,11",IOS,11.4.1,,,en-gb,No,3600,,,Europe,United Kingdom,England,Herne Bay,,,(direct),(none),(direct)
20180829,1535574019228019,2018-08-29T21:20:19,user_engagement,1535574009992019,2018-08-29T21:20:09,,84,200722,cf45cf67225c8db6fae2aa19b9fc3f14,A6C4FC6E2A16448DACC5EF768EC0D466,1533915225464000,2018-08-10T16:33:45,,1220499683,IOS,,PresentationEditorViewController,auto,1120063461576609456,9235,,,,,,,,,,,,,,,,1533915225464000,1535545767234000,uk.co.skoda.assistant.ios,1.1.6,,1:571703561616:ios:777087d7f78ec12a,manual_install,tablet,Apple,iPad 5th gen,,"iPad6,11",IOS,11.4.1,,,en-gb,No,3600,,,Europe,United Kingdom,England,Herne Bay,,,(direct),(none),(direct)
20180829,1535574049265022,2018-08-29T21:20:49,user_engagement,1535574019228022,2018-08-29T21:20:19,,84,200722,cf45cf67225c8db6fae2aa19b9fc3f14,A6C4FC6E2A16448DACC5EF768EC0D466,1533915225464000,2018-08-10T16:33:45,,1220499683,IOS,,SkodaContentViewController,auto,1120063461576609443,30036,,,,,,,,,,,,,,,,1533915225464000,1535545767234000,uk.co.skoda.assistant.ios,1.1.6,,1:571703561616:ios:777087d7f78ec12a,manual_install,tablet,Apple,iPad 5th gen,,"iPad6,11",IOS,11.4.1,,,en-gb,No,3600,,,Europe,United Kingdom,England,Herne Bay,,,(direct),(none),(direct)
20180829,1535574054591025,2018-08-29T21:20:54,user_engagement,1535574049265025,2018-08-29T21:20:49,,84,200722,cf45cf67225c8db6fae2aa19b9fc3f14,A6C4FC6E2A16448DACC5EF768EC0D466,1533915225464000,2018-08-10T16:33:45,,1220499683,IOS,,PresentationEditorViewController,auto,1120063461576609459,5325,,,,,,,,,,,,,,,,1533915225464000,1535545767234000,uk.co.skoda.assistant.ios,1.1.6,,1:571703561616:ios:777087d7f78ec12a,manual_install,tablet,Apple,iPad 5th gen,,"iPad6,11",IOS,11.4.1,,,en-gb,No,3600,,,Europe,United Kingdom,England,Herne Bay,,,(direct),(none),(direct)
20180829,1535574090365027,2018-08-29T21:21:30,user_engagement,1535574054591027,2018-08-29T21:20:54,,84,200722,cf45cf67225c8db6fae2aa19b9fc3f14,A6C4FC6E2A16448DACC5EF768EC0D466,1533915225464000,2018-08-10T16:33:45,,1220499683,IOS,,AVPlayerViewController,auto,1120063461576609460,35774,,,,,,,,,,,,,,,,1533915225464000,1535545767234000,uk.co.skoda.assistant.ios,1.1.6,,1:571703561616:ios:777087d7f78ec12a,manual_install,tablet,Apple,iPad 5th gen,,"iPad6,11",IOS,11.4.1,,,en-gb,No,3600,,,Europe,United Kingdom,England,Herne Bay,,,(direct),(none),(direct)
20180829,1535574094401031,2018-08-29T21:21:34,user_engagement,1535574090365031,2018-08-29T21:21:30,,84,200722,cf45cf67225c8db6fae2aa19b9fc3f14,A6C4FC6E2A16448DACC5EF768EC0D466,1533915225464000,2018-08-10T16:33:45,,1220499683,IOS,,PresentationEditorViewController,auto,1120063461576609459,4035,,,,,,,,,,,,,,,,1533915225464000,1535545767234000,uk.co.skoda.assistant.ios,1.1.6,,1:571703561616:ios:777087d7f78ec12a,manual_install,tablet,Apple,iPad 5th gen,,"iPad6,11",IOS,11.4.1,,,en-gb,No,3600,,,Europe,United Kingdom,England,Herne Bay,,,(direct),(none),(direct)
20180829,1535574222766033,2018-08-29T21:23:42,user_engagement,1535574094401033,2018-08-29T21:21:34,,84,200722,cf45cf67225c8db6fae2aa19b9fc3f14,A6C4FC6E2A16448DACC5EF768EC0D466,1533915225464000,2018-08-10T16:33:45,,1220499683,IOS,,SkodaContentViewController,auto,1120063461576609443,128364,,,,,,,,,,,,,,,,1533915225464000,1535545767234000,uk.co.skoda.assistant.ios,1.1.6,,1:571703561616:ios:777087d7f78ec12a,manual_install,tablet,Apple,iPad 5th gen,,"iPad6,11",IOS,11.4.1,,,en-gb,No,3600,,,Europe,United Kingdom,England,Herne Bay,,,(direct),(none),(direct)
20180829,1535575206880000,2018-08-29T21:40:06,user_engagement,1535574222766000,2018-08-29T21:23:42,,85,113226,cf45cf67225c8db6fae2aa19b9fc3f14,A6C4FC6E2A16448DACC5EF768EC0D466,1533915225464000,2018-08-10T16:33:45,,1220499683,IOS,,SkodaContentViewController,auto,1120063461576609443,120342,,,,,,,,,,,,,,,,1533915225464000,1535545767234000,uk.co.skoda.assistant.ios,1.1.6,,1:571703561616:ios:777087d7f78ec12a,manual_install,tablet,Apple,iPad 5th gen,,"iPad6,11",IOS,11.4.1,,,en-gb,No,3600,,,Europe,United Kingdom,England,Herne Bay,,,(direct),(none),(direct)
20180829,1535547038992009,2018-08-29T13:50:38,AnalyticsEventViewItem,1534502255890009,2018-08-17T11:37:35,,78,79035,cf45cf67225c8db6fae2aa19b9fc3f14,A6C4FC6E2A16448DACC5EF768EC0D466,1533915225464000,2018-08-10T16:33:45,,1220499683,IOS,,SkodaContentViewController,app,1120063461576609443,,1,,,,,,,5b33dbfb2481f847765312,,,,,,,,1533915225464000,1535545767234000,uk.co.skoda.assistant.ios,1.1.6,,1:571703561616:ios:777087d7f78ec12a,manual_install,tablet,Apple,iPad 5th gen,,"iPad6,11",IOS,11.4.1,,,en-gb,No,3600,,,Europe,United Kingdom,England,Birmingham,,,(direct),(none),(direct)
20180829,1535547071812013,2018-08-29T13:51:11,AnalyticsEventViewItem,1535547038992013,2018-08-29T13:50:38,,78,79035,cf45cf67225c8db6fae2aa19b9fc3f14,A6C4FC6E2A16448DACC5EF768EC0D466,1533915225464000,2018-08-10T16:33:45,,1220499683,IOS,,SkodaContentViewController,app,1120063461576609443,,1,,,,,,,5b33d71162fde989559265,,,,,,,,1533915225464000,1535545767234000,uk.co.skoda.assistant.ios,1.1.6,,1:571703561616:ios:777087d7f78ec12a,manual_install,tablet,Apple,iPad 5th gen,,"iPad6,11",IOS,11.4.1,,,en-gb,No,3600,,,Europe,United Kingdom,England,Birmingham,,,(direct),(none),(direct)
20180829,1535573790727000,2018-08-29T21:16:30,AnalyticsEventViewItem,1535547071812000,2018-08-29T13:51:11,,83,404610,cf45cf67225c8db6fae2aa19b9fc3f14,A6C4FC6E2A16448DACC5EF768EC0D466,1533915225464000,2018-08-10T16:33:45,,1220499683,IOS,,SkodaContentViewController,app,1120063461576609443,,1,,,,,,,5b33e49c3b6ba468542992,,,,,,,,1533915225464000,1535545767234000,uk.co.skoda.assistant.ios,1.1.6,,1:571703561616:ios:777087d7f78ec12a,manual_install,tablet,Apple,iPad 5th gen,,"iPad6,11",IOS,11.4.1,,,en-gb,No,3600,,,Europe,United Kingdom,England,Herne Bay,,,(direct),(none),(direct)
20180829,1535573954998006,2018-08-29T21:19:14,AnalyticsEventViewItem,1535573790727006,2018-08-29T21:16:30,,84,200722,cf45cf67225c8db6fae2aa19b9fc3f14,A6C4FC6E2A16448DACC5EF768EC0D466,1533915225464000,2018-08-10T16:33:45,,1220499683,IOS,,SkodaContentViewController,app,1120063461576609443,,1,,,,,,,5b33e450ec323421238284,,,,,,,,1533915225464000,1535545767234000,uk.co.skoda.assistant.ios,1.1.6,,1:571703561616:ios:777087d7f78ec12a,manual_install,tablet,Apple,iPad 5th gen,,"iPad6,11",IOS,11.4.1,,,en-gb,No,3600,,,Europe,United Kingdom,England,Herne Bay,,,(direct),(none),(direct)
20180829,1535574049190014,2018-08-29T21:20:49,AnalyticsEventViewItem,1535573954998014,2018-08-29T21:19:14,,84,200722,cf45cf67225c8db6fae2aa19b9fc3f14,A6C4FC6E2A16448DACC5EF768EC0D466,1533915225464000,2018-08-10T16:33:45,,1220499683,IOS,,SkodaContentViewController,app,1120063461576609443,,1,,,,,,,5b33e35304088372569119,,,,,,,,1533915225464000,1535545767234000,uk.co.skoda.assistant.ios,1.1.6,,1:571703561616:ios:777087d7f78ec12a,manual_install,tablet,Apple,iPad 5th gen,,"iPad6,11",IOS,11.4.1,,,en-gb,No,3600,,,Europe,United Kingdom,England,Herne Bay,,,(direct),(none),(direct)
