event_date,event_timestamp,event_iso8601,event_name,event_previous_timestamp,event_previous_iso8601,event_value_in_usd,event_bundle_sequence_id,event_server_timestamp_offset,user_id,user_pseudo_id,user_first_touch_timestamp,user_first_touch_iso8601,user_ltv,stream_id,platform,event_dimensions,firebase_screen_class,firebase_event_origin,firebase_screen_id,engagement_time_msec,firebase_conversion,firebase_previous_id,firebase_previous_class,user_retailer,user_area,AnalyticsParameterTerm,button_name,AnalyticsParameterItemID,previous_app_version,engine,Compared_vehicle_1,Compared_vehicle_2,update_with_analytics,previous_first_open_count,Compared_vehicle_3,first_open_time,user_id,id,version,install_store,firebase_app_id,install_source,category,mobile_brand_name,mobile_model_name,mobile_marketing_name,mobile_os_hardware_model,operating_system,operating_system_version,vendor_id,advertising_id,language,is_limited_ad_tracking,time_zone_offset_seconds,browser,browser,continent,country,region,city,sub_continent,metro,name,medium,source
20180829,1535538704816000,2018-08-29T11:31:44,screen_view,1534405987915000,2018-08-16T08:53:07,,18,173908,33ec4706d3a65b5b4f0f7a64a8cfbed8,3CBECBD6031E4A649E5B8031182C0BBD,1534322248517000,2018-08-15T09:37:28,,1220499683,IOS,,SplashViewController,auto,-6939899633067827934,,1,,,,,,,,,,,,,,,1534322248517000,1534342199003000,uk.co.skoda.assistant.ios,1.0,,1:571703561616:ios:777087d7f78ec12a,manual_install,tablet,Apple,iPad Air 2,,"iPad5,4",IOS,11.4.1,21EB365B-875D-4B32-9562-0EE89A337F49,,en-gb,No,3600,,,Europe,United Kingdom,England,London,,,(direct),(none),(direct)
20180829,1535538705045001,2018-08-29T11:31:45,screen_view,1535538704816001,2018-08-29T11:31:44,,18,173908,33ec4706d3a65b5b4f0f7a64a8cfbed8,3CBECBD6031E4A649E5B8031182C0BBD,1534322248517000,2018-08-15T09:37:28,,1220499683,IOS,,LoginViewController,auto,-6939899633067827933,,1,-6939899633067827934,SplashViewController,,,,,,,,,,,,,1534322248517000,1534342199003000,uk.co.skoda.assistant.ios,1.0,,1:571703561616:ios:777087d7f78ec12a,manual_install,tablet,Apple,iPad Air 2,,"iPad5,4",IOS,11.4.1,21EB365B-875D-4B32-9562-0EE89A337F49,,en-gb,No,3600,,,Europe,United Kingdom,England,London,,,(direct),(none),(direct)
20180829,1535538714942002,2018-08-29T11:31:54,session_start,1534405997882002,2018-08-16T08:53:17,,18,173908,33ec4706d3a65b5b4f0f7a64a8cfbed8,3CBECBD6031E4A649E5B8031182C0BBD,1534322248517000,2018-08-15T09:37:28,,1220499683,IOS,,LoginViewController,auto,-6939899633067827933,,1,,,,,,,,,,,,,,,1534322248517000,1534342199003000,uk.co.skoda.assistant.ios,1.0,,1:571703561616:ios:777087d7f78ec12a,manual_install,tablet,Apple,iPad Air 2,,"iPad5,4",IOS,11.4.1,21EB365B-875D-4B32-9562-0EE89A337F49,,en-gb,No,3600,,,Europe,United Kingdom,England,London,,,(direct),(none),(direct)
20180829,1535538724253000,2018-08-29T11:32:04,user_engagement,1534406004684000,2018-08-16T08:53:24,,19,272350,33ec4706d3a65b5b4f0f7a64a8cfbed8,3CBECBD6031E4A649E5B8031182C0BBD,1534322248517000,2018-08-15T09:37:28,,1220499683,IOS,,LoginViewController,auto,-6939899633067827933,19315,,,,,,,,,,,,,,,,1534322248517000,1534342199003000,uk.co.skoda.assistant.ios,1.0,,1:571703561616:ios:777087d7f78ec12a,manual_install,tablet,Apple,iPad Air 2,,"iPad5,4",IOS,11.4.1,21EB365B-875D-4B32-9562-0EE89A337F49,,en-gb,No,3600,,,Europe,United Kingdom,England,London,,,(direct),(none),(direct)
20180829,1535538730994000,2018-08-29T11:32:10,user_engagement,1535538724253000,2018-08-29T11:32:04,,20,268150,33ec4706d3a65b5b4f0f7a64a8cfbed8,3CBECBD6031E4A649E5B8031182C0BBD,1534322248517000,2018-08-15T09:37:28,,1220499683,IOS,,LoginViewController,auto,-6939899633067827933,1168,,,,,,,,,,,,,,,,1534322248517000,1534342199003000,uk.co.skoda.assistant.ios,1.0,,1:571703561616:ios:777087d7f78ec12a,manual_install,tablet,Apple,iPad Air 2,,"iPad5,4",IOS,11.4.1,21EB365B-875D-4B32-9562-0EE89A337F49,,en-gb,No,3600,,,Europe,United Kingdom,England,London,,,(direct),(none),(direct)
