event_date,event_timestamp,event_iso8601,event_name,event_previous_timestamp,event_previous_iso8601,event_value_in_usd,event_bundle_sequence_id,event_server_timestamp_offset,user_id,user_pseudo_id,user_first_touch_timestamp,user_first_touch_iso8601,user_ltv,stream_id,platform,event_dimensions,firebase_screen_class,firebase_event_origin,firebase_screen_id,engagement_time_msec,firebase_conversion,firebase_previous_id,firebase_previous_class,user_retailer,user_area,AnalyticsParameterTerm,button_name,AnalyticsParameterItemID,previous_app_version,engine,Compared_vehicle_1,Compared_vehicle_2,update_with_analytics,previous_first_open_count,Compared_vehicle_3,first_open_time,user_id,id,version,install_store,firebase_app_id,install_source,category,mobile_brand_name,mobile_model_name,mobile_marketing_name,mobile_os_hardware_model,operating_system,operating_system_version,vendor_id,advertising_id,language,is_limited_ad_tracking,time_zone_offset_seconds,browser,browser,continent,country,region,city,sub_continent,metro,name,medium,source
20180829,1535530263037000,2018-08-29T09:11:03,session_start,1535378259497000,2018-08-27T14:57:39,,43,88896,d339f25ce0f3a7d05c3c42918899290d,D301639115BD472C9915942ED13D83F7,1534946530664000,2018-08-22T15:02:10,,1220499683,IOS,,LoginViewController,auto,5639773797891522182,,1,,,,,,,,,,,,,,,1534946530664000,1535379158395000,uk.co.skoda.assistant.ios,1.1.6,,1:571703561616:ios:777087d7f78ec12a,manual_install,tablet,Apple,iPad Air 2,,"iPad5,3",IOS,11.2.6,70FDAF07-A22D-4170-957B-C04EAD9D9F1D,,en-gb,No,3600,,,Europe,United Kingdom,Wales,Newport,,,(direct),(none),(direct)
20180829,1535554048837003,2018-08-29T15:47:28,session_start,1535010626581003,2018-08-23T08:50:26,,39,205355,696c911815a7522e5ea87e8805be0883,37DB4FC1181E4F7A9C3BF76990FDD747,1533812960647000,2018-08-09T12:09:20,,1220499683,IOS,,ContentLoaderViewController,auto,-2010729346857695420,,1,,,,,,,,,,,,,,,1533812960647000,1534182063340000,uk.co.skoda.assistant.ios,1.1.6,,1:571703561616:ios:777087d7f78ec12a,manual_install,tablet,Apple,iPad Air 2,,"iPad5,3",IOS,11.4.1,31BAE25F-8B65-4294-B231-4F49BB045774,,en-gb,No,3600,,,Europe,United Kingdom,Wales,Newport,,,(direct),(none),(direct)
20180829,1535558173146000,2018-08-29T16:56:13,session_start,1535554048837000,2018-08-29T15:47:28,,44,95179,e067a5452f0f29be2806dec15d947940,37DB4FC1181E4F7A9C3BF76990FDD747,1533812960647000,2018-08-09T12:09:20,,1220499683,IOS,,RangeContentViewController,auto,-2010729346857695418,,1,,,,,,,,,,,,,,,1533812960647000,1535554299691000,uk.co.skoda.assistant.ios,1.1.6,,1:571703561616:ios:777087d7f78ec12a,manual_install,tablet,Apple,iPad Air 2,,"iPad5,3",IOS,11.4.1,31BAE25F-8B65-4294-B231-4F49BB045774,,en-gb,No,3600,,,Europe,United Kingdom,Wales,Newport,,,(direct),(none),(direct)
20180829,1535530257447000,2018-08-29T09:10:57,session_start,1535198629018000,2018-08-25T13:03:49,,161,158026,0d84a01467a42848fdff983408b26889,771E3A8EE2A34085B783FD4BD9F0A3F6,1533811877062000,2018-08-09T11:51:17,,1220499683,IOS,,LoginViewController,auto,8382897719768688620,,1,,,,,,,,,,,,,,,1533811877062000,1535193102757000,uk.co.skoda.assistant.ios,1.1.6,,1:571703561616:ios:777087d7f78ec12a,manual_install,tablet,Apple,iPad Air 2,,"iPad5,3",IOS,11.4.1,0747A783-77A6-49B7-AC6B-3869C082344F,,en-gb,No,3600,,,Europe,United Kingdom,Wales,Newport,,,(direct),(none),(direct)
20180829,1535557371197002,2018-08-29T16:42:51,session_start,1535097620059002,2018-08-24T09:00:20,,50,508192,8f2b77997259d6be3353027fbb502927,1EDAFE98C7404D2B9451D7C0AC39EB17,1533976041467000,2018-08-11T09:27:21,,1220499683,IOS,,SplashViewController,auto,5176688217233934127,,1,,,,,,,,,,,,,,,1533976041467000,1535557370259000,uk.co.skoda.assistant.ios,1.1.6,,1:571703561616:ios:777087d7f78ec12a,manual_install,tablet,Apple,iPad Air 2,,"iPad5,3",IOS,11.4.1,09A27059-9619-47A8-9DD1-B796AF2A09DF,,en-gb,No,3600,,,Europe,United Kingdom,Wales,Newport,,,(direct),(none),(direct)
20180829,1535530249628000,2018-08-29T09:10:49,session_start,1535443546435000,2018-08-28T09:05:46,,24,97199,da586463c9fbfa289daccfec40d52ea0,07D60866DFF74B03B7855ED5FCEFD5F7,1534146771876000,2018-08-13T08:52:51,,1220499683,IOS,,LoginViewController,auto,8684055197403558425,,1,,,,,,,,,,,,,,,1534146771876000,1534676976883000,uk.co.skoda.assistant.ios,1.1.6,,1:571703561616:ios:777087d7f78ec12a,manual_install,tablet,Apple,iPad Air 2,,"iPad5,3",IOS,11.4.1,5515BF7D-CA33-41F2-942F-84B66EA6D96F,,en-gb,No,3600,,,Europe,United Kingdom,Wales,Newport,,,(direct),(none),(direct)
20180829,1535538714942002,2018-08-29T11:31:54,session_start,1534405997882002,2018-08-16T08:53:17,,18,173908,33ec4706d3a65b5b4f0f7a64a8cfbed8,3CBECBD6031E4A649E5B8031182C0BBD,1534322248517000,2018-08-15T09:37:28,,1220499683,IOS,,LoginViewController,auto,-6939899633067827933,,1,,,,,,,,,,,,,,,1534322248517000,1534342199003000,uk.co.skoda.assistant.ios,1.0,,1:571703561616:ios:777087d7f78ec12a,manual_install,tablet,Apple,iPad Air 2,,"iPad5,4",IOS,11.4.1,21EB365B-875D-4B32-9562-0EE89A337F49,,en-gb,No,3600,,,Europe,United Kingdom,England,London,,,(direct),(none),(direct)
20180829,1535532158995000,2018-08-29T09:42:38,session_start,1535116898637000,2018-08-24T14:21:38,,27,73398,1b537722419fcaeeda617408f78f5d72,9BF5745711734138AD1E9DAE144722AB,1534929994251000,2018-08-22T10:26:34,,1220499683,IOS,,RangeContentViewController,auto,8371214745814010297,,1,,,,,,,,,,,,,,,1534929994251000,1535532084095000,uk.co.skoda.assistant.ios,1.1.6,,1:571703561616:ios:777087d7f78ec12a,manual_install,tablet,Apple,iPad Air 2,,"iPad5,4",IOS,11.4.1,,,en-gb,No,3600,,,Europe,United Kingdom,England,London,,,(direct),(none),(direct)
20180829,1535534322945000,2018-08-29T10:18:42,session_start,1535031543575000,2018-08-23T14:39:03,,55,80425,ba946113c0e08d7a4a1358ea0077a98e,5783228E70934E968FF40707CC1971D8,1534951137328000,2018-08-22T16:18:57,,1220499683,IOS,,LoginViewController,auto,-896812643534354764,,1,,,,,,,,,,,,,,,1534951137328000,1535031538097000,uk.co.skoda.assistant.uat,1.1.6,,1:571703561616:ios:777087d7f78ec12a,manual_install,tablet,Apple,iPad Air 2,,"iPad5,4",IOS,11.4.1,,,en-gb,No,3600,,,Europe,United Kingdom,England,London,,,(direct),(none),(direct)
20180829,1535539995633004,2018-08-29T11:53:15,session_start,1535534322945004,2018-08-29T10:18:42,,67,72146,ba946113c0e08d7a4a1358ea0077a98e,5783228E70934E968FF40707CC1971D8,1534951137328000,2018-08-22T16:18:57,,1220499683,IOS,,RangeContentViewController,auto,5797213001127530436,,1,,,,,,,,,,,,,,,1534951137328000,1535539988963000,uk.co.skoda.assistant.uat,1.1.7,,1:571703561616:ios:777087d7f78ec12a,manual_install,tablet,Apple,iPad Air 2,,"iPad5,4",IOS,11.4.1,,,en-gb,No,3600,,,Europe,United Kingdom,England,London,,,(direct),(none),(direct)
20180829,1535549775065002,2018-08-29T14:36:15,session_start,1535539995633002,2018-08-29T11:53:15,,68,112323,ba946113c0e08d7a4a1358ea0077a98e,5783228E70934E968FF40707CC1971D8,1534951137328000,2018-08-22T16:18:57,,1220499683,IOS,,LoginViewController,auto,6136825225178854524,,1,,,,,,,,,,,,,,,1534951137328000,1535539988963000,uk.co.skoda.assistant.uat,1.1.7,,1:571703561616:ios:777087d7f78ec12a,manual_install,tablet,Apple,iPad Air 2,,"iPad5,4",IOS,11.4.1,,,en-gb,No,3600,,,Europe,United Kingdom,England,London,,,(direct),(none),(direct)
20180829,1535552458331005,2018-08-29T15:20:58,session_start,1535549775065005,2018-08-29T14:36:15,,79,81753,ba946113c0e08d7a4a1358ea0077a98e,5783228E70934E968FF40707CC1971D8,1534951137328000,2018-08-22T16:18:57,,1220499683,IOS,,ProfileViewController,auto,1008387520062371247,,1,,,,,,,,,,,,,,,1534951137328000,1535552451384000,uk.co.skoda.assistant.uat,1.1.7,,1:571703561616:ios:777087d7f78ec12a,manual_install,tablet,Apple,iPad Air 2,,"iPad5,4",IOS,11.4.1,,,en-gb,No,3600,,,Europe,United Kingdom,England,London,,,(direct),(none),(direct)
20180829,1535548270880000,2018-08-29T14:11:10,session_start,1535469891486000,2018-08-28T16:24:51,,16,101889,1b537722419fcaeeda617408f78f5d72,D31B89327DC04B1FB78742BB37A6A6AD,1535469858649000,2018-08-28T16:24:18,,1220499683,IOS,,ContentLoaderViewController,auto,-7214799512009187803,,1,,,,,,,,,,,,,,,1535469858649000,1535470075842000,uk.co.skoda.assistant.uat,1.1.7,,1:571703561616:ios:777087d7f78ec12a,manual_install,tablet,Apple,iPad Air 2,,"iPad5,4",IOS,11.4.1,,,en-gb,No,3600,,,Europe,United Kingdom,England,London,,,(direct),(none),(direct)
20180829,1535533040286154,2018-08-29T09:57:20,session_start,1535529764261154,2018-08-29T09:02:44,,112,305506,352133e211bbdb63baa0ef1de05a92f6,14D78D5E23C341FCA0F179A27E5652EE,1534926269410000,2018-08-22T09:24:29,,1220499683,IOS,,SkodaContentViewController,auto,-4189340690112878102,,1,,,,,,,,,,,,,,,1534926269410000,1535530011061000,uk.co.skoda.assistant.uat,1.1.3,,1:571703561616:ios:777087d7f78ec12a,manual_install,tablet,Apple,iPad Air 2,,"iPad5,4",IOS,11.4.1,A32BF78F-CE5A-45C8-8A8D-A28FC9819091,,en-gb,No,3600,,,Europe,United Kingdom,England,London,,,(direct),(none),(direct)
20180829,1535537938213000,2018-08-29T11:18:58,session_start,1535533040286000,2018-08-29T09:57:20,,115,305509,352133e211bbdb63baa0ef1de05a92f6,14D78D5E23C341FCA0F179A27E5652EE,1534926269410000,2018-08-22T09:24:29,,1220499683,IOS,,RangeContentViewController,auto,-4189340690112878057,,1,,,,,,,,,,,,,,,1534926269410000,1535533747806000,uk.co.skoda.assistant.uat,1.1.3,,1:571703561616:ios:777087d7f78ec12a,manual_install,tablet,Apple,iPad Air 2,,"iPad5,4",IOS,11.4.1,A32BF78F-CE5A-45C8-8A8D-A28FC9819091,,en-gb,No,3600,,,Europe,United Kingdom,England,London,,,(direct),(none),(direct)
20180829,1535529764261005,2018-08-29T09:02:44,session_start,1535459783639005,2018-08-28T13:36:23,,111,305505,352133e211bbdb63baa0ef1de05a92f6,14D78D5E23C341FCA0F179A27E5652EE,1534926269410000,2018-08-22T09:24:29,,1220499683,IOS,,LoginViewController,auto,-4189340690112878104,,1,,,,,,,,,,,,,,,1534926269410000,1535460252679000,uk.co.skoda.assistant.uat,1.1.3,,1:571703561616:ios:777087d7f78ec12a,manual_install,tablet,Apple,iPad Air 2,,"iPad5,4",IOS,11.4.1,A32BF78F-CE5A-45C8-8A8D-A28FC9819091,,en-gb,No,3600,,,Europe,United Kingdom,England,London,,,(direct),(none),(direct)
20180829,1535543650062003,2018-08-29T12:54:10,session_start,1535537938213003,2018-08-29T11:18:58,,117,305511,352133e211bbdb63baa0ef1de05a92f6,14D78D5E23C341FCA0F179A27E5652EE,1534926269410000,2018-08-22T09:24:29,,1220499683,IOS,,SkodaContentViewController,auto,-4189340690112878053,,1,,,,,,,,,,,,,,,1534926269410000,1535537968280000,uk.co.skoda.assistant.uat,1.1.3,,1:571703561616:ios:777087d7f78ec12a,manual_install,tablet,Apple,iPad Air 2,,"iPad5,4",IOS,11.4.1,A32BF78F-CE5A-45C8-8A8D-A28FC9819091,,en-gb,No,3600,,,Europe,United Kingdom,England,London,,,(direct),(none),(direct)
20180829,1535536647864000,2018-08-29T10:57:27,session_start,1535019715736000,2018-08-23T11:21:55,,12,92256,ba946113c0e08d7a4a1358ea0077a98e,B82ADB697C2140B59BADCDEEB8509769,1535019703852000,2018-08-23T11:21:43,,1220499683,IOS,,LoginViewController,auto,-7134482481562243139,,1,,,,,,,,,,,,,,,1535019703852000,1535019879836000,uk.co.skoda.assistant.test,1.1.6,,1:571703561616:ios:777087d7f78ec12a,manual_install,tablet,Apple,iPad Air 2,,"iPad5,4",IOS,11.4.1,,,en-gb,No,3600,,,Europe,United Kingdom,England,London,,,(direct),(none),(direct)
20180829,1535546756859003,2018-08-29T13:45:56,session_start,,,,1,87884,,DC006A2B90D34FBF94E0CC3C42B52538,1535546745206000,2018-08-29T13:45:45,,1220499683,IOS,,LoginViewController,auto,3782094526264168976,,1,,,,,,,,,,,,,,,1535546745206000,,uk.co.skoda.assistant.test,1.1.7,,1:571703561616:ios:777087d7f78ec12a,manual_install,tablet,Apple,iPad Air 2,,"iPad5,4",IOS,11.4.1,,,en-gb,No,3600,,,Europe,United Kingdom,England,London,,,(direct),(none),(direct)
20180829,1535533344444000,2018-08-29T10:02:24,session_start,1534776763422000,2018-08-20T15:52:43,,37,146635,0e54e19c4e691e1b89af2585c70d4acd,39CCEC8C480C4901A6EF5F5553E7F22A,1534328809706000,2018-08-15T11:26:49,,1220499683,IOS,,LoginViewController,auto,-1905423073944543929,,1,,,,,,,,,,,,,,,1534328809706000,1534754001701000,uk.co.skoda.assistant.ios,1.1.6,,1:571703561616:ios:777087d7f78ec12a,manual_install,tablet,Apple,iPad,,"iPad7,5",IOS,11.4.1,,,en-gb,No,3600,,,Europe,United Kingdom,England,Andover,,,(direct),(none),(direct)
20180829,1535542633078000,2018-08-29T12:37:13,session_start,1535100697331000,2018-08-24T09:51:37,,14,121152,ca6a908acc5d9b22e1f92b06781b07a9,34DB4AD6741342CD93885057A27A4C90,1533821671647000,2018-08-09T14:34:31,,1220499683,IOS,,SplashViewController,auto,-362460847759049982,,1,,,,,,,,,,,,,,,1533821671647000,1535101676183000,uk.co.skoda.assistant.ios,1.1.6,,1:571703561616:ios:777087d7f78ec12a,manual_install,tablet,Apple,iPad,,"iPad7,5",IOS,11.4.1,,,en-gb,No,3600,,,Europe,United Kingdom,England,Nottingham,,,(direct),(none),(direct)
20180829,1535541333592000,2018-08-29T12:15:33,session_start,1535537194435000,2018-08-29T11:06:34,,40,179180,e65ed16c595914f10b59a8d872f916b0,52A0FD435CAA428E86D603157F72F23A,1534758431647000,2018-08-20T10:47:11,,1220499683,IOS,,RangeContentViewController,auto,-5074745263819787411,,1,,,,,,,,,,,,,,,1534758431647000,1535537196864000,uk.co.skoda.assistant.ios,1.1.6,,1:571703561616:ios:777087d7f78ec12a,manual_install,tablet,Apple,iPad,,"iPad7,5",IOS,11.4.1,,,en-gb,No,3600,,,Europe,United Kingdom,England,Andover,,,(direct),(none),(direct)
20180829,1535555463104001,2018-08-29T16:11:03,session_start,1535541333592001,2018-08-29T12:15:33,,52,122948,e65ed16c595914f10b59a8d872f916b0,52A0FD435CAA428E86D603157F72F23A,1534758431647000,2018-08-20T10:47:11,,1220499683,IOS,,RangeContentViewController,auto,-5074745263819787411,,1,,,,,,,,,,,,,,,1534758431647000,1535537196864000,uk.co.skoda.assistant.ios,1.1.6,,1:571703561616:ios:777087d7f78ec12a,manual_install,tablet,Apple,iPad,,"iPad7,5",IOS,11.4.1,,,en-gb,No,3600,,,Europe,United Kingdom,England,Andover,,,(direct),(none),(direct)
20180829,1535560008096001,2018-08-29T17:26:48,session_start,1535555463104001,2018-08-29T16:11:03,,55,135259,e65ed16c595914f10b59a8d872f916b0,52A0FD435CAA428E86D603157F72F23A,1534758431647000,2018-08-20T10:47:11,,1220499683,IOS,,RangeContentViewController,auto,-5074745263819787411,,1,,,,,,,,,,,,,,,1534758431647000,1535537196864000,uk.co.skoda.assistant.ios,1.1.6,,1:571703561616:ios:777087d7f78ec12a,manual_install,tablet,Apple,iPad,,"iPad7,5",IOS,11.4.1,,,en-gb,No,3600,,,Europe,United Kingdom,England,Andover,,,(direct),(none),(direct)
20180829,1535537194435002,2018-08-29T11:06:34,session_start,1535444670883002,2018-08-28T09:24:30,,36,160533,e65ed16c595914f10b59a8d872f916b0,52A0FD435CAA428E86D603157F72F23A,1534758431647000,2018-08-20T10:47:11,,1220499683,IOS,,LoginViewController,auto,-5074745263819787413,,1,,,,,,,,,,,,,,,1534758431647000,1535444668536000,uk.co.skoda.assistant.ios,1.1.6,,1:571703561616:ios:777087d7f78ec12a,manual_install,tablet,Apple,iPad,,"iPad7,5",IOS,11.4.1,,,en-gb,No,3600,,,Europe,United Kingdom,England,Andover,,,(direct),(none),(direct)
20180829,1535563100739007,2018-08-29T18:18:20,session_start,1535111472232007,2018-08-24T12:51:12,,82,-28792656312,cdacf5419947b286b98cd669991f534a,D7665953F7DE47F791BFD2F71BCEC745,1534254909946000,2018-08-14T14:55:09,,1220499683,IOS,,RangeContentViewController,auto,5537654674160040722,,1,,,,,,,,,,,,,,,1534254909946000,1535531476219000,uk.co.skoda.assistant.ios,1.1.6,,1:571703561616:ios:777087d7f78ec12a,manual_install,tablet,Apple,iPad,,"iPad7,5",IOS,11.4.1,,,en-gb,No,-25200,,,Europe,United Kingdom,England,Birmingham,,,(direct),(none),(direct)
20180829,1535569764710004,2018-08-29T20:09:24,session_start,1535563100739004,2018-08-29T18:18:20,,99,-28792586702,cdacf5419947b286b98cd669991f534a,D7665953F7DE47F791BFD2F71BCEC745,1534254909946000,2018-08-14T14:55:09,,1220499683,IOS,,SkodaAlertController,auto,5537654674160040805,,1,,,,,,,,,,,,,,,1534254909946000,1535567659618000,uk.co.skoda.assistant.ios,1.1.6,,1:571703561616:ios:777087d7f78ec12a,manual_install,tablet,Apple,iPad,,"iPad7,5",IOS,11.4.1,,,en-gb,No,-25200,,,Europe,United Kingdom,England,Birmingham,,,(direct),(none),(direct)
20180829,1535574657403003,2018-08-29T21:30:57,session_start,1535569764710003,2018-08-29T20:09:24,,101,-28792549420,cdacf5419947b286b98cd669991f534a,D7665953F7DE47F791BFD2F71BCEC745,1534254909946000,2018-08-14T14:55:09,,1220499683,IOS,,RangeContentViewController,auto,5537654674160040804,,1,,,,,,,,,,,,,,,1534254909946000,1535567659618000,uk.co.skoda.assistant.ios,1.1.6,,1:571703561616:ios:777087d7f78ec12a,manual_install,tablet,Apple,iPad,,"iPad7,5",IOS,11.4.1,,,en-gb,No,-25200,,,Europe,United Kingdom,England,Birmingham,,,(direct),(none),(direct)
20180829,1535546621741000,2018-08-29T13:43:41,session_start,1535537806157000,2018-08-29T11:16:46,,214,91712,c6b535f66ecd3748583afa7e7b39bb3b,9D05C71DD0774D72B4326C0273C3570F,1533819733967000,2018-08-09T14:02:13,,1220499683,IOS,,SkodaContentViewController,auto,964496880845775988,,1,,,,,,,,,,,,,,,1533819733967000,1535537970404000,uk.co.skoda.assistant.ios,1.1.6,,1:571703561616:ios:777087d7f78ec12a,manual_install,tablet,Apple,iPad,,"iPad7,5",IOS,11.4.1,,,en-gb,No,3600,,,Europe,United Kingdom,England,Nottingham,,,(direct),(none),(direct)
20180829,1535560421736005,2018-08-29T17:33:41,session_start,1535546621741005,2018-08-29T13:43:41,,216,91714,c6b535f66ecd3748583afa7e7b39bb3b,9D05C71DD0774D72B4326C0273C3570F,1533819733967000,2018-08-09T14:02:13,,1220499683,IOS,,MFMailComposeInternalViewController,auto,964496880845776008,,1,,,,,,,,,,,,,,,1533819733967000,1535537970404000,uk.co.skoda.assistant.ios,1.1.6,,1:571703561616:ios:777087d7f78ec12a,manual_install,tablet,Apple,iPad,,"iPad7,5",IOS,11.4.1,,,en-gb,No,3600,,,Europe,United Kingdom,England,Nottingham,,,(direct),(none),(direct)
20180829,1535532761895015,2018-08-29T09:52:41,session_start,1535474022274015,2018-08-28T17:33:42,,211,91709,c6b535f66ecd3748583afa7e7b39bb3b,9D05C71DD0774D72B4326C0273C3570F,1533819733967000,2018-08-09T14:02:13,,1220499683,IOS,,LoginViewController,auto,964496880845775980,,1,,,,,,,,,,,,,,,1533819733967000,1535454409079000,uk.co.skoda.assistant.ios,1.1.6,,1:571703561616:ios:777087d7f78ec12a,manual_install,tablet,Apple,iPad,,"iPad7,5",IOS,11.4.1,,,en-gb,No,3600,,,Europe,United Kingdom,England,Nottingham,,,(direct),(none),(direct)
20180829,1535537806157007,2018-08-29T11:16:46,session_start,1535532761895007,2018-08-29T09:52:41,,212,91710,c6b535f66ecd3748583afa7e7b39bb3b,9D05C71DD0774D72B4326C0273C3570F,1533819733967000,2018-08-09T14:02:13,,1220499683,IOS,,LoginViewController,auto,964496880845775984,,1,,,,,,,,,,,,,,,1533819733967000,1535454409079000,uk.co.skoda.assistant.ios,1.1.6,,1:571703561616:ios:777087d7f78ec12a,manual_install,tablet,Apple,iPad,,"iPad7,5",IOS,11.4.1,,,en-gb,No,3600,,,Europe,United Kingdom,England,Nottingham,,,(direct),(none),(direct)
20180829,1535529421882001,2018-08-29T08:57:01,session_start,1535205668926001,2018-08-25T15:01:08,,45,133817,3815d233c65e0ed5c46b0e210e2fe10c,A030146C3D7F4F43B80C6182F70A03C2,1534769254275000,2018-08-20T13:47:34,,1220499683,IOS,,LoginViewController,auto,7419981379968766813,,1,,,,,,,,,,,,,,,1534769254275000,1535184354033000,uk.co.skoda.assistant.ios,1.1.6,,1:571703561616:ios:777087d7f78ec12a,manual_install,tablet,Apple,iPad,,"iPad7,5",IOS,11.4.1,,,en-gb,No,3600,,,Europe,United Kingdom,England,Andover,,,(direct),(none),(direct)
20180829,1535541130744005,2018-08-29T12:12:10,session_start,1535529421882005,2018-08-29T08:57:01,,50,164157,3815d233c65e0ed5c46b0e210e2fe10c,A030146C3D7F4F43B80C6182F70A03C2,1534769254275000,2018-08-20T13:47:34,,1220499683,IOS,,SFSafariViewController,auto,7419981379968766817,,1,,,,,,,,,,,,,,,1534769254275000,1535529453018000,uk.co.skoda.assistant.ios,1.1.6,,1:571703561616:ios:777087d7f78ec12a,manual_install,tablet,Apple,iPad,,"iPad7,5",IOS,11.4.1,,,en-gb,No,3600,,,Europe,United Kingdom,England,Andover,,,(direct),(none),(direct)
20180829,1535544645450003,2018-08-29T13:10:45,session_start,1535541130744003,2018-08-29T12:12:10,,53,105863,3815d233c65e0ed5c46b0e210e2fe10c,A030146C3D7F4F43B80C6182F70A03C2,1534769254275000,2018-08-20T13:47:34,,1220499683,IOS,,SkodaContentViewController,auto,7419981379968766815,,1,,,,,,,,,,,,,,,1534769254275000,1535529453018000,uk.co.skoda.assistant.ios,1.1.6,,1:571703561616:ios:777087d7f78ec12a,manual_install,tablet,Apple,iPad,,"iPad7,5",IOS,11.4.1,,,en-gb,No,3600,,,Europe,United Kingdom,England,Andover,,,(direct),(none),(direct)
20180829,1535542924730000,2018-08-29T12:42:04,session_start,1535131445943000,2018-08-24T18:24:05,,27,124009,c0795c1b0be2d3efe8c6cc158277dc44,F7993CD81B8D4DFEB0424CF94D2EA130,1534952797272000,2018-08-22T16:46:37,,1220499683,IOS,,SplashViewController,auto,-5426362898991794806,,1,,,,,,,,,,,,,,,1534952797272000,1535104239399000,uk.co.skoda.assistant.ios,1.1.6,,1:571703561616:ios:777087d7f78ec12a,manual_install,tablet,Apple,iPad,,"iPad7,5",IOS,11.4.1,,,en-gb,No,3600,,,Europe,United Kingdom,England,London,,,(direct),(none),(direct)
20180829,1535552296523000,2018-08-29T15:18:16,session_start,1535019938624000,2018-08-23T11:25:38,,30,131552,da32f3bc62f2c2abf62680e457a110d2,D6FB27FF9E2A4784AFC7C3E80CBF2B7E,1534935558584000,2018-08-22T11:59:18,,1220499683,IOS,,SkodaContentViewController,auto,9152738656528423471,,1,,,,,,,,,,,,,,,1534935558584000,1535552288894000,uk.co.skoda.assistant.ios,1.1.6,,1:571703561616:ios:777087d7f78ec12a,manual_install,tablet,Apple,iPad,,"iPad7,5",IOS,11.4.1,,,en-gb,No,3600,,,Europe,United Kingdom,England,London,,,(direct),(none),(direct)
20180829,1535549353742000,2018-08-29T14:29:13,session_start,1535530886855000,2018-08-29T09:21:26,,106,2171387,96b9cae1b9cb767955a1610196bbe477,0B88BF99ABB14601BCDCA9DD19AE9559,1534348675851000,2018-08-15T16:57:55,,1220499683,IOS,,LoginViewController,auto,6242823001408267224,,1,,,,,,,,,,,,,,,1534348675851000,1535530892298000,uk.co.skoda.assistant.ios,1.1.6,,1:571703561616:ios:777087d7f78ec12a,manual_install,tablet,Apple,iPad,,"iPad7,5",IOS,11.4.1,,,en-gb,No,-25200,,,Europe,United Kingdom,England,London,,,(direct),(none),(direct)
20180829,1535553093568004,2018-08-29T15:31:33,session_start,1535549353742004,2018-08-29T14:29:13,,110,332143,96b9cae1b9cb767955a1610196bbe477,0B88BF99ABB14601BCDCA9DD19AE9559,1534348675851000,2018-08-15T16:57:55,,1220499683,IOS,,RangeContentViewController,auto,6242823001408267246,,1,,,,,,,,,,,,,,,1534348675851000,1535550012387000,uk.co.skoda.assistant.ios,1.1.6,,1:571703561616:ios:777087d7f78ec12a,manual_install,tablet,Apple,iPad,,"iPad7,5",IOS,11.4.1,,,en-gb,No,-25200,,,Europe,United Kingdom,England,London,,,(direct),(none),(direct)
20180829,1535530886855000,2018-08-29T09:21:26,session_start,1535478570095000,2018-08-28T18:49:30,,89,152900,96b9cae1b9cb767955a1610196bbe477,0B88BF99ABB14601BCDCA9DD19AE9559,1534348675851000,2018-08-15T16:57:55,,1220499683,IOS,,LoginViewController,auto,-7249943685492480007,,1,,,,,,,,,,,,,,,1534348675851000,1535480840311000,uk.co.skoda.assistant.ios,1.1.6,,1:571703561616:ios:777087d7f78ec12a,manual_install,tablet,Apple,iPad,,"iPad7,5",IOS,11.4.1,,,en-gb,No,-25200,,,Europe,United Kingdom,England,Andover,,,(direct),(none),(direct)
20180829,1535533337014003,2018-08-29T10:02:17,session_start,,,,1,-1567261,,A9D750AECB6B4381BE23FD8F809F088B,1535533324747000,2018-08-29T10:02:04,,1220499683,IOS,,LoginViewController,auto,-7873892803081472379,,1,,,,,,,,,,,,,,,1535533324747000,,uk.co.skoda.assistant.ios,1.1.1,,1:571703561616:ios:777087d7f78ec12a,manual_install,tablet,Apple,iPad,,"iPad7,5",IOS,11.4.1,,,en-gb,No,-25200,,,Europe,United Kingdom,England,Andover,,,(direct),(none),(direct)
20180829,1535538571783003,2018-08-29T11:29:31,session_start,1535533337014003,2018-08-29T10:02:17,,9,759617,b8140050d3b610ff8a93bef7a6d60f0d,A9D750AECB6B4381BE23FD8F809F088B,1535533324747000,2018-08-29T10:02:04,,1220499683,IOS,,TrimViewController,auto,7051004047525632040,,1,,,,,,,,,,,,,,,1535533324747000,1535534147888000,uk.co.skoda.assistant.ios,1.1.6,,1:571703561616:ios:777087d7f78ec12a,manual_install,tablet,Apple,iPad,,"iPad7,5",IOS,11.4.1,,,en-gb,No,3600,,,Europe,United Kingdom,England,London,,,(direct),(none),(direct)
20180829,1535535662806004,2018-08-29T10:41:02,session_start,1535473386868004,2018-08-28T17:23:06,,223,113464,cc9c8ab3df6acfd2ca81c7bbef2e4c6a,7377B44DC66D47FE922EC1794773196F,1534866945842000,2018-08-21T16:55:45,,1220499683,IOS,,SFSafariViewController,auto,8549608140516702902,,1,,,,,,,,,,,,,,,1534866945842000,1535529274041000,uk.co.skoda.assistant.uat,1.1.6,,1:571703561616:ios:777087d7f78ec12a,manual_install,tablet,Apple,iPad,,"iPad7,5",IOS,11.4,,,en-gb,No,3600,,,Europe,United Kingdom,England,Newport Pagnell,,,(direct),(none),(direct)
20180829,1535560226010009,2018-08-29T17:30:26,session_start,1535535662806009,2018-08-29T10:41:02,,235,102550,cc9c8ab3df6acfd2ca81c7bbef2e4c6a,7377B44DC66D47FE922EC1794773196F,1534866945842000,2018-08-21T16:55:45,,1220499683,IOS,,TrimViewController,auto,8549608140516702904,,1,,,,,,,,,,,,,,,1534866945842000,1535529274041000,uk.co.skoda.assistant.uat,1.1.6,,1:571703561616:ios:777087d7f78ec12a,manual_install,tablet,Apple,iPad,,"iPad7,5",IOS,11.4,,,en-gb,No,3600,,,Europe,United Kingdom,England,Newport Pagnell,,,(direct),(none),(direct)
20180829,1535540502573000,2018-08-29T12:01:42,session_start,1535461302625000,2018-08-28T14:01:42,,114,182275,edc414157e224dd8c2045f87cbb52c7b,2C9580CD92C74F0BBD053576BD11AA51,1534253270072000,2018-08-14T14:27:50,,1220499683,IOS,,RangeContentViewController,auto,-2135305417362460762,,1,,,,,,,,,,,,,,,1534253270072000,1535540495112000,uk.co.skoda.assistant.ios,1.1.6,,1:571703561616:ios:777087d7f78ec12a,manual_install,tablet,Apple,iPad,,"iPad7,6",IOS,11.4.1,,,en-gb,No,3600,,,Europe,United Kingdom,England,London,,,(direct),(none),(direct)
20180829,1535547435479002,2018-08-29T13:57:15,session_start,1535540502573002,2018-08-29T12:01:42,,119,121091,edc414157e224dd8c2045f87cbb52c7b,2C9580CD92C74F0BBD053576BD11AA51,1534253270072000,2018-08-14T14:27:50,,1220499683,IOS,,RangeContentViewController,auto,-2135305417362460762,,1,,,,,,,,,,,,,,,1534253270072000,1535540495112000,uk.co.skoda.assistant.ios,1.1.6,,1:571703561616:ios:777087d7f78ec12a,manual_install,tablet,Apple,iPad,,"iPad7,6",IOS,11.4.1,,,en-gb,No,3600,,,Europe,United Kingdom,England,London,,,(direct),(none),(direct)
20180829,1535553365636007,2018-08-29T15:36:05,session_start,1535547435479007,2018-08-29T13:57:15,,128,209467,edc414157e224dd8c2045f87cbb52c7b,2C9580CD92C74F0BBD053576BD11AA51,1534253270072000,2018-08-14T14:27:50,,1220499683,IOS,,SkodaContentViewController,auto,-6575195997575011650,,1,,,,,,,,,,,,,,,1534253270072000,1535553358231000,uk.co.skoda.assistant.ios,1.1.6,,1:571703561616:ios:777087d7f78ec12a,manual_install,tablet,Apple,iPad,,"iPad7,6",IOS,11.4.1,,,en-gb,No,3600,,,Europe,United Kingdom,England,London,,,(direct),(none),(direct)
20180829,1535559844651000,2018-08-29T17:24:04,session_start,1535553365636000,2018-08-29T15:36:05,,134,84729,edc414157e224dd8c2045f87cbb52c7b,2C9580CD92C74F0BBD053576BD11AA51,1534253270072000,2018-08-14T14:27:50,,1220499683,IOS,,SkodaContentViewController,auto,-6575195997575011650,,1,,,,,,,,,,,,,,,1534253270072000,1535553358231000,uk.co.skoda.assistant.ios,1.1.6,,1:571703561616:ios:777087d7f78ec12a,manual_install,tablet,Apple,iPad,,"iPad7,6",IOS,11.4.1,,,en-gb,No,3600,,,Europe,United Kingdom,England,London,,,(direct),(none),(direct)
20180829,1535537806787000,2018-08-29T11:16:46,session_start,1535441544419000,2018-08-28T08:32:24,,113,76285,5923b6e92cddb92053bd283b9bcb6730,CF72BE0F3C0C46338C1F4580FD621EF6,1533816862477000,2018-08-09T13:14:22,,1220499683,IOS,,RangeContentViewController,auto,5370564723095293804,,1,,,,,,,,,,,,,,,1533816862477000,1535537801143000,uk.co.skoda.assistant.ios,1.1.6,,1:571703561616:ios:777087d7f78ec12a,manual_install,tablet,Apple,iPad,,"iPad7,6",IOS,11.4.1,,,en-gb,No,3600,,,Europe,United Kingdom,England,Nottingham,,,(direct),(none),(direct)
20180829,1535537052720001,2018-08-29T11:04:12,session_start,1535534428818001,2018-08-29T10:20:28,,224,97062,6adf7dcd7358e4c15d9a44c23348678f,CD40E53301BD4F62BA2C91352C14FB4C,1534751892109000,2018-08-20T08:58:12,,1220499683,IOS,,RangeContentViewController,auto,-5098327230150829067,,1,,,,,,,,,,,,,,,1534751892109000,1535534454324000,uk.co.skoda.assistant.ios,1.1.6,,1:571703561616:ios:777087d7f78ec12a,manual_install,tablet,Apple,iPad,,"iPad7,6",IOS,11.4.1,,,en-gb,No,3600,,,Europe,United Kingdom,England,Andover,,,(direct),(none),(direct)
20180829,1535541473451001,2018-08-29T12:17:53,session_start,1535537052720001,2018-08-29T11:04:12,,228,105402,6adf7dcd7358e4c15d9a44c23348678f,CD40E53301BD4F62BA2C91352C14FB4C,1534751892109000,2018-08-20T08:58:12,,1220499683,IOS,,TrimViewController,auto,-5098327230150829065,,1,,,,,,,,,,,,,,,1534751892109000,1535534454324000,uk.co.skoda.assistant.ios,1.1.6,,1:571703561616:ios:777087d7f78ec12a,manual_install,tablet,Apple,iPad,,"iPad7,6",IOS,11.4.1,,,en-gb,No,3600,,,Europe,United Kingdom,England,Andover,,,(direct),(none),(direct)
20180829,1535551688672004,2018-08-29T15:08:08,session_start,1535541473451004,2018-08-29T12:17:53,,238,141723,6adf7dcd7358e4c15d9a44c23348678f,CD40E53301BD4F62BA2C91352C14FB4C,1534751892109000,2018-08-20T08:58:12,,1220499683,IOS,,RangeContentViewController,auto,-5098327230150829037,,1,,,,,,,,,,,,,,,1534751892109000,1535545594142000,uk.co.skoda.assistant.ios,1.1.6,,1:571703561616:ios:777087d7f78ec12a,manual_install,tablet,Apple,iPad,,"iPad7,6",IOS,11.4.1,,,en-gb,No,3600,,,Europe,United Kingdom,England,Andover,,,(direct),(none),(direct)
20180829,1535558418202005,2018-08-29T17:00:18,session_start,1535551688672005,2018-08-29T15:08:08,,246,145994,6adf7dcd7358e4c15d9a44c23348678f,CD40E53301BD4F62BA2C91352C14FB4C,1534751892109000,2018-08-20T08:58:12,,1220499683,IOS,,TrimViewController,auto,-5098327230150829022,,1,,,,,,,,,,,,,,,1534751892109000,1535552099261000,uk.co.skoda.assistant.ios,1.1.6,,1:571703561616:ios:777087d7f78ec12a,manual_install,tablet,Apple,iPad,,"iPad7,6",IOS,11.4.1,,,en-gb,No,3600,,,Europe,United Kingdom,England,Andover,,,(direct),(none),(direct)
20180829,1535531100858008,2018-08-29T09:25:00,session_start,1535473433032008,2018-08-28T17:23:53,,213,106054,6adf7dcd7358e4c15d9a44c23348678f,CD40E53301BD4F62BA2C91352C14FB4C,1534751892109000,2018-08-20T08:58:12,,1220499683,IOS,,LoginViewController,auto,-970542389135931757,,1,,,,,,,,,,,,,,,1534751892109000,1535475139756000,uk.co.skoda.assistant.ios,1.1.6,,1:571703561616:ios:777087d7f78ec12a,manual_install,tablet,Apple,iPad,,"iPad7,6",IOS,11.4.1,,,en-gb,No,3600,,,Europe,United Kingdom,England,Andover,,,(direct),(none),(direct)
20180829,1535534428818002,2018-08-29T10:20:28,session_start,1535531100858002,2018-08-29T09:25:00,,220,121072,6adf7dcd7358e4c15d9a44c23348678f,CD40E53301BD4F62BA2C91352C14FB4C,1534751892109000,2018-08-20T08:58:12,,1220499683,IOS,,LoginViewController,auto,-5098327230150829069,,1,,,,,,,,,,,,,,,1534751892109000,1535531801099000,uk.co.skoda.assistant.ios,1.1.6,,1:571703561616:ios:777087d7f78ec12a,manual_install,tablet,Apple,iPad,,"iPad7,6",IOS,11.4.1,,,en-gb,No,3600,,,Europe,United Kingdom,England,Andover,,,(direct),(none),(direct)
20180829,1535551666153002,2018-08-29T15:07:46,session_start,1535471518312002,2018-08-28T16:51:58,,84,133758,6776a5bbdb8392012a9c0ba2c19dac34,7DD2DAD06C3D42B293861A4E53DCC977,1534924685291000,2018-08-22T08:58:05,,1220499683,IOS,,LoginViewController,auto,-4619865760130533787,,1,,,,,,,,,,,,,,,1534924685291000,1535455501271000,uk.co.skoda.assistant.ios,1.1.6,,1:571703561616:ios:777087d7f78ec12a,manual_install,tablet,Apple,iPad,,"iPad7,6",IOS,11.4.1,,,en-gb,No,3600,,,Europe,United Kingdom,England,London,,,(direct),(none),(direct)
20180829,1535540825691002,2018-08-29T12:07:05,session_start,1534943799540002,2018-08-22T14:16:39,,5,124165,,31A7EDAD427043C0BFD2C44CE78B4293,1534943788295000,2018-08-22T14:16:28,,1220499683,IOS,,LoginViewController,auto,5970905877229776693,,1,,,,,,,,,,,,,,,1534943788295000,,uk.co.skoda.assistant.ios,1.1.6,,1:571703561616:ios:777087d7f78ec12a,manual_install,tablet,Apple,iPad 5th gen,,"iPad6,11",IOS,11.4.1,,,en-gb,No,3600,,,Europe,United Kingdom,England,Birmingham,,,(direct),(none),(direct)
20180829,1535545767014002,2018-08-29T13:29:27,session_start,1535277946043002,2018-08-26T11:05:46,,74,50577,cf45cf67225c8db6fae2aa19b9fc3f14,A6C4FC6E2A16448DACC5EF768EC0D466,1533915225464000,2018-08-10T16:33:45,,1220499683,IOS,,LoginViewController,auto,1120063461576609442,,1,,,,,,,,,,,,,,,1533915225464000,1535278039578000,uk.co.skoda.assistant.ios,1.1.6,,1:571703561616:ios:777087d7f78ec12a,manual_install,tablet,Apple,iPad 5th gen,,"iPad6,11",IOS,11.4.1,,,en-gb,No,3600,,,Europe,United Kingdom,England,Birmingham,,,(direct),(none),(direct)
20180829,1535573798053004,2018-08-29T21:16:38,session_start,1535545767014004,2018-08-29T13:29:27,,83,404610,cf45cf67225c8db6fae2aa19b9fc3f14,A6C4FC6E2A16448DACC5EF768EC0D466,1533915225464000,2018-08-10T16:33:45,,1220499683,IOS,,AVPlayerViewController,auto,1120063461576609454,,1,,,,,,,,,,,,,,,1533915225464000,1535545767234000,uk.co.skoda.assistant.ios,1.1.6,,1:571703561616:ios:777087d7f78ec12a,manual_install,tablet,Apple,iPad 5th gen,,"iPad6,11",IOS,11.4.1,,,en-gb,No,3600,,,Europe,United Kingdom,England,Herne Bay,,,(direct),(none),(direct)
20180829,1535533586315000,2018-08-29T10:06:26,session_start,,,,3,108800,,12E6C1DFE1EC4F3FBD4EEE00D2C79EEB,1535286409676000,2018-08-26T13:26:49,,1220499683,IOS,,LoginViewController,auto,8866720084579865576,,1,,,,,,,,,,,,,,,1535286409676000,,uk.co.skoda.assistant.ios,1.1.6,,1:571703561616:ios:777087d7f78ec12a,manual_install,tablet,Apple,iPad 5th gen,,"iPad6,11",IOS,11.4,,,en-gb,No,3600,,,Europe,United Kingdom,England,Birmingham,,,(direct),(none),(direct)
20180829,1535547786867003,2018-08-29T14:03:06,session_start,1535533586315003,2018-08-29T10:06:26,,19,52466,27a773ed5ce9ed04a0580b749b5dda9c,12E6C1DFE1EC4F3FBD4EEE00D2C79EEB,1535286409676000,2018-08-26T13:26:49,,1220499683,IOS,,SkodaContentViewController,auto,91144493130371401,,1,,,,,,,,,,,,,,,1535286409676000,1535537252381000,uk.co.skoda.assistant.ios,1.1.6,,1:571703561616:ios:777087d7f78ec12a,manual_install,tablet,Apple,iPad 5th gen,,"iPad6,11",IOS,11.4,,,en-gb,No,3600,,,Europe,United Kingdom,England,Birmingham,,,(direct),(none),(direct)
20180829,1535532387094001,2018-08-29T09:46:27,session_start,1535472691958001,2018-08-28T17:11:31,,4,185282,,BC57F9E26A384FCB91CE2CD301733CDA,1535472680059000,2018-08-28T17:11:20,,1220499683,IOS,,LoginViewController,auto,-5321473143137198607,,1,,,,,,,,,,,,,,,1535472680059000,,uk.co.skoda.assistant.uat,1.1.7,,1:571703561616:ios:777087d7f78ec12a,manual_install,tablet,Apple,iPad 5th gen,,"iPad6,11",IOS,11.4.1,,,en-gb,No,3600,,,Europe,United Kingdom,England,London,,,(direct),(none),(direct)
20180829,1535548720374000,2018-08-29T14:18:40,session_start,1535532387094000,2018-08-29T09:46:27,,5,185283,,BC57F9E26A384FCB91CE2CD301733CDA,1535472680059000,2018-08-28T17:11:20,,1220499683,IOS,,LoginViewController,auto,-5321473143137198607,,1,,,,,,,,,,,,,,,1535472680059000,,uk.co.skoda.assistant.uat,1.1.7,,1:571703561616:ios:777087d7f78ec12a,manual_install,tablet,Apple,iPad 5th gen,,"iPad6,11",IOS,11.4.1,,,en-gb,No,3600,,,Europe,United Kingdom,England,London,,,(direct),(none),(direct)
20180829,1535546827284003,2018-08-29T13:47:07,session_start,,,,1,90540,,70D168A4C87C4120865D9DA1D95684AF,1535546814992000,2018-08-29T13:46:54,,1220499683,IOS,,LoginViewController,auto,-3167492771312255132,,1,,,,,,,,,,,,,,,1535546814992000,,uk.co.skoda.assistant.uat,1.1.6,,1:571703561616:ios:777087d7f78ec12a,manual_install,tablet,Apple,iPad 5th gen,,"iPad6,11",IOS,11.4.1,,,en-gb,No,3600,,,Europe,United Kingdom,England,Bristol,,,(direct),(none),(direct)
20180829,1535547998714003,2018-08-29T14:06:38,session_start,,,,1,96692,,CB3FEB7091B04C28B1C346643E420CB5,1535547987173000,2018-08-29T14:06:27,,1220499683,IOS,,LoginViewController,auto,8423363233382753758,,1,,,,,,,,,,,,,,,1535547987173000,,uk.co.skoda.assistant.uat,1.1.6,,1:571703561616:ios:777087d7f78ec12a,manual_install,tablet,Apple,iPad 5th gen,,"iPad6,11",IOS,11.4.1,,,en-gb,No,3600,,,Europe,United Kingdom,England,Bristol,,,(direct),(none),(direct)
20180829,1535558199856000,2018-08-29T16:56:39,session_start,1535472734088000,2018-08-28T17:12:14,,3,-1532308,,2238582BA9A54A1EA26FAC8EE831050B,1535472722849000,2018-08-28T17:12:02,,1220499683,IOS,,LoginViewController,auto,663068733484837411,,1,,,,,,,,,,,,,,,1535472722849000,,uk.co.skoda.assistant.uat,1.1.7,,1:571703561616:ios:777087d7f78ec12a,manual_install,tablet,Apple,iPad 5th gen,,"iPad6,11",IOS,11.4.1,,,en-gb,No,3600,,,Europe,United Kingdom,England,Newport Pagnell,,,(direct),(none),(direct)
20180829,1535549290745003,2018-08-29T14:28:10,session_start,,,,1,63020,,D0E62C2A40284F8C9468C815BEB378A1,1535549278809000,2018-08-29T14:27:58,,1220499683,IOS,,LoginViewController,auto,-7365834083796793832,,1,,,,,,,,,,,,,,,1535549278809000,,uk.co.skoda.assistant.test,1.1.7,,1:571703561616:ios:777087d7f78ec12a,manual_install,tablet,Apple,iPad 5th gen,,"iPad6,11",IOS,11.4.1,,,en-gb,No,3600,,,Europe,United Kingdom,England,Bristol,,,(direct),(none),(direct)
20180829,1535557498073003,2018-08-29T16:44:58,session_start,1535549290745003,2018-08-29T14:28:10,,12,77989,6a618b77d08300f8cb0cfb6bd619c9c9,D0E62C2A40284F8C9468C815BEB378A1,1535549278809000,2018-08-29T14:27:58,,1220499683,IOS,,TrimViewController,auto,-7365834083796793821,,1,,,,,,,,,,,,,,,1535549278809000,1535549370255000,uk.co.skoda.assistant.test,1.1.7,,1:571703561616:ios:777087d7f78ec12a,manual_install,tablet,Apple,iPad 5th gen,,"iPad6,11",IOS,11.4.1,,,en-gb,No,3600,,,Europe,United Kingdom,England,Bristol,,,(direct),(none),(direct)
20180829,1535533542526000,2018-08-29T10:05:42,session_start,1535459094419000,2018-08-28T13:24:54,,17,42460,6a618b77d08300f8cb0cfb6bd619c9c9,122A4297CA874280B4CD2FA347C4AFEB,1535447121442000,2018-08-28T10:05:21,,1220499683,IOS,,ContentLoaderViewController,auto,-276605407780152135,,1,,,,,,,,,,,,,,,1535447121442000,1535447322061000,uk.co.skoda.assistant.test,1.1.6,,1:571703561616:ios:777087d7f78ec12a,manual_install,tablet,Apple,iPad 5th gen,,"iPad6,11",IOS,11.4.1,,,en-gb,No,3600,,,Europe,United Kingdom,England,Bristol,,,(direct),(none),(direct)
20180829,1535535019151003,2018-08-29T10:30:19,session_start,,,,1,82623,,005CD1EBC43740318D623F44188D5C9B,1535535008011000,2018-08-29T10:30:08,,1220499683,IOS,,LoginViewController,auto,8823697641706503979,,1,,,,,,,,,,,,,,,1535535008011000,,uk.co.skoda.assistant.test,1.1.6,,1:571703561616:ios:777087d7f78ec12a,manual_install,tablet,Apple,iPad 5th gen,,"iPad6,11",IOS,11.4.1,,,en-gb,No,3600,,,Europe,United Kingdom,England,Bristol,,,(direct),(none),(direct)
