event_date,event_timestamp,event_iso8601,event_name,event_previous_timestamp,event_previous_iso8601,event_value_in_usd,event_bundle_sequence_id,event_server_timestamp_offset,user_id,user_pseudo_id,user_first_touch_timestamp,user_first_touch_iso8601,user_ltv,stream_id,platform,event_dimensions,firebase_screen_class,firebase_event_origin,firebase_screen_id,engagement_time_msec,firebase_conversion,firebase_previous_id,firebase_previous_class,user_retailer,user_area,AnalyticsParameterTerm,button_name,AnalyticsParameterItemID,engine,Compared_vehicle_1,Compared_vehicle_2,update_with_analytics,previous_first_open_count,previous_app_version,Compared_vehicle_3,first_open_time,user_id,id,version,install_store,firebase_app_id,install_source,category,mobile_brand_name,mobile_model_name,mobile_marketing_name,mobile_os_hardware_model,operating_system,operating_system_version,vendor_id,advertising_id,language,is_limited_ad_tracking,time_zone_offset_seconds,browser,browser,continent,country,region,city,sub_continent,metro,name,medium,source,user_session_generated_id
20180829,1535553988023000,2018-08-29T15:46:28,user_engagement,1535369301590000,2018-08-27T12:28:21,,37,284148,696c911815a7522e5ea87e8805be0883,37DB4FC1181E4F7A9C3BF76990FDD747,1533812960647000,2018-08-09T12:09:20,,1220499683,IOS,,LoginViewController,auto,-2010729346857695421,8912,,,,11111,1,,,,,,,,,,,1533812960647000,696c911815a7522e5ea87e8805be0883,uk.co.skoda.assistant.ios,1.1.6,,1:571703561616:ios:777087d7f78ec12a,manual_install,tablet,Apple,iPad Air 2,,"iPad5,3",IOS,11.4.1,31BAE25F-8B65-4294-B231-4F49BB045774,,en-gb,No,3600,,,Europe,United Kingdom,Wales,Newport,,,(direct),(none),(direct),696c911815a7522e5ea87e8805be0883_0
20180829,1535553998830000,2018-08-29T15:46:38,user_engagement,1535553988023000,2018-08-29T15:46:28,,38,83044,696c911815a7522e5ea87e8805be0883,37DB4FC1181E4F7A9C3BF76990FDD747,1533812960647000,2018-08-09T12:09:20,,1220499683,IOS,,LoginViewController,auto,-2010729346857695421,5681,,,,11111,1,,,,,,,,,,,1533812960647000,696c911815a7522e5ea87e8805be0883,uk.co.skoda.assistant.ios,1.1.6,,1:571703561616:ios:777087d7f78ec12a,manual_install,tablet,Apple,iPad Air 2,,"iPad5,3",IOS,11.4.1,31BAE25F-8B65-4294-B231-4F49BB045774,,en-gb,No,3600,,,Europe,United Kingdom,Wales,Newport,,,(direct),(none),(direct),696c911815a7522e5ea87e8805be0883_0
20180829,1535554046602000,2018-08-29T15:47:26,user_engagement,1535553998830000,2018-08-29T15:46:38,,39,205355,696c911815a7522e5ea87e8805be0883,37DB4FC1181E4F7A9C3BF76990FDD747,1533812960647000,2018-08-09T12:09:20,,1220499683,IOS,,LoginViewController,auto,-2010729346857695421,7765,,,,11111,1,,,,,,,,,,,1533812960647000,696c911815a7522e5ea87e8805be0883,uk.co.skoda.assistant.ios,1.1.6,,1:571703561616:ios:777087d7f78ec12a,manual_install,tablet,Apple,iPad Air 2,,"iPad5,3",IOS,11.4.1,31BAE25F-8B65-4294-B231-4F49BB045774,,en-gb,No,3600,,,Europe,United Kingdom,Wales,Newport,,,(direct),(none),(direct),696c911815a7522e5ea87e8805be0883_0
20180829,1535554046603000,2018-08-29T15:47:26,screen_view,1535369297538000,2018-08-27T12:28:17,,39,205355,696c911815a7522e5ea87e8805be0883,37DB4FC1181E4F7A9C3BF76990FDD747,1533812960647000,2018-08-09T12:09:20,,1220499683,IOS,,SplashViewController,auto,-2010729346857695422,,1,-2010729346857695421,LoginViewController,11111,1,,,,,,,,,,,1533812960647000,696c911815a7522e5ea87e8805be0883,uk.co.skoda.assistant.ios,1.1.6,,1:571703561616:ios:777087d7f78ec12a,manual_install,tablet,Apple,iPad Air 2,,"iPad5,3",IOS,11.4.1,31BAE25F-8B65-4294-B231-4F49BB045774,,en-gb,No,3600,,,Europe,United Kingdom,Wales,Newport,,,(direct),(none),(direct),696c911815a7522e5ea87e8805be0883_0
