event_date,event_timestamp,event_iso8601,event_name,event_previous_timestamp,event_previous_iso8601,event_value_in_usd,event_bundle_sequence_id,event_server_timestamp_offset,user_id,user_pseudo_id,user_first_touch_timestamp,user_first_touch_iso8601,user_ltv,stream_id,platform,event_dimensions,firebase_screen_class,firebase_event_origin,firebase_screen_id,engagement_time_msec,firebase_conversion,firebase_previous_id,firebase_previous_class,user_retailer,user_area,AnalyticsParameterTerm,button_name,AnalyticsParameterItemID,engine,Compared_vehicle_1,Compared_vehicle_2,update_with_analytics,previous_first_open_count,previous_app_version,Compared_vehicle_3,first_open_time,user_id,id,version,install_store,firebase_app_id,install_source,category,mobile_brand_name,mobile_model_name,mobile_marketing_name,mobile_os_hardware_model,operating_system,operating_system_version,vendor_id,advertising_id,language,is_limited_ad_tracking,time_zone_offset_seconds,browser,browser,continent,country,region,city,sub_continent,metro,name,medium,source,user_session_generated_id
20180829,1535540855491001,2018-08-29T12:07:35,AnalyticsEventLogin,,,,6,100180,,31A7EDAD427043C0BFD2C44CE78B4293,1534943788295000,2018-08-22T14:16:28,,1220499683,IOS,,SplashViewController,app,5970905877229776692,,1,,,11111,1,26ba0412a6b291ec3aed55794cd0e7bb,,,,,,,,,,1534943788295000,,uk.co.skoda.assistant.ios,1.1.6,,1:571703561616:ios:777087d7f78ec12a,manual_install,tablet,Apple,iPad 5th gen,,"iPad6,11",IOS,11.4.1,,,en-gb,No,3600,,,Europe,United Kingdom,England,Birmingham,,,(direct),(none),(direct),_4
20180829,1535540856018002,2018-08-29T12:07:36,screen_view,1535540855447002,2018-08-29T12:07:35,,6,100180,,31A7EDAD427043C0BFD2C44CE78B4293,1534943788295000,2018-08-22T14:16:28,,1220499683,IOS,,ContentLoaderViewController,auto,5970905877229776694,,1,5970905877229776692,SplashViewController,11111,1,,,,,,,,,,,1534943788295000,,uk.co.skoda.assistant.ios,1.1.6,,1:571703561616:ios:777087d7f78ec12a,manual_install,tablet,Apple,iPad 5th gen,,"iPad6,11",IOS,11.4.1,,,en-gb,No,3600,,,Europe,United Kingdom,England,Birmingham,,,(direct),(none),(direct),_4
20180829,1535541111935000,2018-08-29T12:11:51,user_engagement,1535540855446000,2018-08-29T12:07:35,,7,101796,,31A7EDAD427043C0BFD2C44CE78B4293,1534943788295000,2018-08-22T14:16:28,,1220499683,IOS,,ContentLoaderViewController,auto,5970905877229776694,256489,,,,11111,1,,,,,,,,,,,1534943788295000,,uk.co.skoda.assistant.ios,1.1.6,,1:571703561616:ios:777087d7f78ec12a,manual_install,tablet,Apple,iPad 5th gen,,"iPad6,11",IOS,11.4.1,,,en-gb,No,3600,,,Europe,United Kingdom,England,Birmingham,,,(direct),(none),(direct),_4
20180829,1535541111936000,2018-08-29T12:11:51,screen_view,1535540856018000,2018-08-29T12:07:36,,7,101796,,31A7EDAD427043C0BFD2C44CE78B4293,1534943788295000,2018-08-22T14:16:28,,1220499683,IOS,,SplashViewController,auto,5970905877229776692,,1,5970905877229776694,ContentLoaderViewController,11111,1,,,,,,,,,,,1534943788295000,,uk.co.skoda.assistant.ios,1.1.6,,1:571703561616:ios:777087d7f78ec12a,manual_install,tablet,Apple,iPad 5th gen,,"iPad6,11",IOS,11.4.1,,,en-gb,No,3600,,,Europe,United Kingdom,England,Birmingham,,,(direct),(none),(direct),_4
20180829,1535546745206000,2018-08-29T13:45:45,first_open,,,,1,87884,,DC006A2B90D34FBF94E0CC3C42B52538,1535546745206000,2018-08-29T13:45:45,,1220499683,IOS,,LoginViewController,auto,3782094526264168976,,1,,,11111,1,,,,,,,0,1,,,1535546745206000,,uk.co.skoda.assistant.test,1.1.7,,1:571703561616:ios:777087d7f78ec12a,manual_install,tablet,Apple,iPad Air 2,,"iPad5,4",IOS,11.4.1,,,en-gb,No,3600,,,Europe,United Kingdom,England,London,,,(direct),(none),(direct),_4
20180829,1535546745206001,2018-08-29T13:45:45,user_engagement,,,,1,87884,,DC006A2B90D34FBF94E0CC3C42B52538,1535546745206000,2018-08-29T13:45:45,,1220499683,IOS,,LoginViewController,auto,3782094526264168976,1,,,,11111,1,,,,,,,,,,,1535546745206000,,uk.co.skoda.assistant.test,1.1.7,,1:571703561616:ios:777087d7f78ec12a,manual_install,tablet,Apple,iPad Air 2,,"iPad5,4",IOS,11.4.1,,,en-gb,No,3600,,,Europe,United Kingdom,England,London,,,(direct),(none),(direct),_4
20180829,1535546745626001,2018-08-29T13:45:45,screen_view,,,,1,87884,,DC006A2B90D34FBF94E0CC3C42B52538,1535546745206000,2018-08-29T13:45:45,,1220499683,IOS,,SplashViewController,auto,3782094526264168975,,1,,,11111,1,,,,,,,,,,,1535546745206000,,uk.co.skoda.assistant.test,1.1.7,,1:571703561616:ios:777087d7f78ec12a,manual_install,tablet,Apple,iPad Air 2,,"iPad5,4",IOS,11.4.1,,,en-gb,No,3600,,,Europe,United Kingdom,England,London,,,(direct),(none),(direct),_4
20180829,1535546745734002,2018-08-29T13:45:45,screen_view,1535546745626002,2018-08-29T13:45:45,,1,87884,,DC006A2B90D34FBF94E0CC3C42B52538,1535546745206000,2018-08-29T13:45:45,,1220499683,IOS,,LoginViewController,auto,3782094526264168976,,1,3782094526264168975,SplashViewController,11111,1,,,,,,,,,,,1535546745206000,,uk.co.skoda.assistant.test,1.1.7,,1:571703561616:ios:777087d7f78ec12a,manual_install,tablet,Apple,iPad Air 2,,"iPad5,4",IOS,11.4.1,,,en-gb,No,3600,,,Europe,United Kingdom,England,London,,,(direct),(none),(direct),_4
20180829,1535546756859003,2018-08-29T13:45:56,session_start,,,,1,87884,,DC006A2B90D34FBF94E0CC3C42B52538,1535546745206000,2018-08-29T13:45:45,,1220499683,IOS,,LoginViewController,auto,3782094526264168976,,1,,,11111,1,,,,,,,,,,,1535546745206000,,uk.co.skoda.assistant.test,1.1.7,,1:571703561616:ios:777087d7f78ec12a,manual_install,tablet,Apple,iPad Air 2,,"iPad5,4",IOS,11.4.1,,,en-gb,No,3600,,,Europe,United Kingdom,England,London,,,(direct),(none),(direct),_4
20180829,1535546814992000,2018-08-29T13:46:54,first_open,,,,1,90540,,70D168A4C87C4120865D9DA1D95684AF,1535546814992000,2018-08-29T13:46:54,,1220499683,IOS,,LoginViewController,auto,-3167492771312255132,,1,,,11111,1,,,,,,,0,13,,,1535546814992000,,uk.co.skoda.assistant.uat,1.1.6,,1:571703561616:ios:777087d7f78ec12a,manual_install,tablet,Apple,iPad 5th gen,,"iPad6,11",IOS,11.4.1,,,en-gb,No,3600,,,Europe,United Kingdom,England,Bristol,,,(direct),(none),(direct),_4
20180829,1535546814992001,2018-08-29T13:46:54,user_engagement,,,,1,90540,,70D168A4C87C4120865D9DA1D95684AF,1535546814992000,2018-08-29T13:46:54,,1220499683,IOS,,LoginViewController,auto,-3167492771312255132,1,,,,11111,1,,,,,,,,,,,1535546814992000,,uk.co.skoda.assistant.uat,1.1.6,,1:571703561616:ios:777087d7f78ec12a,manual_install,tablet,Apple,iPad 5th gen,,"iPad6,11",IOS,11.4.1,,,en-gb,No,3600,,,Europe,United Kingdom,England,Bristol,,,(direct),(none),(direct),_4
20180829,1535546815209001,2018-08-29T13:46:55,screen_view,,,,1,90540,,70D168A4C87C4120865D9DA1D95684AF,1535546814992000,2018-08-29T13:46:54,,1220499683,IOS,,SplashViewController,auto,-3167492771312255133,,1,,,11111,1,,,,,,,,,,,1535546814992000,,uk.co.skoda.assistant.uat,1.1.6,,1:571703561616:ios:777087d7f78ec12a,manual_install,tablet,Apple,iPad 5th gen,,"iPad6,11",IOS,11.4.1,,,en-gb,No,3600,,,Europe,United Kingdom,England,Bristol,,,(direct),(none),(direct),_4
20180829,1535546815387002,2018-08-29T13:46:55,screen_view,1535546815209002,2018-08-29T13:46:55,,1,90540,,70D168A4C87C4120865D9DA1D95684AF,1535546814992000,2018-08-29T13:46:54,,1220499683,IOS,,LoginViewController,auto,-3167492771312255132,,1,-3167492771312255133,SplashViewController,11111,1,,,,,,,,,,,1535546814992000,,uk.co.skoda.assistant.uat,1.1.6,,1:571703561616:ios:777087d7f78ec12a,manual_install,tablet,Apple,iPad 5th gen,,"iPad6,11",IOS,11.4.1,,,en-gb,No,3600,,,Europe,United Kingdom,England,Bristol,,,(direct),(none),(direct),_4
20180829,1535546827284003,2018-08-29T13:47:07,session_start,,,,1,90540,,70D168A4C87C4120865D9DA1D95684AF,1535546814992000,2018-08-29T13:46:54,,1220499683,IOS,,LoginViewController,auto,-3167492771312255132,,1,,,11111,1,,,,,,,,,,,1535546814992000,,uk.co.skoda.assistant.uat,1.1.6,,1:571703561616:ios:777087d7f78ec12a,manual_install,tablet,Apple,iPad 5th gen,,"iPad6,11",IOS,11.4.1,,,en-gb,No,3600,,,Europe,United Kingdom,England,Bristol,,,(direct),(none),(direct),_4
20180829,1535546854481000,2018-08-29T13:47:34,user_engagement,1535546745206000,2018-08-29T13:45:45,,2,105754,,DC006A2B90D34FBF94E0CC3C42B52538,1535546745206000,2018-08-29T13:45:45,,1220499683,IOS,,LoginViewController,auto,3782094526264168976,107625,,,,11111,1,,,,,,,,,,,1535546745206000,,uk.co.skoda.assistant.test,1.1.7,,1:571703561616:ios:777087d7f78ec12a,manual_install,tablet,Apple,iPad Air 2,,"iPad5,4",IOS,11.4.1,,,en-gb,No,3600,,,Europe,United Kingdom,England,London,,,(direct),(none),(direct),_4
20180829,1535546854482000,2018-08-29T13:47:34,screen_view,1535546745734000,2018-08-29T13:45:45,,2,105754,,DC006A2B90D34FBF94E0CC3C42B52538,1535546745206000,2018-08-29T13:45:45,,1220499683,IOS,,SplashViewController,auto,3782094526264168975,,1,3782094526264168976,LoginViewController,11111,1,,,,,,,,,,,1535546745206000,,uk.co.skoda.assistant.test,1.1.7,,1:571703561616:ios:777087d7f78ec12a,manual_install,tablet,Apple,iPad Air 2,,"iPad5,4",IOS,11.4.1,,,en-gb,No,3600,,,Europe,United Kingdom,England,London,,,(direct),(none),(direct),_4
