event_date,event_timestamp,event_iso8601,event_name,event_previous_timestamp,event_previous_iso8601,event_value_in_usd,event_bundle_sequence_id,event_server_timestamp_offset,user_id,user_pseudo_id,user_first_touch_timestamp,user_first_touch_iso8601,user_ltv,stream_id,platform,event_dimensions,firebase_screen_class,firebase_event_origin,firebase_screen_id,engagement_time_msec,firebase_conversion,firebase_previous_id,firebase_previous_class,user_retailer,user_area,AnalyticsParameterTerm,button_name,AnalyticsParameterItemID,engine,Compared_vehicle_1,Compared_vehicle_2,update_with_analytics,previous_first_open_count,previous_app_version,Compared_vehicle_3,first_open_time,user_id,id,version,install_store,firebase_app_id,install_source,category,mobile_brand_name,mobile_model_name,mobile_marketing_name,mobile_os_hardware_model,operating_system,operating_system_version,vendor_id,advertising_id,language,is_limited_ad_tracking,time_zone_offset_seconds,browser,browser,continent,country,region,city,sub_continent,metro,name,medium,source,user_session_generated_id
20180829,1535545756931000,2018-08-29T13:29:16,screen_view,1535278061499000,2018-08-26T11:07:41,,74,50577,cf45cf67225c8db6fae2aa19b9fc3f14,A6C4FC6E2A16448DACC5EF768EC0D466,1533915225464000,2018-08-10T16:33:45,,1220499683,IOS,,SplashViewController,auto,1120063461576609441,,1,,,25049,8,,,,,,,,,,,1533915225464000,cf45cf67225c8db6fae2aa19b9fc3f14,uk.co.skoda.assistant.ios,1.1.6,,1:571703561616:ios:777087d7f78ec12a,manual_install,tablet,Apple,iPad 5th gen,,"iPad6,11",IOS,11.4.1,,,en-gb,No,3600,,,Europe,United Kingdom,England,Birmingham,,,(direct),(none),(direct),cf45cf67225c8db6fae2aa19b9fc3f14_0
20180829,1535545757104001,2018-08-29T13:29:17,screen_view,1535545756931001,2018-08-29T13:29:16,,74,50577,cf45cf67225c8db6fae2aa19b9fc3f14,A6C4FC6E2A16448DACC5EF768EC0D466,1533915225464000,2018-08-10T16:33:45,,1220499683,IOS,,LoginViewController,auto,1120063461576609442,,1,1120063461576609441,SplashViewController,25049,8,,,,,,,,,,,1533915225464000,cf45cf67225c8db6fae2aa19b9fc3f14,uk.co.skoda.assistant.ios,1.1.6,,1:571703561616:ios:777087d7f78ec12a,manual_install,tablet,Apple,iPad 5th gen,,"iPad6,11",IOS,11.4.1,,,en-gb,No,3600,,,Europe,United Kingdom,England,Birmingham,,,(direct),(none),(direct),cf45cf67225c8db6fae2aa19b9fc3f14_0
20180829,1535545767014002,2018-08-29T13:29:27,session_start,1535277946043002,2018-08-26T11:05:46,,74,50577,cf45cf67225c8db6fae2aa19b9fc3f14,A6C4FC6E2A16448DACC5EF768EC0D466,1533915225464000,2018-08-10T16:33:45,,1220499683,IOS,,LoginViewController,auto,1120063461576609442,,1,,,25049,8,,,,,,,,,,,1533915225464000,cf45cf67225c8db6fae2aa19b9fc3f14,uk.co.skoda.assistant.ios,1.1.6,,1:571703561616:ios:777087d7f78ec12a,manual_install,tablet,Apple,iPad 5th gen,,"iPad6,11",IOS,11.4.1,,,en-gb,No,3600,,,Europe,United Kingdom,England,Birmingham,,,(direct),(none),(direct),cf45cf67225c8db6fae2aa19b9fc3f14_0
20180829,1535545767156003,2018-08-29T13:29:27,user_engagement,1535278186306003,2018-08-26T11:09:46,,74,50577,cf45cf67225c8db6fae2aa19b9fc3f14,A6C4FC6E2A16448DACC5EF768EC0D466,1533915225464000,2018-08-10T16:33:45,,1220499683,IOS,,LoginViewController,auto,1120063461576609442,10144,,,,25049,8,,,,,,,,,,,1533915225464000,cf45cf67225c8db6fae2aa19b9fc3f14,uk.co.skoda.assistant.ios,1.1.6,,1:571703561616:ios:777087d7f78ec12a,manual_install,tablet,Apple,iPad 5th gen,,"iPad6,11",IOS,11.4.1,,,en-gb,No,3600,,,Europe,United Kingdom,England,Birmingham,,,(direct),(none),(direct),cf45cf67225c8db6fae2aa19b9fc3f14_0
20180829,1535545767157003,2018-08-29T13:29:27,screen_view,1535545757104003,2018-08-29T13:29:17,,74,50577,cf45cf67225c8db6fae2aa19b9fc3f14,A6C4FC6E2A16448DACC5EF768EC0D466,1533915225464000,2018-08-10T16:33:45,,1220499683,IOS,,SplashViewController,auto,1120063461576609441,,1,1120063461576609442,LoginViewController,25049,8,,,,,,,,,,,1533915225464000,cf45cf67225c8db6fae2aa19b9fc3f14,uk.co.skoda.assistant.ios,1.1.6,,1:571703561616:ios:777087d7f78ec12a,manual_install,tablet,Apple,iPad 5th gen,,"iPad6,11",IOS,11.4.1,,,en-gb,No,3600,,,Europe,United Kingdom,England,Birmingham,,,(direct),(none),(direct),cf45cf67225c8db6fae2aa19b9fc3f14_0
