event_date,event_timestamp,event_iso8601,event_name,event_previous_timestamp,event_previous_iso8601,event_value_in_usd,event_bundle_sequence_id,event_server_timestamp_offset,user_id,user_pseudo_id,user_first_touch_timestamp,user_first_touch_iso8601,user_ltv,stream_id,platform,event_dimensions,firebase_screen_class,firebase_event_origin,firebase_screen_id,engagement_time_msec,firebase_conversion,firebase_previous_id,firebase_previous_class,user_retailer,user_area,AnalyticsParameterTerm,button_name,AnalyticsParameterItemID,engine,Compared_vehicle_1,Compared_vehicle_2,update_with_analytics,previous_first_open_count,previous_app_version,Compared_vehicle_3,first_open_time,user_id,id,version,install_store,firebase_app_id,install_source,category,mobile_brand_name,mobile_model_name,mobile_marketing_name,mobile_os_hardware_model,operating_system,operating_system_version,vendor_id,advertising_id,language,is_limited_ad_tracking,time_zone_offset_seconds,browser,browser,continent,country,region,city,sub_continent,metro,name,medium,source,user_session_generated_id
20180829,1535537970342015,2018-08-29T11:19:30,AnalyticsEventLogin,1535454409011015,2018-08-28T12:06:49,,212,91710,c6b535f66ecd3748583afa7e7b39bb3b,9D05C71DD0774D72B4326C0273C3570F,1533819733967000,2018-08-09T14:02:13,,1220499683,IOS,,SplashViewController,app,964496880845775960,,1,,,28060,4,c6b535f66ecd3748583afa7e7b39bb3b,,,,,,,,,,1533819733967000,c6b535f66ecd3748583afa7e7b39bb3b,uk.co.skoda.assistant.ios,1.1.6,,1:571703561616:ios:777087d7f78ec12a,manual_install,tablet,Apple,iPad,,"iPad7,5",IOS,11.4.1,,,en-gb,No,3600,,,Europe,United Kingdom,England,Nottingham,,,(direct),(none),(direct),c6b535f66ecd3748583afa7e7b39bb3b_1
20180829,1535537970475000,2018-08-29T11:19:30,button_press,1535474020333000,2018-08-28T17:33:40,,213,91711,c6b535f66ecd3748583afa7e7b39bb3b,9D05C71DD0774D72B4326C0273C3570F,1533819733967000,2018-08-09T14:02:13,,1220499683,IOS,,SplashViewController,app,964496880845775960,,1,,,28060,4,,globalnav_range,,,,,,,,,1533819733967000,c6b535f66ecd3748583afa7e7b39bb3b,uk.co.skoda.assistant.ios,1.1.6,,1:571703561616:ios:777087d7f78ec12a,manual_install,tablet,Apple,iPad,,"iPad7,5",IOS,11.4.1,,,en-gb,No,3600,,,Europe,United Kingdom,England,Nottingham,,,(direct),(none),(direct),c6b535f66ecd3748583afa7e7b39bb3b_1
20180829,1535537970476001,2018-08-29T11:19:30,button_press,1535537970475001,2018-08-29T11:19:30,,213,91711,c6b535f66ecd3748583afa7e7b39bb3b,9D05C71DD0774D72B4326C0273C3570F,1533819733967000,2018-08-09T14:02:13,,1220499683,IOS,,SplashViewController,app,964496880845775960,,1,,,28060,4,,range,,,,,,,,,1533819733967000,c6b535f66ecd3748583afa7e7b39bb3b,uk.co.skoda.assistant.ios,1.1.6,,1:571703561616:ios:777087d7f78ec12a,manual_install,tablet,Apple,iPad,,"iPad7,5",IOS,11.4.1,,,en-gb,No,3600,,,Europe,United Kingdom,England,Nottingham,,,(direct),(none),(direct),c6b535f66ecd3748583afa7e7b39bb3b_1
20180829,1535537971197002,2018-08-29T11:19:31,screen_view,1535537970318002,2018-08-29T11:19:30,,213,91711,c6b535f66ecd3748583afa7e7b39bb3b,9D05C71DD0774D72B4326C0273C3570F,1533819733967000,2018-08-09T14:02:13,,1220499683,IOS,,SkodaContentViewController,auto,964496880845775988,,1,964496880845775960,SplashViewController,28060,4,,,,,,,,,,,1533819733967000,c6b535f66ecd3748583afa7e7b39bb3b,uk.co.skoda.assistant.ios,1.1.6,,1:571703561616:ios:777087d7f78ec12a,manual_install,tablet,Apple,iPad,,"iPad7,5",IOS,11.4.1,,,en-gb,No,3600,,,Europe,United Kingdom,England,Nottingham,,,(direct),(none),(direct),c6b535f66ecd3748583afa7e7b39bb3b_1
20180829,1535537971198003,2018-08-29T11:19:31,screen_view,1535537971197003,2018-08-29T11:19:31,,213,91711,c6b535f66ecd3748583afa7e7b39bb3b,9D05C71DD0774D72B4326C0273C3570F,1533819733967000,2018-08-09T14:02:13,,1220499683,IOS,,RangeContentViewController,auto,964496880845775989,,1,964496880845775988,SkodaContentViewController,28060,4,,,,,,,,,,,1533819733967000,c6b535f66ecd3748583afa7e7b39bb3b,uk.co.skoda.assistant.ios,1.1.6,,1:571703561616:ios:777087d7f78ec12a,manual_install,tablet,Apple,iPad,,"iPad7,5",IOS,11.4.1,,,en-gb,No,3600,,,Europe,United Kingdom,England,Nottingham,,,(direct),(none),(direct),c6b535f66ecd3748583afa7e7b39bb3b_1
20180829,1535537974129004,2018-08-29T11:19:34,button_press,1535537970476004,2018-08-29T11:19:30,,213,91711,c6b535f66ecd3748583afa7e7b39bb3b,9D05C71DD0774D72B4326C0273C3570F,1533819733967000,2018-08-09T14:02:13,,1220499683,IOS,,RangeContentViewController,app,964496880845775989,,1,,,28060,4,,globalnav_presentation,,,,,,,,,1533819733967000,c6b535f66ecd3748583afa7e7b39bb3b,uk.co.skoda.assistant.ios,1.1.6,,1:571703561616:ios:777087d7f78ec12a,manual_install,tablet,Apple,iPad,,"iPad7,5",IOS,11.4.1,,,en-gb,No,3600,,,Europe,United Kingdom,England,Nottingham,,,(direct),(none),(direct),c6b535f66ecd3748583afa7e7b39bb3b_1
20180829,1535537974158005,2018-08-29T11:19:34,button_press,1535537974129005,2018-08-29T11:19:34,,213,91711,c6b535f66ecd3748583afa7e7b39bb3b,9D05C71DD0774D72B4326C0273C3570F,1533819733967000,2018-08-09T14:02:13,,1220499683,IOS,,RangeContentViewController,app,964496880845775989,,1,,,28060,4,,presentation,,,,,,,,,1533819733967000,c6b535f66ecd3748583afa7e7b39bb3b,uk.co.skoda.assistant.ios,1.1.6,,1:571703561616:ios:777087d7f78ec12a,manual_install,tablet,Apple,iPad,,"iPad7,5",IOS,11.4.1,,,en-gb,No,3600,,,Europe,United Kingdom,England,Nottingham,,,(direct),(none),(direct),c6b535f66ecd3748583afa7e7b39bb3b_1
20180829,1535537974450006,2018-08-29T11:19:34,user_engagement,1535537970317006,2018-08-29T11:19:30,,213,91711,c6b535f66ecd3748583afa7e7b39bb3b,9D05C71DD0774D72B4326C0273C3570F,1533819733967000,2018-08-09T14:02:13,,1220499683,IOS,,RangeContentViewController,auto,964496880845775989,4132,,,,28060,4,,,,,,,,,,,1533819733967000,c6b535f66ecd3748583afa7e7b39bb3b,uk.co.skoda.assistant.ios,1.1.6,,1:571703561616:ios:777087d7f78ec12a,manual_install,tablet,Apple,iPad,,"iPad7,5",IOS,11.4.1,,,en-gb,No,3600,,,Europe,United Kingdom,England,Nottingham,,,(direct),(none),(direct),c6b535f66ecd3748583afa7e7b39bb3b_1
20180829,1535537974450006,2018-08-29T11:19:34,screen_view,1535537971198006,2018-08-29T11:19:31,,213,91711,c6b535f66ecd3748583afa7e7b39bb3b,9D05C71DD0774D72B4326C0273C3570F,1533819733967000,2018-08-09T14:02:13,,1220499683,IOS,,SkodaContentViewController,auto,964496880845775988,,1,964496880845775989,RangeContentViewController,28060,4,,,,,,,,,,,1533819733967000,c6b535f66ecd3748583afa7e7b39bb3b,uk.co.skoda.assistant.ios,1.1.6,,1:571703561616:ios:777087d7f78ec12a,manual_install,tablet,Apple,iPad,,"iPad7,5",IOS,11.4.1,,,en-gb,No,3600,,,Europe,United Kingdom,England,Nottingham,,,(direct),(none),(direct),c6b535f66ecd3748583afa7e7b39bb3b_1
20180829,1535537977771007,2018-08-29T11:19:37,button_press,1535537974158007,2018-08-29T11:19:34,,213,91711,c6b535f66ecd3748583afa7e7b39bb3b,9D05C71DD0774D72B4326C0273C3570F,1533819733967000,2018-08-09T14:02:13,,1220499683,IOS,,SkodaContentViewController,app,964496880845775988,,1,,,28060,4,,globalnav_range,,,,,,,,,1533819733967000,c6b535f66ecd3748583afa7e7b39bb3b,uk.co.skoda.assistant.ios,1.1.6,,1:571703561616:ios:777087d7f78ec12a,manual_install,tablet,Apple,iPad,,"iPad7,5",IOS,11.4.1,,,en-gb,No,3600,,,Europe,United Kingdom,England,Nottingham,,,(direct),(none),(direct),c6b535f66ecd3748583afa7e7b39bb3b_1
20180829,1535537977793008,2018-08-29T11:19:37,button_press,1535537977771008,2018-08-29T11:19:37,,213,91711,c6b535f66ecd3748583afa7e7b39bb3b,9D05C71DD0774D72B4326C0273C3570F,1533819733967000,2018-08-09T14:02:13,,1220499683,IOS,,SkodaContentViewController,app,964496880845775988,,1,,,28060,4,,range,,,,,,,,,1533819733967000,c6b535f66ecd3748583afa7e7b39bb3b,uk.co.skoda.assistant.ios,1.1.6,,1:571703561616:ios:777087d7f78ec12a,manual_install,tablet,Apple,iPad,,"iPad7,5",IOS,11.4.1,,,en-gb,No,3600,,,Europe,United Kingdom,England,Nottingham,,,(direct),(none),(direct),c6b535f66ecd3748583afa7e7b39bb3b_1
20180829,1535537977799010,2018-08-29T11:19:37,user_engagement,1535537974450010,2018-08-29T11:19:34,,213,91711,c6b535f66ecd3748583afa7e7b39bb3b,9D05C71DD0774D72B4326C0273C3570F,1533819733967000,2018-08-09T14:02:13,,1220499683,IOS,,SkodaContentViewController,auto,964496880845775988,3349,,,,28060,4,,,,,,,,,,,1533819733967000,c6b535f66ecd3748583afa7e7b39bb3b,uk.co.skoda.assistant.ios,1.1.6,,1:571703561616:ios:777087d7f78ec12a,manual_install,tablet,Apple,iPad,,"iPad7,5",IOS,11.4.1,,,en-gb,No,3600,,,Europe,United Kingdom,England,Nottingham,,,(direct),(none),(direct),c6b535f66ecd3748583afa7e7b39bb3b_1
20180829,1535537977800009,2018-08-29T11:19:37,screen_view,1535537974450009,2018-08-29T11:19:34,,213,91711,c6b535f66ecd3748583afa7e7b39bb3b,9D05C71DD0774D72B4326C0273C3570F,1533819733967000,2018-08-09T14:02:13,,1220499683,IOS,,RangeContentViewController,auto,964496880845775989,,1,964496880845775988,SkodaContentViewController,28060,4,,,,,,,,,,,1533819733967000,c6b535f66ecd3748583afa7e7b39bb3b,uk.co.skoda.assistant.ios,1.1.6,,1:571703561616:ios:777087d7f78ec12a,manual_install,tablet,Apple,iPad,,"iPad7,5",IOS,11.4.1,,,en-gb,No,3600,,,Europe,United Kingdom,England,Nottingham,,,(direct),(none),(direct),c6b535f66ecd3748583afa7e7b39bb3b_1
20180829,1535537980992010,2018-08-29T11:19:40,button_press,1535537977793010,2018-08-29T11:19:37,,213,91711,c6b535f66ecd3748583afa7e7b39bb3b,9D05C71DD0774D72B4326C0273C3570F,1533819733967000,2018-08-09T14:02:13,,1220499683,IOS,,RangeContentViewController,app,964496880845775989,,1,,,28060,4,,globalnav_presentation,,,,,,,,,1533819733967000,c6b535f66ecd3748583afa7e7b39bb3b,uk.co.skoda.assistant.ios,1.1.6,,1:571703561616:ios:777087d7f78ec12a,manual_install,tablet,Apple,iPad,,"iPad7,5",IOS,11.4.1,,,en-gb,No,3600,,,Europe,United Kingdom,England,Nottingham,,,(direct),(none),(direct),c6b535f66ecd3748583afa7e7b39bb3b_1
20180829,1535537981022011,2018-08-29T11:19:41,button_press,1535537980992011,2018-08-29T11:19:40,,213,91711,c6b535f66ecd3748583afa7e7b39bb3b,9D05C71DD0774D72B4326C0273C3570F,1533819733967000,2018-08-09T14:02:13,,1220499683,IOS,,RangeContentViewController,app,964496880845775989,,1,,,28060,4,,presentation,,,,,,,,,1533819733967000,c6b535f66ecd3748583afa7e7b39bb3b,uk.co.skoda.assistant.ios,1.1.6,,1:571703561616:ios:777087d7f78ec12a,manual_install,tablet,Apple,iPad,,"iPad7,5",IOS,11.4.1,,,en-gb,No,3600,,,Europe,United Kingdom,England,Nottingham,,,(direct),(none),(direct),c6b535f66ecd3748583afa7e7b39bb3b_1
20180829,1535537981062012,2018-08-29T11:19:41,screen_view,1535537977800012,2018-08-29T11:19:37,,213,91711,c6b535f66ecd3748583afa7e7b39bb3b,9D05C71DD0774D72B4326C0273C3570F,1533819733967000,2018-08-09T14:02:13,,1220499683,IOS,,SkodaContentViewController,auto,964496880845775988,,1,964496880845775989,RangeContentViewController,28060,4,,,,,,,,,,,1533819733967000,c6b535f66ecd3748583afa7e7b39bb3b,uk.co.skoda.assistant.ios,1.1.6,,1:571703561616:ios:777087d7f78ec12a,manual_install,tablet,Apple,iPad,,"iPad7,5",IOS,11.4.1,,,en-gb,No,3600,,,Europe,United Kingdom,England,Nottingham,,,(direct),(none),(direct),c6b535f66ecd3748583afa7e7b39bb3b_1
20180829,1535537981062014,2018-08-29T11:19:41,user_engagement,1535537977799014,2018-08-29T11:19:37,,213,91711,c6b535f66ecd3748583afa7e7b39bb3b,9D05C71DD0774D72B4326C0273C3570F,1533819733967000,2018-08-09T14:02:13,,1220499683,IOS,,RangeContentViewController,auto,964496880845775989,3262,,,,28060,4,,,,,,,,,,,1533819733967000,c6b535f66ecd3748583afa7e7b39bb3b,uk.co.skoda.assistant.ios,1.1.6,,1:571703561616:ios:777087d7f78ec12a,manual_install,tablet,Apple,iPad,,"iPad7,5",IOS,11.4.1,,,en-gb,No,3600,,,Europe,United Kingdom,England,Nottingham,,,(direct),(none),(direct),c6b535f66ecd3748583afa7e7b39bb3b_1
20180829,1535537985434013,2018-08-29T11:19:45,AnalyticsEventViewItem,1535474023173013,2018-08-28T17:33:43,,213,91711,c6b535f66ecd3748583afa7e7b39bb3b,9D05C71DD0774D72B4326C0273C3570F,1533819733967000,2018-08-09T14:02:13,,1220499683,IOS,,SkodaContentViewController,app,964496880845775988,,1,,,28060,4,,,5b7c2fee4dec4860249025,,,,,,,,1533819733967000,c6b535f66ecd3748583afa7e7b39bb3b,uk.co.skoda.assistant.ios,1.1.6,,1:571703561616:ios:777087d7f78ec12a,manual_install,tablet,Apple,iPad,,"iPad7,5",IOS,11.4.1,,,en-gb,No,3600,,,Europe,United Kingdom,England,Nottingham,,,(direct),(none),(direct),c6b535f66ecd3748583afa7e7b39bb3b_1
20180829,1535537985721017,2018-08-29T11:19:45,user_engagement,1535537981062017,2018-08-29T11:19:41,,213,91711,c6b535f66ecd3748583afa7e7b39bb3b,9D05C71DD0774D72B4326C0273C3570F,1533819733967000,2018-08-09T14:02:13,,1220499683,IOS,,SkodaContentViewController,auto,964496880845775988,4659,,,,28060,4,,,,,,,,,,,1533819733967000,c6b535f66ecd3748583afa7e7b39bb3b,uk.co.skoda.assistant.ios,1.1.6,,1:571703561616:ios:777087d7f78ec12a,manual_install,tablet,Apple,iPad,,"iPad7,5",IOS,11.4.1,,,en-gb,No,3600,,,Europe,United Kingdom,England,Nottingham,,,(direct),(none),(direct),c6b535f66ecd3748583afa7e7b39bb3b_1
20180829,1535537985722014,2018-08-29T11:19:45,screen_view,1535537981062014,2018-08-29T11:19:41,,213,91711,c6b535f66ecd3748583afa7e7b39bb3b,9D05C71DD0774D72B4326C0273C3570F,1533819733967000,2018-08-09T14:02:13,,1220499683,IOS,,PresentationExploreSegmentedViewController,auto,964496880845775990,,1,964496880845775988,SkodaContentViewController,28060,4,,,,,,,,,,,1533819733967000,c6b535f66ecd3748583afa7e7b39bb3b,uk.co.skoda.assistant.ios,1.1.6,,1:571703561616:ios:777087d7f78ec12a,manual_install,tablet,Apple,iPad,,"iPad7,5",IOS,11.4.1,,,en-gb,No,3600,,,Europe,United Kingdom,England,Nottingham,,,(direct),(none),(direct),c6b535f66ecd3748583afa7e7b39bb3b_1
20180829,1535537986103015,2018-08-29T11:19:46,screen_view,1535537985722015,2018-08-29T11:19:45,,213,91711,c6b535f66ecd3748583afa7e7b39bb3b,9D05C71DD0774D72B4326C0273C3570F,1533819733967000,2018-08-09T14:02:13,,1220499683,IOS,,PresentationEditorViewController,auto,964496880845775991,,1,964496880845775990,PresentationExploreSegmentedViewController,28060,4,,,,,,,,,,,1533819733967000,c6b535f66ecd3748583afa7e7b39bb3b,uk.co.skoda.assistant.ios,1.1.6,,1:571703561616:ios:777087d7f78ec12a,manual_install,tablet,Apple,iPad,,"iPad7,5",IOS,11.4.1,,,en-gb,No,3600,,,Europe,United Kingdom,England,Nottingham,,,(direct),(none),(direct),c6b535f66ecd3748583afa7e7b39bb3b_1
20180829,1535538023439016,2018-08-29T11:20:23,screen_view,1535537986103016,2018-08-29T11:19:46,,213,91711,c6b535f66ecd3748583afa7e7b39bb3b,9D05C71DD0774D72B4326C0273C3570F,1533819733967000,2018-08-09T14:02:13,,1220499683,IOS,,SkodaContentViewController,auto,964496880845775988,,1,964496880845775991,PresentationEditorViewController,28060,4,,,,,,,,,,,1533819733967000,c6b535f66ecd3748583afa7e7b39bb3b,uk.co.skoda.assistant.ios,1.1.6,,1:571703561616:ios:777087d7f78ec12a,manual_install,tablet,Apple,iPad,,"iPad7,5",IOS,11.4.1,,,en-gb,No,3600,,,Europe,United Kingdom,England,Nottingham,,,(direct),(none),(direct),c6b535f66ecd3748583afa7e7b39bb3b_1
20180829,1535538023439020,2018-08-29T11:20:23,user_engagement,1535537985721020,2018-08-29T11:19:45,,213,91711,c6b535f66ecd3748583afa7e7b39bb3b,9D05C71DD0774D72B4326C0273C3570F,1533819733967000,2018-08-09T14:02:13,,1220499683,IOS,,PresentationEditorViewController,auto,964496880845775991,37717,,,,28060,4,,,,,,,,,,,1533819733967000,c6b535f66ecd3748583afa7e7b39bb3b,uk.co.skoda.assistant.ios,1.1.6,,1:571703561616:ios:777087d7f78ec12a,manual_install,tablet,Apple,iPad,,"iPad7,5",IOS,11.4.1,,,en-gb,No,3600,,,Europe,United Kingdom,England,Nottingham,,,(direct),(none),(direct),c6b535f66ecd3748583afa7e7b39bb3b_1
20180829,1535538068934017,2018-08-29T11:21:08,AnalyticsEventViewItem,1535537985434017,2018-08-29T11:19:45,,213,91711,c6b535f66ecd3748583afa7e7b39bb3b,9D05C71DD0774D72B4326C0273C3570F,1533819733967000,2018-08-09T14:02:13,,1220499683,IOS,,SkodaContentViewController,app,964496880845775988,,1,,,28060,4,,,5b7c2fee4dec4860249025,,,,,,,,1533819733967000,c6b535f66ecd3748583afa7e7b39bb3b,uk.co.skoda.assistant.ios,1.1.6,,1:571703561616:ios:777087d7f78ec12a,manual_install,tablet,Apple,iPad,,"iPad7,5",IOS,11.4.1,,,en-gb,No,3600,,,Europe,United Kingdom,England,Nottingham,,,(direct),(none),(direct),c6b535f66ecd3748583afa7e7b39bb3b_1
20180829,1535538069209018,2018-08-29T11:21:09,screen_view,1535538023439018,2018-08-29T11:20:23,,213,91711,c6b535f66ecd3748583afa7e7b39bb3b,9D05C71DD0774D72B4326C0273C3570F,1533819733967000,2018-08-09T14:02:13,,1220499683,IOS,,PresentationExploreSegmentedViewController,auto,964496880845775992,,1,964496880845775988,SkodaContentViewController,28060,4,,,,,,,,,,,1533819733967000,c6b535f66ecd3748583afa7e7b39bb3b,uk.co.skoda.assistant.ios,1.1.6,,1:571703561616:ios:777087d7f78ec12a,manual_install,tablet,Apple,iPad,,"iPad7,5",IOS,11.4.1,,,en-gb,No,3600,,,Europe,United Kingdom,England,Nottingham,,,(direct),(none),(direct),c6b535f66ecd3748583afa7e7b39bb3b_1
20180829,1535538069209023,2018-08-29T11:21:09,user_engagement,1535538023439023,2018-08-29T11:20:23,,213,91711,c6b535f66ecd3748583afa7e7b39bb3b,9D05C71DD0774D72B4326C0273C3570F,1533819733967000,2018-08-09T14:02:13,,1220499683,IOS,,SkodaContentViewController,auto,964496880845775988,45770,,,,28060,4,,,,,,,,,,,1533819733967000,c6b535f66ecd3748583afa7e7b39bb3b,uk.co.skoda.assistant.ios,1.1.6,,1:571703561616:ios:777087d7f78ec12a,manual_install,tablet,Apple,iPad,,"iPad7,5",IOS,11.4.1,,,en-gb,No,3600,,,Europe,United Kingdom,England,Nottingham,,,(direct),(none),(direct),c6b535f66ecd3748583afa7e7b39bb3b_1
20180829,1535538069581019,2018-08-29T11:21:09,screen_view,1535538069209019,2018-08-29T11:21:09,,213,91711,c6b535f66ecd3748583afa7e7b39bb3b,9D05C71DD0774D72B4326C0273C3570F,1533819733967000,2018-08-09T14:02:13,,1220499683,IOS,,PresentationEditorViewController,auto,964496880845775993,,1,964496880845775992,PresentationExploreSegmentedViewController,28060,4,,,,,,,,,,,1533819733967000,c6b535f66ecd3748583afa7e7b39bb3b,uk.co.skoda.assistant.ios,1.1.6,,1:571703561616:ios:777087d7f78ec12a,manual_install,tablet,Apple,iPad,,"iPad7,5",IOS,11.4.1,,,en-gb,No,3600,,,Europe,United Kingdom,England,Nottingham,,,(direct),(none),(direct),c6b535f66ecd3748583afa7e7b39bb3b_1
20180829,1535538091942020,2018-08-29T11:21:31,screen_view,1535538069581020,2018-08-29T11:21:09,,213,91711,c6b535f66ecd3748583afa7e7b39bb3b,9D05C71DD0774D72B4326C0273C3570F,1533819733967000,2018-08-09T14:02:13,,1220499683,IOS,,SkodaContentViewController,auto,964496880845775988,,1,964496880845775993,PresentationEditorViewController,28060,4,,,,,,,,,,,1533819733967000,c6b535f66ecd3748583afa7e7b39bb3b,uk.co.skoda.assistant.ios,1.1.6,,1:571703561616:ios:777087d7f78ec12a,manual_install,tablet,Apple,iPad,,"iPad7,5",IOS,11.4.1,,,en-gb,No,3600,,,Europe,United Kingdom,England,Nottingham,,,(direct),(none),(direct),c6b535f66ecd3748583afa7e7b39bb3b_1
20180829,1535538091942026,2018-08-29T11:21:31,user_engagement,1535538069209026,2018-08-29T11:21:09,,213,91711,c6b535f66ecd3748583afa7e7b39bb3b,9D05C71DD0774D72B4326C0273C3570F,1533819733967000,2018-08-09T14:02:13,,1220499683,IOS,,PresentationEditorViewController,auto,964496880845775993,22732,,,,28060,4,,,,,,,,,,,1533819733967000,c6b535f66ecd3748583afa7e7b39bb3b,uk.co.skoda.assistant.ios,1.1.6,,1:571703561616:ios:777087d7f78ec12a,manual_install,tablet,Apple,iPad,,"iPad7,5",IOS,11.4.1,,,en-gb,No,3600,,,Europe,United Kingdom,England,Nottingham,,,(direct),(none),(direct),c6b535f66ecd3748583afa7e7b39bb3b_1
20180829,1535538115585021,2018-08-29T11:21:55,AnalyticsEventViewItem,1535538068934021,2018-08-29T11:21:08,,213,91711,c6b535f66ecd3748583afa7e7b39bb3b,9D05C71DD0774D72B4326C0273C3570F,1533819733967000,2018-08-09T14:02:13,,1220499683,IOS,,SkodaContentViewController,app,964496880845775988,,1,,,28060,4,,,5b339bfec8b8a190889659,,,,,,,,1533819733967000,c6b535f66ecd3748583afa7e7b39bb3b,uk.co.skoda.assistant.ios,1.1.6,,1:571703561616:ios:777087d7f78ec12a,manual_install,tablet,Apple,iPad,,"iPad7,5",IOS,11.4.1,,,en-gb,No,3600,,,Europe,United Kingdom,England,Nottingham,,,(direct),(none),(direct),c6b535f66ecd3748583afa7e7b39bb3b_1
20180829,1535538115841022,2018-08-29T11:21:55,screen_view,1535538091942022,2018-08-29T11:21:31,,213,91711,c6b535f66ecd3748583afa7e7b39bb3b,9D05C71DD0774D72B4326C0273C3570F,1533819733967000,2018-08-09T14:02:13,,1220499683,IOS,,PresentationExploreSegmentedViewController,auto,964496880845775994,,1,964496880845775988,SkodaContentViewController,28060,4,,,,,,,,,,,1533819733967000,c6b535f66ecd3748583afa7e7b39bb3b,uk.co.skoda.assistant.ios,1.1.6,,1:571703561616:ios:777087d7f78ec12a,manual_install,tablet,Apple,iPad,,"iPad7,5",IOS,11.4.1,,,en-gb,No,3600,,,Europe,United Kingdom,England,Nottingham,,,(direct),(none),(direct),c6b535f66ecd3748583afa7e7b39bb3b_1
20180829,1535538115841029,2018-08-29T11:21:55,user_engagement,1535538091942029,2018-08-29T11:21:31,,213,91711,c6b535f66ecd3748583afa7e7b39bb3b,9D05C71DD0774D72B4326C0273C3570F,1533819733967000,2018-08-09T14:02:13,,1220499683,IOS,,SkodaContentViewController,auto,964496880845775988,23899,,,,28060,4,,,,,,,,,,,1533819733967000,c6b535f66ecd3748583afa7e7b39bb3b,uk.co.skoda.assistant.ios,1.1.6,,1:571703561616:ios:777087d7f78ec12a,manual_install,tablet,Apple,iPad,,"iPad7,5",IOS,11.4.1,,,en-gb,No,3600,,,Europe,United Kingdom,England,Nottingham,,,(direct),(none),(direct),c6b535f66ecd3748583afa7e7b39bb3b_1
20180829,1535538116227023,2018-08-29T11:21:56,screen_view,1535538115841023,2018-08-29T11:21:55,,213,91711,c6b535f66ecd3748583afa7e7b39bb3b,9D05C71DD0774D72B4326C0273C3570F,1533819733967000,2018-08-09T14:02:13,,1220499683,IOS,,PresentationEditorViewController,auto,964496880845775995,,1,964496880845775994,PresentationExploreSegmentedViewController,28060,4,,,,,,,,,,,1533819733967000,c6b535f66ecd3748583afa7e7b39bb3b,uk.co.skoda.assistant.ios,1.1.6,,1:571703561616:ios:777087d7f78ec12a,manual_install,tablet,Apple,iPad,,"iPad7,5",IOS,11.4.1,,,en-gb,No,3600,,,Europe,United Kingdom,England,Nottingham,,,(direct),(none),(direct),c6b535f66ecd3748583afa7e7b39bb3b_1
20180829,1535538119386024,2018-08-29T11:21:59,screen_view,1535538116227024,2018-08-29T11:21:56,,213,91711,c6b535f66ecd3748583afa7e7b39bb3b,9D05C71DD0774D72B4326C0273C3570F,1533819733967000,2018-08-09T14:02:13,,1220499683,IOS,,SkodaContentViewController,auto,964496880845775988,,1,964496880845775995,PresentationEditorViewController,28060,4,,,,,,,,,,,1533819733967000,c6b535f66ecd3748583afa7e7b39bb3b,uk.co.skoda.assistant.ios,1.1.6,,1:571703561616:ios:777087d7f78ec12a,manual_install,tablet,Apple,iPad,,"iPad7,5",IOS,11.4.1,,,en-gb,No,3600,,,Europe,United Kingdom,England,Nottingham,,,(direct),(none),(direct),c6b535f66ecd3748583afa7e7b39bb3b_1
20180829,1535538119386032,2018-08-29T11:21:59,user_engagement,1535538115841032,2018-08-29T11:21:55,,213,91711,c6b535f66ecd3748583afa7e7b39bb3b,9D05C71DD0774D72B4326C0273C3570F,1533819733967000,2018-08-09T14:02:13,,1220499683,IOS,,PresentationEditorViewController,auto,964496880845775995,3544,,,,28060,4,,,,,,,,,,,1533819733967000,c6b535f66ecd3748583afa7e7b39bb3b,uk.co.skoda.assistant.ios,1.1.6,,1:571703561616:ios:777087d7f78ec12a,manual_install,tablet,Apple,iPad,,"iPad7,5",IOS,11.4.1,,,en-gb,No,3600,,,Europe,United Kingdom,England,Nottingham,,,(direct),(none),(direct),c6b535f66ecd3748583afa7e7b39bb3b_1
20180829,1535538141042034,2018-08-29T11:22:21,user_engagement,1535538119386034,2018-08-29T11:21:59,,213,91711,c6b535f66ecd3748583afa7e7b39bb3b,9D05C71DD0774D72B4326C0273C3570F,1533819733967000,2018-08-09T14:02:13,,1220499683,IOS,,SkodaContentViewController,auto,964496880845775988,21655,,,,28060,4,,,,,,,,,,,1533819733967000,c6b535f66ecd3748583afa7e7b39bb3b,uk.co.skoda.assistant.ios,1.1.6,,1:571703561616:ios:777087d7f78ec12a,manual_install,tablet,Apple,iPad,,"iPad7,5",IOS,11.4.1,,,en-gb,No,3600,,,Europe,United Kingdom,England,Nottingham,,,(direct),(none),(direct),c6b535f66ecd3748583afa7e7b39bb3b_1
20180829,1535546621741000,2018-08-29T13:43:41,session_start,1535537806157000,2018-08-29T11:16:46,,214,91712,c6b535f66ecd3748583afa7e7b39bb3b,9D05C71DD0774D72B4326C0273C3570F,1533819733967000,2018-08-09T14:02:13,,1220499683,IOS,,SkodaContentViewController,auto,964496880845775988,,1,,,28060,4,,,,,,,,,,,1533819733967000,c6b535f66ecd3748583afa7e7b39bb3b,uk.co.skoda.assistant.ios,1.1.6,,1:571703561616:ios:777087d7f78ec12a,manual_install,tablet,Apple,iPad,,"iPad7,5",IOS,11.4.1,,,en-gb,No,3600,,,Europe,United Kingdom,England,Nottingham,,,(direct),(none),(direct),c6b535f66ecd3748583afa7e7b39bb3b_1
20180829,1535546631614001,2018-08-29T13:43:51,AnalyticsEventViewItem,1535538115585001,2018-08-29T11:21:55,,214,91712,c6b535f66ecd3748583afa7e7b39bb3b,9D05C71DD0774D72B4326C0273C3570F,1533819733967000,2018-08-09T14:02:13,,1220499683,IOS,,SkodaContentViewController,app,964496880845775988,,1,,,28060,4,,,5b3f3ea007c40909652444,,,,,,,,1533819733967000,c6b535f66ecd3748583afa7e7b39bb3b,uk.co.skoda.assistant.ios,1.1.6,,1:571703561616:ios:777087d7f78ec12a,manual_install,tablet,Apple,iPad,,"iPad7,5",IOS,11.4.1,,,en-gb,No,3600,,,Europe,United Kingdom,England,Nottingham,,,(direct),(none),(direct),c6b535f66ecd3748583afa7e7b39bb3b_1
20180829,1535546631938002,2018-08-29T13:43:51,user_engagement,1535538141042002,2018-08-29T11:22:21,,214,91712,c6b535f66ecd3748583afa7e7b39bb3b,9D05C71DD0774D72B4326C0273C3570F,1533819733967000,2018-08-09T14:02:13,,1220499683,IOS,,SkodaContentViewController,auto,964496880845775988,20197,,,,28060,4,,,,,,,,,,,1533819733967000,c6b535f66ecd3748583afa7e7b39bb3b,uk.co.skoda.assistant.ios,1.1.6,,1:571703561616:ios:777087d7f78ec12a,manual_install,tablet,Apple,iPad,,"iPad7,5",IOS,11.4.1,,,en-gb,No,3600,,,Europe,United Kingdom,England,Nottingham,,,(direct),(none),(direct),c6b535f66ecd3748583afa7e7b39bb3b_1
20180829,1535546631938002,2018-08-29T13:43:51,screen_view,1535538119386002,2018-08-29T11:21:59,,214,91712,c6b535f66ecd3748583afa7e7b39bb3b,9D05C71DD0774D72B4326C0273C3570F,1533819733967000,2018-08-09T14:02:13,,1220499683,IOS,,PresentationExploreSegmentedViewController,auto,964496880845775996,,1,964496880845775988,SkodaContentViewController,28060,4,,,,,,,,,,,1533819733967000,c6b535f66ecd3748583afa7e7b39bb3b,uk.co.skoda.assistant.ios,1.1.6,,1:571703561616:ios:777087d7f78ec12a,manual_install,tablet,Apple,iPad,,"iPad7,5",IOS,11.4.1,,,en-gb,No,3600,,,Europe,United Kingdom,England,Nottingham,,,(direct),(none),(direct),c6b535f66ecd3748583afa7e7b39bb3b_1
20180829,1535546632291003,2018-08-29T13:43:52,screen_view,1535546631938003,2018-08-29T13:43:51,,214,91712,c6b535f66ecd3748583afa7e7b39bb3b,9D05C71DD0774D72B4326C0273C3570F,1533819733967000,2018-08-09T14:02:13,,1220499683,IOS,,PresentationEditorViewController,auto,964496880845775997,,1,964496880845775996,PresentationExploreSegmentedViewController,28060,4,,,,,,,,,,,1533819733967000,c6b535f66ecd3748583afa7e7b39bb3b,uk.co.skoda.assistant.ios,1.1.6,,1:571703561616:ios:777087d7f78ec12a,manual_install,tablet,Apple,iPad,,"iPad7,5",IOS,11.4.1,,,en-gb,No,3600,,,Europe,United Kingdom,England,Nottingham,,,(direct),(none),(direct),c6b535f66ecd3748583afa7e7b39bb3b_1
20180829,1535546634430004,2018-08-29T13:43:54,screen_view,1535546632291004,2018-08-29T13:43:52,,214,91712,c6b535f66ecd3748583afa7e7b39bb3b,9D05C71DD0774D72B4326C0273C3570F,1533819733967000,2018-08-09T14:02:13,,1220499683,IOS,,AVPlayerViewController,auto,964496880845775998,,1,964496880845775997,PresentationEditorViewController,28060,4,,,,,,,,,,,1533819733967000,c6b535f66ecd3748583afa7e7b39bb3b,uk.co.skoda.assistant.ios,1.1.6,,1:571703561616:ios:777087d7f78ec12a,manual_install,tablet,Apple,iPad,,"iPad7,5",IOS,11.4.1,,,en-gb,No,3600,,,Europe,United Kingdom,England,Nottingham,,,(direct),(none),(direct),c6b535f66ecd3748583afa7e7b39bb3b_1
20180829,1535546634430005,2018-08-29T13:43:54,user_engagement,1535546631938005,2018-08-29T13:43:51,,214,91712,c6b535f66ecd3748583afa7e7b39bb3b,9D05C71DD0774D72B4326C0273C3570F,1533819733967000,2018-08-09T14:02:13,,1220499683,IOS,,PresentationEditorViewController,auto,964496880845775997,2492,,,,28060,4,,,,,,,,,,,1533819733967000,c6b535f66ecd3748583afa7e7b39bb3b,uk.co.skoda.assistant.ios,1.1.6,,1:571703561616:ios:777087d7f78ec12a,manual_install,tablet,Apple,iPad,,"iPad7,5",IOS,11.4.1,,,en-gb,No,3600,,,Europe,United Kingdom,England,Nottingham,,,(direct),(none),(direct),c6b535f66ecd3748583afa7e7b39bb3b_1
20180829,1535546653703005,2018-08-29T13:44:13,screen_view,1535546634430005,2018-08-29T13:43:54,,214,91712,c6b535f66ecd3748583afa7e7b39bb3b,9D05C71DD0774D72B4326C0273C3570F,1533819733967000,2018-08-09T14:02:13,,1220499683,IOS,,PresentationExploreSegmentedViewController,auto,964496880845775996,,1,964496880845775998,AVPlayerViewController,28060,4,,,,,,,,,,,1533819733967000,c6b535f66ecd3748583afa7e7b39bb3b,uk.co.skoda.assistant.ios,1.1.6,,1:571703561616:ios:777087d7f78ec12a,manual_install,tablet,Apple,iPad,,"iPad7,5",IOS,11.4.1,,,en-gb,No,3600,,,Europe,United Kingdom,England,Nottingham,,,(direct),(none),(direct),c6b535f66ecd3748583afa7e7b39bb3b_1
20180829,1535546653703007,2018-08-29T13:44:13,user_engagement,1535546634430007,2018-08-29T13:43:54,,214,91712,c6b535f66ecd3748583afa7e7b39bb3b,9D05C71DD0774D72B4326C0273C3570F,1533819733967000,2018-08-09T14:02:13,,1220499683,IOS,,AVPlayerViewController,auto,964496880845775998,19273,,,,28060,4,,,,,,,,,,,1533819733967000,c6b535f66ecd3748583afa7e7b39bb3b,uk.co.skoda.assistant.ios,1.1.6,,1:571703561616:ios:777087d7f78ec12a,manual_install,tablet,Apple,iPad,,"iPad7,5",IOS,11.4.1,,,en-gb,No,3600,,,Europe,United Kingdom,England,Nottingham,,,(direct),(none),(direct),c6b535f66ecd3748583afa7e7b39bb3b_1
20180829,1535546654121006,2018-08-29T13:44:14,screen_view,1535546653703006,2018-08-29T13:44:13,,214,91712,c6b535f66ecd3748583afa7e7b39bb3b,9D05C71DD0774D72B4326C0273C3570F,1533819733967000,2018-08-09T14:02:13,,1220499683,IOS,,SkodaContentViewController,auto,964496880845775988,,1,964496880845775996,PresentationExploreSegmentedViewController,28060,4,,,,,,,,,,,1533819733967000,c6b535f66ecd3748583afa7e7b39bb3b,uk.co.skoda.assistant.ios,1.1.6,,1:571703561616:ios:777087d7f78ec12a,manual_install,tablet,Apple,iPad,,"iPad7,5",IOS,11.4.1,,,en-gb,No,3600,,,Europe,United Kingdom,England,Nottingham,,,(direct),(none),(direct),c6b535f66ecd3748583afa7e7b39bb3b_1
20180829,1535546654123007,2018-08-29T13:44:14,screen_view,1535546654121007,2018-08-29T13:44:14,,214,91712,c6b535f66ecd3748583afa7e7b39bb3b,9D05C71DD0774D72B4326C0273C3570F,1533819733967000,2018-08-09T14:02:13,,1220499683,IOS,,PresentationEditorViewController,auto,964496880845775997,,1,964496880845775988,SkodaContentViewController,28060,4,,,,,,,,,,,1533819733967000,c6b535f66ecd3748583afa7e7b39bb3b,uk.co.skoda.assistant.ios,1.1.6,,1:571703561616:ios:777087d7f78ec12a,manual_install,tablet,Apple,iPad,,"iPad7,5",IOS,11.4.1,,,en-gb,No,3600,,,Europe,United Kingdom,England,Nottingham,,,(direct),(none),(direct),c6b535f66ecd3748583afa7e7b39bb3b_1
20180829,1535546657136011,2018-08-29T13:44:17,user_engagement,1535546653703011,2018-08-29T13:44:13,,214,91712,c6b535f66ecd3748583afa7e7b39bb3b,9D05C71DD0774D72B4326C0273C3570F,1533819733967000,2018-08-09T14:02:13,,1220499683,IOS,,PresentationEditorViewController,auto,964496880845775997,3433,,,,28060,4,,,,,,,,,,,1533819733967000,c6b535f66ecd3748583afa7e7b39bb3b,uk.co.skoda.assistant.ios,1.1.6,,1:571703561616:ios:777087d7f78ec12a,manual_install,tablet,Apple,iPad,,"iPad7,5",IOS,11.4.1,,,en-gb,No,3600,,,Europe,United Kingdom,England,Nottingham,,,(direct),(none),(direct),c6b535f66ecd3748583afa7e7b39bb3b_1
20180829,1535546657137008,2018-08-29T13:44:17,screen_view,1535546654123008,2018-08-29T13:44:14,,214,91712,c6b535f66ecd3748583afa7e7b39bb3b,9D05C71DD0774D72B4326C0273C3570F,1533819733967000,2018-08-09T14:02:13,,1220499683,IOS,,SkodaContentViewController,auto,964496880845775988,,1,964496880845775997,PresentationEditorViewController,28060,4,,,,,,,,,,,1533819733967000,c6b535f66ecd3748583afa7e7b39bb3b,uk.co.skoda.assistant.ios,1.1.6,,1:571703561616:ios:777087d7f78ec12a,manual_install,tablet,Apple,iPad,,"iPad7,5",IOS,11.4.1,,,en-gb,No,3600,,,Europe,United Kingdom,England,Nottingham,,,(direct),(none),(direct),c6b535f66ecd3748583afa7e7b39bb3b_1
20180829,1535546724084009,2018-08-29T13:45:24,AnalyticsEventViewItem,1535546631614009,2018-08-29T13:43:51,,214,91712,c6b535f66ecd3748583afa7e7b39bb3b,9D05C71DD0774D72B4326C0273C3570F,1533819733967000,2018-08-09T14:02:13,,1220499683,IOS,,SkodaContentViewController,app,964496880845775988,,1,,,28060,4,,,5b3f3ea007c40909652444,,,,,,,,1533819733967000,c6b535f66ecd3748583afa7e7b39bb3b,uk.co.skoda.assistant.ios,1.1.6,,1:571703561616:ios:777087d7f78ec12a,manual_install,tablet,Apple,iPad,,"iPad7,5",IOS,11.4.1,,,en-gb,No,3600,,,Europe,United Kingdom,England,Nottingham,,,(direct),(none),(direct),c6b535f66ecd3748583afa7e7b39bb3b_1
20180829,1535546724215010,2018-08-29T13:45:24,screen_view,1535546657137010,2018-08-29T13:44:17,,214,91712,c6b535f66ecd3748583afa7e7b39bb3b,9D05C71DD0774D72B4326C0273C3570F,1533819733967000,2018-08-09T14:02:13,,1220499683,IOS,,PresentationExploreSegmentedViewController,auto,964496880845775999,,1,964496880845775988,SkodaContentViewController,28060,4,,,,,,,,,,,1533819733967000,c6b535f66ecd3748583afa7e7b39bb3b,uk.co.skoda.assistant.ios,1.1.6,,1:571703561616:ios:777087d7f78ec12a,manual_install,tablet,Apple,iPad,,"iPad7,5",IOS,11.4.1,,,en-gb,No,3600,,,Europe,United Kingdom,England,Nottingham,,,(direct),(none),(direct),c6b535f66ecd3748583afa7e7b39bb3b_1
20180829,1535546724215014,2018-08-29T13:45:24,user_engagement,1535546657136014,2018-08-29T13:44:17,,214,91712,c6b535f66ecd3748583afa7e7b39bb3b,9D05C71DD0774D72B4326C0273C3570F,1533819733967000,2018-08-09T14:02:13,,1220499683,IOS,,SkodaContentViewController,auto,964496880845775988,67078,,,,28060,4,,,,,,,,,,,1533819733967000,c6b535f66ecd3748583afa7e7b39bb3b,uk.co.skoda.assistant.ios,1.1.6,,1:571703561616:ios:777087d7f78ec12a,manual_install,tablet,Apple,iPad,,"iPad7,5",IOS,11.4.1,,,en-gb,No,3600,,,Europe,United Kingdom,England,Nottingham,,,(direct),(none),(direct),c6b535f66ecd3748583afa7e7b39bb3b_1
20180829,1535546724717011,2018-08-29T13:45:24,screen_view,1535546724215011,2018-08-29T13:45:24,,214,91712,c6b535f66ecd3748583afa7e7b39bb3b,9D05C71DD0774D72B4326C0273C3570F,1533819733967000,2018-08-09T14:02:13,,1220499683,IOS,,PresentationEditorViewController,auto,964496880845776000,,1,964496880845775999,PresentationExploreSegmentedViewController,28060,4,,,,,,,,,,,1533819733967000,c6b535f66ecd3748583afa7e7b39bb3b,uk.co.skoda.assistant.ios,1.1.6,,1:571703561616:ios:777087d7f78ec12a,manual_install,tablet,Apple,iPad,,"iPad7,5",IOS,11.4.1,,,en-gb,No,3600,,,Europe,United Kingdom,England,Nottingham,,,(direct),(none),(direct),c6b535f66ecd3748583afa7e7b39bb3b_1
20180829,1535546726688012,2018-08-29T13:45:26,screen_view,1535546724717012,2018-08-29T13:45:24,,214,91712,c6b535f66ecd3748583afa7e7b39bb3b,9D05C71DD0774D72B4326C0273C3570F,1533819733967000,2018-08-09T14:02:13,,1220499683,IOS,,SkodaContentViewController,auto,964496880845775988,,1,964496880845776000,PresentationEditorViewController,28060,4,,,,,,,,,,,1533819733967000,c6b535f66ecd3748583afa7e7b39bb3b,uk.co.skoda.assistant.ios,1.1.6,,1:571703561616:ios:777087d7f78ec12a,manual_install,tablet,Apple,iPad,,"iPad7,5",IOS,11.4.1,,,en-gb,No,3600,,,Europe,United Kingdom,England,Nottingham,,,(direct),(none),(direct),c6b535f66ecd3748583afa7e7b39bb3b_1
20180829,1535546726688017,2018-08-29T13:45:26,user_engagement,1535546724215017,2018-08-29T13:45:24,,214,91712,c6b535f66ecd3748583afa7e7b39bb3b,9D05C71DD0774D72B4326C0273C3570F,1533819733967000,2018-08-09T14:02:13,,1220499683,IOS,,PresentationEditorViewController,auto,964496880845776000,2472,,,,28060,4,,,,,,,,,,,1533819733967000,c6b535f66ecd3748583afa7e7b39bb3b,uk.co.skoda.assistant.ios,1.1.6,,1:571703561616:ios:777087d7f78ec12a,manual_install,tablet,Apple,iPad,,"iPad7,5",IOS,11.4.1,,,en-gb,No,3600,,,Europe,United Kingdom,England,Nottingham,,,(direct),(none),(direct),c6b535f66ecd3748583afa7e7b39bb3b_1
20180829,1535546734108013,2018-08-29T13:45:34,AnalyticsEventViewItem,1535546724084013,2018-08-29T13:45:24,,214,91712,c6b535f66ecd3748583afa7e7b39bb3b,9D05C71DD0774D72B4326C0273C3570F,1533819733967000,2018-08-09T14:02:13,,1220499683,IOS,,SkodaContentViewController,app,964496880845775988,,1,,,28060,4,,,5b3f3ea007c40909652444,,,,,,,,1533819733967000,c6b535f66ecd3748583afa7e7b39bb3b,uk.co.skoda.assistant.ios,1.1.6,,1:571703561616:ios:777087d7f78ec12a,manual_install,tablet,Apple,iPad,,"iPad7,5",IOS,11.4.1,,,en-gb,No,3600,,,Europe,United Kingdom,England,Nottingham,,,(direct),(none),(direct),c6b535f66ecd3748583afa7e7b39bb3b_1
20180829,1535546734225014,2018-08-29T13:45:34,screen_view,1535546726688014,2018-08-29T13:45:26,,214,91712,c6b535f66ecd3748583afa7e7b39bb3b,9D05C71DD0774D72B4326C0273C3570F,1533819733967000,2018-08-09T14:02:13,,1220499683,IOS,,PresentationExploreSegmentedViewController,auto,964496880845776001,,1,964496880845775988,SkodaContentViewController,28060,4,,,,,,,,,,,1533819733967000,c6b535f66ecd3748583afa7e7b39bb3b,uk.co.skoda.assistant.ios,1.1.6,,1:571703561616:ios:777087d7f78ec12a,manual_install,tablet,Apple,iPad,,"iPad7,5",IOS,11.4.1,,,en-gb,No,3600,,,Europe,United Kingdom,England,Nottingham,,,(direct),(none),(direct),c6b535f66ecd3748583afa7e7b39bb3b_1
20180829,1535546734225020,2018-08-29T13:45:34,user_engagement,1535546726688020,2018-08-29T13:45:26,,214,91712,c6b535f66ecd3748583afa7e7b39bb3b,9D05C71DD0774D72B4326C0273C3570F,1533819733967000,2018-08-09T14:02:13,,1220499683,IOS,,SkodaContentViewController,auto,964496880845775988,7537,,,,28060,4,,,,,,,,,,,1533819733967000,c6b535f66ecd3748583afa7e7b39bb3b,uk.co.skoda.assistant.ios,1.1.6,,1:571703561616:ios:777087d7f78ec12a,manual_install,tablet,Apple,iPad,,"iPad7,5",IOS,11.4.1,,,en-gb,No,3600,,,Europe,United Kingdom,England,Nottingham,,,(direct),(none),(direct),c6b535f66ecd3748583afa7e7b39bb3b_1
20180829,1535546734730015,2018-08-29T13:45:34,screen_view,1535546734225015,2018-08-29T13:45:34,,214,91712,c6b535f66ecd3748583afa7e7b39bb3b,9D05C71DD0774D72B4326C0273C3570F,1533819733967000,2018-08-09T14:02:13,,1220499683,IOS,,PresentationEditorViewController,auto,964496880845776002,,1,964496880845776001,PresentationExploreSegmentedViewController,28060,4,,,,,,,,,,,1533819733967000,c6b535f66ecd3748583afa7e7b39bb3b,uk.co.skoda.assistant.ios,1.1.6,,1:571703561616:ios:777087d7f78ec12a,manual_install,tablet,Apple,iPad,,"iPad7,5",IOS,11.4.1,,,en-gb,No,3600,,,Europe,United Kingdom,England,Nottingham,,,(direct),(none),(direct),c6b535f66ecd3748583afa7e7b39bb3b_1
20180829,1535546736459023,2018-08-29T13:45:36,user_engagement,1535546734225023,2018-08-29T13:45:34,,214,91712,c6b535f66ecd3748583afa7e7b39bb3b,9D05C71DD0774D72B4326C0273C3570F,1533819733967000,2018-08-09T14:02:13,,1220499683,IOS,,PresentationEditorViewController,auto,964496880845776002,2234,,,,28060,4,,,,,,,,,,,1533819733967000,c6b535f66ecd3748583afa7e7b39bb3b,uk.co.skoda.assistant.ios,1.1.6,,1:571703561616:ios:777087d7f78ec12a,manual_install,tablet,Apple,iPad,,"iPad7,5",IOS,11.4.1,,,en-gb,No,3600,,,Europe,United Kingdom,England,Nottingham,,,(direct),(none),(direct),c6b535f66ecd3748583afa7e7b39bb3b_1
20180829,1535546736460016,2018-08-29T13:45:36,screen_view,1535546734730016,2018-08-29T13:45:34,,214,91712,c6b535f66ecd3748583afa7e7b39bb3b,9D05C71DD0774D72B4326C0273C3570F,1533819733967000,2018-08-09T14:02:13,,1220499683,IOS,,SkodaContentViewController,auto,964496880845775988,,1,964496880845776002,PresentationEditorViewController,28060,4,,,,,,,,,,,1533819733967000,c6b535f66ecd3748583afa7e7b39bb3b,uk.co.skoda.assistant.ios,1.1.6,,1:571703561616:ios:777087d7f78ec12a,manual_install,tablet,Apple,iPad,,"iPad7,5",IOS,11.4.1,,,en-gb,No,3600,,,Europe,United Kingdom,England,Nottingham,,,(direct),(none),(direct),c6b535f66ecd3748583afa7e7b39bb3b_1
20180829,1535546737096017,2018-08-29T13:45:37,button_press,1535537981022017,2018-08-29T11:19:41,,214,91712,c6b535f66ecd3748583afa7e7b39bb3b,9D05C71DD0774D72B4326C0273C3570F,1533819733967000,2018-08-09T14:02:13,,1220499683,IOS,,SkodaContentViewController,app,964496880845775988,,1,,,28060,4,,globalnav_range,,,,,,,,,1533819733967000,c6b535f66ecd3748583afa7e7b39bb3b,uk.co.skoda.assistant.ios,1.1.6,,1:571703561616:ios:777087d7f78ec12a,manual_install,tablet,Apple,iPad,,"iPad7,5",IOS,11.4.1,,,en-gb,No,3600,,,Europe,United Kingdom,England,Nottingham,,,(direct),(none),(direct),c6b535f66ecd3748583afa7e7b39bb3b_1
20180829,1535546737146018,2018-08-29T13:45:37,button_press,1535546737096018,2018-08-29T13:45:37,,214,91712,c6b535f66ecd3748583afa7e7b39bb3b,9D05C71DD0774D72B4326C0273C3570F,1533819733967000,2018-08-09T14:02:13,,1220499683,IOS,,SkodaContentViewController,app,964496880845775988,,1,,,28060,4,,range,,,,,,,,,1533819733967000,c6b535f66ecd3748583afa7e7b39bb3b,uk.co.skoda.assistant.ios,1.1.6,,1:571703561616:ios:777087d7f78ec12a,manual_install,tablet,Apple,iPad,,"iPad7,5",IOS,11.4.1,,,en-gb,No,3600,,,Europe,United Kingdom,England,Nottingham,,,(direct),(none),(direct),c6b535f66ecd3748583afa7e7b39bb3b_1
20180829,1535546737206019,2018-08-29T13:45:37,screen_view,1535546736460019,2018-08-29T13:45:36,,214,91712,c6b535f66ecd3748583afa7e7b39bb3b,9D05C71DD0774D72B4326C0273C3570F,1533819733967000,2018-08-09T14:02:13,,1220499683,IOS,,RangeContentViewController,auto,964496880845775989,,1,964496880845775988,SkodaContentViewController,28060,4,,,,,,,,,,,1533819733967000,c6b535f66ecd3748583afa7e7b39bb3b,uk.co.skoda.assistant.ios,1.1.6,,1:571703561616:ios:777087d7f78ec12a,manual_install,tablet,Apple,iPad,,"iPad7,5",IOS,11.4.1,,,en-gb,No,3600,,,Europe,United Kingdom,England,Nottingham,,,(direct),(none),(direct),c6b535f66ecd3748583afa7e7b39bb3b_1
20180829,1535546738455020,2018-08-29T13:45:38,button_press,1535546737146020,2018-08-29T13:45:37,,214,91712,c6b535f66ecd3748583afa7e7b39bb3b,9D05C71DD0774D72B4326C0273C3570F,1533819733967000,2018-08-09T14:02:13,,1220499683,IOS,,RangeContentViewController,app,964496880845775989,,1,,,28060,4,,globalnav_compare,,,,,,,,,1533819733967000,c6b535f66ecd3748583afa7e7b39bb3b,uk.co.skoda.assistant.ios,1.1.6,,1:571703561616:ios:777087d7f78ec12a,manual_install,tablet,Apple,iPad,,"iPad7,5",IOS,11.4.1,,,en-gb,No,3600,,,Europe,United Kingdom,England,Nottingham,,,(direct),(none),(direct),c6b535f66ecd3748583afa7e7b39bb3b_1
20180829,1535546738484021,2018-08-29T13:45:38,button_press,1535546738455021,2018-08-29T13:45:38,,214,91712,c6b535f66ecd3748583afa7e7b39bb3b,9D05C71DD0774D72B4326C0273C3570F,1533819733967000,2018-08-09T14:02:13,,1220499683,IOS,,RangeContentViewController,app,964496880845775989,,1,,,28060,4,,compare,,,,,,,,,1533819733967000,c6b535f66ecd3748583afa7e7b39bb3b,uk.co.skoda.assistant.ios,1.1.6,,1:571703561616:ios:777087d7f78ec12a,manual_install,tablet,Apple,iPad,,"iPad7,5",IOS,11.4.1,,,en-gb,No,3600,,,Europe,United Kingdom,England,Nottingham,,,(direct),(none),(direct),c6b535f66ecd3748583afa7e7b39bb3b_1
20180829,1535546738668022,2018-08-29T13:45:38,screen_view,1535546737206022,2018-08-29T13:45:37,,214,91712,c6b535f66ecd3748583afa7e7b39bb3b,9D05C71DD0774D72B4326C0273C3570F,1533819733967000,2018-08-09T14:02:13,,1220499683,IOS,,SkodaContentViewController,auto,964496880845775988,,1,964496880845775989,RangeContentViewController,28060,4,,,,,,,,,,,1533819733967000,c6b535f66ecd3748583afa7e7b39bb3b,uk.co.skoda.assistant.ios,1.1.6,,1:571703561616:ios:777087d7f78ec12a,manual_install,tablet,Apple,iPad,,"iPad7,5",IOS,11.4.1,,,en-gb,No,3600,,,Europe,United Kingdom,England,Nottingham,,,(direct),(none),(direct),c6b535f66ecd3748583afa7e7b39bb3b_1
20180829,1535546738668030,2018-08-29T13:45:38,user_engagement,1535546736459030,2018-08-29T13:45:36,,214,91712,c6b535f66ecd3748583afa7e7b39bb3b,9D05C71DD0774D72B4326C0273C3570F,1533819733967000,2018-08-09T14:02:13,,1220499683,IOS,,RangeContentViewController,auto,964496880845775989,2208,,,,28060,4,,,,,,,,,,,1533819733967000,c6b535f66ecd3748583afa7e7b39bb3b,uk.co.skoda.assistant.ios,1.1.6,,1:571703561616:ios:777087d7f78ec12a,manual_install,tablet,Apple,iPad,,"iPad7,5",IOS,11.4.1,,,en-gb,No,3600,,,Europe,United Kingdom,England,Nottingham,,,(direct),(none),(direct),c6b535f66ecd3748583afa7e7b39bb3b_1
20180829,1535546739186023,2018-08-29T13:45:39,button_press,1535546738484023,2018-08-29T13:45:38,,214,91712,c6b535f66ecd3748583afa7e7b39bb3b,9D05C71DD0774D72B4326C0273C3570F,1533819733967000,2018-08-09T14:02:13,,1220499683,IOS,,SkodaContentViewController,app,964496880845775988,,1,,,28060,4,,globalnav_presentation,,,,,,,,,1533819733967000,c6b535f66ecd3748583afa7e7b39bb3b,uk.co.skoda.assistant.ios,1.1.6,,1:571703561616:ios:777087d7f78ec12a,manual_install,tablet,Apple,iPad,,"iPad7,5",IOS,11.4.1,,,en-gb,No,3600,,,Europe,United Kingdom,England,Nottingham,,,(direct),(none),(direct),c6b535f66ecd3748583afa7e7b39bb3b_1
20180829,1535546739211024,2018-08-29T13:45:39,button_press,1535546739186024,2018-08-29T13:45:39,,214,91712,c6b535f66ecd3748583afa7e7b39bb3b,9D05C71DD0774D72B4326C0273C3570F,1533819733967000,2018-08-09T14:02:13,,1220499683,IOS,,SkodaContentViewController,app,964496880845775988,,1,,,28060,4,,presentation,,,,,,,,,1533819733967000,c6b535f66ecd3748583afa7e7b39bb3b,uk.co.skoda.assistant.ios,1.1.6,,1:571703561616:ios:777087d7f78ec12a,manual_install,tablet,Apple,iPad,,"iPad7,5",IOS,11.4.1,,,en-gb,No,3600,,,Europe,United Kingdom,England,Nottingham,,,(direct),(none),(direct),c6b535f66ecd3748583afa7e7b39bb3b_1
20180829,1535546744000025,2018-08-29T13:45:44,AnalyticsEventViewItem,1535546734108025,2018-08-29T13:45:34,,214,91712,c6b535f66ecd3748583afa7e7b39bb3b,9D05C71DD0774D72B4326C0273C3570F,1533819733967000,2018-08-09T14:02:13,,1220499683,IOS,,SkodaContentViewController,app,964496880845775988,,1,,,28060,4,,,5b33db2c04ada227196514,,,,,,,,1533819733967000,c6b535f66ecd3748583afa7e7b39bb3b,uk.co.skoda.assistant.ios,1.1.6,,1:571703561616:ios:777087d7f78ec12a,manual_install,tablet,Apple,iPad,,"iPad7,5",IOS,11.4.1,,,en-gb,No,3600,,,Europe,United Kingdom,England,Nottingham,,,(direct),(none),(direct),c6b535f66ecd3748583afa7e7b39bb3b_1
20180829,1535546744122035,2018-08-29T13:45:44,user_engagement,1535546738668035,2018-08-29T13:45:38,,214,91712,c6b535f66ecd3748583afa7e7b39bb3b,9D05C71DD0774D72B4326C0273C3570F,1533819733967000,2018-08-09T14:02:13,,1220499683,IOS,,SkodaContentViewController,auto,964496880845775988,5454,,,,28060,4,,,,,,,,,,,1533819733967000,c6b535f66ecd3748583afa7e7b39bb3b,uk.co.skoda.assistant.ios,1.1.6,,1:571703561616:ios:777087d7f78ec12a,manual_install,tablet,Apple,iPad,,"iPad7,5",IOS,11.4.1,,,en-gb,No,3600,,,Europe,United Kingdom,England,Nottingham,,,(direct),(none),(direct),c6b535f66ecd3748583afa7e7b39bb3b_1
20180829,1535546744123026,2018-08-29T13:45:44,screen_view,1535546738668026,2018-08-29T13:45:38,,214,91712,c6b535f66ecd3748583afa7e7b39bb3b,9D05C71DD0774D72B4326C0273C3570F,1533819733967000,2018-08-09T14:02:13,,1220499683,IOS,,PresentationExploreSegmentedViewController,auto,964496880845776003,,1,964496880845775988,SkodaContentViewController,28060,4,,,,,,,,,,,1533819733967000,c6b535f66ecd3748583afa7e7b39bb3b,uk.co.skoda.assistant.ios,1.1.6,,1:571703561616:ios:777087d7f78ec12a,manual_install,tablet,Apple,iPad,,"iPad7,5",IOS,11.4.1,,,en-gb,No,3600,,,Europe,United Kingdom,England,Nottingham,,,(direct),(none),(direct),c6b535f66ecd3748583afa7e7b39bb3b_1
20180829,1535546744637027,2018-08-29T13:45:44,screen_view,1535546744123027,2018-08-29T13:45:44,,214,91712,c6b535f66ecd3748583afa7e7b39bb3b,9D05C71DD0774D72B4326C0273C3570F,1533819733967000,2018-08-09T14:02:13,,1220499683,IOS,,PresentationEditorViewController,auto,964496880845776004,,1,964496880845776003,PresentationExploreSegmentedViewController,28060,4,,,,,,,,,,,1533819733967000,c6b535f66ecd3748583afa7e7b39bb3b,uk.co.skoda.assistant.ios,1.1.6,,1:571703561616:ios:777087d7f78ec12a,manual_install,tablet,Apple,iPad,,"iPad7,5",IOS,11.4.1,,,en-gb,No,3600,,,Europe,United Kingdom,England,Nottingham,,,(direct),(none),(direct),c6b535f66ecd3748583afa7e7b39bb3b_1
20180829,1535546774421028,2018-08-29T13:46:14,screen_view,1535546744637028,2018-08-29T13:45:44,,214,91712,c6b535f66ecd3748583afa7e7b39bb3b,9D05C71DD0774D72B4326C0273C3570F,1533819733967000,2018-08-09T14:02:13,,1220499683,IOS,,SkodaContentViewController,auto,964496880845775988,,1,964496880845776004,PresentationEditorViewController,28060,4,,,,,,,,,,,1533819733967000,c6b535f66ecd3748583afa7e7b39bb3b,uk.co.skoda.assistant.ios,1.1.6,,1:571703561616:ios:777087d7f78ec12a,manual_install,tablet,Apple,iPad,,"iPad7,5",IOS,11.4.1,,,en-gb,No,3600,,,Europe,United Kingdom,England,Nottingham,,,(direct),(none),(direct),c6b535f66ecd3748583afa7e7b39bb3b_1
20180829,1535546774421038,2018-08-29T13:46:14,user_engagement,1535546744122038,2018-08-29T13:45:44,,214,91712,c6b535f66ecd3748583afa7e7b39bb3b,9D05C71DD0774D72B4326C0273C3570F,1533819733967000,2018-08-09T14:02:13,,1220499683,IOS,,PresentationEditorViewController,auto,964496880845776004,30298,,,,28060,4,,,,,,,,,,,1533819733967000,c6b535f66ecd3748583afa7e7b39bb3b,uk.co.skoda.assistant.ios,1.1.6,,1:571703561616:ios:777087d7f78ec12a,manual_install,tablet,Apple,iPad,,"iPad7,5",IOS,11.4.1,,,en-gb,No,3600,,,Europe,United Kingdom,England,Nottingham,,,(direct),(none),(direct),c6b535f66ecd3748583afa7e7b39bb3b_1
20180829,1535546775732029,2018-08-29T13:46:15,button_press,1535546739211029,2018-08-29T13:45:39,,214,91712,c6b535f66ecd3748583afa7e7b39bb3b,9D05C71DD0774D72B4326C0273C3570F,1533819733967000,2018-08-09T14:02:13,,1220499683,IOS,,SkodaContentViewController,app,964496880845775988,,1,,,28060,4,,globalnav_links,,,,,,,,,1533819733967000,c6b535f66ecd3748583afa7e7b39bb3b,uk.co.skoda.assistant.ios,1.1.6,,1:571703561616:ios:777087d7f78ec12a,manual_install,tablet,Apple,iPad,,"iPad7,5",IOS,11.4.1,,,en-gb,No,3600,,,Europe,United Kingdom,England,Nottingham,,,(direct),(none),(direct),c6b535f66ecd3748583afa7e7b39bb3b_1
20180829,1535546775754030,2018-08-29T13:46:15,button_press,1535546775732030,2018-08-29T13:46:15,,214,91712,c6b535f66ecd3748583afa7e7b39bb3b,9D05C71DD0774D72B4326C0273C3570F,1533819733967000,2018-08-09T14:02:13,,1220499683,IOS,,SkodaContentViewController,app,964496880845775988,,1,,,28060,4,,links,,,,,,,,,1533819733967000,c6b535f66ecd3748583afa7e7b39bb3b,uk.co.skoda.assistant.ios,1.1.6,,1:571703561616:ios:777087d7f78ec12a,manual_install,tablet,Apple,iPad,,"iPad7,5",IOS,11.4.1,,,en-gb,No,3600,,,Europe,United Kingdom,England,Nottingham,,,(direct),(none),(direct),c6b535f66ecd3748583afa7e7b39bb3b_1
20180829,1535546779158042,2018-08-29T13:46:19,user_engagement,1535546774421042,2018-08-29T13:46:14,,214,91712,c6b535f66ecd3748583afa7e7b39bb3b,9D05C71DD0774D72B4326C0273C3570F,1533819733967000,2018-08-09T14:02:13,,1220499683,IOS,,SkodaContentViewController,auto,964496880845775988,4736,,,,28060,4,,,,,,,,,,,1533819733967000,c6b535f66ecd3748583afa7e7b39bb3b,uk.co.skoda.assistant.ios,1.1.6,,1:571703561616:ios:777087d7f78ec12a,manual_install,tablet,Apple,iPad,,"iPad7,5",IOS,11.4.1,,,en-gb,No,3600,,,Europe,United Kingdom,England,Nottingham,,,(direct),(none),(direct),c6b535f66ecd3748583afa7e7b39bb3b_1
20180829,1535553529600000,2018-08-29T15:38:49,button_press,1535546775754000,2018-08-29T13:46:15,,215,91713,c6b535f66ecd3748583afa7e7b39bb3b,9D05C71DD0774D72B4326C0273C3570F,1533819733967000,2018-08-09T14:02:13,,1220499683,IOS,,SkodaContentViewController,app,964496880845775988,,1,,,28060,4,,globalnav_presentation,,,,,,,,,1533819733967000,c6b535f66ecd3748583afa7e7b39bb3b,uk.co.skoda.assistant.ios,1.1.6,,1:571703561616:ios:777087d7f78ec12a,manual_install,tablet,Apple,iPad,,"iPad7,5",IOS,11.4.1,,,en-gb,No,3600,,,Europe,United Kingdom,England,Nottingham,,,(direct),(none),(direct),c6b535f66ecd3748583afa7e7b39bb3b_1
20180829,1535553529652001,2018-08-29T15:38:49,button_press,1535553529600001,2018-08-29T15:38:49,,215,91713,c6b535f66ecd3748583afa7e7b39bb3b,9D05C71DD0774D72B4326C0273C3570F,1533819733967000,2018-08-09T14:02:13,,1220499683,IOS,,SkodaContentViewController,app,964496880845775988,,1,,,28060,4,,presentation,,,,,,,,,1533819733967000,c6b535f66ecd3748583afa7e7b39bb3b,uk.co.skoda.assistant.ios,1.1.6,,1:571703561616:ios:777087d7f78ec12a,manual_install,tablet,Apple,iPad,,"iPad7,5",IOS,11.4.1,,,en-gb,No,3600,,,Europe,United Kingdom,England,Nottingham,,,(direct),(none),(direct),c6b535f66ecd3748583afa7e7b39bb3b_1
20180829,1535553534859002,2018-08-29T15:38:54,user_engagement,1535546779158002,2018-08-29T13:46:19,,215,91713,c6b535f66ecd3748583afa7e7b39bb3b,9D05C71DD0774D72B4326C0273C3570F,1533819733967000,2018-08-09T14:02:13,,1220499683,IOS,,SkodaContentViewController,auto,964496880845775988,6585,,,,28060,4,,,,,,,,,,,1533819733967000,c6b535f66ecd3748583afa7e7b39bb3b,uk.co.skoda.assistant.ios,1.1.6,,1:571703561616:ios:777087d7f78ec12a,manual_install,tablet,Apple,iPad,,"iPad7,5",IOS,11.4.1,,,en-gb,No,3600,,,Europe,United Kingdom,England,Nottingham,,,(direct),(none),(direct),c6b535f66ecd3748583afa7e7b39bb3b_1
20180829,1535553534859002,2018-08-29T15:38:54,screen_view,1535546774421002,2018-08-29T13:46:14,,215,91713,c6b535f66ecd3748583afa7e7b39bb3b,9D05C71DD0774D72B4326C0273C3570F,1533819733967000,2018-08-09T14:02:13,,1220499683,IOS,,SkodaAlertController,auto,964496880845776005,,1,964496880845775988,SkodaContentViewController,28060,4,,,,,,,,,,,1533819733967000,c6b535f66ecd3748583afa7e7b39bb3b,uk.co.skoda.assistant.ios,1.1.6,,1:571703561616:ios:777087d7f78ec12a,manual_install,tablet,Apple,iPad,,"iPad7,5",IOS,11.4.1,,,en-gb,No,3600,,,Europe,United Kingdom,England,Nottingham,,,(direct),(none),(direct),c6b535f66ecd3748583afa7e7b39bb3b_1
20180829,1535553535861004,2018-08-29T15:38:55,user_engagement,1535553534859004,2018-08-29T15:38:54,,215,91713,c6b535f66ecd3748583afa7e7b39bb3b,9D05C71DD0774D72B4326C0273C3570F,1533819733967000,2018-08-09T14:02:13,,1220499683,IOS,,SkodaAlertController,auto,964496880845776005,1002,,,,28060,4,,,,,,,,,,,1533819733967000,c6b535f66ecd3748583afa7e7b39bb3b,uk.co.skoda.assistant.ios,1.1.6,,1:571703561616:ios:777087d7f78ec12a,manual_install,tablet,Apple,iPad,,"iPad7,5",IOS,11.4.1,,,en-gb,No,3600,,,Europe,United Kingdom,England,Nottingham,,,(direct),(none),(direct),c6b535f66ecd3748583afa7e7b39bb3b_1
20180829,1535553535862003,2018-08-29T15:38:55,screen_view,1535553534859003,2018-08-29T15:38:54,,215,91713,c6b535f66ecd3748583afa7e7b39bb3b,9D05C71DD0774D72B4326C0273C3570F,1533819733967000,2018-08-09T14:02:13,,1220499683,IOS,,SkodaContentViewController,auto,964496880845775988,,1,964496880845776005,SkodaAlertController,28060,4,,,,,,,,,,,1533819733967000,c6b535f66ecd3748583afa7e7b39bb3b,uk.co.skoda.assistant.ios,1.1.6,,1:571703561616:ios:777087d7f78ec12a,manual_install,tablet,Apple,iPad,,"iPad7,5",IOS,11.4.1,,,en-gb,No,3600,,,Europe,United Kingdom,England,Nottingham,,,(direct),(none),(direct),c6b535f66ecd3748583afa7e7b39bb3b_1
20180829,1535553537242006,2018-08-29T15:38:57,user_engagement,1535553535861006,2018-08-29T15:38:55,,215,91713,c6b535f66ecd3748583afa7e7b39bb3b,9D05C71DD0774D72B4326C0273C3570F,1533819733967000,2018-08-09T14:02:13,,1220499683,IOS,,SkodaContentViewController,auto,964496880845775988,1380,,,,28060,4,,,,,,,,,,,1533819733967000,c6b535f66ecd3748583afa7e7b39bb3b,uk.co.skoda.assistant.ios,1.1.6,,1:571703561616:ios:777087d7f78ec12a,manual_install,tablet,Apple,iPad,,"iPad7,5",IOS,11.4.1,,,en-gb,No,3600,,,Europe,United Kingdom,England,Nottingham,,,(direct),(none),(direct),c6b535f66ecd3748583afa7e7b39bb3b_1
20180829,1535560417890000,2018-08-29T17:33:37,AnalyticsEventViewItem,1535546744000000,2018-08-29T13:45:44,,216,91714,c6b535f66ecd3748583afa7e7b39bb3b,9D05C71DD0774D72B4326C0273C3570F,1533819733967000,2018-08-09T14:02:13,,1220499683,IOS,,SkodaContentViewController,app,964496880845775988,,1,,,28060,4,,,5b7c33035833f795331202,,,,,,,,1533819733967000,c6b535f66ecd3748583afa7e7b39bb3b,uk.co.skoda.assistant.ios,1.1.6,,1:571703561616:ios:777087d7f78ec12a,manual_install,tablet,Apple,iPad,,"iPad7,5",IOS,11.4.1,,,en-gb,No,3600,,,Europe,United Kingdom,England,Nottingham,,,(direct),(none),(direct),c6b535f66ecd3748583afa7e7b39bb3b_1
20180829,1535560418052001,2018-08-29T17:33:38,user_engagement,1535553537242001,2018-08-29T15:38:57,,216,91714,c6b535f66ecd3748583afa7e7b39bb3b,9D05C71DD0774D72B4326C0273C3570F,1533819733967000,2018-08-09T14:02:13,,1220499683,IOS,,SkodaContentViewController,auto,964496880845775988,6317,,,,28060,4,,,,,,,,,,,1533819733967000,c6b535f66ecd3748583afa7e7b39bb3b,uk.co.skoda.assistant.ios,1.1.6,,1:571703561616:ios:777087d7f78ec12a,manual_install,tablet,Apple,iPad,,"iPad7,5",IOS,11.4.1,,,en-gb,No,3600,,,Europe,United Kingdom,England,Nottingham,,,(direct),(none),(direct),c6b535f66ecd3748583afa7e7b39bb3b_1
20180829,1535560418052001,2018-08-29T17:33:38,screen_view,1535553535862001,2018-08-29T15:38:55,,216,91714,c6b535f66ecd3748583afa7e7b39bb3b,9D05C71DD0774D72B4326C0273C3570F,1533819733967000,2018-08-09T14:02:13,,1220499683,IOS,,PresentationExploreSegmentedViewController,auto,964496880845776006,,1,964496880845775988,SkodaContentViewController,28060,4,,,,,,,,,,,1533819733967000,c6b535f66ecd3748583afa7e7b39bb3b,uk.co.skoda.assistant.ios,1.1.6,,1:571703561616:ios:777087d7f78ec12a,manual_install,tablet,Apple,iPad,,"iPad7,5",IOS,11.4.1,,,en-gb,No,3600,,,Europe,United Kingdom,England,Nottingham,,,(direct),(none),(direct),c6b535f66ecd3748583afa7e7b39bb3b_1
20180829,1535560418550002,2018-08-29T17:33:38,screen_view,1535560418052002,2018-08-29T17:33:38,,216,91714,c6b535f66ecd3748583afa7e7b39bb3b,9D05C71DD0774D72B4326C0273C3570F,1533819733967000,2018-08-09T14:02:13,,1220499683,IOS,,PresentationEditorViewController,auto,964496880845776007,,1,964496880845776006,PresentationExploreSegmentedViewController,28060,4,,,,,,,,,,,1533819733967000,c6b535f66ecd3748583afa7e7b39bb3b,uk.co.skoda.assistant.ios,1.1.6,,1:571703561616:ios:777087d7f78ec12a,manual_install,tablet,Apple,iPad,,"iPad7,5",IOS,11.4.1,,,en-gb,No,3600,,,Europe,United Kingdom,England,Nottingham,,,(direct),(none),(direct),c6b535f66ecd3748583afa7e7b39bb3b_1
20180829,1535560419616003,2018-08-29T17:33:39,button_press,1535553529652003,2018-08-29T15:38:49,,216,91714,c6b535f66ecd3748583afa7e7b39bb3b,9D05C71DD0774D72B4326C0273C3570F,1533819733967000,2018-08-09T14:02:13,,1220499683,IOS,,PresentationEditorViewController,app,964496880845776007,,1,,,28060,4,,presentation_home_email_presentation,,,,,,,,,1533819733967000,c6b535f66ecd3748583afa7e7b39bb3b,uk.co.skoda.assistant.ios,1.1.6,,1:571703561616:ios:777087d7f78ec12a,manual_install,tablet,Apple,iPad,,"iPad7,5",IOS,11.4.1,,,en-gb,No,3600,,,Europe,United Kingdom,England,Nottingham,,,(direct),(none),(direct),c6b535f66ecd3748583afa7e7b39bb3b_1
20180829,1535560419900004,2018-08-29T17:33:39,screen_view,1535560418550004,2018-08-29T17:33:38,,216,91714,c6b535f66ecd3748583afa7e7b39bb3b,9D05C71DD0774D72B4326C0273C3570F,1533819733967000,2018-08-09T14:02:13,,1220499683,IOS,,MFMailComposeInternalViewController,auto,964496880845776008,,1,964496880845776007,PresentationEditorViewController,28060,4,,,,,,,,,,,1533819733967000,c6b535f66ecd3748583afa7e7b39bb3b,uk.co.skoda.assistant.ios,1.1.6,,1:571703561616:ios:777087d7f78ec12a,manual_install,tablet,Apple,iPad,,"iPad7,5",IOS,11.4.1,,,en-gb,No,3600,,,Europe,United Kingdom,England,Nottingham,,,(direct),(none),(direct),c6b535f66ecd3748583afa7e7b39bb3b_1
20180829,1535560419900005,2018-08-29T17:33:39,user_engagement,1535560418052005,2018-08-29T17:33:38,,216,91714,c6b535f66ecd3748583afa7e7b39bb3b,9D05C71DD0774D72B4326C0273C3570F,1533819733967000,2018-08-09T14:02:13,,1220499683,IOS,,PresentationEditorViewController,auto,964496880845776007,1848,,,,28060,4,,,,,,,,,,,1533819733967000,c6b535f66ecd3748583afa7e7b39bb3b,uk.co.skoda.assistant.ios,1.1.6,,1:571703561616:ios:777087d7f78ec12a,manual_install,tablet,Apple,iPad,,"iPad7,5",IOS,11.4.1,,,en-gb,No,3600,,,Europe,United Kingdom,England,Nottingham,,,(direct),(none),(direct),c6b535f66ecd3748583afa7e7b39bb3b_1
20180829,1535560421736005,2018-08-29T17:33:41,session_start,1535546621741005,2018-08-29T13:43:41,,216,91714,c6b535f66ecd3748583afa7e7b39bb3b,9D05C71DD0774D72B4326C0273C3570F,1533819733967000,2018-08-09T14:02:13,,1220499683,IOS,,MFMailComposeInternalViewController,auto,964496880845776008,,1,,,28060,4,,,,,,,,,,,1533819733967000,c6b535f66ecd3748583afa7e7b39bb3b,uk.co.skoda.assistant.ios,1.1.6,,1:571703561616:ios:777087d7f78ec12a,manual_install,tablet,Apple,iPad,,"iPad7,5",IOS,11.4.1,,,en-gb,No,3600,,,Europe,United Kingdom,England,Nottingham,,,(direct),(none),(direct),c6b535f66ecd3748583afa7e7b39bb3b_1
20180829,1535560438565006,2018-08-29T17:33:58,screen_view,1535560419900006,2018-08-29T17:33:39,,216,91714,c6b535f66ecd3748583afa7e7b39bb3b,9D05C71DD0774D72B4326C0273C3570F,1533819733967000,2018-08-09T14:02:13,,1220499683,IOS,,PresentationEditorViewController,auto,964496880845776007,,1,964496880845776008,MFMailComposeInternalViewController,28060,4,,,,,,,,,,,1533819733967000,c6b535f66ecd3748583afa7e7b39bb3b,uk.co.skoda.assistant.ios,1.1.6,,1:571703561616:ios:777087d7f78ec12a,manual_install,tablet,Apple,iPad,,"iPad7,5",IOS,11.4.1,,,en-gb,No,3600,,,Europe,United Kingdom,England,Nottingham,,,(direct),(none),(direct),c6b535f66ecd3748583afa7e7b39bb3b_1
20180829,1535560438565008,2018-08-29T17:33:58,user_engagement,1535560419900008,2018-08-29T17:33:39,,216,91714,c6b535f66ecd3748583afa7e7b39bb3b,9D05C71DD0774D72B4326C0273C3570F,1533819733967000,2018-08-09T14:02:13,,1220499683,IOS,,MFMailComposeInternalViewController,auto,964496880845776008,18665,,,,28060,4,,,,,,,,,,,1533819733967000,c6b535f66ecd3748583afa7e7b39bb3b,uk.co.skoda.assistant.ios,1.1.6,,1:571703561616:ios:777087d7f78ec12a,manual_install,tablet,Apple,iPad,,"iPad7,5",IOS,11.4.1,,,en-gb,No,3600,,,Europe,United Kingdom,England,Nottingham,,,(direct),(none),(direct),c6b535f66ecd3748583afa7e7b39bb3b_1
20180829,1535560439875007,2018-08-29T17:33:59,screen_view,1535560438565007,2018-08-29T17:33:58,,216,91714,c6b535f66ecd3748583afa7e7b39bb3b,9D05C71DD0774D72B4326C0273C3570F,1533819733967000,2018-08-09T14:02:13,,1220499683,IOS,,SkodaContentViewController,auto,964496880845775988,,1,964496880845776007,PresentationEditorViewController,28060,4,,,,,,,,,,,1533819733967000,c6b535f66ecd3748583afa7e7b39bb3b,uk.co.skoda.assistant.ios,1.1.6,,1:571703561616:ios:777087d7f78ec12a,manual_install,tablet,Apple,iPad,,"iPad7,5",IOS,11.4.1,,,en-gb,No,3600,,,Europe,United Kingdom,England,Nottingham,,,(direct),(none),(direct),c6b535f66ecd3748583afa7e7b39bb3b_1
20180829,1535560439875010,2018-08-29T17:33:59,user_engagement,1535560438565010,2018-08-29T17:33:58,,216,91714,c6b535f66ecd3748583afa7e7b39bb3b,9D05C71DD0774D72B4326C0273C3570F,1533819733967000,2018-08-09T14:02:13,,1220499683,IOS,,PresentationEditorViewController,auto,964496880845776007,1309,,,,28060,4,,,,,,,,,,,1533819733967000,c6b535f66ecd3748583afa7e7b39bb3b,uk.co.skoda.assistant.ios,1.1.6,,1:571703561616:ios:777087d7f78ec12a,manual_install,tablet,Apple,iPad,,"iPad7,5",IOS,11.4.1,,,en-gb,No,3600,,,Europe,United Kingdom,England,Nottingham,,,(direct),(none),(direct),c6b535f66ecd3748583afa7e7b39bb3b_1
20180829,1535560445375008,2018-08-29T17:34:05,AnalyticsEventViewItem,1535560417890008,2018-08-29T17:33:37,,216,91714,c6b535f66ecd3748583afa7e7b39bb3b,9D05C71DD0774D72B4326C0273C3570F,1533819733967000,2018-08-09T14:02:13,,1220499683,IOS,,SkodaContentViewController,app,964496880845775988,,1,,,28060,4,,,5b339c942121f324320657,,,,,,,,1533819733967000,c6b535f66ecd3748583afa7e7b39bb3b,uk.co.skoda.assistant.ios,1.1.6,,1:571703561616:ios:777087d7f78ec12a,manual_install,tablet,Apple,iPad,,"iPad7,5",IOS,11.4.1,,,en-gb,No,3600,,,Europe,United Kingdom,England,Nottingham,,,(direct),(none),(direct),c6b535f66ecd3748583afa7e7b39bb3b_1
20180829,1535560445507009,2018-08-29T17:34:05,screen_view,1535560439875009,2018-08-29T17:33:59,,216,91714,c6b535f66ecd3748583afa7e7b39bb3b,9D05C71DD0774D72B4326C0273C3570F,1533819733967000,2018-08-09T14:02:13,,1220499683,IOS,,PresentationExploreSegmentedViewController,auto,964496880845776009,,1,964496880845775988,SkodaContentViewController,28060,4,,,,,,,,,,,1533819733967000,c6b535f66ecd3748583afa7e7b39bb3b,uk.co.skoda.assistant.ios,1.1.6,,1:571703561616:ios:777087d7f78ec12a,manual_install,tablet,Apple,iPad,,"iPad7,5",IOS,11.4.1,,,en-gb,No,3600,,,Europe,United Kingdom,England,Nottingham,,,(direct),(none),(direct),c6b535f66ecd3748583afa7e7b39bb3b_1
20180829,1535560445507013,2018-08-29T17:34:05,user_engagement,1535560439875013,2018-08-29T17:33:59,,216,91714,c6b535f66ecd3748583afa7e7b39bb3b,9D05C71DD0774D72B4326C0273C3570F,1533819733967000,2018-08-09T14:02:13,,1220499683,IOS,,SkodaContentViewController,auto,964496880845775988,5632,,,,28060,4,,,,,,,,,,,1533819733967000,c6b535f66ecd3748583afa7e7b39bb3b,uk.co.skoda.assistant.ios,1.1.6,,1:571703561616:ios:777087d7f78ec12a,manual_install,tablet,Apple,iPad,,"iPad7,5",IOS,11.4.1,,,en-gb,No,3600,,,Europe,United Kingdom,England,Nottingham,,,(direct),(none),(direct),c6b535f66ecd3748583afa7e7b39bb3b_1
20180829,1535560446005010,2018-08-29T17:34:06,screen_view,1535560445507010,2018-08-29T17:34:05,,216,91714,c6b535f66ecd3748583afa7e7b39bb3b,9D05C71DD0774D72B4326C0273C3570F,1533819733967000,2018-08-09T14:02:13,,1220499683,IOS,,PresentationEditorViewController,auto,964496880845776010,,1,964496880845776009,PresentationExploreSegmentedViewController,28060,4,,,,,,,,,,,1533819733967000,c6b535f66ecd3748583afa7e7b39bb3b,uk.co.skoda.assistant.ios,1.1.6,,1:571703561616:ios:777087d7f78ec12a,manual_install,tablet,Apple,iPad,,"iPad7,5",IOS,11.4.1,,,en-gb,No,3600,,,Europe,United Kingdom,England,Nottingham,,,(direct),(none),(direct),c6b535f66ecd3748583afa7e7b39bb3b_1
20180829,1535560446582011,2018-08-29T17:34:06,button_press,1535560419616011,2018-08-29T17:33:39,,216,91714,c6b535f66ecd3748583afa7e7b39bb3b,9D05C71DD0774D72B4326C0273C3570F,1533819733967000,2018-08-09T14:02:13,,1220499683,IOS,,PresentationEditorViewController,app,964496880845776010,,1,,,28060,4,,presentation_home_email_presentation,,,,,,,,,1533819733967000,c6b535f66ecd3748583afa7e7b39bb3b,uk.co.skoda.assistant.ios,1.1.6,,1:571703561616:ios:777087d7f78ec12a,manual_install,tablet,Apple,iPad,,"iPad7,5",IOS,11.4.1,,,en-gb,No,3600,,,Europe,United Kingdom,England,Nottingham,,,(direct),(none),(direct),c6b535f66ecd3748583afa7e7b39bb3b_1
20180829,1535560446828012,2018-08-29T17:34:06,screen_view,1535560446005012,2018-08-29T17:34:06,,216,91714,c6b535f66ecd3748583afa7e7b39bb3b,9D05C71DD0774D72B4326C0273C3570F,1533819733967000,2018-08-09T14:02:13,,1220499683,IOS,,MFMailComposeInternalViewController,auto,964496880845776011,,1,964496880845776010,PresentationEditorViewController,28060,4,,,,,,,,,,,1533819733967000,c6b535f66ecd3748583afa7e7b39bb3b,uk.co.skoda.assistant.ios,1.1.6,,1:571703561616:ios:777087d7f78ec12a,manual_install,tablet,Apple,iPad,,"iPad7,5",IOS,11.4.1,,,en-gb,No,3600,,,Europe,United Kingdom,England,Nottingham,,,(direct),(none),(direct),c6b535f66ecd3748583afa7e7b39bb3b_1
20180829,1535560446828017,2018-08-29T17:34:06,user_engagement,1535560445507017,2018-08-29T17:34:05,,216,91714,c6b535f66ecd3748583afa7e7b39bb3b,9D05C71DD0774D72B4326C0273C3570F,1533819733967000,2018-08-09T14:02:13,,1220499683,IOS,,PresentationEditorViewController,auto,964496880845776010,1320,,,,28060,4,,,,,,,,,,,1533819733967000,c6b535f66ecd3748583afa7e7b39bb3b,uk.co.skoda.assistant.ios,1.1.6,,1:571703561616:ios:777087d7f78ec12a,manual_install,tablet,Apple,iPad,,"iPad7,5",IOS,11.4.1,,,en-gb,No,3600,,,Europe,United Kingdom,England,Nottingham,,,(direct),(none),(direct),c6b535f66ecd3748583afa7e7b39bb3b_1
20180829,1535560451969013,2018-08-29T17:34:11,screen_view,1535560446828013,2018-08-29T17:34:06,,216,91714,c6b535f66ecd3748583afa7e7b39bb3b,9D05C71DD0774D72B4326C0273C3570F,1533819733967000,2018-08-09T14:02:13,,1220499683,IOS,,PresentationEditorViewController,auto,964496880845776010,,1,964496880845776011,MFMailComposeInternalViewController,28060,4,,,,,,,,,,,1533819733967000,c6b535f66ecd3748583afa7e7b39bb3b,uk.co.skoda.assistant.ios,1.1.6,,1:571703561616:ios:777087d7f78ec12a,manual_install,tablet,Apple,iPad,,"iPad7,5",IOS,11.4.1,,,en-gb,No,3600,,,Europe,United Kingdom,England,Nottingham,,,(direct),(none),(direct),c6b535f66ecd3748583afa7e7b39bb3b_1
20180829,1535560451969019,2018-08-29T17:34:11,user_engagement,1535560446828019,2018-08-29T17:34:06,,216,91714,c6b535f66ecd3748583afa7e7b39bb3b,9D05C71DD0774D72B4326C0273C3570F,1533819733967000,2018-08-09T14:02:13,,1220499683,IOS,,MFMailComposeInternalViewController,auto,964496880845776011,5141,,,,28060,4,,,,,,,,,,,1533819733967000,c6b535f66ecd3748583afa7e7b39bb3b,uk.co.skoda.assistant.ios,1.1.6,,1:571703561616:ios:777087d7f78ec12a,manual_install,tablet,Apple,iPad,,"iPad7,5",IOS,11.4.1,,,en-gb,No,3600,,,Europe,United Kingdom,England,Nottingham,,,(direct),(none),(direct),c6b535f66ecd3748583afa7e7b39bb3b_1
20180829,1535560453457014,2018-08-29T17:34:13,screen_view,1535560451969014,2018-08-29T17:34:11,,216,91714,c6b535f66ecd3748583afa7e7b39bb3b,9D05C71DD0774D72B4326C0273C3570F,1533819733967000,2018-08-09T14:02:13,,1220499683,IOS,,SkodaContentViewController,auto,964496880845775988,,1,964496880845776010,PresentationEditorViewController,28060,4,,,,,,,,,,,1533819733967000,c6b535f66ecd3748583afa7e7b39bb3b,uk.co.skoda.assistant.ios,1.1.6,,1:571703561616:ios:777087d7f78ec12a,manual_install,tablet,Apple,iPad,,"iPad7,5",IOS,11.4.1,,,en-gb,No,3600,,,Europe,United Kingdom,England,Nottingham,,,(direct),(none),(direct),c6b535f66ecd3748583afa7e7b39bb3b_1
20180829,1535560453457021,2018-08-29T17:34:13,user_engagement,1535560451969021,2018-08-29T17:34:11,,216,91714,c6b535f66ecd3748583afa7e7b39bb3b,9D05C71DD0774D72B4326C0273C3570F,1533819733967000,2018-08-09T14:02:13,,1220499683,IOS,,PresentationEditorViewController,auto,964496880845776010,1487,,,,28060,4,,,,,,,,,,,1533819733967000,c6b535f66ecd3748583afa7e7b39bb3b,uk.co.skoda.assistant.ios,1.1.6,,1:571703561616:ios:777087d7f78ec12a,manual_install,tablet,Apple,iPad,,"iPad7,5",IOS,11.4.1,,,en-gb,No,3600,,,Europe,United Kingdom,England,Nottingham,,,(direct),(none),(direct),c6b535f66ecd3748583afa7e7b39bb3b_1
20180829,1535560454171015,2018-08-29T17:34:14,AnalyticsEventViewItem,1535560445375015,2018-08-29T17:34:05,,216,91714,c6b535f66ecd3748583afa7e7b39bb3b,9D05C71DD0774D72B4326C0273C3570F,1533819733967000,2018-08-09T14:02:13,,1220499683,IOS,,SkodaContentViewController,app,964496880845775988,,1,,,28060,4,,,5b339c74e0780714524430,,,,,,,,1533819733967000,c6b535f66ecd3748583afa7e7b39bb3b,uk.co.skoda.assistant.ios,1.1.6,,1:571703561616:ios:777087d7f78ec12a,manual_install,tablet,Apple,iPad,,"iPad7,5",IOS,11.4.1,,,en-gb,No,3600,,,Europe,United Kingdom,England,Nottingham,,,(direct),(none),(direct),c6b535f66ecd3748583afa7e7b39bb3b_1
20180829,1535560454294016,2018-08-29T17:34:14,screen_view,1535560453457016,2018-08-29T17:34:13,,216,91714,c6b535f66ecd3748583afa7e7b39bb3b,9D05C71DD0774D72B4326C0273C3570F,1533819733967000,2018-08-09T14:02:13,,1220499683,IOS,,PresentationExploreSegmentedViewController,auto,964496880845776012,,1,964496880845775988,SkodaContentViewController,28060,4,,,,,,,,,,,1533819733967000,c6b535f66ecd3748583afa7e7b39bb3b,uk.co.skoda.assistant.ios,1.1.6,,1:571703561616:ios:777087d7f78ec12a,manual_install,tablet,Apple,iPad,,"iPad7,5",IOS,11.4.1,,,en-gb,No,3600,,,Europe,United Kingdom,England,Nottingham,,,(direct),(none),(direct),c6b535f66ecd3748583afa7e7b39bb3b_1
20180829,1535560454792017,2018-08-29T17:34:14,screen_view,1535560454294017,2018-08-29T17:34:14,,216,91714,c6b535f66ecd3748583afa7e7b39bb3b,9D05C71DD0774D72B4326C0273C3570F,1533819733967000,2018-08-09T14:02:13,,1220499683,IOS,,PresentationEditorViewController,auto,964496880845776013,,1,964496880845776012,PresentationExploreSegmentedViewController,28060,4,,,,,,,,,,,1533819733967000,c6b535f66ecd3748583afa7e7b39bb3b,uk.co.skoda.assistant.ios,1.1.6,,1:571703561616:ios:777087d7f78ec12a,manual_install,tablet,Apple,iPad,,"iPad7,5",IOS,11.4.1,,,en-gb,No,3600,,,Europe,United Kingdom,England,Nottingham,,,(direct),(none),(direct),c6b535f66ecd3748583afa7e7b39bb3b_1
20180829,1535560454792025,2018-08-29T17:34:14,user_engagement,1535560453457025,2018-08-29T17:34:13,,216,91714,c6b535f66ecd3748583afa7e7b39bb3b,9D05C71DD0774D72B4326C0273C3570F,1533819733967000,2018-08-09T14:02:13,,1220499683,IOS,,PresentationExploreSegmentedViewController,auto,964496880845776012,1334,,,,28060,4,,,,,,,,,,,1533819733967000,c6b535f66ecd3748583afa7e7b39bb3b,uk.co.skoda.assistant.ios,1.1.6,,1:571703561616:ios:777087d7f78ec12a,manual_install,tablet,Apple,iPad,,"iPad7,5",IOS,11.4.1,,,en-gb,No,3600,,,Europe,United Kingdom,England,Nottingham,,,(direct),(none),(direct),c6b535f66ecd3748583afa7e7b39bb3b_1
20180829,1535560455732018,2018-08-29T17:34:15,button_press,1535560446582018,2018-08-29T17:34:06,,216,91714,c6b535f66ecd3748583afa7e7b39bb3b,9D05C71DD0774D72B4326C0273C3570F,1533819733967000,2018-08-09T14:02:13,,1220499683,IOS,,PresentationEditorViewController,app,964496880845776013,,1,,,28060,4,,presentation_home_email_presentation,,,,,,,,,1533819733967000,c6b535f66ecd3748583afa7e7b39bb3b,uk.co.skoda.assistant.ios,1.1.6,,1:571703561616:ios:777087d7f78ec12a,manual_install,tablet,Apple,iPad,,"iPad7,5",IOS,11.4.1,,,en-gb,No,3600,,,Europe,United Kingdom,England,Nottingham,,,(direct),(none),(direct),c6b535f66ecd3748583afa7e7b39bb3b_1
20180829,1535560455854019,2018-08-29T17:34:15,screen_view,1535560454792019,2018-08-29T17:34:14,,216,91714,c6b535f66ecd3748583afa7e7b39bb3b,9D05C71DD0774D72B4326C0273C3570F,1533819733967000,2018-08-09T14:02:13,,1220499683,IOS,,MFMailComposeInternalViewController,auto,964496880845776014,,1,964496880845776013,PresentationEditorViewController,28060,4,,,,,,,,,,,1533819733967000,c6b535f66ecd3748583afa7e7b39bb3b,uk.co.skoda.assistant.ios,1.1.6,,1:571703561616:ios:777087d7f78ec12a,manual_install,tablet,Apple,iPad,,"iPad7,5",IOS,11.4.1,,,en-gb,No,3600,,,Europe,United Kingdom,England,Nottingham,,,(direct),(none),(direct),c6b535f66ecd3748583afa7e7b39bb3b_1
20180829,1535560455854028,2018-08-29T17:34:15,user_engagement,1535560454792028,2018-08-29T17:34:14,,216,91714,c6b535f66ecd3748583afa7e7b39bb3b,9D05C71DD0774D72B4326C0273C3570F,1533819733967000,2018-08-09T14:02:13,,1220499683,IOS,,PresentationEditorViewController,auto,964496880845776013,1062,,,,28060,4,,,,,,,,,,,1533819733967000,c6b535f66ecd3748583afa7e7b39bb3b,uk.co.skoda.assistant.ios,1.1.6,,1:571703561616:ios:777087d7f78ec12a,manual_install,tablet,Apple,iPad,,"iPad7,5",IOS,11.4.1,,,en-gb,No,3600,,,Europe,United Kingdom,England,Nottingham,,,(direct),(none),(direct),c6b535f66ecd3748583afa7e7b39bb3b_1
20180829,1535560461682020,2018-08-29T17:34:21,screen_view,1535560455854020,2018-08-29T17:34:15,,216,91714,c6b535f66ecd3748583afa7e7b39bb3b,9D05C71DD0774D72B4326C0273C3570F,1533819733967000,2018-08-09T14:02:13,,1220499683,IOS,,PresentationEditorViewController,auto,964496880845776013,,1,964496880845776014,MFMailComposeInternalViewController,28060,4,,,,,,,,,,,1533819733967000,c6b535f66ecd3748583afa7e7b39bb3b,uk.co.skoda.assistant.ios,1.1.6,,1:571703561616:ios:777087d7f78ec12a,manual_install,tablet,Apple,iPad,,"iPad7,5",IOS,11.4.1,,,en-gb,No,3600,,,Europe,United Kingdom,England,Nottingham,,,(direct),(none),(direct),c6b535f66ecd3748583afa7e7b39bb3b_1
20180829,1535560461682030,2018-08-29T17:34:21,user_engagement,1535560455854030,2018-08-29T17:34:15,,216,91714,c6b535f66ecd3748583afa7e7b39bb3b,9D05C71DD0774D72B4326C0273C3570F,1533819733967000,2018-08-09T14:02:13,,1220499683,IOS,,MFMailComposeInternalViewController,auto,964496880845776014,5827,,,,28060,4,,,,,,,,,,,1533819733967000,c6b535f66ecd3748583afa7e7b39bb3b,uk.co.skoda.assistant.ios,1.1.6,,1:571703561616:ios:777087d7f78ec12a,manual_install,tablet,Apple,iPad,,"iPad7,5",IOS,11.4.1,,,en-gb,No,3600,,,Europe,United Kingdom,England,Nottingham,,,(direct),(none),(direct),c6b535f66ecd3748583afa7e7b39bb3b_1
20180829,1535560464327021,2018-08-29T17:34:24,screen_view,1535560461682021,2018-08-29T17:34:21,,216,91714,c6b535f66ecd3748583afa7e7b39bb3b,9D05C71DD0774D72B4326C0273C3570F,1533819733967000,2018-08-09T14:02:13,,1220499683,IOS,,SkodaContentViewController,auto,964496880845775988,,1,964496880845776013,PresentationEditorViewController,28060,4,,,,,,,,,,,1533819733967000,c6b535f66ecd3748583afa7e7b39bb3b,uk.co.skoda.assistant.ios,1.1.6,,1:571703561616:ios:777087d7f78ec12a,manual_install,tablet,Apple,iPad,,"iPad7,5",IOS,11.4.1,,,en-gb,No,3600,,,Europe,United Kingdom,England,Nottingham,,,(direct),(none),(direct),c6b535f66ecd3748583afa7e7b39bb3b_1
20180829,1535560464327032,2018-08-29T17:34:24,user_engagement,1535560461682032,2018-08-29T17:34:21,,216,91714,c6b535f66ecd3748583afa7e7b39bb3b,9D05C71DD0774D72B4326C0273C3570F,1533819733967000,2018-08-09T14:02:13,,1220499683,IOS,,PresentationEditorViewController,auto,964496880845776013,2645,,,,28060,4,,,,,,,,,,,1533819733967000,c6b535f66ecd3748583afa7e7b39bb3b,uk.co.skoda.assistant.ios,1.1.6,,1:571703561616:ios:777087d7f78ec12a,manual_install,tablet,Apple,iPad,,"iPad7,5",IOS,11.4.1,,,en-gb,No,3600,,,Europe,United Kingdom,England,Nottingham,,,(direct),(none),(direct),c6b535f66ecd3748583afa7e7b39bb3b_1
20180829,1535560467875022,2018-08-29T17:34:27,AnalyticsEventViewItem,1535560454171022,2018-08-29T17:34:14,,216,91714,c6b535f66ecd3748583afa7e7b39bb3b,9D05C71DD0774D72B4326C0273C3570F,1533819733967000,2018-08-09T14:02:13,,1220499683,IOS,,SkodaContentViewController,app,964496880845775988,,1,,,28060,4,,,5b339b93bcfa3775060711,,,,,,,,1533819733967000,c6b535f66ecd3748583afa7e7b39bb3b,uk.co.skoda.assistant.ios,1.1.6,,1:571703561616:ios:777087d7f78ec12a,manual_install,tablet,Apple,iPad,,"iPad7,5",IOS,11.4.1,,,en-gb,No,3600,,,Europe,United Kingdom,England,Nottingham,,,(direct),(none),(direct),c6b535f66ecd3748583afa7e7b39bb3b_1
20180829,1535560468016023,2018-08-29T17:34:28,screen_view,1535560464327023,2018-08-29T17:34:24,,216,91714,c6b535f66ecd3748583afa7e7b39bb3b,9D05C71DD0774D72B4326C0273C3570F,1533819733967000,2018-08-09T14:02:13,,1220499683,IOS,,PresentationExploreSegmentedViewController,auto,964496880845776015,,1,964496880845775988,SkodaContentViewController,28060,4,,,,,,,,,,,1533819733967000,c6b535f66ecd3748583afa7e7b39bb3b,uk.co.skoda.assistant.ios,1.1.6,,1:571703561616:ios:777087d7f78ec12a,manual_install,tablet,Apple,iPad,,"iPad7,5",IOS,11.4.1,,,en-gb,No,3600,,,Europe,United Kingdom,England,Nottingham,,,(direct),(none),(direct),c6b535f66ecd3748583afa7e7b39bb3b_1
20180829,1535560468016035,2018-08-29T17:34:28,user_engagement,1535560464327035,2018-08-29T17:34:24,,216,91714,c6b535f66ecd3748583afa7e7b39bb3b,9D05C71DD0774D72B4326C0273C3570F,1533819733967000,2018-08-09T14:02:13,,1220499683,IOS,,SkodaContentViewController,auto,964496880845775988,3688,,,,28060,4,,,,,,,,,,,1533819733967000,c6b535f66ecd3748583afa7e7b39bb3b,uk.co.skoda.assistant.ios,1.1.6,,1:571703561616:ios:777087d7f78ec12a,manual_install,tablet,Apple,iPad,,"iPad7,5",IOS,11.4.1,,,en-gb,No,3600,,,Europe,United Kingdom,England,Nottingham,,,(direct),(none),(direct),c6b535f66ecd3748583afa7e7b39bb3b_1
20180829,1535560468514024,2018-08-29T17:34:28,screen_view,1535560468016024,2018-08-29T17:34:28,,216,91714,c6b535f66ecd3748583afa7e7b39bb3b,9D05C71DD0774D72B4326C0273C3570F,1533819733967000,2018-08-09T14:02:13,,1220499683,IOS,,PresentationEditorViewController,auto,964496880845776016,,1,964496880845776015,PresentationExploreSegmentedViewController,28060,4,,,,,,,,,,,1533819733967000,c6b535f66ecd3748583afa7e7b39bb3b,uk.co.skoda.assistant.ios,1.1.6,,1:571703561616:ios:777087d7f78ec12a,manual_install,tablet,Apple,iPad,,"iPad7,5",IOS,11.4.1,,,en-gb,No,3600,,,Europe,United Kingdom,England,Nottingham,,,(direct),(none),(direct),c6b535f66ecd3748583afa7e7b39bb3b_1
20180829,1535560468997025,2018-08-29T17:34:28,button_press,1535560455732025,2018-08-29T17:34:15,,216,91714,c6b535f66ecd3748583afa7e7b39bb3b,9D05C71DD0774D72B4326C0273C3570F,1533819733967000,2018-08-09T14:02:13,,1220499683,IOS,,PresentationEditorViewController,app,964496880845776016,,1,,,28060,4,,presentation_home_email_presentation,,,,,,,,,1533819733967000,c6b535f66ecd3748583afa7e7b39bb3b,uk.co.skoda.assistant.ios,1.1.6,,1:571703561616:ios:777087d7f78ec12a,manual_install,tablet,Apple,iPad,,"iPad7,5",IOS,11.4.1,,,en-gb,No,3600,,,Europe,United Kingdom,England,Nottingham,,,(direct),(none),(direct),c6b535f66ecd3748583afa7e7b39bb3b_1
20180829,1535560469153026,2018-08-29T17:34:29,screen_view,1535560468514026,2018-08-29T17:34:28,,216,91714,c6b535f66ecd3748583afa7e7b39bb3b,9D05C71DD0774D72B4326C0273C3570F,1533819733967000,2018-08-09T14:02:13,,1220499683,IOS,,MFMailComposeInternalViewController,auto,964496880845776017,,1,964496880845776016,PresentationEditorViewController,28060,4,,,,,,,,,,,1533819733967000,c6b535f66ecd3748583afa7e7b39bb3b,uk.co.skoda.assistant.ios,1.1.6,,1:571703561616:ios:777087d7f78ec12a,manual_install,tablet,Apple,iPad,,"iPad7,5",IOS,11.4.1,,,en-gb,No,3600,,,Europe,United Kingdom,England,Nottingham,,,(direct),(none),(direct),c6b535f66ecd3748583afa7e7b39bb3b_1
20180829,1535560469153039,2018-08-29T17:34:29,user_engagement,1535560468016039,2018-08-29T17:34:28,,216,91714,c6b535f66ecd3748583afa7e7b39bb3b,9D05C71DD0774D72B4326C0273C3570F,1533819733967000,2018-08-09T14:02:13,,1220499683,IOS,,PresentationEditorViewController,auto,964496880845776016,1137,,,,28060,4,,,,,,,,,,,1533819733967000,c6b535f66ecd3748583afa7e7b39bb3b,uk.co.skoda.assistant.ios,1.1.6,,1:571703561616:ios:777087d7f78ec12a,manual_install,tablet,Apple,iPad,,"iPad7,5",IOS,11.4.1,,,en-gb,No,3600,,,Europe,United Kingdom,England,Nottingham,,,(direct),(none),(direct),c6b535f66ecd3748583afa7e7b39bb3b_1
20180829,1535560474513027,2018-08-29T17:34:34,screen_view,1535560469153027,2018-08-29T17:34:29,,216,91714,c6b535f66ecd3748583afa7e7b39bb3b,9D05C71DD0774D72B4326C0273C3570F,1533819733967000,2018-08-09T14:02:13,,1220499683,IOS,,PresentationEditorViewController,auto,964496880845776016,,1,964496880845776017,MFMailComposeInternalViewController,28060,4,,,,,,,,,,,1533819733967000,c6b535f66ecd3748583afa7e7b39bb3b,uk.co.skoda.assistant.ios,1.1.6,,1:571703561616:ios:777087d7f78ec12a,manual_install,tablet,Apple,iPad,,"iPad7,5",IOS,11.4.1,,,en-gb,No,3600,,,Europe,United Kingdom,England,Nottingham,,,(direct),(none),(direct),c6b535f66ecd3748583afa7e7b39bb3b_1
20180829,1535560474513041,2018-08-29T17:34:34,user_engagement,1535560469153041,2018-08-29T17:34:29,,216,91714,c6b535f66ecd3748583afa7e7b39bb3b,9D05C71DD0774D72B4326C0273C3570F,1533819733967000,2018-08-09T14:02:13,,1220499683,IOS,,MFMailComposeInternalViewController,auto,964496880845776017,5359,,,,28060,4,,,,,,,,,,,1533819733967000,c6b535f66ecd3748583afa7e7b39bb3b,uk.co.skoda.assistant.ios,1.1.6,,1:571703561616:ios:777087d7f78ec12a,manual_install,tablet,Apple,iPad,,"iPad7,5",IOS,11.4.1,,,en-gb,No,3600,,,Europe,United Kingdom,England,Nottingham,,,(direct),(none),(direct),c6b535f66ecd3748583afa7e7b39bb3b_1
20180829,1535560482954043,2018-08-29T17:34:42,user_engagement,1535560474513043,2018-08-29T17:34:34,,216,91714,c6b535f66ecd3748583afa7e7b39bb3b,9D05C71DD0774D72B4326C0273C3570F,1533819733967000,2018-08-09T14:02:13,,1220499683,IOS,,PresentationEditorViewController,auto,964496880845776016,8441,,,,28060,4,,,,,,,,,,,1533819733967000,c6b535f66ecd3748583afa7e7b39bb3b,uk.co.skoda.assistant.ios,1.1.6,,1:571703561616:ios:777087d7f78ec12a,manual_install,tablet,Apple,iPad,,"iPad7,5",IOS,11.4.1,,,en-gb,No,3600,,,Europe,United Kingdom,England,Nottingham,,,(direct),(none),(direct),c6b535f66ecd3748583afa7e7b39bb3b_1
20180829,1535560482955028,2018-08-29T17:34:42,screen_view,1535560474513028,2018-08-29T17:34:34,,216,91714,c6b535f66ecd3748583afa7e7b39bb3b,9D05C71DD0774D72B4326C0273C3570F,1533819733967000,2018-08-09T14:02:13,,1220499683,IOS,,SkodaContentViewController,auto,964496880845775988,,1,964496880845776016,PresentationEditorViewController,28060,4,,,,,,,,,,,1533819733967000,c6b535f66ecd3748583afa7e7b39bb3b,uk.co.skoda.assistant.ios,1.1.6,,1:571703561616:ios:777087d7f78ec12a,manual_install,tablet,Apple,iPad,,"iPad7,5",IOS,11.4.1,,,en-gb,No,3600,,,Europe,United Kingdom,England,Nottingham,,,(direct),(none),(direct),c6b535f66ecd3748583afa7e7b39bb3b_1
20180829,1535560486435029,2018-08-29T17:34:46,AnalyticsEventViewItem,1535560467875029,2018-08-29T17:34:27,,216,91714,c6b535f66ecd3748583afa7e7b39bb3b,9D05C71DD0774D72B4326C0273C3570F,1533819733967000,2018-08-09T14:02:13,,1220499683,IOS,,SkodaContentViewController,app,964496880845775988,,1,,,28060,4,,,5b339c942121f324320657,,,,,,,,1533819733967000,c6b535f66ecd3748583afa7e7b39bb3b,uk.co.skoda.assistant.ios,1.1.6,,1:571703561616:ios:777087d7f78ec12a,manual_install,tablet,Apple,iPad,,"iPad7,5",IOS,11.4.1,,,en-gb,No,3600,,,Europe,United Kingdom,England,Nottingham,,,(direct),(none),(direct),c6b535f66ecd3748583afa7e7b39bb3b_1
20180829,1535560486501030,2018-08-29T17:34:46,screen_view,1535560482955030,2018-08-29T17:34:42,,216,91714,c6b535f66ecd3748583afa7e7b39bb3b,9D05C71DD0774D72B4326C0273C3570F,1533819733967000,2018-08-09T14:02:13,,1220499683,IOS,,PresentationExploreSegmentedViewController,auto,964496880845776018,,1,964496880845775988,SkodaContentViewController,28060,4,,,,,,,,,,,1533819733967000,c6b535f66ecd3748583afa7e7b39bb3b,uk.co.skoda.assistant.ios,1.1.6,,1:571703561616:ios:777087d7f78ec12a,manual_install,tablet,Apple,iPad,,"iPad7,5",IOS,11.4.1,,,en-gb,No,3600,,,Europe,United Kingdom,England,Nottingham,,,(direct),(none),(direct),c6b535f66ecd3748583afa7e7b39bb3b_1
20180829,1535560486501046,2018-08-29T17:34:46,user_engagement,1535560482954046,2018-08-29T17:34:42,,216,91714,c6b535f66ecd3748583afa7e7b39bb3b,9D05C71DD0774D72B4326C0273C3570F,1533819733967000,2018-08-09T14:02:13,,1220499683,IOS,,SkodaContentViewController,auto,964496880845775988,3546,,,,28060,4,,,,,,,,,,,1533819733967000,c6b535f66ecd3748583afa7e7b39bb3b,uk.co.skoda.assistant.ios,1.1.6,,1:571703561616:ios:777087d7f78ec12a,manual_install,tablet,Apple,iPad,,"iPad7,5",IOS,11.4.1,,,en-gb,No,3600,,,Europe,United Kingdom,England,Nottingham,,,(direct),(none),(direct),c6b535f66ecd3748583afa7e7b39bb3b_1
20180829,1535560487003031,2018-08-29T17:34:47,screen_view,1535560486501031,2018-08-29T17:34:46,,216,91714,c6b535f66ecd3748583afa7e7b39bb3b,9D05C71DD0774D72B4326C0273C3570F,1533819733967000,2018-08-09T14:02:13,,1220499683,IOS,,PresentationEditorViewController,auto,964496880845776019,,1,964496880845776018,PresentationExploreSegmentedViewController,28060,4,,,,,,,,,,,1533819733967000,c6b535f66ecd3748583afa7e7b39bb3b,uk.co.skoda.assistant.ios,1.1.6,,1:571703561616:ios:777087d7f78ec12a,manual_install,tablet,Apple,iPad,,"iPad7,5",IOS,11.4.1,,,en-gb,No,3600,,,Europe,United Kingdom,England,Nottingham,,,(direct),(none),(direct),c6b535f66ecd3748583afa7e7b39bb3b_1
20180829,1535560548934032,2018-08-29T17:35:48,screen_view,1535560487003032,2018-08-29T17:34:47,,216,91714,c6b535f66ecd3748583afa7e7b39bb3b,9D05C71DD0774D72B4326C0273C3570F,1533819733967000,2018-08-09T14:02:13,,1220499683,IOS,,SkodaContentViewController,auto,964496880845775988,,1,964496880845776019,PresentationEditorViewController,28060,4,,,,,,,,,,,1533819733967000,c6b535f66ecd3748583afa7e7b39bb3b,uk.co.skoda.assistant.ios,1.1.6,,1:571703561616:ios:777087d7f78ec12a,manual_install,tablet,Apple,iPad,,"iPad7,5",IOS,11.4.1,,,en-gb,No,3600,,,Europe,United Kingdom,England,Nottingham,,,(direct),(none),(direct),c6b535f66ecd3748583afa7e7b39bb3b_1
20180829,1535560548934049,2018-08-29T17:35:48,user_engagement,1535560486501049,2018-08-29T17:34:46,,216,91714,c6b535f66ecd3748583afa7e7b39bb3b,9D05C71DD0774D72B4326C0273C3570F,1533819733967000,2018-08-09T14:02:13,,1220499683,IOS,,PresentationEditorViewController,auto,964496880845776019,62433,,,,28060,4,,,,,,,,,,,1533819733967000,c6b535f66ecd3748583afa7e7b39bb3b,uk.co.skoda.assistant.ios,1.1.6,,1:571703561616:ios:777087d7f78ec12a,manual_install,tablet,Apple,iPad,,"iPad7,5",IOS,11.4.1,,,en-gb,No,3600,,,Europe,United Kingdom,England,Nottingham,,,(direct),(none),(direct),c6b535f66ecd3748583afa7e7b39bb3b_1
20180829,1535560553941033,2018-08-29T17:35:53,AnalyticsEventViewItem,1535560486435033,2018-08-29T17:34:46,,216,91714,c6b535f66ecd3748583afa7e7b39bb3b,9D05C71DD0774D72B4326C0273C3570F,1533819733967000,2018-08-09T14:02:13,,1220499683,IOS,,SkodaContentViewController,app,964496880845775988,,1,,,28060,4,,,5b339c74e0780714524430,,,,,,,,1533819733967000,c6b535f66ecd3748583afa7e7b39bb3b,uk.co.skoda.assistant.ios,1.1.6,,1:571703561616:ios:777087d7f78ec12a,manual_install,tablet,Apple,iPad,,"iPad7,5",IOS,11.4.1,,,en-gb,No,3600,,,Europe,United Kingdom,England,Nottingham,,,(direct),(none),(direct),c6b535f66ecd3748583afa7e7b39bb3b_1
20180829,1535560554083034,2018-08-29T17:35:54,screen_view,1535560548934034,2018-08-29T17:35:48,,216,91714,c6b535f66ecd3748583afa7e7b39bb3b,9D05C71DD0774D72B4326C0273C3570F,1533819733967000,2018-08-09T14:02:13,,1220499683,IOS,,PresentationExploreSegmentedViewController,auto,964496880845776020,,1,964496880845775988,SkodaContentViewController,28060,4,,,,,,,,,,,1533819733967000,c6b535f66ecd3748583afa7e7b39bb3b,uk.co.skoda.assistant.ios,1.1.6,,1:571703561616:ios:777087d7f78ec12a,manual_install,tablet,Apple,iPad,,"iPad7,5",IOS,11.4.1,,,en-gb,No,3600,,,Europe,United Kingdom,England,Nottingham,,,(direct),(none),(direct),c6b535f66ecd3748583afa7e7b39bb3b_1
20180829,1535560554083052,2018-08-29T17:35:54,user_engagement,1535560548934052,2018-08-29T17:35:48,,216,91714,c6b535f66ecd3748583afa7e7b39bb3b,9D05C71DD0774D72B4326C0273C3570F,1533819733967000,2018-08-09T14:02:13,,1220499683,IOS,,SkodaContentViewController,auto,964496880845775988,5148,,,,28060,4,,,,,,,,,,,1533819733967000,c6b535f66ecd3748583afa7e7b39bb3b,uk.co.skoda.assistant.ios,1.1.6,,1:571703561616:ios:777087d7f78ec12a,manual_install,tablet,Apple,iPad,,"iPad7,5",IOS,11.4.1,,,en-gb,No,3600,,,Europe,United Kingdom,England,Nottingham,,,(direct),(none),(direct),c6b535f66ecd3748583afa7e7b39bb3b_1
20180829,1535560554581035,2018-08-29T17:35:54,screen_view,1535560554083035,2018-08-29T17:35:54,,216,91714,c6b535f66ecd3748583afa7e7b39bb3b,9D05C71DD0774D72B4326C0273C3570F,1533819733967000,2018-08-09T14:02:13,,1220499683,IOS,,PresentationEditorViewController,auto,964496880845776021,,1,964496880845776020,PresentationExploreSegmentedViewController,28060,4,,,,,,,,,,,1533819733967000,c6b535f66ecd3748583afa7e7b39bb3b,uk.co.skoda.assistant.ios,1.1.6,,1:571703561616:ios:777087d7f78ec12a,manual_install,tablet,Apple,iPad,,"iPad7,5",IOS,11.4.1,,,en-gb,No,3600,,,Europe,United Kingdom,England,Nottingham,,,(direct),(none),(direct),c6b535f66ecd3748583afa7e7b39bb3b_1
20180829,1535560596445036,2018-08-29T17:36:36,screen_view,1535560554581036,2018-08-29T17:35:54,,216,91714,c6b535f66ecd3748583afa7e7b39bb3b,9D05C71DD0774D72B4326C0273C3570F,1533819733967000,2018-08-09T14:02:13,,1220499683,IOS,,SkodaContentViewController,auto,964496880845775988,,1,964496880845776021,PresentationEditorViewController,28060,4,,,,,,,,,,,1533819733967000,c6b535f66ecd3748583afa7e7b39bb3b,uk.co.skoda.assistant.ios,1.1.6,,1:571703561616:ios:777087d7f78ec12a,manual_install,tablet,Apple,iPad,,"iPad7,5",IOS,11.4.1,,,en-gb,No,3600,,,Europe,United Kingdom,England,Nottingham,,,(direct),(none),(direct),c6b535f66ecd3748583afa7e7b39bb3b_1
20180829,1535560596445055,2018-08-29T17:36:36,user_engagement,1535560554083055,2018-08-29T17:35:54,,216,91714,c6b535f66ecd3748583afa7e7b39bb3b,9D05C71DD0774D72B4326C0273C3570F,1533819733967000,2018-08-09T14:02:13,,1220499683,IOS,,PresentationEditorViewController,auto,964496880845776021,42362,,,,28060,4,,,,,,,,,,,1533819733967000,c6b535f66ecd3748583afa7e7b39bb3b,uk.co.skoda.assistant.ios,1.1.6,,1:571703561616:ios:777087d7f78ec12a,manual_install,tablet,Apple,iPad,,"iPad7,5",IOS,11.4.1,,,en-gb,No,3600,,,Europe,United Kingdom,England,Nottingham,,,(direct),(none),(direct),c6b535f66ecd3748583afa7e7b39bb3b_1
20180829,1535560597876037,2018-08-29T17:36:37,AnalyticsEventViewItem,1535560553941037,2018-08-29T17:35:53,,216,91714,c6b535f66ecd3748583afa7e7b39bb3b,9D05C71DD0774D72B4326C0273C3570F,1533819733967000,2018-08-09T14:02:13,,1220499683,IOS,,SkodaContentViewController,app,964496880845775988,,1,,,28060,4,,,5b339c74e0780714524430,,,,,,,,1533819733967000,c6b535f66ecd3748583afa7e7b39bb3b,uk.co.skoda.assistant.ios,1.1.6,,1:571703561616:ios:777087d7f78ec12a,manual_install,tablet,Apple,iPad,,"iPad7,5",IOS,11.4.1,,,en-gb,No,3600,,,Europe,United Kingdom,England,Nottingham,,,(direct),(none),(direct),c6b535f66ecd3748583afa7e7b39bb3b_1
20180829,1535560597998038,2018-08-29T17:36:37,screen_view,1535560596445038,2018-08-29T17:36:36,,216,91714,c6b535f66ecd3748583afa7e7b39bb3b,9D05C71DD0774D72B4326C0273C3570F,1533819733967000,2018-08-09T14:02:13,,1220499683,IOS,,PresentationExploreSegmentedViewController,auto,964496880845776022,,1,964496880845775988,SkodaContentViewController,28060,4,,,,,,,,,,,1533819733967000,c6b535f66ecd3748583afa7e7b39bb3b,uk.co.skoda.assistant.ios,1.1.6,,1:571703561616:ios:777087d7f78ec12a,manual_install,tablet,Apple,iPad,,"iPad7,5",IOS,11.4.1,,,en-gb,No,3600,,,Europe,United Kingdom,England,Nottingham,,,(direct),(none),(direct),c6b535f66ecd3748583afa7e7b39bb3b_1
20180829,1535560597998058,2018-08-29T17:36:37,user_engagement,1535560596445058,2018-08-29T17:36:36,,216,91714,c6b535f66ecd3748583afa7e7b39bb3b,9D05C71DD0774D72B4326C0273C3570F,1533819733967000,2018-08-09T14:02:13,,1220499683,IOS,,SkodaContentViewController,auto,964496880845775988,1552,,,,28060,4,,,,,,,,,,,1533819733967000,c6b535f66ecd3748583afa7e7b39bb3b,uk.co.skoda.assistant.ios,1.1.6,,1:571703561616:ios:777087d7f78ec12a,manual_install,tablet,Apple,iPad,,"iPad7,5",IOS,11.4.1,,,en-gb,No,3600,,,Europe,United Kingdom,England,Nottingham,,,(direct),(none),(direct),c6b535f66ecd3748583afa7e7b39bb3b_1
20180829,1535560598497039,2018-08-29T17:36:38,screen_view,1535560597998039,2018-08-29T17:36:37,,216,91714,c6b535f66ecd3748583afa7e7b39bb3b,9D05C71DD0774D72B4326C0273C3570F,1533819733967000,2018-08-09T14:02:13,,1220499683,IOS,,PresentationEditorViewController,auto,964496880845776023,,1,964496880845776022,PresentationExploreSegmentedViewController,28060,4,,,,,,,,,,,1533819733967000,c6b535f66ecd3748583afa7e7b39bb3b,uk.co.skoda.assistant.ios,1.1.6,,1:571703561616:ios:777087d7f78ec12a,manual_install,tablet,Apple,iPad,,"iPad7,5",IOS,11.4.1,,,en-gb,No,3600,,,Europe,United Kingdom,England,Nottingham,,,(direct),(none),(direct),c6b535f66ecd3748583afa7e7b39bb3b_1
20180829,1535560641093061,2018-08-29T17:37:21,user_engagement,1535560597998061,2018-08-29T17:36:37,,216,91714,c6b535f66ecd3748583afa7e7b39bb3b,9D05C71DD0774D72B4326C0273C3570F,1533819733967000,2018-08-09T14:02:13,,1220499683,IOS,,PresentationEditorViewController,auto,964496880845776023,43095,,,,28060,4,,,,,,,,,,,1533819733967000,c6b535f66ecd3748583afa7e7b39bb3b,uk.co.skoda.assistant.ios,1.1.6,,1:571703561616:ios:777087d7f78ec12a,manual_install,tablet,Apple,iPad,,"iPad7,5",IOS,11.4.1,,,en-gb,No,3600,,,Europe,United Kingdom,England,Nottingham,,,(direct),(none),(direct),c6b535f66ecd3748583afa7e7b39bb3b_1
