event_date,event_timestamp,event_iso8601,event_name,event_previous_timestamp,event_previous_iso8601,event_value_in_usd,event_bundle_sequence_id,event_server_timestamp_offset,user_id,user_pseudo_id,user_first_touch_timestamp,user_first_touch_iso8601,user_ltv,stream_id,platform,event_dimensions,firebase_screen_class,firebase_event_origin,firebase_screen_id,engagement_time_msec,firebase_conversion,firebase_previous_id,firebase_previous_class,user_retailer,user_area,AnalyticsParameterTerm,button_name,AnalyticsParameterItemID,engine,Compared_vehicle_1,Compared_vehicle_2,update_with_analytics,previous_first_open_count,previous_app_version,Compared_vehicle_3,first_open_time,user_id,id,version,install_store,firebase_app_id,install_source,category,mobile_brand_name,mobile_model_name,mobile_marketing_name,mobile_os_hardware_model,operating_system,operating_system_version,vendor_id,advertising_id,language,is_limited_ad_tracking,time_zone_offset_seconds,browser,browser,continent,country,region,city,sub_continent,metro,name,medium,source,user_session_generated_id
20180829,1535537968091007,2018-08-29T11:19:28,AnalyticsEventLogin,1535533747671007,2018-08-29T10:09:07,,115,305509,352133e211bbdb63baa0ef1de05a92f6,14D78D5E23C341FCA0F179A27E5652EE,1534926269410000,2018-08-22T09:24:29,,1220499683,IOS,,SplashViewController,app,-4189340690112878122,,1,,,11111,1,352133e211bbdb63baa0ef1de05a92f6,,,,,,,,,,1534926269410000,352133e211bbdb63baa0ef1de05a92f6,uk.co.skoda.assistant.uat,1.1.3,,1:571703561616:ios:777087d7f78ec12a,manual_install,tablet,Apple,iPad Air 2,,"iPad5,4",IOS,11.4.1,A32BF78F-CE5A-45C8-8A8D-A28FC9819091,,en-gb,No,3600,,,Europe,United Kingdom,England,London,,,(direct),(none),(direct),352133e211bbdb63baa0ef1de05a92f6_3
20180829,1535537968452000,2018-08-29T11:19:28,button_press,1535533747925000,2018-08-29T10:09:07,,116,305510,352133e211bbdb63baa0ef1de05a92f6,14D78D5E23C341FCA0F179A27E5652EE,1534926269410000,2018-08-22T09:24:29,,1220499683,IOS,,SplashViewController,app,-4189340690112878122,,1,,,11111,1,,globalnav_range,,,,,,,,,1534926269410000,352133e211bbdb63baa0ef1de05a92f6,uk.co.skoda.assistant.uat,1.1.3,,1:571703561616:ios:777087d7f78ec12a,manual_install,tablet,Apple,iPad Air 2,,"iPad5,4",IOS,11.4.1,A32BF78F-CE5A-45C8-8A8D-A28FC9819091,,en-gb,No,3600,,,Europe,United Kingdom,England,London,,,(direct),(none),(direct),352133e211bbdb63baa0ef1de05a92f6_3
20180829,1535537968453001,2018-08-29T11:19:28,button_press,1535537968452001,2018-08-29T11:19:28,,116,305510,352133e211bbdb63baa0ef1de05a92f6,14D78D5E23C341FCA0F179A27E5652EE,1534926269410000,2018-08-22T09:24:29,,1220499683,IOS,,SplashViewController,app,-4189340690112878122,,1,,,11111,1,,range,,,,,,,,,1534926269410000,352133e211bbdb63baa0ef1de05a92f6,uk.co.skoda.assistant.uat,1.1.3,,1:571703561616:ios:777087d7f78ec12a,manual_install,tablet,Apple,iPad Air 2,,"iPad5,4",IOS,11.4.1,A32BF78F-CE5A-45C8-8A8D-A28FC9819091,,en-gb,No,3600,,,Europe,United Kingdom,England,London,,,(direct),(none),(direct),352133e211bbdb63baa0ef1de05a92f6_3
20180829,1535537969749002,2018-08-29T11:19:29,user_engagement,1535537961961002,2018-08-29T11:19:21,,116,305510,352133e211bbdb63baa0ef1de05a92f6,14D78D5E23C341FCA0F179A27E5652EE,1534926269410000,2018-08-22T09:24:29,,1220499683,IOS,,SplashViewController,auto,-4189340690112878122,5183,,,,11111,1,,,,,,,,,,,1534926269410000,352133e211bbdb63baa0ef1de05a92f6,uk.co.skoda.assistant.uat,1.1.3,,1:571703561616:ios:777087d7f78ec12a,manual_install,tablet,Apple,iPad Air 2,,"iPad5,4",IOS,11.4.1,A32BF78F-CE5A-45C8-8A8D-A28FC9819091,,en-gb,No,3600,,,Europe,United Kingdom,England,London,,,(direct),(none),(direct),352133e211bbdb63baa0ef1de05a92f6_3
20180829,1535537969750002,2018-08-29T11:19:29,screen_view,1535537958159002,2018-08-29T11:19:18,,116,305510,352133e211bbdb63baa0ef1de05a92f6,14D78D5E23C341FCA0F179A27E5652EE,1534926269410000,2018-08-22T09:24:29,,1220499683,IOS,,SkodaContentViewController,auto,-4189340690112878053,,1,-4189340690112878122,SplashViewController,11111,1,,,,,,,,,,,1534926269410000,352133e211bbdb63baa0ef1de05a92f6,uk.co.skoda.assistant.uat,1.1.3,,1:571703561616:ios:777087d7f78ec12a,manual_install,tablet,Apple,iPad Air 2,,"iPad5,4",IOS,11.4.1,A32BF78F-CE5A-45C8-8A8D-A28FC9819091,,en-gb,No,3600,,,Europe,United Kingdom,England,London,,,(direct),(none),(direct),352133e211bbdb63baa0ef1de05a92f6_3
20180829,1535537969752003,2018-08-29T11:19:29,screen_view,1535537969750003,2018-08-29T11:19:29,,116,305510,352133e211bbdb63baa0ef1de05a92f6,14D78D5E23C341FCA0F179A27E5652EE,1534926269410000,2018-08-22T09:24:29,,1220499683,IOS,,RangeContentViewController,auto,-4189340690112878052,,1,-4189340690112878053,SkodaContentViewController,11111,1,,,,,,,,,,,1534926269410000,352133e211bbdb63baa0ef1de05a92f6,uk.co.skoda.assistant.uat,1.1.3,,1:571703561616:ios:777087d7f78ec12a,manual_install,tablet,Apple,iPad Air 2,,"iPad5,4",IOS,11.4.1,A32BF78F-CE5A-45C8-8A8D-A28FC9819091,,en-gb,No,3600,,,Europe,United Kingdom,England,London,,,(direct),(none),(direct),352133e211bbdb63baa0ef1de05a92f6_3
20180829,1535537989902004,2018-08-29T11:19:49,button_press,1535537968453004,2018-08-29T11:19:28,,116,305510,352133e211bbdb63baa0ef1de05a92f6,14D78D5E23C341FCA0F179A27E5652EE,1534926269410000,2018-08-22T09:24:29,,1220499683,IOS,,RangeContentViewController,app,-4189340690112878052,,1,,,11111,1,,globalnav_compare,,,,,,,,,1534926269410000,352133e211bbdb63baa0ef1de05a92f6,uk.co.skoda.assistant.uat,1.1.3,,1:571703561616:ios:777087d7f78ec12a,manual_install,tablet,Apple,iPad Air 2,,"iPad5,4",IOS,11.4.1,A32BF78F-CE5A-45C8-8A8D-A28FC9819091,,en-gb,No,3600,,,Europe,United Kingdom,England,London,,,(direct),(none),(direct),352133e211bbdb63baa0ef1de05a92f6_3
20180829,1535537989924005,2018-08-29T11:19:49,button_press,1535537989902005,2018-08-29T11:19:49,,116,305510,352133e211bbdb63baa0ef1de05a92f6,14D78D5E23C341FCA0F179A27E5652EE,1534926269410000,2018-08-22T09:24:29,,1220499683,IOS,,RangeContentViewController,app,-4189340690112878052,,1,,,11111,1,,compare,,,,,,,,,1534926269410000,352133e211bbdb63baa0ef1de05a92f6,uk.co.skoda.assistant.uat,1.1.3,,1:571703561616:ios:777087d7f78ec12a,manual_install,tablet,Apple,iPad Air 2,,"iPad5,4",IOS,11.4.1,A32BF78F-CE5A-45C8-8A8D-A28FC9819091,,en-gb,No,3600,,,Europe,United Kingdom,England,London,,,(direct),(none),(direct),352133e211bbdb63baa0ef1de05a92f6_3
20180829,1535537990123007,2018-08-29T11:19:50,user_engagement,1535537969749007,2018-08-29T11:19:29,,116,305510,352133e211bbdb63baa0ef1de05a92f6,14D78D5E23C341FCA0F179A27E5652EE,1534926269410000,2018-08-22T09:24:29,,1220499683,IOS,,RangeContentViewController,auto,-4189340690112878052,20373,,,,11111,1,,,,,,,,,,,1534926269410000,352133e211bbdb63baa0ef1de05a92f6,uk.co.skoda.assistant.uat,1.1.3,,1:571703561616:ios:777087d7f78ec12a,manual_install,tablet,Apple,iPad Air 2,,"iPad5,4",IOS,11.4.1,A32BF78F-CE5A-45C8-8A8D-A28FC9819091,,en-gb,No,3600,,,Europe,United Kingdom,England,London,,,(direct),(none),(direct),352133e211bbdb63baa0ef1de05a92f6_3
20180829,1535537990124006,2018-08-29T11:19:50,screen_view,1535537969752006,2018-08-29T11:19:29,,116,305510,352133e211bbdb63baa0ef1de05a92f6,14D78D5E23C341FCA0F179A27E5652EE,1534926269410000,2018-08-22T09:24:29,,1220499683,IOS,,SkodaContentViewController,auto,-4189340690112878053,,1,-4189340690112878052,RangeContentViewController,11111,1,,,,,,,,,,,1534926269410000,352133e211bbdb63baa0ef1de05a92f6,uk.co.skoda.assistant.uat,1.1.3,,1:571703561616:ios:777087d7f78ec12a,manual_install,tablet,Apple,iPad Air 2,,"iPad5,4",IOS,11.4.1,A32BF78F-CE5A-45C8-8A8D-A28FC9819091,,en-gb,No,3600,,,Europe,United Kingdom,England,London,,,(direct),(none),(direct),352133e211bbdb63baa0ef1de05a92f6_3
20180829,1535537990521007,2018-08-29T11:19:50,button_press,1535537989924007,2018-08-29T11:19:49,,116,305510,352133e211bbdb63baa0ef1de05a92f6,14D78D5E23C341FCA0F179A27E5652EE,1534926269410000,2018-08-22T09:24:29,,1220499683,IOS,,SkodaContentViewController,app,-4189340690112878053,,1,,,11111,1,,globalnav_presentation,,,,,,,,,1534926269410000,352133e211bbdb63baa0ef1de05a92f6,uk.co.skoda.assistant.uat,1.1.3,,1:571703561616:ios:777087d7f78ec12a,manual_install,tablet,Apple,iPad Air 2,,"iPad5,4",IOS,11.4.1,A32BF78F-CE5A-45C8-8A8D-A28FC9819091,,en-gb,No,3600,,,Europe,United Kingdom,England,London,,,(direct),(none),(direct),352133e211bbdb63baa0ef1de05a92f6_3
20180829,1535537990531008,2018-08-29T11:19:50,button_press,1535537990521008,2018-08-29T11:19:50,,116,305510,352133e211bbdb63baa0ef1de05a92f6,14D78D5E23C341FCA0F179A27E5652EE,1534926269410000,2018-08-22T09:24:29,,1220499683,IOS,,SkodaContentViewController,app,-4189340690112878053,,1,,,11111,1,,presentation,,,,,,,,,1534926269410000,352133e211bbdb63baa0ef1de05a92f6,uk.co.skoda.assistant.uat,1.1.3,,1:571703561616:ios:777087d7f78ec12a,manual_install,tablet,Apple,iPad Air 2,,"iPad5,4",IOS,11.4.1,A32BF78F-CE5A-45C8-8A8D-A28FC9819091,,en-gb,No,3600,,,Europe,United Kingdom,England,London,,,(direct),(none),(direct),352133e211bbdb63baa0ef1de05a92f6_3
20180829,1535537991209009,2018-08-29T11:19:51,button_press,1535537990531009,2018-08-29T11:19:50,,116,305510,352133e211bbdb63baa0ef1de05a92f6,14D78D5E23C341FCA0F179A27E5652EE,1534926269410000,2018-08-22T09:24:29,,1220499683,IOS,,SkodaContentViewController,app,-4189340690112878053,,1,,,11111,1,,globalnav_links,,,,,,,,,1534926269410000,352133e211bbdb63baa0ef1de05a92f6,uk.co.skoda.assistant.uat,1.1.3,,1:571703561616:ios:777087d7f78ec12a,manual_install,tablet,Apple,iPad Air 2,,"iPad5,4",IOS,11.4.1,A32BF78F-CE5A-45C8-8A8D-A28FC9819091,,en-gb,No,3600,,,Europe,United Kingdom,England,London,,,(direct),(none),(direct),352133e211bbdb63baa0ef1de05a92f6_3
20180829,1535537991218010,2018-08-29T11:19:51,button_press,1535537991209010,2018-08-29T11:19:51,,116,305510,352133e211bbdb63baa0ef1de05a92f6,14D78D5E23C341FCA0F179A27E5652EE,1534926269410000,2018-08-22T09:24:29,,1220499683,IOS,,SkodaContentViewController,app,-4189340690112878053,,1,,,11111,1,,links,,,,,,,,,1534926269410000,352133e211bbdb63baa0ef1de05a92f6,uk.co.skoda.assistant.uat,1.1.3,,1:571703561616:ios:777087d7f78ec12a,manual_install,tablet,Apple,iPad Air 2,,"iPad5,4",IOS,11.4.1,A32BF78F-CE5A-45C8-8A8D-A28FC9819091,,en-gb,No,3600,,,Europe,United Kingdom,England,London,,,(direct),(none),(direct),352133e211bbdb63baa0ef1de05a92f6_3
20180829,1535537992096011,2018-08-29T11:19:52,button_press,1535537991218011,2018-08-29T11:19:51,,116,305510,352133e211bbdb63baa0ef1de05a92f6,14D78D5E23C341FCA0F179A27E5652EE,1534926269410000,2018-08-22T09:24:29,,1220499683,IOS,,SkodaContentViewController,app,-4189340690112878053,,1,,,11111,1,,globalnav_presentation,,,,,,,,,1534926269410000,352133e211bbdb63baa0ef1de05a92f6,uk.co.skoda.assistant.uat,1.1.3,,1:571703561616:ios:777087d7f78ec12a,manual_install,tablet,Apple,iPad Air 2,,"iPad5,4",IOS,11.4.1,A32BF78F-CE5A-45C8-8A8D-A28FC9819091,,en-gb,No,3600,,,Europe,United Kingdom,England,London,,,(direct),(none),(direct),352133e211bbdb63baa0ef1de05a92f6_3
20180829,1535537992118012,2018-08-29T11:19:52,button_press,1535537992096012,2018-08-29T11:19:52,,116,305510,352133e211bbdb63baa0ef1de05a92f6,14D78D5E23C341FCA0F179A27E5652EE,1534926269410000,2018-08-22T09:24:29,,1220499683,IOS,,SkodaContentViewController,app,-4189340690112878053,,1,,,11111,1,,presentation,,,,,,,,,1534926269410000,352133e211bbdb63baa0ef1de05a92f6,uk.co.skoda.assistant.uat,1.1.3,,1:571703561616:ios:777087d7f78ec12a,manual_install,tablet,Apple,iPad Air 2,,"iPad5,4",IOS,11.4.1,A32BF78F-CE5A-45C8-8A8D-A28FC9819091,,en-gb,No,3600,,,Europe,United Kingdom,England,London,,,(direct),(none),(direct),352133e211bbdb63baa0ef1de05a92f6_3
20180829,1535537992657013,2018-08-29T11:19:52,button_press,1535537992118013,2018-08-29T11:19:52,,116,305510,352133e211bbdb63baa0ef1de05a92f6,14D78D5E23C341FCA0F179A27E5652EE,1534926269410000,2018-08-22T09:24:29,,1220499683,IOS,,SkodaContentViewController,app,-4189340690112878053,,1,,,11111,1,,globalnav_compare,,,,,,,,,1534926269410000,352133e211bbdb63baa0ef1de05a92f6,uk.co.skoda.assistant.uat,1.1.3,,1:571703561616:ios:777087d7f78ec12a,manual_install,tablet,Apple,iPad Air 2,,"iPad5,4",IOS,11.4.1,A32BF78F-CE5A-45C8-8A8D-A28FC9819091,,en-gb,No,3600,,,Europe,United Kingdom,England,London,,,(direct),(none),(direct),352133e211bbdb63baa0ef1de05a92f6_3
20180829,1535537992671014,2018-08-29T11:19:52,button_press,1535537992657014,2018-08-29T11:19:52,,116,305510,352133e211bbdb63baa0ef1de05a92f6,14D78D5E23C341FCA0F179A27E5652EE,1534926269410000,2018-08-22T09:24:29,,1220499683,IOS,,SkodaContentViewController,app,-4189340690112878053,,1,,,11111,1,,compare,,,,,,,,,1534926269410000,352133e211bbdb63baa0ef1de05a92f6,uk.co.skoda.assistant.uat,1.1.3,,1:571703561616:ios:777087d7f78ec12a,manual_install,tablet,Apple,iPad Air 2,,"iPad5,4",IOS,11.4.1,A32BF78F-CE5A-45C8-8A8D-A28FC9819091,,en-gb,No,3600,,,Europe,United Kingdom,England,London,,,(direct),(none),(direct),352133e211bbdb63baa0ef1de05a92f6_3
20180829,1535537992976015,2018-08-29T11:19:52,button_press,1535537992671015,2018-08-29T11:19:52,,116,305510,352133e211bbdb63baa0ef1de05a92f6,14D78D5E23C341FCA0F179A27E5652EE,1534926269410000,2018-08-22T09:24:29,,1220499683,IOS,,SkodaContentViewController,app,-4189340690112878053,,1,,,11111,1,,globalnav_range,,,,,,,,,1534926269410000,352133e211bbdb63baa0ef1de05a92f6,uk.co.skoda.assistant.uat,1.1.3,,1:571703561616:ios:777087d7f78ec12a,manual_install,tablet,Apple,iPad Air 2,,"iPad5,4",IOS,11.4.1,A32BF78F-CE5A-45C8-8A8D-A28FC9819091,,en-gb,No,3600,,,Europe,United Kingdom,England,London,,,(direct),(none),(direct),352133e211bbdb63baa0ef1de05a92f6_3
20180829,1535537993004016,2018-08-29T11:19:53,button_press,1535537992976016,2018-08-29T11:19:52,,116,305510,352133e211bbdb63baa0ef1de05a92f6,14D78D5E23C341FCA0F179A27E5652EE,1534926269410000,2018-08-22T09:24:29,,1220499683,IOS,,SkodaContentViewController,app,-4189340690112878053,,1,,,11111,1,,range,,,,,,,,,1534926269410000,352133e211bbdb63baa0ef1de05a92f6,uk.co.skoda.assistant.uat,1.1.3,,1:571703561616:ios:777087d7f78ec12a,manual_install,tablet,Apple,iPad Air 2,,"iPad5,4",IOS,11.4.1,A32BF78F-CE5A-45C8-8A8D-A28FC9819091,,en-gb,No,3600,,,Europe,United Kingdom,England,London,,,(direct),(none),(direct),352133e211bbdb63baa0ef1de05a92f6_3
20180829,1535537993016017,2018-08-29T11:19:53,screen_view,1535537990124017,2018-08-29T11:19:50,,116,305510,352133e211bbdb63baa0ef1de05a92f6,14D78D5E23C341FCA0F179A27E5652EE,1534926269410000,2018-08-22T09:24:29,,1220499683,IOS,,RangeContentViewController,auto,-4189340690112878052,,1,-4189340690112878053,SkodaContentViewController,11111,1,,,,,,,,,,,1534926269410000,352133e211bbdb63baa0ef1de05a92f6,uk.co.skoda.assistant.uat,1.1.3,,1:571703561616:ios:777087d7f78ec12a,manual_install,tablet,Apple,iPad Air 2,,"iPad5,4",IOS,11.4.1,A32BF78F-CE5A-45C8-8A8D-A28FC9819091,,en-gb,No,3600,,,Europe,United Kingdom,England,London,,,(direct),(none),(direct),352133e211bbdb63baa0ef1de05a92f6_3
20180829,1535537993016019,2018-08-29T11:19:53,user_engagement,1535537990123019,2018-08-29T11:19:50,,116,305510,352133e211bbdb63baa0ef1de05a92f6,14D78D5E23C341FCA0F179A27E5652EE,1534926269410000,2018-08-22T09:24:29,,1220499683,IOS,,SkodaContentViewController,auto,-4189340690112878053,2892,,,,11111,1,,,,,,,,,,,1534926269410000,352133e211bbdb63baa0ef1de05a92f6,uk.co.skoda.assistant.uat,1.1.3,,1:571703561616:ios:777087d7f78ec12a,manual_install,tablet,Apple,iPad Air 2,,"iPad5,4",IOS,11.4.1,A32BF78F-CE5A-45C8-8A8D-A28FC9819091,,en-gb,No,3600,,,Europe,United Kingdom,England,London,,,(direct),(none),(direct),352133e211bbdb63baa0ef1de05a92f6_3
20180829,1535537994501018,2018-08-29T11:19:54,button_press,1535537993004018,2018-08-29T11:19:53,,116,305510,352133e211bbdb63baa0ef1de05a92f6,14D78D5E23C341FCA0F179A27E5652EE,1534926269410000,2018-08-22T09:24:29,,1220499683,IOS,,RangeContentViewController,app,-4189340690112878052,,1,,,11111,1,,globalnav_compare,,,,,,,,,1534926269410000,352133e211bbdb63baa0ef1de05a92f6,uk.co.skoda.assistant.uat,1.1.3,,1:571703561616:ios:777087d7f78ec12a,manual_install,tablet,Apple,iPad Air 2,,"iPad5,4",IOS,11.4.1,A32BF78F-CE5A-45C8-8A8D-A28FC9819091,,en-gb,No,3600,,,Europe,United Kingdom,England,London,,,(direct),(none),(direct),352133e211bbdb63baa0ef1de05a92f6_3
20180829,1535537994531019,2018-08-29T11:19:54,button_press,1535537994501019,2018-08-29T11:19:54,,116,305510,352133e211bbdb63baa0ef1de05a92f6,14D78D5E23C341FCA0F179A27E5652EE,1534926269410000,2018-08-22T09:24:29,,1220499683,IOS,,RangeContentViewController,app,-4189340690112878052,,1,,,11111,1,,compare,,,,,,,,,1534926269410000,352133e211bbdb63baa0ef1de05a92f6,uk.co.skoda.assistant.uat,1.1.3,,1:571703561616:ios:777087d7f78ec12a,manual_install,tablet,Apple,iPad Air 2,,"iPad5,4",IOS,11.4.1,A32BF78F-CE5A-45C8-8A8D-A28FC9819091,,en-gb,No,3600,,,Europe,United Kingdom,England,London,,,(direct),(none),(direct),352133e211bbdb63baa0ef1de05a92f6_3
20180829,1535537994539023,2018-08-29T11:19:54,user_engagement,1535537993016023,2018-08-29T11:19:53,,116,305510,352133e211bbdb63baa0ef1de05a92f6,14D78D5E23C341FCA0F179A27E5652EE,1534926269410000,2018-08-22T09:24:29,,1220499683,IOS,,RangeContentViewController,auto,-4189340690112878052,1523,,,,11111,1,,,,,,,,,,,1534926269410000,352133e211bbdb63baa0ef1de05a92f6,uk.co.skoda.assistant.uat,1.1.3,,1:571703561616:ios:777087d7f78ec12a,manual_install,tablet,Apple,iPad Air 2,,"iPad5,4",IOS,11.4.1,A32BF78F-CE5A-45C8-8A8D-A28FC9819091,,en-gb,No,3600,,,Europe,United Kingdom,England,London,,,(direct),(none),(direct),352133e211bbdb63baa0ef1de05a92f6_3
20180829,1535537994540020,2018-08-29T11:19:54,screen_view,1535537993016020,2018-08-29T11:19:53,,116,305510,352133e211bbdb63baa0ef1de05a92f6,14D78D5E23C341FCA0F179A27E5652EE,1534926269410000,2018-08-22T09:24:29,,1220499683,IOS,,SkodaContentViewController,auto,-4189340690112878053,,1,-4189340690112878052,RangeContentViewController,11111,1,,,,,,,,,,,1534926269410000,352133e211bbdb63baa0ef1de05a92f6,uk.co.skoda.assistant.uat,1.1.3,,1:571703561616:ios:777087d7f78ec12a,manual_install,tablet,Apple,iPad Air 2,,"iPad5,4",IOS,11.4.1,A32BF78F-CE5A-45C8-8A8D-A28FC9819091,,en-gb,No,3600,,,Europe,United Kingdom,England,London,,,(direct),(none),(direct),352133e211bbdb63baa0ef1de05a92f6_3
20180829,1535538051620021,2018-08-29T11:20:51,button_press,1535537994531021,2018-08-29T11:19:54,,116,305510,352133e211bbdb63baa0ef1de05a92f6,14D78D5E23C341FCA0F179A27E5652EE,1534926269410000,2018-08-22T09:24:29,,1220499683,IOS,,SkodaContentViewController,app,-4189340690112878053,,1,,,11111,1,,globalnav_presentation,,,,,,,,,1534926269410000,352133e211bbdb63baa0ef1de05a92f6,uk.co.skoda.assistant.uat,1.1.3,,1:571703561616:ios:777087d7f78ec12a,manual_install,tablet,Apple,iPad Air 2,,"iPad5,4",IOS,11.4.1,A32BF78F-CE5A-45C8-8A8D-A28FC9819091,,en-gb,No,3600,,,Europe,United Kingdom,England,London,,,(direct),(none),(direct),352133e211bbdb63baa0ef1de05a92f6_3
20180829,1535538051647022,2018-08-29T11:20:51,button_press,1535538051620022,2018-08-29T11:20:51,,116,305510,352133e211bbdb63baa0ef1de05a92f6,14D78D5E23C341FCA0F179A27E5652EE,1534926269410000,2018-08-22T09:24:29,,1220499683,IOS,,SkodaContentViewController,app,-4189340690112878053,,1,,,11111,1,,presentation,,,,,,,,,1534926269410000,352133e211bbdb63baa0ef1de05a92f6,uk.co.skoda.assistant.uat,1.1.3,,1:571703561616:ios:777087d7f78ec12a,manual_install,tablet,Apple,iPad Air 2,,"iPad5,4",IOS,11.4.1,A32BF78F-CE5A-45C8-8A8D-A28FC9819091,,en-gb,No,3600,,,Europe,United Kingdom,England,London,,,(direct),(none),(direct),352133e211bbdb63baa0ef1de05a92f6_3
20180829,1535538074025023,2018-08-29T11:21:14,AnalyticsEventViewItem,1535530725738023,2018-08-29T09:18:45,,116,305510,352133e211bbdb63baa0ef1de05a92f6,14D78D5E23C341FCA0F179A27E5652EE,1534926269410000,2018-08-22T09:24:29,,1220499683,IOS,,SkodaContentViewController,app,-4189340690112878053,,1,,,11111,1,,,5b7c2fee4dec4860249025,,,,,,,,1534926269410000,352133e211bbdb63baa0ef1de05a92f6,uk.co.skoda.assistant.uat,1.1.3,,1:571703561616:ios:777087d7f78ec12a,manual_install,tablet,Apple,iPad Air 2,,"iPad5,4",IOS,11.4.1,A32BF78F-CE5A-45C8-8A8D-A28FC9819091,,en-gb,No,3600,,,Europe,United Kingdom,England,London,,,(direct),(none),(direct),352133e211bbdb63baa0ef1de05a92f6_3
20180829,1535538074443024,2018-08-29T11:21:14,screen_view,1535537994540024,2018-08-29T11:19:54,,116,305510,352133e211bbdb63baa0ef1de05a92f6,14D78D5E23C341FCA0F179A27E5652EE,1534926269410000,2018-08-22T09:24:29,,1220499683,IOS,,PresentationExploreSegmentedViewController,auto,-4189340690112878051,,1,-4189340690112878053,SkodaContentViewController,11111,1,,,,,,,,,,,1534926269410000,352133e211bbdb63baa0ef1de05a92f6,uk.co.skoda.assistant.uat,1.1.3,,1:571703561616:ios:777087d7f78ec12a,manual_install,tablet,Apple,iPad Air 2,,"iPad5,4",IOS,11.4.1,A32BF78F-CE5A-45C8-8A8D-A28FC9819091,,en-gb,No,3600,,,Europe,United Kingdom,England,London,,,(direct),(none),(direct),352133e211bbdb63baa0ef1de05a92f6_3
20180829,1535538074443028,2018-08-29T11:21:14,user_engagement,1535537994539028,2018-08-29T11:19:54,,116,305510,352133e211bbdb63baa0ef1de05a92f6,14D78D5E23C341FCA0F179A27E5652EE,1534926269410000,2018-08-22T09:24:29,,1220499683,IOS,,SkodaContentViewController,auto,-4189340690112878053,79903,,,,11111,1,,,,,,,,,,,1534926269410000,352133e211bbdb63baa0ef1de05a92f6,uk.co.skoda.assistant.uat,1.1.3,,1:571703561616:ios:777087d7f78ec12a,manual_install,tablet,Apple,iPad Air 2,,"iPad5,4",IOS,11.4.1,A32BF78F-CE5A-45C8-8A8D-A28FC9819091,,en-gb,No,3600,,,Europe,United Kingdom,England,London,,,(direct),(none),(direct),352133e211bbdb63baa0ef1de05a92f6_3
20180829,1535538074732025,2018-08-29T11:21:14,screen_view,1535538074443025,2018-08-29T11:21:14,,116,305510,352133e211bbdb63baa0ef1de05a92f6,14D78D5E23C341FCA0F179A27E5652EE,1534926269410000,2018-08-22T09:24:29,,1220499683,IOS,,PresentationEditorViewController,auto,-4189340690112878050,,1,-4189340690112878051,PresentationExploreSegmentedViewController,11111,1,,,,,,,,,,,1534926269410000,352133e211bbdb63baa0ef1de05a92f6,uk.co.skoda.assistant.uat,1.1.3,,1:571703561616:ios:777087d7f78ec12a,manual_install,tablet,Apple,iPad Air 2,,"iPad5,4",IOS,11.4.1,A32BF78F-CE5A-45C8-8A8D-A28FC9819091,,en-gb,No,3600,,,Europe,United Kingdom,England,London,,,(direct),(none),(direct),352133e211bbdb63baa0ef1de05a92f6_3
20180829,1535538085308031,2018-08-29T11:21:25,user_engagement,1535538074443031,2018-08-29T11:21:14,,116,305510,352133e211bbdb63baa0ef1de05a92f6,14D78D5E23C341FCA0F179A27E5652EE,1534926269410000,2018-08-22T09:24:29,,1220499683,IOS,,PresentationEditorViewController,auto,-4189340690112878050,10865,,,,11111,1,,,,,,,,,,,1534926269410000,352133e211bbdb63baa0ef1de05a92f6,uk.co.skoda.assistant.uat,1.1.3,,1:571703561616:ios:777087d7f78ec12a,manual_install,tablet,Apple,iPad Air 2,,"iPad5,4",IOS,11.4.1,A32BF78F-CE5A-45C8-8A8D-A28FC9819091,,en-gb,No,3600,,,Europe,United Kingdom,England,London,,,(direct),(none),(direct),352133e211bbdb63baa0ef1de05a92f6_3
20180829,1535538085309026,2018-08-29T11:21:25,screen_view,1535538074732026,2018-08-29T11:21:14,,116,305510,352133e211bbdb63baa0ef1de05a92f6,14D78D5E23C341FCA0F179A27E5652EE,1534926269410000,2018-08-22T09:24:29,,1220499683,IOS,,SkodaContentViewController,auto,-4189340690112878053,,1,-4189340690112878050,PresentationEditorViewController,11111,1,,,,,,,,,,,1534926269410000,352133e211bbdb63baa0ef1de05a92f6,uk.co.skoda.assistant.uat,1.1.3,,1:571703561616:ios:777087d7f78ec12a,manual_install,tablet,Apple,iPad Air 2,,"iPad5,4",IOS,11.4.1,A32BF78F-CE5A-45C8-8A8D-A28FC9819091,,en-gb,No,3600,,,Europe,United Kingdom,England,London,,,(direct),(none),(direct),352133e211bbdb63baa0ef1de05a92f6_3
20180829,1535538099285027,2018-08-29T11:21:39,button_press,1535538051647027,2018-08-29T11:20:51,,116,305510,352133e211bbdb63baa0ef1de05a92f6,14D78D5E23C341FCA0F179A27E5652EE,1534926269410000,2018-08-22T09:24:29,,1220499683,IOS,,SkodaContentViewController,app,-4189340690112878053,,1,,,11111,1,,presentation_home_download_asset,,,,,,,,,1534926269410000,352133e211bbdb63baa0ef1de05a92f6,uk.co.skoda.assistant.uat,1.1.3,,1:571703561616:ios:777087d7f78ec12a,manual_install,tablet,Apple,iPad Air 2,,"iPad5,4",IOS,11.4.1,A32BF78F-CE5A-45C8-8A8D-A28FC9819091,,en-gb,No,3600,,,Europe,United Kingdom,England,London,,,(direct),(none),(direct),352133e211bbdb63baa0ef1de05a92f6_3
20180829,1535538102468028,2018-08-29T11:21:42,button_press,1535538099285028,2018-08-29T11:21:39,,116,305510,352133e211bbdb63baa0ef1de05a92f6,14D78D5E23C341FCA0F179A27E5652EE,1534926269410000,2018-08-22T09:24:29,,1220499683,IOS,,SkodaContentViewController,app,-4189340690112878053,,1,,,11111,1,,presentation_home_download_asset,,,,,,,,,1534926269410000,352133e211bbdb63baa0ef1de05a92f6,uk.co.skoda.assistant.uat,1.1.3,,1:571703561616:ios:777087d7f78ec12a,manual_install,tablet,Apple,iPad Air 2,,"iPad5,4",IOS,11.4.1,A32BF78F-CE5A-45C8-8A8D-A28FC9819091,,en-gb,No,3600,,,Europe,United Kingdom,England,London,,,(direct),(none),(direct),352133e211bbdb63baa0ef1de05a92f6_3
20180829,1535538104302029,2018-08-29T11:21:44,button_press,1535538102468029,2018-08-29T11:21:42,,116,305510,352133e211bbdb63baa0ef1de05a92f6,14D78D5E23C341FCA0F179A27E5652EE,1534926269410000,2018-08-22T09:24:29,,1220499683,IOS,,SkodaContentViewController,app,-4189340690112878053,,1,,,11111,1,,presentation_home_download_asset,,,,,,,,,1534926269410000,352133e211bbdb63baa0ef1de05a92f6,uk.co.skoda.assistant.uat,1.1.3,,1:571703561616:ios:777087d7f78ec12a,manual_install,tablet,Apple,iPad Air 2,,"iPad5,4",IOS,11.4.1,A32BF78F-CE5A-45C8-8A8D-A28FC9819091,,en-gb,No,3600,,,Europe,United Kingdom,England,London,,,(direct),(none),(direct),352133e211bbdb63baa0ef1de05a92f6_3
20180829,1535538111099030,2018-08-29T11:21:51,AnalyticsEventViewItem,1535538074025030,2018-08-29T11:21:14,,116,305510,352133e211bbdb63baa0ef1de05a92f6,14D78D5E23C341FCA0F179A27E5652EE,1534926269410000,2018-08-22T09:24:29,,1220499683,IOS,,SkodaContentViewController,app,-4189340690112878053,,1,,,11111,1,,,5b85491912a0e403036040,,,,,,,,1534926269410000,352133e211bbdb63baa0ef1de05a92f6,uk.co.skoda.assistant.uat,1.1.3,,1:571703561616:ios:777087d7f78ec12a,manual_install,tablet,Apple,iPad Air 2,,"iPad5,4",IOS,11.4.1,A32BF78F-CE5A-45C8-8A8D-A28FC9819091,,en-gb,No,3600,,,Europe,United Kingdom,England,London,,,(direct),(none),(direct),352133e211bbdb63baa0ef1de05a92f6_3
20180829,1535538111272037,2018-08-29T11:21:51,user_engagement,1535538085308037,2018-08-29T11:21:25,,116,305510,352133e211bbdb63baa0ef1de05a92f6,14D78D5E23C341FCA0F179A27E5652EE,1534926269410000,2018-08-22T09:24:29,,1220499683,IOS,,SkodaContentViewController,auto,-4189340690112878053,25963,,,,11111,1,,,,,,,,,,,1534926269410000,352133e211bbdb63baa0ef1de05a92f6,uk.co.skoda.assistant.uat,1.1.3,,1:571703561616:ios:777087d7f78ec12a,manual_install,tablet,Apple,iPad Air 2,,"iPad5,4",IOS,11.4.1,A32BF78F-CE5A-45C8-8A8D-A28FC9819091,,en-gb,No,3600,,,Europe,United Kingdom,England,London,,,(direct),(none),(direct),352133e211bbdb63baa0ef1de05a92f6_3
20180829,1535538111273031,2018-08-29T11:21:51,screen_view,1535538085309031,2018-08-29T11:21:25,,116,305510,352133e211bbdb63baa0ef1de05a92f6,14D78D5E23C341FCA0F179A27E5652EE,1534926269410000,2018-08-22T09:24:29,,1220499683,IOS,,PresentationExploreSegmentedViewController,auto,-4189340690112878049,,1,-4189340690112878053,SkodaContentViewController,11111,1,,,,,,,,,,,1534926269410000,352133e211bbdb63baa0ef1de05a92f6,uk.co.skoda.assistant.uat,1.1.3,,1:571703561616:ios:777087d7f78ec12a,manual_install,tablet,Apple,iPad Air 2,,"iPad5,4",IOS,11.4.1,A32BF78F-CE5A-45C8-8A8D-A28FC9819091,,en-gb,No,3600,,,Europe,United Kingdom,England,London,,,(direct),(none),(direct),352133e211bbdb63baa0ef1de05a92f6_3
20180829,1535538111772032,2018-08-29T11:21:51,screen_view,1535538111273032,2018-08-29T11:21:51,,116,305510,352133e211bbdb63baa0ef1de05a92f6,14D78D5E23C341FCA0F179A27E5652EE,1534926269410000,2018-08-22T09:24:29,,1220499683,IOS,,PresentationEditorViewController,auto,-4189340690112878048,,1,-4189340690112878049,PresentationExploreSegmentedViewController,11111,1,,,,,,,,,,,1534926269410000,352133e211bbdb63baa0ef1de05a92f6,uk.co.skoda.assistant.uat,1.1.3,,1:571703561616:ios:777087d7f78ec12a,manual_install,tablet,Apple,iPad Air 2,,"iPad5,4",IOS,11.4.1,A32BF78F-CE5A-45C8-8A8D-A28FC9819091,,en-gb,No,3600,,,Europe,United Kingdom,England,London,,,(direct),(none),(direct),352133e211bbdb63baa0ef1de05a92f6_3
20180829,1535538122881040,2018-08-29T11:22:02,user_engagement,1535538111272040,2018-08-29T11:21:51,,116,305510,352133e211bbdb63baa0ef1de05a92f6,14D78D5E23C341FCA0F179A27E5652EE,1534926269410000,2018-08-22T09:24:29,,1220499683,IOS,,PresentationEditorViewController,auto,-4189340690112878048,11608,,,,11111,1,,,,,,,,,,,1534926269410000,352133e211bbdb63baa0ef1de05a92f6,uk.co.skoda.assistant.uat,1.1.3,,1:571703561616:ios:777087d7f78ec12a,manual_install,tablet,Apple,iPad Air 2,,"iPad5,4",IOS,11.4.1,A32BF78F-CE5A-45C8-8A8D-A28FC9819091,,en-gb,No,3600,,,Europe,United Kingdom,England,London,,,(direct),(none),(direct),352133e211bbdb63baa0ef1de05a92f6_3
20180829,1535538122882033,2018-08-29T11:22:02,screen_view,1535538111772033,2018-08-29T11:21:51,,116,305510,352133e211bbdb63baa0ef1de05a92f6,14D78D5E23C341FCA0F179A27E5652EE,1534926269410000,2018-08-22T09:24:29,,1220499683,IOS,,SkodaContentViewController,auto,-4189340690112878053,,1,-4189340690112878048,PresentationEditorViewController,11111,1,,,,,,,,,,,1534926269410000,352133e211bbdb63baa0ef1de05a92f6,uk.co.skoda.assistant.uat,1.1.3,,1:571703561616:ios:777087d7f78ec12a,manual_install,tablet,Apple,iPad Air 2,,"iPad5,4",IOS,11.4.1,A32BF78F-CE5A-45C8-8A8D-A28FC9819091,,en-gb,No,3600,,,Europe,United Kingdom,England,London,,,(direct),(none),(direct),352133e211bbdb63baa0ef1de05a92f6_3
20180829,1535538166975034,2018-08-29T11:22:46,AnalyticsEventViewItem,1535538111099034,2018-08-29T11:21:51,,116,305510,352133e211bbdb63baa0ef1de05a92f6,14D78D5E23C341FCA0F179A27E5652EE,1534926269410000,2018-08-22T09:24:29,,1220499683,IOS,,SkodaContentViewController,app,-4189340690112878053,,1,,,11111,1,,,5b7c2fee4dec4860249025,,,,,,,,1534926269410000,352133e211bbdb63baa0ef1de05a92f6,uk.co.skoda.assistant.uat,1.1.3,,1:571703561616:ios:777087d7f78ec12a,manual_install,tablet,Apple,iPad Air 2,,"iPad5,4",IOS,11.4.1,A32BF78F-CE5A-45C8-8A8D-A28FC9819091,,en-gb,No,3600,,,Europe,United Kingdom,England,London,,,(direct),(none),(direct),352133e211bbdb63baa0ef1de05a92f6_3
20180829,1535538167332043,2018-08-29T11:22:47,user_engagement,1535538122881043,2018-08-29T11:22:02,,116,305510,352133e211bbdb63baa0ef1de05a92f6,14D78D5E23C341FCA0F179A27E5652EE,1534926269410000,2018-08-22T09:24:29,,1220499683,IOS,,SkodaContentViewController,auto,-4189340690112878053,44451,,,,11111,1,,,,,,,,,,,1534926269410000,352133e211bbdb63baa0ef1de05a92f6,uk.co.skoda.assistant.uat,1.1.3,,1:571703561616:ios:777087d7f78ec12a,manual_install,tablet,Apple,iPad Air 2,,"iPad5,4",IOS,11.4.1,A32BF78F-CE5A-45C8-8A8D-A28FC9819091,,en-gb,No,3600,,,Europe,United Kingdom,England,London,,,(direct),(none),(direct),352133e211bbdb63baa0ef1de05a92f6_3
20180829,1535538167333035,2018-08-29T11:22:47,screen_view,1535538122882035,2018-08-29T11:22:02,,116,305510,352133e211bbdb63baa0ef1de05a92f6,14D78D5E23C341FCA0F179A27E5652EE,1534926269410000,2018-08-22T09:24:29,,1220499683,IOS,,PresentationExploreSegmentedViewController,auto,-4189340690112878047,,1,-4189340690112878053,SkodaContentViewController,11111,1,,,,,,,,,,,1534926269410000,352133e211bbdb63baa0ef1de05a92f6,uk.co.skoda.assistant.uat,1.1.3,,1:571703561616:ios:777087d7f78ec12a,manual_install,tablet,Apple,iPad Air 2,,"iPad5,4",IOS,11.4.1,A32BF78F-CE5A-45C8-8A8D-A28FC9819091,,en-gb,No,3600,,,Europe,United Kingdom,England,London,,,(direct),(none),(direct),352133e211bbdb63baa0ef1de05a92f6_3
20180829,1535538167634036,2018-08-29T11:22:47,screen_view,1535538167333036,2018-08-29T11:22:47,,116,305510,352133e211bbdb63baa0ef1de05a92f6,14D78D5E23C341FCA0F179A27E5652EE,1534926269410000,2018-08-22T09:24:29,,1220499683,IOS,,PresentationEditorViewController,auto,-4189340690112878046,,1,-4189340690112878047,PresentationExploreSegmentedViewController,11111,1,,,,,,,,,,,1534926269410000,352133e211bbdb63baa0ef1de05a92f6,uk.co.skoda.assistant.uat,1.1.3,,1:571703561616:ios:777087d7f78ec12a,manual_install,tablet,Apple,iPad Air 2,,"iPad5,4",IOS,11.4.1,A32BF78F-CE5A-45C8-8A8D-A28FC9819091,,en-gb,No,3600,,,Europe,United Kingdom,England,London,,,(direct),(none),(direct),352133e211bbdb63baa0ef1de05a92f6_3
20180829,1535538183479046,2018-08-29T11:23:03,user_engagement,1535538167332046,2018-08-29T11:22:47,,116,305510,352133e211bbdb63baa0ef1de05a92f6,14D78D5E23C341FCA0F179A27E5652EE,1534926269410000,2018-08-22T09:24:29,,1220499683,IOS,,PresentationEditorViewController,auto,-4189340690112878046,16147,,,,11111,1,,,,,,,,,,,1534926269410000,352133e211bbdb63baa0ef1de05a92f6,uk.co.skoda.assistant.uat,1.1.3,,1:571703561616:ios:777087d7f78ec12a,manual_install,tablet,Apple,iPad Air 2,,"iPad5,4",IOS,11.4.1,A32BF78F-CE5A-45C8-8A8D-A28FC9819091,,en-gb,No,3600,,,Europe,United Kingdom,England,London,,,(direct),(none),(direct),352133e211bbdb63baa0ef1de05a92f6_3
20180829,1535538183480037,2018-08-29T11:23:03,screen_view,1535538167634037,2018-08-29T11:22:47,,116,305510,352133e211bbdb63baa0ef1de05a92f6,14D78D5E23C341FCA0F179A27E5652EE,1534926269410000,2018-08-22T09:24:29,,1220499683,IOS,,SkodaContentViewController,auto,-4189340690112878053,,1,-4189340690112878046,PresentationEditorViewController,11111,1,,,,,,,,,,,1534926269410000,352133e211bbdb63baa0ef1de05a92f6,uk.co.skoda.assistant.uat,1.1.3,,1:571703561616:ios:777087d7f78ec12a,manual_install,tablet,Apple,iPad Air 2,,"iPad5,4",IOS,11.4.1,A32BF78F-CE5A-45C8-8A8D-A28FC9819091,,en-gb,No,3600,,,Europe,United Kingdom,England,London,,,(direct),(none),(direct),352133e211bbdb63baa0ef1de05a92f6_3
20180829,1535538215717048,2018-08-29T11:23:35,user_engagement,1535538183479048,2018-08-29T11:23:03,,116,305510,352133e211bbdb63baa0ef1de05a92f6,14D78D5E23C341FCA0F179A27E5652EE,1534926269410000,2018-08-22T09:24:29,,1220499683,IOS,,SkodaContentViewController,auto,-4189340690112878053,32237,,,,11111,1,,,,,,,,,,,1534926269410000,352133e211bbdb63baa0ef1de05a92f6,uk.co.skoda.assistant.uat,1.1.3,,1:571703561616:ios:777087d7f78ec12a,manual_install,tablet,Apple,iPad Air 2,,"iPad5,4",IOS,11.4.1,A32BF78F-CE5A-45C8-8A8D-A28FC9819091,,en-gb,No,3600,,,Europe,United Kingdom,England,London,,,(direct),(none),(direct),352133e211bbdb63baa0ef1de05a92f6_3
20180829,1535538221802038,2018-08-29T11:23:41,button_press,1535538104302038,2018-08-29T11:21:44,,116,305510,352133e211bbdb63baa0ef1de05a92f6,14D78D5E23C341FCA0F179A27E5652EE,1534926269410000,2018-08-22T09:24:29,,1220499683,IOS,,SkodaContentViewController,app,-4189340690112878053,,1,,,11111,1,,globalnav_compare,,,,,,,,,1534926269410000,352133e211bbdb63baa0ef1de05a92f6,uk.co.skoda.assistant.uat,1.1.3,,1:571703561616:ios:777087d7f78ec12a,manual_install,tablet,Apple,iPad Air 2,,"iPad5,4",IOS,11.4.1,A32BF78F-CE5A-45C8-8A8D-A28FC9819091,,en-gb,No,3600,,,Europe,United Kingdom,England,London,,,(direct),(none),(direct),352133e211bbdb63baa0ef1de05a92f6_3
20180829,1535538221827039,2018-08-29T11:23:41,button_press,1535538221802039,2018-08-29T11:23:41,,116,305510,352133e211bbdb63baa0ef1de05a92f6,14D78D5E23C341FCA0F179A27E5652EE,1534926269410000,2018-08-22T09:24:29,,1220499683,IOS,,SkodaContentViewController,app,-4189340690112878053,,1,,,11111,1,,compare,,,,,,,,,1534926269410000,352133e211bbdb63baa0ef1de05a92f6,uk.co.skoda.assistant.uat,1.1.3,,1:571703561616:ios:777087d7f78ec12a,manual_install,tablet,Apple,iPad Air 2,,"iPad5,4",IOS,11.4.1,A32BF78F-CE5A-45C8-8A8D-A28FC9819091,,en-gb,No,3600,,,Europe,United Kingdom,England,London,,,(direct),(none),(direct),352133e211bbdb63baa0ef1de05a92f6_3
20180829,1535538223636040,2018-08-29T11:23:43,button_press,1535538221827040,2018-08-29T11:23:41,,116,305510,352133e211bbdb63baa0ef1de05a92f6,14D78D5E23C341FCA0F179A27E5652EE,1534926269410000,2018-08-22T09:24:29,,1220499683,IOS,,SkodaContentViewController,app,-4189340690112878053,,1,,,11111,1,,globalnav_range,,,,,,,,,1534926269410000,352133e211bbdb63baa0ef1de05a92f6,uk.co.skoda.assistant.uat,1.1.3,,1:571703561616:ios:777087d7f78ec12a,manual_install,tablet,Apple,iPad Air 2,,"iPad5,4",IOS,11.4.1,A32BF78F-CE5A-45C8-8A8D-A28FC9819091,,en-gb,No,3600,,,Europe,United Kingdom,England,London,,,(direct),(none),(direct),352133e211bbdb63baa0ef1de05a92f6_3
20180829,1535538223668041,2018-08-29T11:23:43,button_press,1535538223636041,2018-08-29T11:23:43,,116,305510,352133e211bbdb63baa0ef1de05a92f6,14D78D5E23C341FCA0F179A27E5652EE,1534926269410000,2018-08-22T09:24:29,,1220499683,IOS,,SkodaContentViewController,app,-4189340690112878053,,1,,,11111,1,,range,,,,,,,,,1534926269410000,352133e211bbdb63baa0ef1de05a92f6,uk.co.skoda.assistant.uat,1.1.3,,1:571703561616:ios:777087d7f78ec12a,manual_install,tablet,Apple,iPad Air 2,,"iPad5,4",IOS,11.4.1,A32BF78F-CE5A-45C8-8A8D-A28FC9819091,,en-gb,No,3600,,,Europe,United Kingdom,England,London,,,(direct),(none),(direct),352133e211bbdb63baa0ef1de05a92f6_3
20180829,1535538223746053,2018-08-29T11:23:43,user_engagement,1535538215717053,2018-08-29T11:23:35,,116,305510,352133e211bbdb63baa0ef1de05a92f6,14D78D5E23C341FCA0F179A27E5652EE,1534926269410000,2018-08-22T09:24:29,,1220499683,IOS,,SkodaContentViewController,auto,-4189340690112878053,6259,,,,11111,1,,,,,,,,,,,1534926269410000,352133e211bbdb63baa0ef1de05a92f6,uk.co.skoda.assistant.uat,1.1.3,,1:571703561616:ios:777087d7f78ec12a,manual_install,tablet,Apple,iPad Air 2,,"iPad5,4",IOS,11.4.1,A32BF78F-CE5A-45C8-8A8D-A28FC9819091,,en-gb,No,3600,,,Europe,United Kingdom,England,London,,,(direct),(none),(direct),352133e211bbdb63baa0ef1de05a92f6_3
20180829,1535538223747042,2018-08-29T11:23:43,screen_view,1535538183480042,2018-08-29T11:23:03,,116,305510,352133e211bbdb63baa0ef1de05a92f6,14D78D5E23C341FCA0F179A27E5652EE,1534926269410000,2018-08-22T09:24:29,,1220499683,IOS,,RangeContentViewController,auto,-4189340690112878052,,1,-4189340690112878053,SkodaContentViewController,11111,1,,,,,,,,,,,1534926269410000,352133e211bbdb63baa0ef1de05a92f6,uk.co.skoda.assistant.uat,1.1.3,,1:571703561616:ios:777087d7f78ec12a,manual_install,tablet,Apple,iPad Air 2,,"iPad5,4",IOS,11.4.1,A32BF78F-CE5A-45C8-8A8D-A28FC9819091,,en-gb,No,3600,,,Europe,United Kingdom,England,London,,,(direct),(none),(direct),352133e211bbdb63baa0ef1de05a92f6_3
20180829,1535538242046055,2018-08-29T11:24:02,user_engagement,1535538223746055,2018-08-29T11:23:43,,116,305510,352133e211bbdb63baa0ef1de05a92f6,14D78D5E23C341FCA0F179A27E5652EE,1534926269410000,2018-08-22T09:24:29,,1220499683,IOS,,RangeContentViewController,auto,-4189340690112878052,18300,,,,11111,1,,,,,,,,,,,1534926269410000,352133e211bbdb63baa0ef1de05a92f6,uk.co.skoda.assistant.uat,1.1.3,,1:571703561616:ios:777087d7f78ec12a,manual_install,tablet,Apple,iPad Air 2,,"iPad5,4",IOS,11.4.1,A32BF78F-CE5A-45C8-8A8D-A28FC9819091,,en-gb,No,3600,,,Europe,United Kingdom,England,London,,,(direct),(none),(direct),352133e211bbdb63baa0ef1de05a92f6_3
20180829,1535543640969000,2018-08-29T12:54:00,button_press,1535538223668000,2018-08-29T11:23:43,,117,305511,352133e211bbdb63baa0ef1de05a92f6,14D78D5E23C341FCA0F179A27E5652EE,1534926269410000,2018-08-22T09:24:29,,1220499683,IOS,,RangeContentViewController,app,-4189340690112878052,,1,,,11111,1,,globalnav_compare,,,,,,,,,1534926269410000,352133e211bbdb63baa0ef1de05a92f6,uk.co.skoda.assistant.uat,1.1.3,,1:571703561616:ios:777087d7f78ec12a,manual_install,tablet,Apple,iPad Air 2,,"iPad5,4",IOS,11.4.1,A32BF78F-CE5A-45C8-8A8D-A28FC9819091,,en-gb,No,3600,,,Europe,United Kingdom,England,London,,,(direct),(none),(direct),352133e211bbdb63baa0ef1de05a92f6_3
20180829,1535543640983001,2018-08-29T12:54:00,button_press,1535543640969001,2018-08-29T12:54:00,,117,305511,352133e211bbdb63baa0ef1de05a92f6,14D78D5E23C341FCA0F179A27E5652EE,1534926269410000,2018-08-22T09:24:29,,1220499683,IOS,,RangeContentViewController,app,-4189340690112878052,,1,,,11111,1,,compare,,,,,,,,,1534926269410000,352133e211bbdb63baa0ef1de05a92f6,uk.co.skoda.assistant.uat,1.1.3,,1:571703561616:ios:777087d7f78ec12a,manual_install,tablet,Apple,iPad Air 2,,"iPad5,4",IOS,11.4.1,A32BF78F-CE5A-45C8-8A8D-A28FC9819091,,en-gb,No,3600,,,Europe,United Kingdom,England,London,,,(direct),(none),(direct),352133e211bbdb63baa0ef1de05a92f6_3
20180829,1535543640989002,2018-08-29T12:54:00,screen_view,1535538223747002,2018-08-29T11:23:43,,117,305511,352133e211bbdb63baa0ef1de05a92f6,14D78D5E23C341FCA0F179A27E5652EE,1534926269410000,2018-08-22T09:24:29,,1220499683,IOS,,SkodaContentViewController,auto,-4189340690112878053,,1,-4189340690112878052,RangeContentViewController,11111,1,,,,,,,,,,,1534926269410000,352133e211bbdb63baa0ef1de05a92f6,uk.co.skoda.assistant.uat,1.1.3,,1:571703561616:ios:777087d7f78ec12a,manual_install,tablet,Apple,iPad Air 2,,"iPad5,4",IOS,11.4.1,A32BF78F-CE5A-45C8-8A8D-A28FC9819091,,en-gb,No,3600,,,Europe,United Kingdom,England,London,,,(direct),(none),(direct),352133e211bbdb63baa0ef1de05a92f6_3
20180829,1535543650062003,2018-08-29T12:54:10,session_start,1535537938213003,2018-08-29T11:18:58,,117,305511,352133e211bbdb63baa0ef1de05a92f6,14D78D5E23C341FCA0F179A27E5652EE,1534926269410000,2018-08-22T09:24:29,,1220499683,IOS,,SkodaContentViewController,auto,-4189340690112878053,,1,,,11111,1,,,,,,,,,,,1534926269410000,352133e211bbdb63baa0ef1de05a92f6,uk.co.skoda.assistant.uat,1.1.3,,1:571703561616:ios:777087d7f78ec12a,manual_install,tablet,Apple,iPad Air 2,,"iPad5,4",IOS,11.4.1,A32BF78F-CE5A-45C8-8A8D-A28FC9819091,,en-gb,No,3600,,,Europe,United Kingdom,England,London,,,(direct),(none),(direct),352133e211bbdb63baa0ef1de05a92f6_3
20180829,1535543685803004,2018-08-29T12:54:45,button_press,1535543640983004,2018-08-29T12:54:00,,117,305511,352133e211bbdb63baa0ef1de05a92f6,14D78D5E23C341FCA0F179A27E5652EE,1534926269410000,2018-08-22T09:24:29,,1220499683,IOS,,SkodaContentViewController,app,-4189340690112878053,,1,,,11111,1,,compare_models,,,,,,,,,1534926269410000,352133e211bbdb63baa0ef1de05a92f6,uk.co.skoda.assistant.uat,1.1.3,,1:571703561616:ios:777087d7f78ec12a,manual_install,tablet,Apple,iPad Air 2,,"iPad5,4",IOS,11.4.1,A32BF78F-CE5A-45C8-8A8D-A28FC9819091,,en-gb,No,3600,,,Europe,United Kingdom,England,London,,,(direct),(none),(direct),352133e211bbdb63baa0ef1de05a92f6_3
20180829,1535543686372005,2018-08-29T12:54:46,user_engagement,1535538242046005,2018-08-29T11:24:02,,117,305511,352133e211bbdb63baa0ef1de05a92f6,14D78D5E23C341FCA0F179A27E5652EE,1534926269410000,2018-08-22T09:24:29,,1220499683,IOS,,SkodaContentViewController,auto,-4189340690112878053,46313,,,,11111,1,,,,,,,,,,,1534926269410000,352133e211bbdb63baa0ef1de05a92f6,uk.co.skoda.assistant.uat,1.1.3,,1:571703561616:ios:777087d7f78ec12a,manual_install,tablet,Apple,iPad Air 2,,"iPad5,4",IOS,11.4.1,A32BF78F-CE5A-45C8-8A8D-A28FC9819091,,en-gb,No,3600,,,Europe,United Kingdom,England,London,,,(direct),(none),(direct),352133e211bbdb63baa0ef1de05a92f6_3
20180829,1535543686373005,2018-08-29T12:54:46,screen_view,1535543640989005,2018-08-29T12:54:00,,117,305511,352133e211bbdb63baa0ef1de05a92f6,14D78D5E23C341FCA0F179A27E5652EE,1534926269410000,2018-08-22T09:24:29,,1220499683,IOS,,ComparisonResultViewController,auto,-4189340690112878045,,1,-4189340690112878053,SkodaContentViewController,11111,1,,,,,,,,,,,1534926269410000,352133e211bbdb63baa0ef1de05a92f6,uk.co.skoda.assistant.uat,1.1.3,,1:571703561616:ios:777087d7f78ec12a,manual_install,tablet,Apple,iPad Air 2,,"iPad5,4",IOS,11.4.1,A32BF78F-CE5A-45C8-8A8D-A28FC9819091,,en-gb,No,3600,,,Europe,United Kingdom,England,London,,,(direct),(none),(direct),352133e211bbdb63baa0ef1de05a92f6_3
20180829,1535543688034007,2018-08-29T12:54:48,AnalyticsEventComparison,1535530646990007,2018-08-29T09:17:26,,117,305511,352133e211bbdb63baa0ef1de05a92f6,14D78D5E23C341FCA0F179A27E5652EE,1534926269410000,2018-08-22T09:24:29,,1220499683,IOS,,ComparisonResultViewController,app,-4189340690112878045,,,,,11111,1,,,,,241976,225652,,,,,1534926269410000,352133e211bbdb63baa0ef1de05a92f6,uk.co.skoda.assistant.uat,1.1.3,,1:571703561616:ios:777087d7f78ec12a,manual_install,tablet,Apple,iPad Air 2,,"iPad5,4",IOS,11.4.1,A32BF78F-CE5A-45C8-8A8D-A28FC9819091,,en-gb,No,3600,,,Europe,United Kingdom,England,London,,,(direct),(none),(direct),352133e211bbdb63baa0ef1de05a92f6_3
20180829,1535543801117006,2018-08-29T12:56:41,button_press,1535543685803006,2018-08-29T12:54:45,,117,305511,352133e211bbdb63baa0ef1de05a92f6,14D78D5E23C341FCA0F179A27E5652EE,1534926269410000,2018-08-22T09:24:29,,1220499683,IOS,,ComparisonResultViewController,app,-4189340690112878045,,1,,,11111,1,,compare_results_refine,,,,,,,,,1534926269410000,352133e211bbdb63baa0ef1de05a92f6,uk.co.skoda.assistant.uat,1.1.3,,1:571703561616:ios:777087d7f78ec12a,manual_install,tablet,Apple,iPad Air 2,,"iPad5,4",IOS,11.4.1,A32BF78F-CE5A-45C8-8A8D-A28FC9819091,,en-gb,No,3600,,,Europe,United Kingdom,England,London,,,(direct),(none),(direct),352133e211bbdb63baa0ef1de05a92f6_3
20180829,1535543803019007,2018-08-29T12:56:43,button_press,1535543801117007,2018-08-29T12:56:41,,117,305511,352133e211bbdb63baa0ef1de05a92f6,14D78D5E23C341FCA0F179A27E5652EE,1534926269410000,2018-08-22T09:24:29,,1220499683,IOS,,ComparisonResultViewController,app,-4189340690112878045,,1,,,11111,1,,compare_results_apply_refinement,,,,,,,,,1534926269410000,352133e211bbdb63baa0ef1de05a92f6,uk.co.skoda.assistant.uat,1.1.3,,1:571703561616:ios:777087d7f78ec12a,manual_install,tablet,Apple,iPad Air 2,,"iPad5,4",IOS,11.4.1,A32BF78F-CE5A-45C8-8A8D-A28FC9819091,,en-gb,No,3600,,,Europe,United Kingdom,England,London,,,(direct),(none),(direct),352133e211bbdb63baa0ef1de05a92f6_3
20180829,1535543804471010,2018-08-29T12:56:44,AnalyticsEventComparison,1535543688034010,2018-08-29T12:54:48,,117,305511,352133e211bbdb63baa0ef1de05a92f6,14D78D5E23C341FCA0F179A27E5652EE,1534926269410000,2018-08-22T09:24:29,,1220499683,IOS,,ComparisonResultViewController,app,-4189340690112878045,,,,,11111,1,,,,,241976,225652,,,,,1534926269410000,352133e211bbdb63baa0ef1de05a92f6,uk.co.skoda.assistant.uat,1.1.3,,1:571703561616:ios:777087d7f78ec12a,manual_install,tablet,Apple,iPad Air 2,,"iPad5,4",IOS,11.4.1,A32BF78F-CE5A-45C8-8A8D-A28FC9819091,,en-gb,No,3600,,,Europe,United Kingdom,England,London,,,(direct),(none),(direct),352133e211bbdb63baa0ef1de05a92f6_3
20180829,1535543827853008,2018-08-29T12:57:07,button_press,1535543803019008,2018-08-29T12:56:43,,117,305511,352133e211bbdb63baa0ef1de05a92f6,14D78D5E23C341FCA0F179A27E5652EE,1534926269410000,2018-08-22T09:24:29,,1220499683,IOS,,ComparisonResultViewController,app,-4189340690112878045,,1,,,11111,1,,compare_results_refine,,,,,,,,,1534926269410000,352133e211bbdb63baa0ef1de05a92f6,uk.co.skoda.assistant.uat,1.1.3,,1:571703561616:ios:777087d7f78ec12a,manual_install,tablet,Apple,iPad Air 2,,"iPad5,4",IOS,11.4.1,A32BF78F-CE5A-45C8-8A8D-A28FC9819091,,en-gb,No,3600,,,Europe,United Kingdom,England,London,,,(direct),(none),(direct),352133e211bbdb63baa0ef1de05a92f6_3
20180829,1535543829836009,2018-08-29T12:57:09,button_press,1535543827853009,2018-08-29T12:57:07,,117,305511,352133e211bbdb63baa0ef1de05a92f6,14D78D5E23C341FCA0F179A27E5652EE,1534926269410000,2018-08-22T09:24:29,,1220499683,IOS,,ComparisonResultViewController,app,-4189340690112878045,,1,,,11111,1,,compare_results_apply_refinement,,,,,,,,,1534926269410000,352133e211bbdb63baa0ef1de05a92f6,uk.co.skoda.assistant.uat,1.1.3,,1:571703561616:ios:777087d7f78ec12a,manual_install,tablet,Apple,iPad Air 2,,"iPad5,4",IOS,11.4.1,A32BF78F-CE5A-45C8-8A8D-A28FC9819091,,en-gb,No,3600,,,Europe,United Kingdom,England,London,,,(direct),(none),(direct),352133e211bbdb63baa0ef1de05a92f6_3
20180829,1535543831348013,2018-08-29T12:57:11,AnalyticsEventComparison,1535543804471013,2018-08-29T12:56:44,,117,305511,352133e211bbdb63baa0ef1de05a92f6,14D78D5E23C341FCA0F179A27E5652EE,1534926269410000,2018-08-22T09:24:29,,1220499683,IOS,,ComparisonResultViewController,app,-4189340690112878045,,,,,11111,1,,,,,241976,225652,,,,,1534926269410000,352133e211bbdb63baa0ef1de05a92f6,uk.co.skoda.assistant.uat,1.1.3,,1:571703561616:ios:777087d7f78ec12a,manual_install,tablet,Apple,iPad Air 2,,"iPad5,4",IOS,11.4.1,A32BF78F-CE5A-45C8-8A8D-A28FC9819091,,en-gb,No,3600,,,Europe,United Kingdom,England,London,,,(direct),(none),(direct),352133e211bbdb63baa0ef1de05a92f6_3
20180829,1535543862798010,2018-08-29T12:57:42,button_press,1535543829836010,2018-08-29T12:57:09,,117,305511,352133e211bbdb63baa0ef1de05a92f6,14D78D5E23C341FCA0F179A27E5652EE,1534926269410000,2018-08-22T09:24:29,,1220499683,IOS,,ComparisonResultViewController,app,-4189340690112878045,,1,,,11111,1,,globalnav_range,,,,,,,,,1534926269410000,352133e211bbdb63baa0ef1de05a92f6,uk.co.skoda.assistant.uat,1.1.3,,1:571703561616:ios:777087d7f78ec12a,manual_install,tablet,Apple,iPad Air 2,,"iPad5,4",IOS,11.4.1,A32BF78F-CE5A-45C8-8A8D-A28FC9819091,,en-gb,No,3600,,,Europe,United Kingdom,England,London,,,(direct),(none),(direct),352133e211bbdb63baa0ef1de05a92f6_3
20180829,1535543862830011,2018-08-29T12:57:42,button_press,1535543862798011,2018-08-29T12:57:42,,117,305511,352133e211bbdb63baa0ef1de05a92f6,14D78D5E23C341FCA0F179A27E5652EE,1534926269410000,2018-08-22T09:24:29,,1220499683,IOS,,ComparisonResultViewController,app,-4189340690112878045,,1,,,11111,1,,range,,,,,,,,,1534926269410000,352133e211bbdb63baa0ef1de05a92f6,uk.co.skoda.assistant.uat,1.1.3,,1:571703561616:ios:777087d7f78ec12a,manual_install,tablet,Apple,iPad Air 2,,"iPad5,4",IOS,11.4.1,A32BF78F-CE5A-45C8-8A8D-A28FC9819091,,en-gb,No,3600,,,Europe,United Kingdom,England,London,,,(direct),(none),(direct),352133e211bbdb63baa0ef1de05a92f6_3
20180829,1535543862844016,2018-08-29T12:57:42,user_engagement,1535543686372016,2018-08-29T12:54:46,,117,305511,352133e211bbdb63baa0ef1de05a92f6,14D78D5E23C341FCA0F179A27E5652EE,1534926269410000,2018-08-22T09:24:29,,1220499683,IOS,,ComparisonResultViewController,auto,-4189340690112878045,176472,,,,11111,1,,,,,,,,,,,1534926269410000,352133e211bbdb63baa0ef1de05a92f6,uk.co.skoda.assistant.uat,1.1.3,,1:571703561616:ios:777087d7f78ec12a,manual_install,tablet,Apple,iPad Air 2,,"iPad5,4",IOS,11.4.1,A32BF78F-CE5A-45C8-8A8D-A28FC9819091,,en-gb,No,3600,,,Europe,United Kingdom,England,London,,,(direct),(none),(direct),352133e211bbdb63baa0ef1de05a92f6_3
20180829,1535543862845012,2018-08-29T12:57:42,screen_view,1535543686373012,2018-08-29T12:54:46,,117,305511,352133e211bbdb63baa0ef1de05a92f6,14D78D5E23C341FCA0F179A27E5652EE,1534926269410000,2018-08-22T09:24:29,,1220499683,IOS,,SkodaContentViewController,auto,-4189340690112878053,,1,-4189340690112878045,ComparisonResultViewController,11111,1,,,,,,,,,,,1534926269410000,352133e211bbdb63baa0ef1de05a92f6,uk.co.skoda.assistant.uat,1.1.3,,1:571703561616:ios:777087d7f78ec12a,manual_install,tablet,Apple,iPad Air 2,,"iPad5,4",IOS,11.4.1,A32BF78F-CE5A-45C8-8A8D-A28FC9819091,,en-gb,No,3600,,,Europe,United Kingdom,England,London,,,(direct),(none),(direct),352133e211bbdb63baa0ef1de05a92f6_3
20180829,1535543862849013,2018-08-29T12:57:42,screen_view,1535543862845013,2018-08-29T12:57:42,,117,305511,352133e211bbdb63baa0ef1de05a92f6,14D78D5E23C341FCA0F179A27E5652EE,1534926269410000,2018-08-22T09:24:29,,1220499683,IOS,,RangeContentViewController,auto,-4189340690112878052,,1,-4189340690112878053,SkodaContentViewController,11111,1,,,,,,,,,,,1534926269410000,352133e211bbdb63baa0ef1de05a92f6,uk.co.skoda.assistant.uat,1.1.3,,1:571703561616:ios:777087d7f78ec12a,manual_install,tablet,Apple,iPad Air 2,,"iPad5,4",IOS,11.4.1,A32BF78F-CE5A-45C8-8A8D-A28FC9819091,,en-gb,No,3600,,,Europe,United Kingdom,England,London,,,(direct),(none),(direct),352133e211bbdb63baa0ef1de05a92f6_3
20180829,1535544109370000,2018-08-29T13:01:49,user_engagement,1535543862844000,2018-08-29T12:57:42,,118,305512,352133e211bbdb63baa0ef1de05a92f6,14D78D5E23C341FCA0F179A27E5652EE,1534926269410000,2018-08-22T09:24:29,,1220499683,IOS,,RangeContentViewController,auto,-4189340690112878052,246525,,,,11111,1,,,,,,,,,,,1534926269410000,352133e211bbdb63baa0ef1de05a92f6,uk.co.skoda.assistant.uat,1.1.3,,1:571703561616:ios:777087d7f78ec12a,manual_install,tablet,Apple,iPad Air 2,,"iPad5,4",IOS,11.4.1,A32BF78F-CE5A-45C8-8A8D-A28FC9819091,,en-gb,No,3600,,,Europe,United Kingdom,England,London,,,(direct),(none),(direct),352133e211bbdb63baa0ef1de05a92f6_3
20180829,1535544918165001,2018-08-29T13:15:18,user_engagement,1535544109370001,2018-08-29T13:01:49,,118,305512,352133e211bbdb63baa0ef1de05a92f6,14D78D5E23C341FCA0F179A27E5652EE,1534926269410000,2018-08-22T09:24:29,,1220499683,IOS,,RangeContentViewController,auto,-4189340690112878052,631,,,,11111,1,,,,,,,,,,,1534926269410000,352133e211bbdb63baa0ef1de05a92f6,uk.co.skoda.assistant.uat,1.1.3,,1:571703561616:ios:777087d7f78ec12a,manual_install,tablet,Apple,iPad Air 2,,"iPad5,4",IOS,11.4.1,A32BF78F-CE5A-45C8-8A8D-A28FC9819091,,en-gb,No,3600,,,Europe,United Kingdom,England,London,,,(direct),(none),(direct),352133e211bbdb63baa0ef1de05a92f6_3
