event_date,event_timestamp,event_iso8601,event_name,event_previous_timestamp,event_previous_iso8601,event_value_in_usd,event_bundle_sequence_id,event_server_timestamp_offset,user_id,user_pseudo_id,user_first_touch_timestamp,user_first_touch_iso8601,user_ltv,stream_id,platform,event_dimensions,firebase_screen_class,firebase_event_origin,firebase_screen_id,engagement_time_msec,firebase_conversion,firebase_previous_id,firebase_previous_class,user_retailer,user_area,AnalyticsParameterTerm,button_name,AnalyticsParameterItemID,engine,Compared_vehicle_1,Compared_vehicle_2,update_with_analytics,previous_first_open_count,previous_app_version,Compared_vehicle_3,first_open_time,user_id,id,version,install_store,firebase_app_id,install_source,category,mobile_brand_name,mobile_model_name,mobile_marketing_name,mobile_os_hardware_model,operating_system,operating_system_version,vendor_id,advertising_id,language,is_limited_ad_tracking,time_zone_offset_seconds,browser,browser,continent,country,region,city,sub_continent,metro,name,medium,source,user_session_generated_id
20180829,1535548082733001,2018-08-29T14:08:02,AnalyticsEventLogin,,,,2,424300,,CB3FEB7091B04C28B1C346643E420CB5,1535547987173000,2018-08-29T14:06:27,,1220499683,IOS,,SplashViewController,app,8423363233382753757,,1,,,11111,1,7b17711799bf9e41f4114f7d998ee54e,,,,,,,,,,1535547987173000,,uk.co.skoda.assistant.uat,1.1.6,,1:571703561616:ios:777087d7f78ec12a,manual_install,tablet,Apple,iPad 5th gen,,"iPad6,11",IOS,11.4.1,,,en-gb,No,3600,,,Europe,United Kingdom,England,Bristol,,,(direct),(none),(direct),_7
20180829,1535548083264002,2018-08-29T14:08:03,screen_view,1535548082710002,2018-08-29T14:08:02,,2,424300,,CB3FEB7091B04C28B1C346643E420CB5,1535547987173000,2018-08-29T14:06:27,,1220499683,IOS,,ContentLoaderViewController,auto,8423363233382753759,,1,8423363233382753757,SplashViewController,11111,1,,,,,,,,,,,1535547987173000,,uk.co.skoda.assistant.uat,1.1.6,,1:571703561616:ios:777087d7f78ec12a,manual_install,tablet,Apple,iPad 5th gen,,"iPad6,11",IOS,11.4.1,,,en-gb,No,3600,,,Europe,United Kingdom,England,Bristol,,,(direct),(none),(direct),_7
20180829,1535548154071000,2018-08-29T14:09:14,screen_view,1535548083264000,2018-08-29T14:08:03,,3,114525,,CB3FEB7091B04C28B1C346643E420CB5,1535547987173000,2018-08-29T14:06:27,,1220499683,IOS,,SplashViewController,auto,8423363233382753757,,1,8423363233382753759,ContentLoaderViewController,11111,1,,,,,,,,,,,1535547987173000,,uk.co.skoda.assistant.uat,1.1.6,,1:571703561616:ios:777087d7f78ec12a,manual_install,tablet,Apple,iPad 5th gen,,"iPad6,11",IOS,11.4.1,,,en-gb,No,3600,,,Europe,United Kingdom,England,Bristol,,,(direct),(none),(direct),_7
20180829,1535548154071000,2018-08-29T14:09:14,user_engagement,1535548082710000,2018-08-29T14:08:02,,3,114525,,CB3FEB7091B04C28B1C346643E420CB5,1535547987173000,2018-08-29T14:06:27,,1220499683,IOS,,ContentLoaderViewController,auto,8423363233382753759,71360,,,,11111,1,,,,,,,,,,,1535547987173000,,uk.co.skoda.assistant.uat,1.1.6,,1:571703561616:ios:777087d7f78ec12a,manual_install,tablet,Apple,iPad 5th gen,,"iPad6,11",IOS,11.4.1,,,en-gb,No,3600,,,Europe,United Kingdom,England,Bristol,,,(direct),(none),(direct),_7
20180829,1535548720374000,2018-08-29T14:18:40,session_start,1535532387094000,2018-08-29T09:46:27,,5,185283,,BC57F9E26A384FCB91CE2CD301733CDA,1535472680059000,2018-08-28T17:11:20,,1220499683,IOS,,LoginViewController,auto,-5321473143137198607,,1,,,11111,1,,,,,,,,,,,1535472680059000,,uk.co.skoda.assistant.uat,1.1.7,,1:571703561616:ios:777087d7f78ec12a,manual_install,tablet,Apple,iPad 5th gen,,"iPad6,11",IOS,11.4.1,,,en-gb,No,3600,,,Europe,United Kingdom,England,London,,,(direct),(none),(direct),_7
20180829,1535548889861001,2018-08-29T14:21:29,user_engagement,1535532396424001,2018-08-29T09:46:36,,5,185283,,BC57F9E26A384FCB91CE2CD301733CDA,1535472680059000,2018-08-28T17:11:20,,1220499683,IOS,,LoginViewController,auto,-5321473143137198607,179488,,,,11111,1,,,,,,,,,,,1535472680059000,,uk.co.skoda.assistant.uat,1.1.7,,1:571703561616:ios:777087d7f78ec12a,manual_install,tablet,Apple,iPad 5th gen,,"iPad6,11",IOS,11.4.1,,,en-gb,No,3600,,,Europe,United Kingdom,England,London,,,(direct),(none),(direct),_7
20180829,1535548892718001,2018-08-29T14:21:32,screen_view,1535532377093001,2018-08-29T09:46:17,,5,185283,,BC57F9E26A384FCB91CE2CD301733CDA,1535472680059000,2018-08-28T17:11:20,,1220499683,IOS,,LoginViewController,auto,321837848716665843,,1,,,11111,1,,,,,,,,,,,1535472680059000,,uk.co.skoda.assistant.uat,1.1.7,,1:571703561616:ios:777087d7f78ec12a,manual_install,tablet,Apple,iPad 5th gen,,"iPad6,11",IOS,11.4.1,,,en-gb,No,3600,,,Europe,United Kingdom,England,London,,,(direct),(none),(direct),_7
20180829,1535548944481003,2018-08-29T14:22:24,user_engagement,1535548889861003,2018-08-29T14:21:29,,5,185283,,BC57F9E26A384FCB91CE2CD301733CDA,1535472680059000,2018-08-28T17:11:20,,1220499683,IOS,,LoginViewController,auto,321837848716665843,51763,,,,11111,1,,,,,,,,,,,1535472680059000,,uk.co.skoda.assistant.uat,1.1.7,,1:571703561616:ios:777087d7f78ec12a,manual_install,tablet,Apple,iPad 5th gen,,"iPad6,11",IOS,11.4.1,,,en-gb,No,3600,,,Europe,United Kingdom,England,London,,,(direct),(none),(direct),_7
20180829,1535549278809000,2018-08-29T14:27:58,first_open,,,,1,63020,,D0E62C2A40284F8C9468C815BEB378A1,1535549278809000,2018-08-29T14:27:58,,1220499683,IOS,,LoginViewController,auto,-7365834083796793832,,1,,,11111,1,,,,,,,0,2,,,1535549278809000,,uk.co.skoda.assistant.test,1.1.7,,1:571703561616:ios:777087d7f78ec12a,manual_install,tablet,Apple,iPad 5th gen,,"iPad6,11",IOS,11.4.1,,,en-gb,No,3600,,,Europe,United Kingdom,England,Bristol,,,(direct),(none),(direct),_7
20180829,1535549278809001,2018-08-29T14:27:58,user_engagement,,,,1,63020,,D0E62C2A40284F8C9468C815BEB378A1,1535549278809000,2018-08-29T14:27:58,,1220499683,IOS,,LoginViewController,auto,-7365834083796793832,1,,,,11111,1,,,,,,,,,,,1535549278809000,,uk.co.skoda.assistant.test,1.1.7,,1:571703561616:ios:777087d7f78ec12a,manual_install,tablet,Apple,iPad 5th gen,,"iPad6,11",IOS,11.4.1,,,en-gb,No,3600,,,Europe,United Kingdom,England,Bristol,,,(direct),(none),(direct),_7
20180829,1535549279030001,2018-08-29T14:27:59,screen_view,,,,1,63020,,D0E62C2A40284F8C9468C815BEB378A1,1535549278809000,2018-08-29T14:27:58,,1220499683,IOS,,SplashViewController,auto,-7365834083796793833,,1,,,11111,1,,,,,,,,,,,1535549278809000,,uk.co.skoda.assistant.test,1.1.7,,1:571703561616:ios:777087d7f78ec12a,manual_install,tablet,Apple,iPad 5th gen,,"iPad6,11",IOS,11.4.1,,,en-gb,No,3600,,,Europe,United Kingdom,England,Bristol,,,(direct),(none),(direct),_7
20180829,1535549279202002,2018-08-29T14:27:59,screen_view,1535549279030002,2018-08-29T14:27:59,,1,63020,,D0E62C2A40284F8C9468C815BEB378A1,1535549278809000,2018-08-29T14:27:58,,1220499683,IOS,,LoginViewController,auto,-7365834083796793832,,1,-7365834083796793833,SplashViewController,11111,1,,,,,,,,,,,1535549278809000,,uk.co.skoda.assistant.test,1.1.7,,1:571703561616:ios:777087d7f78ec12a,manual_install,tablet,Apple,iPad 5th gen,,"iPad6,11",IOS,11.4.1,,,en-gb,No,3600,,,Europe,United Kingdom,England,Bristol,,,(direct),(none),(direct),_7
20180829,1535549290745003,2018-08-29T14:28:10,session_start,,,,1,63020,,D0E62C2A40284F8C9468C815BEB378A1,1535549278809000,2018-08-29T14:27:58,,1220499683,IOS,,LoginViewController,auto,-7365834083796793832,,1,,,11111,1,,,,,,,,,,,1535549278809000,,uk.co.skoda.assistant.test,1.1.7,,1:571703561616:ios:777087d7f78ec12a,manual_install,tablet,Apple,iPad 5th gen,,"iPad6,11",IOS,11.4.1,,,en-gb,No,3600,,,Europe,United Kingdom,England,Bristol,,,(direct),(none),(direct),_7
20180829,1535549308759000,2018-08-29T14:28:28,user_engagement,1535549278809000,2018-08-29T14:27:58,,2,53259,,D0E62C2A40284F8C9468C815BEB378A1,1535549278809000,2018-08-29T14:27:58,,1220499683,IOS,,LoginViewController,auto,-7365834083796793832,28017,,,,11111,1,,,,,,,,,,,1535549278809000,,uk.co.skoda.assistant.test,1.1.7,,1:571703561616:ios:777087d7f78ec12a,manual_install,tablet,Apple,iPad 5th gen,,"iPad6,11",IOS,11.4.1,,,en-gb,No,3600,,,Europe,United Kingdom,England,Bristol,,,(direct),(none),(direct),_7
20180829,1535549308760000,2018-08-29T14:28:28,screen_view,1535549279202000,2018-08-29T14:27:59,,2,53259,,D0E62C2A40284F8C9468C815BEB378A1,1535549278809000,2018-08-29T14:27:58,,1220499683,IOS,,SplashViewController,auto,-7365834083796793833,,1,-7365834083796793832,LoginViewController,11111,1,,,,,,,,,,,1535549278809000,,uk.co.skoda.assistant.test,1.1.7,,1:571703561616:ios:777087d7f78ec12a,manual_install,tablet,Apple,iPad 5th gen,,"iPad6,11",IOS,11.4.1,,,en-gb,No,3600,,,Europe,United Kingdom,England,Bristol,,,(direct),(none),(direct),_7
