event_date,event_timestamp,event_iso8601,event_name,event_previous_timestamp,event_previous_iso8601,event_value_in_usd,event_bundle_sequence_id,event_server_timestamp_offset,user_id,user_pseudo_id,user_first_touch_timestamp,user_first_touch_iso8601,user_ltv,stream_id,platform,event_dimensions,firebase_screen_class,firebase_event_origin,firebase_screen_id,engagement_time_msec,firebase_conversion,firebase_previous_id,firebase_previous_class,user_retailer,user_area,AnalyticsParameterTerm,button_name,AnalyticsParameterItemID,engine,Compared_vehicle_1,Compared_vehicle_2,update_with_analytics,previous_first_open_count,previous_app_version,Compared_vehicle_3,first_open_time,user_id,id,version,install_store,firebase_app_id,install_source,category,mobile_brand_name,mobile_model_name,mobile_marketing_name,mobile_os_hardware_model,operating_system,operating_system_version,vendor_id,advertising_id,language,is_limited_ad_tracking,time_zone_offset_seconds,browser,browser,continent,country,region,city,sub_continent,metro,name,medium,source,user_session_generated_id
20180829,1535551590567000,2018-08-29T15:06:30,screen_view,1535471654172000,2018-08-28T16:54:14,,78,147726,6776a5bbdb8392012a9c0ba2c19dac34,7DD2DAD06C3D42B293861A4E53DCC977,1534924685291000,2018-08-22T08:58:05,,1220499683,IOS,,LoginViewController,auto,-4619865760130533793,,1,-4619865760130533808,SkodaContentViewController,22013,3,,,,,,,,,,,1534924685291000,6776a5bbdb8392012a9c0ba2c19dac34,uk.co.skoda.assistant.ios,1.1.6,,1:571703561616:ios:777087d7f78ec12a,manual_install,tablet,Apple,iPad,,"iPad7,6",IOS,11.4.1,,,en-gb,No,3600,,,Europe,United Kingdom,England,London,,,(direct),(none),(direct),6776a5bbdb8392012a9c0ba2c19dac34_0
20180829,1535551590815001,2018-08-29T15:06:30,screen_view,1535551590567001,2018-08-29T15:06:30,,78,147726,6776a5bbdb8392012a9c0ba2c19dac34,7DD2DAD06C3D42B293861A4E53DCC977,1534924685291000,2018-08-22T08:58:05,,1220499683,IOS,,SplashViewController,auto,-4619865760130533810,,1,-4619865760130533793,LoginViewController,22013,3,,,,,,,,,,,1534924685291000,6776a5bbdb8392012a9c0ba2c19dac34,uk.co.skoda.assistant.ios,1.1.6,,1:571703561616:ios:777087d7f78ec12a,manual_install,tablet,Apple,iPad,,"iPad7,6",IOS,11.4.1,,,en-gb,No,3600,,,Europe,United Kingdom,England,London,,,(direct),(none),(direct),6776a5bbdb8392012a9c0ba2c19dac34_0
20180829,1535551595987002,2018-08-29T15:06:35,user_engagement,1535474790508002,2018-08-28T17:46:30,,78,147726,6776a5bbdb8392012a9c0ba2c19dac34,7DD2DAD06C3D42B293861A4E53DCC977,1534924685291000,2018-08-22T08:58:05,,1220499683,IOS,,SplashViewController,auto,-4619865760130533810,5710,,,,22013,3,,,,,,,,,,,1534924685291000,6776a5bbdb8392012a9c0ba2c19dac34,uk.co.skoda.assistant.ios,1.1.6,,1:571703561616:ios:777087d7f78ec12a,manual_install,tablet,Apple,iPad,,"iPad7,6",IOS,11.4.1,,,en-gb,No,3600,,,Europe,United Kingdom,England,London,,,(direct),(none),(direct),6776a5bbdb8392012a9c0ba2c19dac34_0
20180829,1535551598993000,2018-08-29T15:06:38,screen_view,1535551590815000,2018-08-29T15:06:30,,79,128841,6776a5bbdb8392012a9c0ba2c19dac34,7DD2DAD06C3D42B293861A4E53DCC977,1534924685291000,2018-08-22T08:58:05,,1220499683,IOS,,LoginViewController,auto,-4619865760130533792,,1,-4619865760130533810,SplashViewController,22013,3,,,,,,,,,,,1534924685291000,6776a5bbdb8392012a9c0ba2c19dac34,uk.co.skoda.assistant.ios,1.1.6,,1:571703561616:ios:777087d7f78ec12a,manual_install,tablet,Apple,iPad,,"iPad7,6",IOS,11.4.1,,,en-gb,No,3600,,,Europe,United Kingdom,England,London,,,(direct),(none),(direct),6776a5bbdb8392012a9c0ba2c19dac34_0
20180829,1535551604338001,2018-08-29T15:06:44,user_engagement,1535551595987001,2018-08-29T15:06:35,,79,128841,6776a5bbdb8392012a9c0ba2c19dac34,7DD2DAD06C3D42B293861A4E53DCC977,1534924685291000,2018-08-22T08:58:05,,1220499683,IOS,,LoginViewController,auto,-4619865760130533792,6008,,,,22013,3,,,,,,,,,,,1534924685291000,6776a5bbdb8392012a9c0ba2c19dac34,uk.co.skoda.assistant.ios,1.1.6,,1:571703561616:ios:777087d7f78ec12a,manual_install,tablet,Apple,iPad,,"iPad7,6",IOS,11.4.1,,,en-gb,No,3600,,,Europe,United Kingdom,England,London,,,(direct),(none),(direct),6776a5bbdb8392012a9c0ba2c19dac34_0
20180829,1535551606348000,2018-08-29T15:06:46,screen_view,1535551598993000,2018-08-29T15:06:38,,80,136042,6776a5bbdb8392012a9c0ba2c19dac34,7DD2DAD06C3D42B293861A4E53DCC977,1534924685291000,2018-08-22T08:58:05,,1220499683,IOS,,SplashViewController,auto,-4619865760130533810,,1,-4619865760130533792,LoginViewController,22013,3,,,,,,,,,,,1534924685291000,6776a5bbdb8392012a9c0ba2c19dac34,uk.co.skoda.assistant.ios,1.1.6,,1:571703561616:ios:777087d7f78ec12a,manual_install,tablet,Apple,iPad,,"iPad7,6",IOS,11.4.1,,,en-gb,No,3600,,,Europe,United Kingdom,England,London,,,(direct),(none),(direct),6776a5bbdb8392012a9c0ba2c19dac34_0
20180829,1535551606454001,2018-08-29T15:06:46,screen_view,1535551606348001,2018-08-29T15:06:46,,80,136042,6776a5bbdb8392012a9c0ba2c19dac34,7DD2DAD06C3D42B293861A4E53DCC977,1534924685291000,2018-08-22T08:58:05,,1220499683,IOS,,LoginViewController,auto,-4619865760130533791,,1,-4619865760130533810,SplashViewController,22013,3,,,,,,,,,,,1534924685291000,6776a5bbdb8392012a9c0ba2c19dac34,uk.co.skoda.assistant.ios,1.1.6,,1:571703561616:ios:777087d7f78ec12a,manual_install,tablet,Apple,iPad,,"iPad7,6",IOS,11.4.1,,,en-gb,No,3600,,,Europe,United Kingdom,England,London,,,(direct),(none),(direct),6776a5bbdb8392012a9c0ba2c19dac34_0
20180829,1535551613954002,2018-08-29T15:06:53,user_engagement,1535551604338002,2018-08-29T15:06:44,,80,136042,6776a5bbdb8392012a9c0ba2c19dac34,7DD2DAD06C3D42B293861A4E53DCC977,1534924685291000,2018-08-22T08:58:05,,1220499683,IOS,,LoginViewController,auto,-4619865760130533791,8118,,,,22013,3,,,,,,,,,,,1534924685291000,6776a5bbdb8392012a9c0ba2c19dac34,uk.co.skoda.assistant.ios,1.1.6,,1:571703561616:ios:777087d7f78ec12a,manual_install,tablet,Apple,iPad,,"iPad7,6",IOS,11.4.1,,,en-gb,No,3600,,,Europe,United Kingdom,England,London,,,(direct),(none),(direct),6776a5bbdb8392012a9c0ba2c19dac34_0
20180829,1535551615858000,2018-08-29T15:06:55,screen_view,1535551606454000,2018-08-29T15:06:46,,81,135465,6776a5bbdb8392012a9c0ba2c19dac34,7DD2DAD06C3D42B293861A4E53DCC977,1534924685291000,2018-08-22T08:58:05,,1220499683,IOS,,SplashViewController,auto,-4619865760130533810,,1,-4619865760130533791,LoginViewController,22013,3,,,,,,,,,,,1534924685291000,6776a5bbdb8392012a9c0ba2c19dac34,uk.co.skoda.assistant.ios,1.1.6,,1:571703561616:ios:777087d7f78ec12a,manual_install,tablet,Apple,iPad,,"iPad7,6",IOS,11.4.1,,,en-gb,No,3600,,,Europe,United Kingdom,England,London,,,(direct),(none),(direct),6776a5bbdb8392012a9c0ba2c19dac34_0
20180829,1535551615962001,2018-08-29T15:06:55,screen_view,1535551615858001,2018-08-29T15:06:55,,81,135465,6776a5bbdb8392012a9c0ba2c19dac34,7DD2DAD06C3D42B293861A4E53DCC977,1534924685291000,2018-08-22T08:58:05,,1220499683,IOS,,LoginViewController,auto,-4619865760130533790,,1,-4619865760130533810,SplashViewController,22013,3,,,,,,,,,,,1534924685291000,6776a5bbdb8392012a9c0ba2c19dac34,uk.co.skoda.assistant.ios,1.1.6,,1:571703561616:ios:777087d7f78ec12a,manual_install,tablet,Apple,iPad,,"iPad7,6",IOS,11.4.1,,,en-gb,No,3600,,,Europe,United Kingdom,England,London,,,(direct),(none),(direct),6776a5bbdb8392012a9c0ba2c19dac34_0
20180829,1535551620963002,2018-08-29T15:07:00,user_engagement,1535551613954002,2018-08-29T15:06:53,,81,135465,6776a5bbdb8392012a9c0ba2c19dac34,7DD2DAD06C3D42B293861A4E53DCC977,1534924685291000,2018-08-22T08:58:05,,1220499683,IOS,,LoginViewController,auto,-4619865760130533790,5620,,,,22013,3,,,,,,,,,,,1534924685291000,6776a5bbdb8392012a9c0ba2c19dac34,uk.co.skoda.assistant.ios,1.1.6,,1:571703561616:ios:777087d7f78ec12a,manual_install,tablet,Apple,iPad,,"iPad7,6",IOS,11.4.1,,,en-gb,No,3600,,,Europe,United Kingdom,England,London,,,(direct),(none),(direct),6776a5bbdb8392012a9c0ba2c19dac34_0
20180829,1535551622580000,2018-08-29T15:07:02,screen_view,1535551615962000,2018-08-29T15:06:55,,82,135209,6776a5bbdb8392012a9c0ba2c19dac34,7DD2DAD06C3D42B293861A4E53DCC977,1534924685291000,2018-08-22T08:58:05,,1220499683,IOS,,SplashViewController,auto,-4619865760130533810,,1,-4619865760130533790,LoginViewController,22013,3,,,,,,,,,,,1534924685291000,6776a5bbdb8392012a9c0ba2c19dac34,uk.co.skoda.assistant.ios,1.1.6,,1:571703561616:ios:777087d7f78ec12a,manual_install,tablet,Apple,iPad,,"iPad7,6",IOS,11.4.1,,,en-gb,No,3600,,,Europe,United Kingdom,England,London,,,(direct),(none),(direct),6776a5bbdb8392012a9c0ba2c19dac34_0
20180829,1535551622685001,2018-08-29T15:07:02,screen_view,1535551622580001,2018-08-29T15:07:02,,82,135209,6776a5bbdb8392012a9c0ba2c19dac34,7DD2DAD06C3D42B293861A4E53DCC977,1534924685291000,2018-08-22T08:58:05,,1220499683,IOS,,LoginViewController,auto,-4619865760130533789,,1,-4619865760130533810,SplashViewController,22013,3,,,,,,,,,,,1534924685291000,6776a5bbdb8392012a9c0ba2c19dac34,uk.co.skoda.assistant.ios,1.1.6,,1:571703561616:ios:777087d7f78ec12a,manual_install,tablet,Apple,iPad,,"iPad7,6",IOS,11.4.1,,,en-gb,No,3600,,,Europe,United Kingdom,England,London,,,(direct),(none),(direct),6776a5bbdb8392012a9c0ba2c19dac34_0
20180829,1535551625680002,2018-08-29T15:07:05,user_engagement,1535551620963002,2018-08-29T15:07:00,,82,135209,6776a5bbdb8392012a9c0ba2c19dac34,7DD2DAD06C3D42B293861A4E53DCC977,1534924685291000,2018-08-22T08:58:05,,1220499683,IOS,,LoginViewController,auto,-4619865760130533789,3609,,,,22013,3,,,,,,,,,,,1534924685291000,6776a5bbdb8392012a9c0ba2c19dac34,uk.co.skoda.assistant.ios,1.1.6,,1:571703561616:ios:777087d7f78ec12a,manual_install,tablet,Apple,iPad,,"iPad7,6",IOS,11.4.1,,,en-gb,No,3600,,,Europe,United Kingdom,England,London,,,(direct),(none),(direct),6776a5bbdb8392012a9c0ba2c19dac34_0
20180829,1535551646549000,2018-08-29T15:07:26,screen_view,1535551622685000,2018-08-29T15:07:02,,83,138805,6776a5bbdb8392012a9c0ba2c19dac34,7DD2DAD06C3D42B293861A4E53DCC977,1534924685291000,2018-08-22T08:58:05,,1220499683,IOS,,SplashViewController,auto,-4619865760130533810,,1,-4619865760130533789,LoginViewController,22013,3,,,,,,,,,,,1534924685291000,6776a5bbdb8392012a9c0ba2c19dac34,uk.co.skoda.assistant.ios,1.1.6,,1:571703561616:ios:777087d7f78ec12a,manual_install,tablet,Apple,iPad,,"iPad7,6",IOS,11.4.1,,,en-gb,No,3600,,,Europe,United Kingdom,England,London,,,(direct),(none),(direct),6776a5bbdb8392012a9c0ba2c19dac34_0
20180829,1535551646653001,2018-08-29T15:07:26,screen_view,1535551646549001,2018-08-29T15:07:26,,83,138805,6776a5bbdb8392012a9c0ba2c19dac34,7DD2DAD06C3D42B293861A4E53DCC977,1534924685291000,2018-08-22T08:58:05,,1220499683,IOS,,LoginViewController,auto,-4619865760130533788,,1,-4619865760130533810,SplashViewController,22013,3,,,,,,,,,,,1534924685291000,6776a5bbdb8392012a9c0ba2c19dac34,uk.co.skoda.assistant.ios,1.1.6,,1:571703561616:ios:777087d7f78ec12a,manual_install,tablet,Apple,iPad,,"iPad7,6",IOS,11.4.1,,,en-gb,No,3600,,,Europe,United Kingdom,England,London,,,(direct),(none),(direct),6776a5bbdb8392012a9c0ba2c19dac34_0
20180829,1535551654974002,2018-08-29T15:07:34,user_engagement,1535551625680002,2018-08-29T15:07:05,,83,138805,6776a5bbdb8392012a9c0ba2c19dac34,7DD2DAD06C3D42B293861A4E53DCC977,1534924685291000,2018-08-22T08:58:05,,1220499683,IOS,,LoginViewController,auto,-4619865760130533788,8934,,,,22013,3,,,,,,,,,,,1534924685291000,6776a5bbdb8392012a9c0ba2c19dac34,uk.co.skoda.assistant.ios,1.1.6,,1:571703561616:ios:777087d7f78ec12a,manual_install,tablet,Apple,iPad,,"iPad7,6",IOS,11.4.1,,,en-gb,No,3600,,,Europe,United Kingdom,England,London,,,(direct),(none),(direct),6776a5bbdb8392012a9c0ba2c19dac34_0
20180829,1535551656692000,2018-08-29T15:07:36,screen_view,1535551646653000,2018-08-29T15:07:26,,84,133758,6776a5bbdb8392012a9c0ba2c19dac34,7DD2DAD06C3D42B293861A4E53DCC977,1534924685291000,2018-08-22T08:58:05,,1220499683,IOS,,SplashViewController,auto,-4619865760130533810,,1,-4619865760130533788,LoginViewController,22013,3,,,,,,,,,,,1534924685291000,6776a5bbdb8392012a9c0ba2c19dac34,uk.co.skoda.assistant.ios,1.1.6,,1:571703561616:ios:777087d7f78ec12a,manual_install,tablet,Apple,iPad,,"iPad7,6",IOS,11.4.1,,,en-gb,No,3600,,,Europe,United Kingdom,England,London,,,(direct),(none),(direct),6776a5bbdb8392012a9c0ba2c19dac34_0
20180829,1535551656816001,2018-08-29T15:07:36,screen_view,1535551656692001,2018-08-29T15:07:36,,84,133758,6776a5bbdb8392012a9c0ba2c19dac34,7DD2DAD06C3D42B293861A4E53DCC977,1534924685291000,2018-08-22T08:58:05,,1220499683,IOS,,LoginViewController,auto,-4619865760130533787,,1,-4619865760130533810,SplashViewController,22013,3,,,,,,,,,,,1534924685291000,6776a5bbdb8392012a9c0ba2c19dac34,uk.co.skoda.assistant.ios,1.1.6,,1:571703561616:ios:777087d7f78ec12a,manual_install,tablet,Apple,iPad,,"iPad7,6",IOS,11.4.1,,,en-gb,No,3600,,,Europe,United Kingdom,England,London,,,(direct),(none),(direct),6776a5bbdb8392012a9c0ba2c19dac34_0
20180829,1535551666153002,2018-08-29T15:07:46,session_start,1535471518312002,2018-08-28T16:51:58,,84,133758,6776a5bbdb8392012a9c0ba2c19dac34,7DD2DAD06C3D42B293861A4E53DCC977,1534924685291000,2018-08-22T08:58:05,,1220499683,IOS,,LoginViewController,auto,-4619865760130533787,,1,,,22013,3,,,,,,,,,,,1534924685291000,6776a5bbdb8392012a9c0ba2c19dac34,uk.co.skoda.assistant.ios,1.1.6,,1:571703561616:ios:777087d7f78ec12a,manual_install,tablet,Apple,iPad,,"iPad7,6",IOS,11.4.1,,,en-gb,No,3600,,,Europe,United Kingdom,England,London,,,(direct),(none),(direct),6776a5bbdb8392012a9c0ba2c19dac34_0
20180829,1535551675872003,2018-08-29T15:07:55,user_engagement,1535551654974003,2018-08-29T15:07:34,,84,133758,6776a5bbdb8392012a9c0ba2c19dac34,7DD2DAD06C3D42B293861A4E53DCC977,1534924685291000,2018-08-22T08:58:05,,1220499683,IOS,,LoginViewController,auto,-4619865760130533787,19686,,,,22013,3,,,,,,,,,,,1534924685291000,6776a5bbdb8392012a9c0ba2c19dac34,uk.co.skoda.assistant.ios,1.1.6,,1:571703561616:ios:777087d7f78ec12a,manual_install,tablet,Apple,iPad,,"iPad7,6",IOS,11.4.1,,,en-gb,No,3600,,,Europe,United Kingdom,England,London,,,(direct),(none),(direct),6776a5bbdb8392012a9c0ba2c19dac34_0
20180829,1535551677878000,2018-08-29T15:07:57,screen_view,1535551656816000,2018-08-29T15:07:36,,85,124362,6776a5bbdb8392012a9c0ba2c19dac34,7DD2DAD06C3D42B293861A4E53DCC977,1534924685291000,2018-08-22T08:58:05,,1220499683,IOS,,SplashViewController,auto,-4619865760130533810,,1,-4619865760130533787,LoginViewController,22013,3,,,,,,,,,,,1534924685291000,6776a5bbdb8392012a9c0ba2c19dac34,uk.co.skoda.assistant.ios,1.1.6,,1:571703561616:ios:777087d7f78ec12a,manual_install,tablet,Apple,iPad,,"iPad7,6",IOS,11.4.1,,,en-gb,No,3600,,,Europe,United Kingdom,England,London,,,(direct),(none),(direct),6776a5bbdb8392012a9c0ba2c19dac34_0
20180829,1535551677983001,2018-08-29T15:07:57,screen_view,1535551677878001,2018-08-29T15:07:57,,85,124362,6776a5bbdb8392012a9c0ba2c19dac34,7DD2DAD06C3D42B293861A4E53DCC977,1534924685291000,2018-08-22T08:58:05,,1220499683,IOS,,LoginViewController,auto,-4619865760130533786,,1,-4619865760130533810,SplashViewController,22013,3,,,,,,,,,,,1534924685291000,6776a5bbdb8392012a9c0ba2c19dac34,uk.co.skoda.assistant.ios,1.1.6,,1:571703561616:ios:777087d7f78ec12a,manual_install,tablet,Apple,iPad,,"iPad7,6",IOS,11.4.1,,,en-gb,No,3600,,,Europe,United Kingdom,England,London,,,(direct),(none),(direct),6776a5bbdb8392012a9c0ba2c19dac34_0
20180829,1535551679910002,2018-08-29T15:07:59,user_engagement,1535551675872002,2018-08-29T15:07:55,,85,124362,6776a5bbdb8392012a9c0ba2c19dac34,7DD2DAD06C3D42B293861A4E53DCC977,1534924685291000,2018-08-22T08:58:05,,1220499683,IOS,,LoginViewController,auto,-4619865760130533786,2541,,,,22013,3,,,,,,,,,,,1534924685291000,6776a5bbdb8392012a9c0ba2c19dac34,uk.co.skoda.assistant.ios,1.1.6,,1:571703561616:ios:777087d7f78ec12a,manual_install,tablet,Apple,iPad,,"iPad7,6",IOS,11.4.1,,,en-gb,No,3600,,,Europe,United Kingdom,England,London,,,(direct),(none),(direct),6776a5bbdb8392012a9c0ba2c19dac34_0
20180829,1535551718718000,2018-08-29T15:08:38,screen_view,1535551677983000,2018-08-29T15:07:57,,86,143765,6776a5bbdb8392012a9c0ba2c19dac34,7DD2DAD06C3D42B293861A4E53DCC977,1534924685291000,2018-08-22T08:58:05,,1220499683,IOS,,LoginViewController,auto,1188875215498756246,,1,,,22013,3,,,,,,,,,,,1534924685291000,6776a5bbdb8392012a9c0ba2c19dac34,uk.co.skoda.assistant.ios,1.1.6,,1:571703561616:ios:777087d7f78ec12a,manual_install,tablet,Apple,iPad,,"iPad7,6",IOS,11.4.1,,,en-gb,No,3600,,,Europe,United Kingdom,England,London,,,(direct),(none),(direct),6776a5bbdb8392012a9c0ba2c19dac34_0
20180829,1535551727807001,2018-08-29T15:08:47,user_engagement,1535551679910001,2018-08-29T15:07:59,,86,143765,6776a5bbdb8392012a9c0ba2c19dac34,7DD2DAD06C3D42B293861A4E53DCC977,1534924685291000,2018-08-22T08:58:05,,1220499683,IOS,,LoginViewController,auto,1188875215498756246,9089,,,,22013,3,,,,,,,,,,,1534924685291000,6776a5bbdb8392012a9c0ba2c19dac34,uk.co.skoda.assistant.ios,1.1.6,,1:571703561616:ios:777087d7f78ec12a,manual_install,tablet,Apple,iPad,,"iPad7,6",IOS,11.4.1,,,en-gb,No,3600,,,Europe,United Kingdom,England,London,,,(direct),(none),(direct),6776a5bbdb8392012a9c0ba2c19dac34_0
20180829,1535551731207000,2018-08-29T15:08:51,screen_view,1535551718718000,2018-08-29T15:08:38,,87,132714,6776a5bbdb8392012a9c0ba2c19dac34,7DD2DAD06C3D42B293861A4E53DCC977,1534924685291000,2018-08-22T08:58:05,,1220499683,IOS,,SplashViewController,auto,1188875215498756245,,1,1188875215498756246,LoginViewController,22013,3,,,,,,,,,,,1534924685291000,6776a5bbdb8392012a9c0ba2c19dac34,uk.co.skoda.assistant.ios,1.1.6,,1:571703561616:ios:777087d7f78ec12a,manual_install,tablet,Apple,iPad,,"iPad7,6",IOS,11.4.1,,,en-gb,No,3600,,,Europe,United Kingdom,England,London,,,(direct),(none),(direct),6776a5bbdb8392012a9c0ba2c19dac34_0
20180829,1535551731207000,2018-08-29T15:08:51,user_engagement,1535551727807000,2018-08-29T15:08:47,,87,132714,6776a5bbdb8392012a9c0ba2c19dac34,7DD2DAD06C3D42B293861A4E53DCC977,1534924685291000,2018-08-22T08:58:05,,1220499683,IOS,,LoginViewController,auto,1188875215498756246,2185,,,,22013,3,,,,,,,,,,,1534924685291000,6776a5bbdb8392012a9c0ba2c19dac34,uk.co.skoda.assistant.ios,1.1.6,,1:571703561616:ios:777087d7f78ec12a,manual_install,tablet,Apple,iPad,,"iPad7,6",IOS,11.4.1,,,en-gb,No,3600,,,Europe,United Kingdom,England,London,,,(direct),(none),(direct),6776a5bbdb8392012a9c0ba2c19dac34_0
