event_date,event_timestamp,event_iso8601,event_name,event_previous_timestamp,event_previous_iso8601,event_value_in_usd,event_bundle_sequence_id,event_server_timestamp_offset,user_id,user_pseudo_id,user_first_touch_timestamp,user_first_touch_iso8601,user_ltv,stream_id,platform,event_dimensions,firebase_screen_class,firebase_event_origin,firebase_screen_id,engagement_time_msec,firebase_conversion,firebase_previous_id,firebase_previous_class,user_retailer,user_area,AnalyticsParameterTerm,button_name,AnalyticsParameterItemID,engine,Compared_vehicle_1,Compared_vehicle_2,update_with_analytics,previous_first_open_count,previous_app_version,Compared_vehicle_3,first_open_time,user_id,id,version,install_store,firebase_app_id,install_source,category,mobile_brand_name,mobile_model_name,mobile_marketing_name,mobile_os_hardware_model,operating_system,operating_system_version,vendor_id,advertising_id,language,is_limited_ad_tracking,time_zone_offset_seconds,browser,browser,continent,country,region,city,sub_continent,metro,name,medium,source,user_session_generated_id
20180829,1535534043234001,2018-08-29T10:14:03,AnalyticsEventLogin,,,,3,144033,,A9D750AECB6B4381BE23FD8F809F088B,1535533324747000,2018-08-29T10:02:04,,1220499683,IOS,,SplashViewController,app,7051004047525632035,,1,,,11111,1,b8140050d3b610ff8a93bef7a6d60f0d,,,,,,,,,,1535533324747000,,uk.co.skoda.assistant.ios,1.1.6,,1:571703561616:ios:777087d7f78ec12a,manual_install,tablet,Apple,iPad,,"iPad7,5",IOS,11.4.1,,,en-gb,No,-25200,,,Europe,United Kingdom,England,Andover,,,(direct),(none),(direct),_2
20180829,1535534043757002,2018-08-29T10:14:03,screen_view,1535534043201002,2018-08-29T10:14:03,,3,144033,,A9D750AECB6B4381BE23FD8F809F088B,1535533324747000,2018-08-29T10:02:04,,1220499683,IOS,,ContentLoaderViewController,auto,7051004047525632037,,1,7051004047525632035,SplashViewController,11111,1,,,,,,,,,,,1535533324747000,,uk.co.skoda.assistant.ios,1.1.6,,1:571703561616:ios:777087d7f78ec12a,manual_install,tablet,Apple,iPad,,"iPad7,5",IOS,11.4.1,,,en-gb,No,-25200,,,Europe,United Kingdom,England,Andover,,,(direct),(none),(direct),_2
20180829,1535534147762000,2018-08-29T10:15:47,user_engagement,1535534043200000,2018-08-29T10:14:03,,4,190097,,A9D750AECB6B4381BE23FD8F809F088B,1535533324747000,2018-08-29T10:02:04,,1220499683,IOS,,ContentLoaderViewController,auto,7051004047525632037,104562,,,,11111,1,,,,,,,,,,,1535533324747000,,uk.co.skoda.assistant.ios,1.1.6,,1:571703561616:ios:777087d7f78ec12a,manual_install,tablet,Apple,iPad,,"iPad7,5",IOS,11.4.1,,,en-gb,No,-25200,,,Europe,United Kingdom,England,Andover,,,(direct),(none),(direct),_2
20180829,1535534147763000,2018-08-29T10:15:47,screen_view,1535534043757000,2018-08-29T10:14:03,,4,190097,,A9D750AECB6B4381BE23FD8F809F088B,1535533324747000,2018-08-29T10:02:04,,1220499683,IOS,,SplashViewController,auto,7051004047525632035,,1,7051004047525632037,ContentLoaderViewController,11111,1,,,,,,,,,,,1535533324747000,,uk.co.skoda.assistant.ios,1.1.6,,1:571703561616:ios:777087d7f78ec12a,manual_install,tablet,Apple,iPad,,"iPad7,5",IOS,11.4.1,,,en-gb,No,-25200,,,Europe,United Kingdom,England,Andover,,,(direct),(none),(direct),_2
20180829,1535535008011000,2018-08-29T10:30:08,first_open,,,,1,82623,,005CD1EBC43740318D623F44188D5C9B,1535535008011000,2018-08-29T10:30:08,,1220499683,IOS,,LoginViewController,auto,8823697641706503979,,1,,,11111,1,,,,,,,0,1,,,1535535008011000,,uk.co.skoda.assistant.test,1.1.6,,1:571703561616:ios:777087d7f78ec12a,manual_install,tablet,Apple,iPad 5th gen,,"iPad6,11",IOS,11.4.1,,,en-gb,No,3600,,,Europe,United Kingdom,England,Bristol,,,(direct),(none),(direct),_2
20180829,1535535008011001,2018-08-29T10:30:08,user_engagement,,,,1,82623,,005CD1EBC43740318D623F44188D5C9B,1535535008011000,2018-08-29T10:30:08,,1220499683,IOS,,LoginViewController,auto,8823697641706503979,1,,,,11111,1,,,,,,,,,,,1535535008011000,,uk.co.skoda.assistant.test,1.1.6,,1:571703561616:ios:777087d7f78ec12a,manual_install,tablet,Apple,iPad 5th gen,,"iPad6,11",IOS,11.4.1,,,en-gb,No,3600,,,Europe,United Kingdom,England,Bristol,,,(direct),(none),(direct),_2
20180829,1535535008215001,2018-08-29T10:30:08,screen_view,,,,1,82623,,005CD1EBC43740318D623F44188D5C9B,1535535008011000,2018-08-29T10:30:08,,1220499683,IOS,,SplashViewController,auto,8823697641706503978,,1,,,11111,1,,,,,,,,,,,1535535008011000,,uk.co.skoda.assistant.test,1.1.6,,1:571703561616:ios:777087d7f78ec12a,manual_install,tablet,Apple,iPad 5th gen,,"iPad6,11",IOS,11.4.1,,,en-gb,No,3600,,,Europe,United Kingdom,England,Bristol,,,(direct),(none),(direct),_2
20180829,1535535008415002,2018-08-29T10:30:08,screen_view,1535535008215002,2018-08-29T10:30:08,,1,82623,,005CD1EBC43740318D623F44188D5C9B,1535535008011000,2018-08-29T10:30:08,,1220499683,IOS,,LoginViewController,auto,8823697641706503979,,1,8823697641706503978,SplashViewController,11111,1,,,,,,,,,,,1535535008011000,,uk.co.skoda.assistant.test,1.1.6,,1:571703561616:ios:777087d7f78ec12a,manual_install,tablet,Apple,iPad 5th gen,,"iPad6,11",IOS,11.4.1,,,en-gb,No,3600,,,Europe,United Kingdom,England,Bristol,,,(direct),(none),(direct),_2
20180829,1535535019151003,2018-08-29T10:30:19,session_start,,,,1,82623,,005CD1EBC43740318D623F44188D5C9B,1535535008011000,2018-08-29T10:30:08,,1220499683,IOS,,LoginViewController,auto,8823697641706503979,,1,,,11111,1,,,,,,,,,,,1535535008011000,,uk.co.skoda.assistant.test,1.1.6,,1:571703561616:ios:777087d7f78ec12a,manual_install,tablet,Apple,iPad 5th gen,,"iPad6,11",IOS,11.4.1,,,en-gb,No,3600,,,Europe,United Kingdom,England,Bristol,,,(direct),(none),(direct),_2
20180829,1535535023530000,2018-08-29T10:30:23,user_engagement,1535535008011000,2018-08-29T10:30:08,,2,61507,,005CD1EBC43740318D623F44188D5C9B,1535535008011000,2018-08-29T10:30:08,,1220499683,IOS,,LoginViewController,auto,8823697641706503979,14381,,,,11111,1,,,,,,,,,,,1535535008011000,,uk.co.skoda.assistant.test,1.1.6,,1:571703561616:ios:777087d7f78ec12a,manual_install,tablet,Apple,iPad 5th gen,,"iPad6,11",IOS,11.4.1,,,en-gb,No,3600,,,Europe,United Kingdom,England,Bristol,,,(direct),(none),(direct),_2
20180829,1535535023531000,2018-08-29T10:30:23,screen_view,1535535008415000,2018-08-29T10:30:08,,2,61507,,005CD1EBC43740318D623F44188D5C9B,1535535008011000,2018-08-29T10:30:08,,1220499683,IOS,,SplashViewController,auto,8823697641706503978,,1,8823697641706503979,LoginViewController,11111,1,,,,,,,,,,,1535535008011000,,uk.co.skoda.assistant.test,1.1.6,,1:571703561616:ios:777087d7f78ec12a,manual_install,tablet,Apple,iPad 5th gen,,"iPad6,11",IOS,11.4.1,,,en-gb,No,3600,,,Europe,United Kingdom,England,Bristol,,,(direct),(none),(direct),_2
