event_date,event_timestamp,event_iso8601,event_name,event_previous_timestamp,event_previous_iso8601,event_value_in_usd,event_bundle_sequence_id,event_server_timestamp_offset,user_id,user_pseudo_id,user_first_touch_timestamp,user_first_touch_iso8601,user_ltv,stream_id,platform,event_dimensions,firebase_screen_class,firebase_event_origin,firebase_screen_id,engagement_time_msec,firebase_conversion,firebase_previous_id,firebase_previous_class,user_retailer,user_area,AnalyticsParameterTerm,button_name,AnalyticsParameterItemID,engine,Compared_vehicle_1,Compared_vehicle_2,update_with_analytics,previous_first_open_count,previous_app_version,Compared_vehicle_3,first_open_time,user_id,id,version,install_store,firebase_app_id,install_source,category,mobile_brand_name,mobile_model_name,mobile_marketing_name,mobile_os_hardware_model,operating_system,operating_system_version,vendor_id,advertising_id,language,is_limited_ad_tracking,time_zone_offset_seconds,browser,browser,continent,country,region,city,sub_continent,metro,name,medium,source,user_session_generated_id
20180829,1535542786578001,2018-08-29T12:39:46,AnalyticsEventLogin,1535542754118001,2018-08-29T12:39:14,,35,237610,ba946113c0e08d7a4a1358ea0077a98e,B82ADB697C2140B59BADCDEEB8509769,1535019703852000,2018-08-23T11:21:43,,1220499683,IOS,,SplashViewController,app,8417064327492935145,,1,,,0,0,ba946113c0e08d7a4a1358ea0077a98e,,,,,,,,,,1535019703852000,ba946113c0e08d7a4a1358ea0077a98e,uk.co.skoda.assistant.test,1.1.7,,1:571703561616:ios:777087d7f78ec12a,manual_install,tablet,Apple,iPad Air 2,,"iPad5,4",IOS,11.4.1,,,en-gb,No,3600,,,Europe,United Kingdom,England,London,,,(direct),(none),(direct),ba946113c0e08d7a4a1358ea0077a98e_6
20180829,1535542787115002,2018-08-29T12:39:47,screen_view,1535542786555002,2018-08-29T12:39:46,,35,237610,ba946113c0e08d7a4a1358ea0077a98e,B82ADB697C2140B59BADCDEEB8509769,1535019703852000,2018-08-23T11:21:43,,1220499683,IOS,,ContentLoaderViewController,auto,8417064327492935147,,1,8417064327492935145,SplashViewController,0,0,,,,,,,,,,,1535019703852000,ba946113c0e08d7a4a1358ea0077a98e,uk.co.skoda.assistant.test,1.1.7,,1:571703561616:ios:777087d7f78ec12a,manual_install,tablet,Apple,iPad Air 2,,"iPad5,4",IOS,11.4.1,,,en-gb,No,3600,,,Europe,United Kingdom,England,London,,,(direct),(none),(direct),ba946113c0e08d7a4a1358ea0077a98e_6
20180829,1535542855480004,2018-08-29T12:40:55,user_engagement,1535542786554004,2018-08-29T12:39:46,,35,237610,ba946113c0e08d7a4a1358ea0077a98e,B82ADB697C2140B59BADCDEEB8509769,1535019703852000,2018-08-23T11:21:43,,1220499683,IOS,,ContentLoaderViewController,auto,8417064327492935147,68926,,,,0,0,,,,,,,,,,,1535019703852000,ba946113c0e08d7a4a1358ea0077a98e,uk.co.skoda.assistant.test,1.1.7,,1:571703561616:ios:777087d7f78ec12a,manual_install,tablet,Apple,iPad Air 2,,"iPad5,4",IOS,11.4.1,,,en-gb,No,3600,,,Europe,United Kingdom,England,London,,,(direct),(none),(direct),ba946113c0e08d7a4a1358ea0077a98e_6
20180829,1535542855481003,2018-08-29T12:40:55,screen_view,1535542787115003,2018-08-29T12:39:47,,35,237610,ba946113c0e08d7a4a1358ea0077a98e,B82ADB697C2140B59BADCDEEB8509769,1535019703852000,2018-08-23T11:21:43,,1220499683,IOS,,SplashViewController,auto,8417064327492935145,,1,8417064327492935147,ContentLoaderViewController,0,0,,,,,,,,,,,1535019703852000,ba946113c0e08d7a4a1358ea0077a98e,uk.co.skoda.assistant.test,1.1.7,,1:571703561616:ios:777087d7f78ec12a,manual_install,tablet,Apple,iPad Air 2,,"iPad5,4",IOS,11.4.1,,,en-gb,No,3600,,,Europe,United Kingdom,England,London,,,(direct),(none),(direct),ba946113c0e08d7a4a1358ea0077a98e_6
20180829,1535542856563000,2018-08-29T12:40:56,button_press,1535542702349000,2018-08-29T12:38:22,,36,237611,ba946113c0e08d7a4a1358ea0077a98e,B82ADB697C2140B59BADCDEEB8509769,1535019703852000,2018-08-23T11:21:43,,1220499683,IOS,,SplashViewController,app,8417064327492935145,,1,,,0,0,,globalnav_range,,,,,,,,,1535019703852000,ba946113c0e08d7a4a1358ea0077a98e,uk.co.skoda.assistant.test,1.1.7,,1:571703561616:ios:777087d7f78ec12a,manual_install,tablet,Apple,iPad Air 2,,"iPad5,4",IOS,11.4.1,,,en-gb,No,3600,,,Europe,United Kingdom,England,London,,,(direct),(none),(direct),ba946113c0e08d7a4a1358ea0077a98e_6
20180829,1535542856564001,2018-08-29T12:40:56,button_press,1535542856563001,2018-08-29T12:40:56,,36,237611,ba946113c0e08d7a4a1358ea0077a98e,B82ADB697C2140B59BADCDEEB8509769,1535019703852000,2018-08-23T11:21:43,,1220499683,IOS,,SplashViewController,app,8417064327492935145,,1,,,0,0,,range,,,,,,,,,1535019703852000,ba946113c0e08d7a4a1358ea0077a98e,uk.co.skoda.assistant.test,1.1.7,,1:571703561616:ios:777087d7f78ec12a,manual_install,tablet,Apple,iPad Air 2,,"iPad5,4",IOS,11.4.1,,,en-gb,No,3600,,,Europe,United Kingdom,England,London,,,(direct),(none),(direct),ba946113c0e08d7a4a1358ea0077a98e_6
20180829,1535542857572002,2018-08-29T12:40:57,screen_view,1535542855481002,2018-08-29T12:40:55,,36,237611,ba946113c0e08d7a4a1358ea0077a98e,B82ADB697C2140B59BADCDEEB8509769,1535019703852000,2018-08-23T11:21:43,,1220499683,IOS,,SkodaContentViewController,auto,8417064327492935148,,1,8417064327492935145,SplashViewController,0,0,,,,,,,,,,,1535019703852000,ba946113c0e08d7a4a1358ea0077a98e,uk.co.skoda.assistant.test,1.1.7,,1:571703561616:ios:777087d7f78ec12a,manual_install,tablet,Apple,iPad Air 2,,"iPad5,4",IOS,11.4.1,,,en-gb,No,3600,,,Europe,United Kingdom,England,London,,,(direct),(none),(direct),ba946113c0e08d7a4a1358ea0077a98e_6
20180829,1535542857572002,2018-08-29T12:40:57,user_engagement,1535542855480002,2018-08-29T12:40:55,,36,237611,ba946113c0e08d7a4a1358ea0077a98e,B82ADB697C2140B59BADCDEEB8509769,1535019703852000,2018-08-23T11:21:43,,1220499683,IOS,,SplashViewController,auto,8417064327492935145,2091,,,,0,0,,,,,,,,,,,1535019703852000,ba946113c0e08d7a4a1358ea0077a98e,uk.co.skoda.assistant.test,1.1.7,,1:571703561616:ios:777087d7f78ec12a,manual_install,tablet,Apple,iPad Air 2,,"iPad5,4",IOS,11.4.1,,,en-gb,No,3600,,,Europe,United Kingdom,England,London,,,(direct),(none),(direct),ba946113c0e08d7a4a1358ea0077a98e_6
20180829,1535542857575003,2018-08-29T12:40:57,screen_view,1535542857572003,2018-08-29T12:40:57,,36,237611,ba946113c0e08d7a4a1358ea0077a98e,B82ADB697C2140B59BADCDEEB8509769,1535019703852000,2018-08-23T11:21:43,,1220499683,IOS,,RangeContentViewController,auto,8417064327492935149,,1,8417064327492935148,SkodaContentViewController,0,0,,,,,,,,,,,1535019703852000,ba946113c0e08d7a4a1358ea0077a98e,uk.co.skoda.assistant.test,1.1.7,,1:571703561616:ios:777087d7f78ec12a,manual_install,tablet,Apple,iPad Air 2,,"iPad5,4",IOS,11.4.1,,,en-gb,No,3600,,,Europe,United Kingdom,England,London,,,(direct),(none),(direct),ba946113c0e08d7a4a1358ea0077a98e_6
20180829,1535542863834004,2018-08-29T12:41:03,button_press,1535542856564004,2018-08-29T12:40:56,,36,237611,ba946113c0e08d7a4a1358ea0077a98e,B82ADB697C2140B59BADCDEEB8509769,1535019703852000,2018-08-23T11:21:43,,1220499683,IOS,,RangeContentViewController,app,8417064327492935149,,1,,,0,0,S,range_home_trim_select,75,,,,,,,,1535019703852000,ba946113c0e08d7a4a1358ea0077a98e,uk.co.skoda.assistant.test,1.1.7,,1:571703561616:ios:777087d7f78ec12a,manual_install,tablet,Apple,iPad Air 2,,"iPad5,4",IOS,11.4.1,,,en-gb,No,3600,,,Europe,United Kingdom,England,London,,,(direct),(none),(direct),ba946113c0e08d7a4a1358ea0077a98e_6
20180829,1535542864635006,2018-08-29T12:41:04,user_engagement,1535542857572006,2018-08-29T12:40:57,,36,237611,ba946113c0e08d7a4a1358ea0077a98e,B82ADB697C2140B59BADCDEEB8509769,1535019703852000,2018-08-23T11:21:43,,1220499683,IOS,,RangeContentViewController,auto,8417064327492935149,7063,,,,0,0,,,,,,,,,,,1535019703852000,ba946113c0e08d7a4a1358ea0077a98e,uk.co.skoda.assistant.test,1.1.7,,1:571703561616:ios:777087d7f78ec12a,manual_install,tablet,Apple,iPad Air 2,,"iPad5,4",IOS,11.4.1,,,en-gb,No,3600,,,Europe,United Kingdom,England,London,,,(direct),(none),(direct),ba946113c0e08d7a4a1358ea0077a98e_6
20180829,1535542864636005,2018-08-29T12:41:04,screen_view,1535542857575005,2018-08-29T12:40:57,,36,237611,ba946113c0e08d7a4a1358ea0077a98e,B82ADB697C2140B59BADCDEEB8509769,1535019703852000,2018-08-23T11:21:43,,1220499683,IOS,,TrimViewController,auto,8417064327492935150,,1,8417064327492935149,RangeContentViewController,0,0,,,,,,,,,,,1535019703852000,ba946113c0e08d7a4a1358ea0077a98e,uk.co.skoda.assistant.test,1.1.7,,1:571703561616:ios:777087d7f78ec12a,manual_install,tablet,Apple,iPad Air 2,,"iPad5,4",IOS,11.4.1,,,en-gb,No,3600,,,Europe,United Kingdom,England,London,,,(direct),(none),(direct),ba946113c0e08d7a4a1358ea0077a98e_6
20180829,1535542946735008,2018-08-29T12:42:26,user_engagement,1535542864635008,2018-08-29T12:41:04,,36,237611,ba946113c0e08d7a4a1358ea0077a98e,B82ADB697C2140B59BADCDEEB8509769,1535019703852000,2018-08-23T11:21:43,,1220499683,IOS,,TrimViewController,auto,8417064327492935150,82099,,,,0,0,,,,,,,,,,,1535019703852000,ba946113c0e08d7a4a1358ea0077a98e,uk.co.skoda.assistant.test,1.1.7,,1:571703561616:ios:777087d7f78ec12a,manual_install,tablet,Apple,iPad Air 2,,"iPad5,4",IOS,11.4.1,,,en-gb,No,3600,,,Europe,United Kingdom,England,London,,,(direct),(none),(direct),ba946113c0e08d7a4a1358ea0077a98e_6
20180829,1535542946736006,2018-08-29T12:42:26,screen_view,1535542864636006,2018-08-29T12:41:04,,36,237611,ba946113c0e08d7a4a1358ea0077a98e,B82ADB697C2140B59BADCDEEB8509769,1535019703852000,2018-08-23T11:21:43,,1220499683,IOS,,RangeContentViewController,auto,8417064327492935149,,1,8417064327492935150,TrimViewController,0,0,,,,,,,,,,,1535019703852000,ba946113c0e08d7a4a1358ea0077a98e,uk.co.skoda.assistant.test,1.1.7,,1:571703561616:ios:777087d7f78ec12a,manual_install,tablet,Apple,iPad Air 2,,"iPad5,4",IOS,11.4.1,,,en-gb,No,3600,,,Europe,United Kingdom,England,London,,,(direct),(none),(direct),ba946113c0e08d7a4a1358ea0077a98e_6
20180829,1535542947153007,2018-08-29T12:42:27,button_press,1535542863834007,2018-08-29T12:41:03,,36,237611,ba946113c0e08d7a4a1358ea0077a98e,B82ADB697C2140B59BADCDEEB8509769,1535019703852000,2018-08-23T11:21:43,,1220499683,IOS,,RangeContentViewController,app,8417064327492935149,,1,,,0,0,S,range_home_trim_select,75,,,,,,,,1535019703852000,ba946113c0e08d7a4a1358ea0077a98e,uk.co.skoda.assistant.test,1.1.7,,1:571703561616:ios:777087d7f78ec12a,manual_install,tablet,Apple,iPad Air 2,,"iPad5,4",IOS,11.4.1,,,en-gb,No,3600,,,Europe,United Kingdom,England,London,,,(direct),(none),(direct),ba946113c0e08d7a4a1358ea0077a98e_6
20180829,1535542985073008,2018-08-29T12:43:05,screen_view,1535542946736008,2018-08-29T12:42:26,,36,237611,ba946113c0e08d7a4a1358ea0077a98e,B82ADB697C2140B59BADCDEEB8509769,1535019703852000,2018-08-23T11:21:43,,1220499683,IOS,,TrimViewController,auto,8417064327492935151,,1,8417064327492935149,RangeContentViewController,0,0,,,,,,,,,,,1535019703852000,ba946113c0e08d7a4a1358ea0077a98e,uk.co.skoda.assistant.test,1.1.7,,1:571703561616:ios:777087d7f78ec12a,manual_install,tablet,Apple,iPad Air 2,,"iPad5,4",IOS,11.4.1,,,en-gb,No,3600,,,Europe,United Kingdom,England,London,,,(direct),(none),(direct),ba946113c0e08d7a4a1358ea0077a98e_6
20180829,1535542985073011,2018-08-29T12:43:05,user_engagement,1535542946735011,2018-08-29T12:42:26,,36,237611,ba946113c0e08d7a4a1358ea0077a98e,B82ADB697C2140B59BADCDEEB8509769,1535019703852000,2018-08-23T11:21:43,,1220499683,IOS,,RangeContentViewController,auto,8417064327492935149,38337,,,,0,0,,,,,,,,,,,1535019703852000,ba946113c0e08d7a4a1358ea0077a98e,uk.co.skoda.assistant.test,1.1.7,,1:571703561616:ios:777087d7f78ec12a,manual_install,tablet,Apple,iPad Air 2,,"iPad5,4",IOS,11.4.1,,,en-gb,No,3600,,,Europe,United Kingdom,England,London,,,(direct),(none),(direct),ba946113c0e08d7a4a1358ea0077a98e_6
20180829,1535543166939000,2018-08-29T12:46:06,screen_view,1535542985073000,2018-08-29T12:43:05,,37,237612,ba946113c0e08d7a4a1358ea0077a98e,B82ADB697C2140B59BADCDEEB8509769,1535019703852000,2018-08-23T11:21:43,,1220499683,IOS,,SplashViewController,auto,4623920099503381492,,1,,,0,0,,,,,,,,,,,1535019703852000,ba946113c0e08d7a4a1358ea0077a98e,uk.co.skoda.assistant.test,1.1.7,,1:571703561616:ios:777087d7f78ec12a,manual_install,tablet,Apple,iPad Air 2,,"iPad5,4",IOS,11.4.1,,,en-gb,No,3600,,,Europe,United Kingdom,England,London,,,(direct),(none),(direct),ba946113c0e08d7a4a1358ea0077a98e_6
20180829,1535543167150001,2018-08-29T12:46:07,screen_view,1535543166939001,2018-08-29T12:46:06,,37,237612,ba946113c0e08d7a4a1358ea0077a98e,B82ADB697C2140B59BADCDEEB8509769,1535019703852000,2018-08-23T11:21:43,,1220499683,IOS,,LoginViewController,auto,4623920099503381493,,1,4623920099503381492,SplashViewController,0,0,,,,,,,,,,,1535019703852000,ba946113c0e08d7a4a1358ea0077a98e,uk.co.skoda.assistant.test,1.1.7,,1:571703561616:ios:777087d7f78ec12a,manual_install,tablet,Apple,iPad Air 2,,"iPad5,4",IOS,11.4.1,,,en-gb,No,3600,,,Europe,United Kingdom,England,London,,,(direct),(none),(direct),ba946113c0e08d7a4a1358ea0077a98e_6
20180829,1535543170392002,2018-08-29T12:46:10,user_engagement,1535542985073002,2018-08-29T12:43:05,,37,237612,ba946113c0e08d7a4a1358ea0077a98e,B82ADB697C2140B59BADCDEEB8509769,1535019703852000,2018-08-23T11:21:43,,1220499683,IOS,,LoginViewController,auto,4623920099503381493,3403,,,,0,0,,,,,,,,,,,1535019703852000,ba946113c0e08d7a4a1358ea0077a98e,uk.co.skoda.assistant.test,1.1.7,,1:571703561616:ios:777087d7f78ec12a,manual_install,tablet,Apple,iPad Air 2,,"iPad5,4",IOS,11.4.1,,,en-gb,No,3600,,,Europe,United Kingdom,England,London,,,(direct),(none),(direct),ba946113c0e08d7a4a1358ea0077a98e_6
20180829,1535546925589000,2018-08-29T13:48:45,button_press,,,,4,112946,ba946113c0e08d7a4a1358ea0077a98e,DC006A2B90D34FBF94E0CC3C42B52538,1535546745206000,2018-08-29T13:45:45,,1220499683,IOS,,SplashViewController,app,3782094526264168975,,1,,,0,0,,globalnav_range,,,,,,,,,1535546745206000,ba946113c0e08d7a4a1358ea0077a98e,uk.co.skoda.assistant.test,1.1.7,,1:571703561616:ios:777087d7f78ec12a,manual_install,tablet,Apple,iPad Air 2,,"iPad5,4",IOS,11.4.1,,,en-gb,No,3600,,,Europe,United Kingdom,England,London,,,(direct),(none),(direct),ba946113c0e08d7a4a1358ea0077a98e_6
20180829,1535546925589001,2018-08-29T13:48:45,button_press,1535546925589001,2018-08-29T13:48:45,,4,112946,ba946113c0e08d7a4a1358ea0077a98e,DC006A2B90D34FBF94E0CC3C42B52538,1535546745206000,2018-08-29T13:45:45,,1220499683,IOS,,SplashViewController,app,3782094526264168975,,1,,,0,0,,range,,,,,,,,,1535546745206000,ba946113c0e08d7a4a1358ea0077a98e,uk.co.skoda.assistant.test,1.1.7,,1:571703561616:ios:777087d7f78ec12a,manual_install,tablet,Apple,iPad Air 2,,"iPad5,4",IOS,11.4.1,,,en-gb,No,3600,,,Europe,United Kingdom,England,London,,,(direct),(none),(direct),ba946113c0e08d7a4a1358ea0077a98e_6
20180829,1535546926599002,2018-08-29T13:48:46,screen_view,1535546924434002,2018-08-29T13:48:44,,4,112946,ba946113c0e08d7a4a1358ea0077a98e,DC006A2B90D34FBF94E0CC3C42B52538,1535546745206000,2018-08-29T13:45:45,,1220499683,IOS,,SkodaContentViewController,auto,3782094526264168978,,1,3782094526264168975,SplashViewController,0,0,,,,,,,,,,,1535546745206000,ba946113c0e08d7a4a1358ea0077a98e,uk.co.skoda.assistant.test,1.1.7,,1:571703561616:ios:777087d7f78ec12a,manual_install,tablet,Apple,iPad Air 2,,"iPad5,4",IOS,11.4.1,,,en-gb,No,3600,,,Europe,United Kingdom,England,London,,,(direct),(none),(direct),ba946113c0e08d7a4a1358ea0077a98e_6
20180829,1535546926599002,2018-08-29T13:48:46,user_engagement,1535546924434002,2018-08-29T13:48:44,,4,112946,ba946113c0e08d7a4a1358ea0077a98e,DC006A2B90D34FBF94E0CC3C42B52538,1535546745206000,2018-08-29T13:45:45,,1220499683,IOS,,SplashViewController,auto,3782094526264168975,2165,,,,0,0,,,,,,,,,,,1535546745206000,ba946113c0e08d7a4a1358ea0077a98e,uk.co.skoda.assistant.test,1.1.7,,1:571703561616:ios:777087d7f78ec12a,manual_install,tablet,Apple,iPad Air 2,,"iPad5,4",IOS,11.4.1,,,en-gb,No,3600,,,Europe,United Kingdom,England,London,,,(direct),(none),(direct),ba946113c0e08d7a4a1358ea0077a98e_6
20180829,1535546926602003,2018-08-29T13:48:46,screen_view,1535546926599003,2018-08-29T13:48:46,,4,112946,ba946113c0e08d7a4a1358ea0077a98e,DC006A2B90D34FBF94E0CC3C42B52538,1535546745206000,2018-08-29T13:45:45,,1220499683,IOS,,RangeContentViewController,auto,3782094526264168979,,1,3782094526264168978,SkodaContentViewController,0,0,,,,,,,,,,,1535546745206000,ba946113c0e08d7a4a1358ea0077a98e,uk.co.skoda.assistant.test,1.1.7,,1:571703561616:ios:777087d7f78ec12a,manual_install,tablet,Apple,iPad Air 2,,"iPad5,4",IOS,11.4.1,,,en-gb,No,3600,,,Europe,United Kingdom,England,London,,,(direct),(none),(direct),ba946113c0e08d7a4a1358ea0077a98e_6
20180829,1535547020821000,2018-08-29T13:50:20,button_press,1535546925589000,2018-08-29T13:48:45,,5,81265,ba946113c0e08d7a4a1358ea0077a98e,DC006A2B90D34FBF94E0CC3C42B52538,1535546745206000,2018-08-29T13:45:45,,1220499683,IOS,,RangeContentViewController,app,3782094526264168979,,1,,,0,0,S,range_home_trim_select,75,,,,,,,,1535546745206000,ba946113c0e08d7a4a1358ea0077a98e,uk.co.skoda.assistant.test,1.1.7,,1:571703561616:ios:777087d7f78ec12a,manual_install,tablet,Apple,iPad Air 2,,"iPad5,4",IOS,11.4.1,,,en-gb,No,3600,,,Europe,United Kingdom,England,London,,,(direct),(none),(direct),ba946113c0e08d7a4a1358ea0077a98e_6
20180829,1535547021590001,2018-08-29T13:50:21,screen_view,1535546926602001,2018-08-29T13:48:46,,5,81265,ba946113c0e08d7a4a1358ea0077a98e,DC006A2B90D34FBF94E0CC3C42B52538,1535546745206000,2018-08-29T13:45:45,,1220499683,IOS,,TrimViewController,auto,3782094526264168980,,1,3782094526264168979,RangeContentViewController,0,0,,,,,,,,,,,1535546745206000,ba946113c0e08d7a4a1358ea0077a98e,uk.co.skoda.assistant.test,1.1.7,,1:571703561616:ios:777087d7f78ec12a,manual_install,tablet,Apple,iPad Air 2,,"iPad5,4",IOS,11.4.1,,,en-gb,No,3600,,,Europe,United Kingdom,England,London,,,(direct),(none),(direct),ba946113c0e08d7a4a1358ea0077a98e_6
20180829,1535547021590001,2018-08-29T13:50:21,user_engagement,1535546926599001,2018-08-29T13:48:46,,5,81265,ba946113c0e08d7a4a1358ea0077a98e,DC006A2B90D34FBF94E0CC3C42B52538,1535546745206000,2018-08-29T13:45:45,,1220499683,IOS,,RangeContentViewController,auto,3782094526264168979,94990,,,,0,0,,,,,,,,,,,1535546745206000,ba946113c0e08d7a4a1358ea0077a98e,uk.co.skoda.assistant.test,1.1.7,,1:571703561616:ios:777087d7f78ec12a,manual_install,tablet,Apple,iPad Air 2,,"iPad5,4",IOS,11.4.1,,,en-gb,No,3600,,,Europe,United Kingdom,England,London,,,(direct),(none),(direct),ba946113c0e08d7a4a1358ea0077a98e_6
20180829,1535547033565002,2018-08-29T13:50:33,button_press,1535547020821002,2018-08-29T13:50:20,,5,81265,ba946113c0e08d7a4a1358ea0077a98e,DC006A2B90D34FBF94E0CC3C42B52538,1535546745206000,2018-08-29T13:45:45,,1220499683,IOS,,TrimViewController,app,3782094526264168980,,1,,,0,0,1.0 MPI 60PS,trim_home_view_full_details,3198,,,,,,,,1535546745206000,ba946113c0e08d7a4a1358ea0077a98e,uk.co.skoda.assistant.test,1.1.7,,1:571703561616:ios:777087d7f78ec12a,manual_install,tablet,Apple,iPad Air 2,,"iPad5,4",IOS,11.4.1,,,en-gb,No,3600,,,Europe,United Kingdom,England,London,,,(direct),(none),(direct),ba946113c0e08d7a4a1358ea0077a98e_6
20180829,1535547034211004,2018-08-29T13:50:34,user_engagement,1535547021590004,2018-08-29T13:50:21,,5,81265,ba946113c0e08d7a4a1358ea0077a98e,DC006A2B90D34FBF94E0CC3C42B52538,1535546745206000,2018-08-29T13:45:45,,1220499683,IOS,,TrimViewController,auto,3782094526264168980,12621,,,,0,0,,,,,,,,,,,1535546745206000,ba946113c0e08d7a4a1358ea0077a98e,uk.co.skoda.assistant.test,1.1.7,,1:571703561616:ios:777087d7f78ec12a,manual_install,tablet,Apple,iPad Air 2,,"iPad5,4",IOS,11.4.1,,,en-gb,No,3600,,,Europe,United Kingdom,England,London,,,(direct),(none),(direct),ba946113c0e08d7a4a1358ea0077a98e_6
20180829,1535547034212003,2018-08-29T13:50:34,screen_view,1535547021590003,2018-08-29T13:50:21,,5,81265,ba946113c0e08d7a4a1358ea0077a98e,DC006A2B90D34FBF94E0CC3C42B52538,1535546745206000,2018-08-29T13:45:45,,1220499683,IOS,,EngineDetailsViewController,auto,3782094526264168981,,1,3782094526264168980,TrimViewController,0,0,,,,,,,,,,,1535546745206000,ba946113c0e08d7a4a1358ea0077a98e,uk.co.skoda.assistant.test,1.1.7,,1:571703561616:ios:777087d7f78ec12a,manual_install,tablet,Apple,iPad Air 2,,"iPad5,4",IOS,11.4.1,,,en-gb,No,3600,,,Europe,United Kingdom,England,London,,,(direct),(none),(direct),ba946113c0e08d7a4a1358ea0077a98e_6
20180829,1535547040455006,2018-08-29T13:50:40,user_engagement,1535547034211006,2018-08-29T13:50:34,,5,81265,ba946113c0e08d7a4a1358ea0077a98e,DC006A2B90D34FBF94E0CC3C42B52538,1535546745206000,2018-08-29T13:45:45,,1220499683,IOS,,EngineDetailsViewController,auto,3782094526264168981,6243,,,,0,0,,,,,,,,,,,1535546745206000,ba946113c0e08d7a4a1358ea0077a98e,uk.co.skoda.assistant.test,1.1.7,,1:571703561616:ios:777087d7f78ec12a,manual_install,tablet,Apple,iPad Air 2,,"iPad5,4",IOS,11.4.1,,,en-gb,No,3600,,,Europe,United Kingdom,England,London,,,(direct),(none),(direct),ba946113c0e08d7a4a1358ea0077a98e_6
20180829,1535547040456004,2018-08-29T13:50:40,screen_view,1535547034212004,2018-08-29T13:50:34,,5,81265,ba946113c0e08d7a4a1358ea0077a98e,DC006A2B90D34FBF94E0CC3C42B52538,1535546745206000,2018-08-29T13:45:45,,1220499683,IOS,,SkodaContentViewController,auto,3782094526264168978,,1,3782094526264168981,EngineDetailsViewController,0,0,,,,,,,,,,,1535546745206000,ba946113c0e08d7a4a1358ea0077a98e,uk.co.skoda.assistant.test,1.1.7,,1:571703561616:ios:777087d7f78ec12a,manual_install,tablet,Apple,iPad Air 2,,"iPad5,4",IOS,11.4.1,,,en-gb,No,3600,,,Europe,United Kingdom,England,London,,,(direct),(none),(direct),ba946113c0e08d7a4a1358ea0077a98e_6
20180829,1535547040458005,2018-08-29T13:50:40,screen_view,1535547040456005,2018-08-29T13:50:40,,5,81265,ba946113c0e08d7a4a1358ea0077a98e,DC006A2B90D34FBF94E0CC3C42B52538,1535546745206000,2018-08-29T13:45:45,,1220499683,IOS,,TrimViewController,auto,3782094526264168980,,1,3782094526264168978,SkodaContentViewController,0,0,,,,,,,,,,,1535546745206000,ba946113c0e08d7a4a1358ea0077a98e,uk.co.skoda.assistant.test,1.1.7,,1:571703561616:ios:777087d7f78ec12a,manual_install,tablet,Apple,iPad Air 2,,"iPad5,4",IOS,11.4.1,,,en-gb,No,3600,,,Europe,United Kingdom,England,London,,,(direct),(none),(direct),ba946113c0e08d7a4a1358ea0077a98e_6
20180829,1535547091656000,2018-08-29T13:51:31,screen_view,1535547040458000,2018-08-29T13:50:40,,6,81266,ba946113c0e08d7a4a1358ea0077a98e,DC006A2B90D34FBF94E0CC3C42B52538,1535546745206000,2018-08-29T13:45:45,,1220499683,IOS,,SplashViewController,auto,4466858389555777243,,1,,,0,0,,,,,,,,,,,1535546745206000,ba946113c0e08d7a4a1358ea0077a98e,uk.co.skoda.assistant.test,1.1.7,,1:571703561616:ios:777087d7f78ec12a,manual_install,tablet,Apple,iPad Air 2,,"iPad5,4",IOS,11.4.1,,,en-gb,No,3600,,,Europe,United Kingdom,England,London,,,(direct),(none),(direct),ba946113c0e08d7a4a1358ea0077a98e_6
20180829,1535547091806001,2018-08-29T13:51:31,screen_view,1535547091656001,2018-08-29T13:51:31,,6,81266,ba946113c0e08d7a4a1358ea0077a98e,DC006A2B90D34FBF94E0CC3C42B52538,1535546745206000,2018-08-29T13:45:45,,1220499683,IOS,,LoginViewController,auto,4466858389555777244,,1,4466858389555777243,SplashViewController,0,0,,,,,,,,,,,1535546745206000,ba946113c0e08d7a4a1358ea0077a98e,uk.co.skoda.assistant.test,1.1.7,,1:571703561616:ios:777087d7f78ec12a,manual_install,tablet,Apple,iPad Air 2,,"iPad5,4",IOS,11.4.1,,,en-gb,No,3600,,,Europe,United Kingdom,England,London,,,(direct),(none),(direct),ba946113c0e08d7a4a1358ea0077a98e_6
20180829,1535547094702002,2018-08-29T13:51:34,user_engagement,1535547040455002,2018-08-29T13:50:40,,6,81266,ba946113c0e08d7a4a1358ea0077a98e,DC006A2B90D34FBF94E0CC3C42B52538,1535546745206000,2018-08-29T13:45:45,,1220499683,IOS,,LoginViewController,auto,4466858389555777244,3047,,,,0,0,,,,,,,,,,,1535546745206000,ba946113c0e08d7a4a1358ea0077a98e,uk.co.skoda.assistant.test,1.1.7,,1:571703561616:ios:777087d7f78ec12a,manual_install,tablet,Apple,iPad Air 2,,"iPad5,4",IOS,11.4.1,,,en-gb,No,3600,,,Europe,United Kingdom,England,London,,,(direct),(none),(direct),ba946113c0e08d7a4a1358ea0077a98e_6
20180829,1535547099871000,2018-08-29T13:51:39,user_engagement,1535547094702000,2018-08-29T13:51:34,,7,100824,ba946113c0e08d7a4a1358ea0077a98e,DC006A2B90D34FBF94E0CC3C42B52538,1535546745206000,2018-08-29T13:45:45,,1220499683,IOS,,LoginViewController,auto,4466858389555777244,2672,,,,0,0,,,,,,,,,,,1535546745206000,ba946113c0e08d7a4a1358ea0077a98e,uk.co.skoda.assistant.test,1.1.7,,1:571703561616:ios:777087d7f78ec12a,manual_install,tablet,Apple,iPad Air 2,,"iPad5,4",IOS,11.4.1,,,en-gb,No,3600,,,Europe,United Kingdom,England,London,,,(direct),(none),(direct),ba946113c0e08d7a4a1358ea0077a98e_6
20180829,1535547099872000,2018-08-29T13:51:39,screen_view,1535547091806000,2018-08-29T13:51:31,,7,100824,ba946113c0e08d7a4a1358ea0077a98e,DC006A2B90D34FBF94E0CC3C42B52538,1535546745206000,2018-08-29T13:45:45,,1220499683,IOS,,SplashViewController,auto,4466858389555777243,,1,4466858389555777244,LoginViewController,0,0,,,,,,,,,,,1535546745206000,ba946113c0e08d7a4a1358ea0077a98e,uk.co.skoda.assistant.test,1.1.7,,1:571703561616:ios:777087d7f78ec12a,manual_install,tablet,Apple,iPad Air 2,,"iPad5,4",IOS,11.4.1,,,en-gb,No,3600,,,Europe,United Kingdom,England,London,,,(direct),(none),(direct),ba946113c0e08d7a4a1358ea0077a98e_6
