event_date,event_timestamp,event_iso8601,event_name,event_previous_timestamp,event_previous_iso8601,event_value_in_usd,event_bundle_sequence_id,event_server_timestamp_offset,user_id,user_pseudo_id,user_first_touch_timestamp,user_first_touch_iso8601,user_ltv,stream_id,platform,event_dimensions,firebase_screen_class,firebase_event_origin,firebase_screen_id,engagement_time_msec,firebase_conversion,firebase_previous_id,firebase_previous_class,user_retailer,user_area,AnalyticsParameterTerm,button_name,AnalyticsParameterItemID,engine,Compared_vehicle_1,Compared_vehicle_2,update_with_analytics,previous_first_open_count,previous_app_version,Compared_vehicle_3,first_open_time,user_id,id,version,install_store,firebase_app_id,install_source,category,mobile_brand_name,mobile_model_name,mobile_marketing_name,mobile_os_hardware_model,operating_system,operating_system_version,vendor_id,advertising_id,language,is_limited_ad_tracking,time_zone_offset_seconds,browser,browser,continent,country,region,city,sub_continent,metro,name,medium,source,user_session_generated_id
20180829,1535554299818000,2018-08-29T15:51:39,button_press,1534182242533000,2018-08-13T18:44:02,,41,290164,e067a5452f0f29be2806dec15d947940,37DB4FC1181E4F7A9C3BF76990FDD747,1533812960647000,2018-08-09T12:09:20,,1220499683,IOS,,SplashViewController,app,-2010729346857695422,,1,,,User login not captured,,,globalnav_range,,,,,,,,,1533812960647000,e067a5452f0f29be2806dec15d947940,uk.co.skoda.assistant.ios,1.1.6,,1:571703561616:ios:777087d7f78ec12a,manual_install,tablet,Apple,iPad Air 2,,"iPad5,3",IOS,11.4.1,31BAE25F-8B65-4294-B231-4F49BB045774,,en-gb,No,3600,,,Europe,United Kingdom,Wales,Newport,,,(direct),(none),(direct),User login not captured
20180829,1535554299818001,2018-08-29T15:51:39,button_press,1535554299818001,2018-08-29T15:51:39,,41,290164,e067a5452f0f29be2806dec15d947940,37DB4FC1181E4F7A9C3BF76990FDD747,1533812960647000,2018-08-09T12:09:20,,1220499683,IOS,,SplashViewController,app,-2010729346857695422,,1,,,User login not captured,,,range,,,,,,,,,1533812960647000,e067a5452f0f29be2806dec15d947940,uk.co.skoda.assistant.ios,1.1.6,,1:571703561616:ios:777087d7f78ec12a,manual_install,tablet,Apple,iPad Air 2,,"iPad5,3",IOS,11.4.1,31BAE25F-8B65-4294-B231-4F49BB045774,,en-gb,No,3600,,,Europe,United Kingdom,Wales,Newport,,,(direct),(none),(direct),User login not captured
20180829,1535554301225002,2018-08-29T15:51:41,user_engagement,1535554299488002,2018-08-29T15:51:39,,41,290164,e067a5452f0f29be2806dec15d947940,37DB4FC1181E4F7A9C3BF76990FDD747,1533812960647000,2018-08-09T12:09:20,,1220499683,IOS,,SplashViewController,auto,-2010729346857695422,1737,,,,User login not captured,,,,,,,,,,,,1533812960647000,e067a5452f0f29be2806dec15d947940,uk.co.skoda.assistant.ios,1.1.6,,1:571703561616:ios:777087d7f78ec12a,manual_install,tablet,Apple,iPad Air 2,,"iPad5,3",IOS,11.4.1,31BAE25F-8B65-4294-B231-4F49BB045774,,en-gb,No,3600,,,Europe,United Kingdom,Wales,Newport,,,(direct),(none),(direct),User login not captured
20180829,1535554301226002,2018-08-29T15:51:41,screen_view,1535554299489002,2018-08-29T15:51:39,,41,290164,e067a5452f0f29be2806dec15d947940,37DB4FC1181E4F7A9C3BF76990FDD747,1533812960647000,2018-08-09T12:09:20,,1220499683,IOS,,SkodaContentViewController,auto,-2010729346857695419,,1,-2010729346857695422,SplashViewController,User login not captured,,,,,,,,,,,,1533812960647000,e067a5452f0f29be2806dec15d947940,uk.co.skoda.assistant.ios,1.1.6,,1:571703561616:ios:777087d7f78ec12a,manual_install,tablet,Apple,iPad Air 2,,"iPad5,3",IOS,11.4.1,31BAE25F-8B65-4294-B231-4F49BB045774,,en-gb,No,3600,,,Europe,United Kingdom,Wales,Newport,,,(direct),(none),(direct),User login not captured
20180829,1535554301229003,2018-08-29T15:51:41,screen_view,1535554301226003,2018-08-29T15:51:41,,41,290164,e067a5452f0f29be2806dec15d947940,37DB4FC1181E4F7A9C3BF76990FDD747,1533812960647000,2018-08-09T12:09:20,,1220499683,IOS,,RangeContentViewController,auto,-2010729346857695418,,1,-2010729346857695419,SkodaContentViewController,User login not captured,,,,,,,,,,,,1533812960647000,e067a5452f0f29be2806dec15d947940,uk.co.skoda.assistant.ios,1.1.6,,1:571703561616:ios:777087d7f78ec12a,manual_install,tablet,Apple,iPad Air 2,,"iPad5,3",IOS,11.4.1,31BAE25F-8B65-4294-B231-4F49BB045774,,en-gb,No,3600,,,Europe,United Kingdom,Wales,Newport,,,(direct),(none),(direct),User login not captured
20180829,1535554469029000,2018-08-29T15:54:29,user_engagement,1535554301225000,2018-08-29T15:51:41,,42,128207,e067a5452f0f29be2806dec15d947940,37DB4FC1181E4F7A9C3BF76990FDD747,1533812960647000,2018-08-09T12:09:20,,1220499683,IOS,,RangeContentViewController,auto,-2010729346857695418,167804,,,,User login not captured,,,,,,,,,,,,1533812960647000,e067a5452f0f29be2806dec15d947940,uk.co.skoda.assistant.ios,1.1.6,,1:571703561616:ios:777087d7f78ec12a,manual_install,tablet,Apple,iPad Air 2,,"iPad5,3",IOS,11.4.1,31BAE25F-8B65-4294-B231-4F49BB045774,,en-gb,No,3600,,,Europe,United Kingdom,Wales,Newport,,,(direct),(none),(direct),User login not captured
20180829,1535557258561000,2018-08-29T16:40:58,user_engagement,1535554469029000,2018-08-29T15:54:29,,43,109468,e067a5452f0f29be2806dec15d947940,37DB4FC1181E4F7A9C3BF76990FDD747,1533812960647000,2018-08-09T12:09:20,,1220499683,IOS,,RangeContentViewController,auto,-2010729346857695418,317,,,,User login not captured,,,,,,,,,,,,1533812960647000,e067a5452f0f29be2806dec15d947940,uk.co.skoda.assistant.ios,1.1.6,,1:571703561616:ios:777087d7f78ec12a,manual_install,tablet,Apple,iPad Air 2,,"iPad5,3",IOS,11.4.1,31BAE25F-8B65-4294-B231-4F49BB045774,,en-gb,No,3600,,,Europe,United Kingdom,Wales,Newport,,,(direct),(none),(direct),User login not captured
20180829,1535558173146000,2018-08-29T16:56:13,session_start,1535554048837000,2018-08-29T15:47:28,,44,95179,e067a5452f0f29be2806dec15d947940,37DB4FC1181E4F7A9C3BF76990FDD747,1533812960647000,2018-08-09T12:09:20,,1220499683,IOS,,RangeContentViewController,auto,-2010729346857695418,,1,,,User login not captured,,,,,,,,,,,,1533812960647000,e067a5452f0f29be2806dec15d947940,uk.co.skoda.assistant.ios,1.1.6,,1:571703561616:ios:777087d7f78ec12a,manual_install,tablet,Apple,iPad Air 2,,"iPad5,3",IOS,11.4.1,31BAE25F-8B65-4294-B231-4F49BB045774,,en-gb,No,3600,,,Europe,United Kingdom,Wales,Newport,,,(direct),(none),(direct),User login not captured
20180829,1535558175657001,2018-08-29T16:56:15,user_engagement,1535557258561001,2018-08-29T16:40:58,,44,95179,e067a5452f0f29be2806dec15d947940,37DB4FC1181E4F7A9C3BF76990FDD747,1533812960647000,2018-08-09T12:09:20,,1220499683,IOS,,RangeContentViewController,auto,-2010729346857695418,12512,,,,User login not captured,,,,,,,,,,,,1533812960647000,e067a5452f0f29be2806dec15d947940,uk.co.skoda.assistant.ios,1.1.6,,1:571703561616:ios:777087d7f78ec12a,manual_install,tablet,Apple,iPad Air 2,,"iPad5,3",IOS,11.4.1,31BAE25F-8B65-4294-B231-4F49BB045774,,en-gb,No,3600,,,Europe,United Kingdom,Wales,Newport,,,(direct),(none),(direct),User login not captured
