event_date,event_timestamp,event_iso8601,event_name,event_previous_timestamp,event_previous_iso8601,event_value_in_usd,event_bundle_sequence_id,event_server_timestamp_offset,user_id,user_pseudo_id,user_first_touch_timestamp,user_first_touch_iso8601,user_ltv,stream_id,platform,event_dimensions,firebase_screen_class,firebase_event_origin,firebase_screen_id,engagement_time_msec,firebase_conversion,firebase_previous_id,firebase_previous_class,user_retailer,user_area,AnalyticsParameterTerm,button_name,AnalyticsParameterItemID,engine,Compared_vehicle_1,Compared_vehicle_2,update_with_analytics,previous_first_open_count,previous_app_version,Compared_vehicle_3,first_open_time,user_id,id,version,install_store,firebase_app_id,install_source,category,mobile_brand_name,mobile_model_name,mobile_marketing_name,mobile_os_hardware_model,operating_system,operating_system_version,vendor_id,advertising_id,language,is_limited_ad_tracking,time_zone_offset_seconds,browser,browser,continent,country,region,city,sub_continent,metro,name,medium,source,user_session_generated_id
20180829,1535547749601001,2018-08-29T14:02:29,AnalyticsEventLogin,1535547099907001,2018-08-29T13:51:39,,11,67563,ba946113c0e08d7a4a1358ea0077a98e,DC006A2B90D34FBF94E0CC3C42B52538,1535546745206000,2018-08-29T13:45:45,,1220499683,IOS,,SplashViewController,app,-2568797053873353533,,1,,,0,0,ba946113c0e08d7a4a1358ea0077a98e,,,,,,,,,,1535546745206000,ba946113c0e08d7a4a1358ea0077a98e,uk.co.skoda.assistant.test,1.1.7,,1:571703561616:ios:777087d7f78ec12a,manual_install,tablet,Apple,iPad Air 2,,"iPad5,4",IOS,11.4.1,,,en-gb,No,3600,,,Europe,United Kingdom,England,London,,,(direct),(none),(direct),ba946113c0e08d7a4a1358ea0077a98e_8
20180829,1535547750167002,2018-08-29T14:02:30,screen_view,1535547749560002,2018-08-29T14:02:29,,11,67563,ba946113c0e08d7a4a1358ea0077a98e,DC006A2B90D34FBF94E0CC3C42B52538,1535546745206000,2018-08-29T13:45:45,,1220499683,IOS,,ContentLoaderViewController,auto,-2568797053873353531,,1,-2568797053873353533,SplashViewController,0,0,,,,,,,,,,,1535546745206000,ba946113c0e08d7a4a1358ea0077a98e,uk.co.skoda.assistant.test,1.1.7,,1:571703561616:ios:777087d7f78ec12a,manual_install,tablet,Apple,iPad Air 2,,"iPad5,4",IOS,11.4.1,,,en-gb,No,3600,,,Europe,United Kingdom,England,London,,,(direct),(none),(direct),ba946113c0e08d7a4a1358ea0077a98e_8
20180829,1535547818669003,2018-08-29T14:03:38,screen_view,1535547750167003,2018-08-29T14:02:30,,11,67563,ba946113c0e08d7a4a1358ea0077a98e,DC006A2B90D34FBF94E0CC3C42B52538,1535546745206000,2018-08-29T13:45:45,,1220499683,IOS,,SplashViewController,auto,-2568797053873353533,,1,-2568797053873353531,ContentLoaderViewController,0,0,,,,,,,,,,,1535546745206000,ba946113c0e08d7a4a1358ea0077a98e,uk.co.skoda.assistant.test,1.1.7,,1:571703561616:ios:777087d7f78ec12a,manual_install,tablet,Apple,iPad Air 2,,"iPad5,4",IOS,11.4.1,,,en-gb,No,3600,,,Europe,United Kingdom,England,London,,,(direct),(none),(direct),ba946113c0e08d7a4a1358ea0077a98e_8
20180829,1535547818669004,2018-08-29T14:03:38,user_engagement,1535547749559004,2018-08-29T14:02:29,,11,67563,ba946113c0e08d7a4a1358ea0077a98e,DC006A2B90D34FBF94E0CC3C42B52538,1535546745206000,2018-08-29T13:45:45,,1220499683,IOS,,ContentLoaderViewController,auto,-2568797053873353531,69109,,,,0,0,,,,,,,,,,,1535546745206000,ba946113c0e08d7a4a1358ea0077a98e,uk.co.skoda.assistant.test,1.1.7,,1:571703561616:ios:777087d7f78ec12a,manual_install,tablet,Apple,iPad Air 2,,"iPad5,4",IOS,11.4.1,,,en-gb,No,3600,,,Europe,United Kingdom,England,London,,,(direct),(none),(direct),ba946113c0e08d7a4a1358ea0077a98e_8
20180829,1535547819763000,2018-08-29T14:03:39,button_press,1535547680188000,2018-08-29T14:01:20,,12,67564,ba946113c0e08d7a4a1358ea0077a98e,DC006A2B90D34FBF94E0CC3C42B52538,1535546745206000,2018-08-29T13:45:45,,1220499683,IOS,,SplashViewController,app,-2568797053873353533,,1,,,0,0,,globalnav_range,,,,,,,,,1535546745206000,ba946113c0e08d7a4a1358ea0077a98e,uk.co.skoda.assistant.test,1.1.7,,1:571703561616:ios:777087d7f78ec12a,manual_install,tablet,Apple,iPad Air 2,,"iPad5,4",IOS,11.4.1,,,en-gb,No,3600,,,Europe,United Kingdom,England,London,,,(direct),(none),(direct),ba946113c0e08d7a4a1358ea0077a98e_8
20180829,1535547819764001,2018-08-29T14:03:39,button_press,1535547819763001,2018-08-29T14:03:39,,12,67564,ba946113c0e08d7a4a1358ea0077a98e,DC006A2B90D34FBF94E0CC3C42B52538,1535546745206000,2018-08-29T13:45:45,,1220499683,IOS,,SplashViewController,app,-2568797053873353533,,1,,,0,0,,range,,,,,,,,,1535546745206000,ba946113c0e08d7a4a1358ea0077a98e,uk.co.skoda.assistant.test,1.1.7,,1:571703561616:ios:777087d7f78ec12a,manual_install,tablet,Apple,iPad Air 2,,"iPad5,4",IOS,11.4.1,,,en-gb,No,3600,,,Europe,United Kingdom,England,London,,,(direct),(none),(direct),ba946113c0e08d7a4a1358ea0077a98e_8
20180829,1535547820774002,2018-08-29T14:03:40,user_engagement,1535547818669002,2018-08-29T14:03:38,,12,67564,ba946113c0e08d7a4a1358ea0077a98e,DC006A2B90D34FBF94E0CC3C42B52538,1535546745206000,2018-08-29T13:45:45,,1220499683,IOS,,SplashViewController,auto,-2568797053873353533,2105,,,,0,0,,,,,,,,,,,1535546745206000,ba946113c0e08d7a4a1358ea0077a98e,uk.co.skoda.assistant.test,1.1.7,,1:571703561616:ios:777087d7f78ec12a,manual_install,tablet,Apple,iPad Air 2,,"iPad5,4",IOS,11.4.1,,,en-gb,No,3600,,,Europe,United Kingdom,England,London,,,(direct),(none),(direct),ba946113c0e08d7a4a1358ea0077a98e_8
20180829,1535547820775002,2018-08-29T14:03:40,screen_view,1535547818669002,2018-08-29T14:03:38,,12,67564,ba946113c0e08d7a4a1358ea0077a98e,DC006A2B90D34FBF94E0CC3C42B52538,1535546745206000,2018-08-29T13:45:45,,1220499683,IOS,,SkodaContentViewController,auto,-2568797053873353530,,1,-2568797053873353533,SplashViewController,0,0,,,,,,,,,,,1535546745206000,ba946113c0e08d7a4a1358ea0077a98e,uk.co.skoda.assistant.test,1.1.7,,1:571703561616:ios:777087d7f78ec12a,manual_install,tablet,Apple,iPad Air 2,,"iPad5,4",IOS,11.4.1,,,en-gb,No,3600,,,Europe,United Kingdom,England,London,,,(direct),(none),(direct),ba946113c0e08d7a4a1358ea0077a98e_8
20180829,1535547820778003,2018-08-29T14:03:40,screen_view,1535547820775003,2018-08-29T14:03:40,,12,67564,ba946113c0e08d7a4a1358ea0077a98e,DC006A2B90D34FBF94E0CC3C42B52538,1535546745206000,2018-08-29T13:45:45,,1220499683,IOS,,RangeContentViewController,auto,-2568797053873353529,,1,-2568797053873353530,SkodaContentViewController,0,0,,,,,,,,,,,1535546745206000,ba946113c0e08d7a4a1358ea0077a98e,uk.co.skoda.assistant.test,1.1.7,,1:571703561616:ios:777087d7f78ec12a,manual_install,tablet,Apple,iPad Air 2,,"iPad5,4",IOS,11.4.1,,,en-gb,No,3600,,,Europe,United Kingdom,England,London,,,(direct),(none),(direct),ba946113c0e08d7a4a1358ea0077a98e_8
20180829,1535547822910004,2018-08-29T14:03:42,button_press,1535547819764004,2018-08-29T14:03:39,,12,67564,ba946113c0e08d7a4a1358ea0077a98e,DC006A2B90D34FBF94E0CC3C42B52538,1535546745206000,2018-08-29T13:45:45,,1220499683,IOS,,RangeContentViewController,app,-2568797053873353529,,1,,,0,0,S,range_home_trim_select,75,,,,,,,,1535546745206000,ba946113c0e08d7a4a1358ea0077a98e,uk.co.skoda.assistant.test,1.1.7,,1:571703561616:ios:777087d7f78ec12a,manual_install,tablet,Apple,iPad Air 2,,"iPad5,4",IOS,11.4.1,,,en-gb,No,3600,,,Europe,United Kingdom,England,London,,,(direct),(none),(direct),ba946113c0e08d7a4a1358ea0077a98e_8
20180829,1535547823667006,2018-08-29T14:03:43,user_engagement,1535547820774006,2018-08-29T14:03:40,,12,67564,ba946113c0e08d7a4a1358ea0077a98e,DC006A2B90D34FBF94E0CC3C42B52538,1535546745206000,2018-08-29T13:45:45,,1220499683,IOS,,RangeContentViewController,auto,-2568797053873353529,2893,,,,0,0,,,,,,,,,,,1535546745206000,ba946113c0e08d7a4a1358ea0077a98e,uk.co.skoda.assistant.test,1.1.7,,1:571703561616:ios:777087d7f78ec12a,manual_install,tablet,Apple,iPad Air 2,,"iPad5,4",IOS,11.4.1,,,en-gb,No,3600,,,Europe,United Kingdom,England,London,,,(direct),(none),(direct),ba946113c0e08d7a4a1358ea0077a98e_8
20180829,1535547823668005,2018-08-29T14:03:43,screen_view,1535547820778005,2018-08-29T14:03:40,,12,67564,ba946113c0e08d7a4a1358ea0077a98e,DC006A2B90D34FBF94E0CC3C42B52538,1535546745206000,2018-08-29T13:45:45,,1220499683,IOS,,TrimViewController,auto,-2568797053873353528,,1,-2568797053873353529,RangeContentViewController,0,0,,,,,,,,,,,1535546745206000,ba946113c0e08d7a4a1358ea0077a98e,uk.co.skoda.assistant.test,1.1.7,,1:571703561616:ios:777087d7f78ec12a,manual_install,tablet,Apple,iPad Air 2,,"iPad5,4",IOS,11.4.1,,,en-gb,No,3600,,,Europe,United Kingdom,England,London,,,(direct),(none),(direct),ba946113c0e08d7a4a1358ea0077a98e_8
20180829,1535547845849000,2018-08-29T14:04:05,screen_view,1535547823668000,2018-08-29T14:03:43,,13,67565,ba946113c0e08d7a4a1358ea0077a98e,DC006A2B90D34FBF94E0CC3C42B52538,1535546745206000,2018-08-29T13:45:45,,1220499683,IOS,,SplashViewController,auto,-483852119262409461,,1,,,0,0,,,,,,,,,,,1535546745206000,ba946113c0e08d7a4a1358ea0077a98e,uk.co.skoda.assistant.test,1.1.7,,1:571703561616:ios:777087d7f78ec12a,manual_install,tablet,Apple,iPad Air 2,,"iPad5,4",IOS,11.4.1,,,en-gb,No,3600,,,Europe,United Kingdom,England,London,,,(direct),(none),(direct),ba946113c0e08d7a4a1358ea0077a98e_8
20180829,1535547846051001,2018-08-29T14:04:06,screen_view,1535547845849001,2018-08-29T14:04:05,,13,67565,ba946113c0e08d7a4a1358ea0077a98e,DC006A2B90D34FBF94E0CC3C42B52538,1535546745206000,2018-08-29T13:45:45,,1220499683,IOS,,LoginViewController,auto,-483852119262409460,,1,-483852119262409461,SplashViewController,0,0,,,,,,,,,,,1535546745206000,ba946113c0e08d7a4a1358ea0077a98e,uk.co.skoda.assistant.test,1.1.7,,1:571703561616:ios:777087d7f78ec12a,manual_install,tablet,Apple,iPad Air 2,,"iPad5,4",IOS,11.4.1,,,en-gb,No,3600,,,Europe,United Kingdom,England,London,,,(direct),(none),(direct),ba946113c0e08d7a4a1358ea0077a98e_8
20180829,1535547849808002,2018-08-29T14:04:09,user_engagement,1535547823667002,2018-08-29T14:03:43,,13,67565,ba946113c0e08d7a4a1358ea0077a98e,DC006A2B90D34FBF94E0CC3C42B52538,1535546745206000,2018-08-29T13:45:45,,1220499683,IOS,,LoginViewController,auto,-483852119262409460,3898,,,,0,0,,,,,,,,,,,1535546745206000,ba946113c0e08d7a4a1358ea0077a98e,uk.co.skoda.assistant.test,1.1.7,,1:571703561616:ios:777087d7f78ec12a,manual_install,tablet,Apple,iPad Air 2,,"iPad5,4",IOS,11.4.1,,,en-gb,No,3600,,,Europe,United Kingdom,England,London,,,(direct),(none),(direct),ba946113c0e08d7a4a1358ea0077a98e_8
20180829,1535547853856000,2018-08-29T14:04:13,screen_view,1535547846051000,2018-08-29T14:04:06,,14,78132,ba946113c0e08d7a4a1358ea0077a98e,DC006A2B90D34FBF94E0CC3C42B52538,1535546745206000,2018-08-29T13:45:45,,1220499683,IOS,,SplashViewController,auto,-483852119262409461,,1,-483852119262409460,LoginViewController,0,0,,,,,,,,,,,1535546745206000,ba946113c0e08d7a4a1358ea0077a98e,uk.co.skoda.assistant.test,1.1.7,,1:571703561616:ios:777087d7f78ec12a,manual_install,tablet,Apple,iPad Air 2,,"iPad5,4",IOS,11.4.1,,,en-gb,No,3600,,,Europe,United Kingdom,England,London,,,(direct),(none),(direct),ba946113c0e08d7a4a1358ea0077a98e_8
20180829,1535547853856000,2018-08-29T14:04:13,user_engagement,1535547849808000,2018-08-29T14:04:09,,14,78132,ba946113c0e08d7a4a1358ea0077a98e,DC006A2B90D34FBF94E0CC3C42B52538,1535546745206000,2018-08-29T13:45:45,,1220499683,IOS,,LoginViewController,auto,-483852119262409460,2762,,,,0,0,,,,,,,,,,,1535546745206000,ba946113c0e08d7a4a1358ea0077a98e,uk.co.skoda.assistant.test,1.1.7,,1:571703561616:ios:777087d7f78ec12a,manual_install,tablet,Apple,iPad Air 2,,"iPad5,4",IOS,11.4.1,,,en-gb,No,3600,,,Europe,United Kingdom,England,London,,,(direct),(none),(direct),ba946113c0e08d7a4a1358ea0077a98e_8
