event_date,event_timestamp,event_iso8601,event_name,event_previous_timestamp,event_previous_iso8601,event_value_in_usd,event_bundle_sequence_id,event_server_timestamp_offset,user_id,user_pseudo_id,user_first_touch_timestamp,user_first_touch_iso8601,user_ltv,stream_id,platform,event_dimensions,firebase_screen_class,firebase_event_origin,firebase_screen_id,engagement_time_msec,firebase_conversion,firebase_previous_id,firebase_previous_class,user_retailer,user_area,AnalyticsParameterTerm,button_name,AnalyticsParameterItemID,engine,Compared_vehicle_1,Compared_vehicle_2,update_with_analytics,previous_first_open_count,previous_app_version,Compared_vehicle_3,first_open_time,user_id,id,version,install_store,firebase_app_id,install_source,category,mobile_brand_name,mobile_model_name,mobile_marketing_name,mobile_os_hardware_model,operating_system,operating_system_version,vendor_id,advertising_id,language,is_limited_ad_tracking,time_zone_offset_seconds,browser,browser,continent,country,region,city,sub_continent,metro,name,medium,source,user_session_generated_id
20180829,1535533512944000,2018-08-29T10:05:12,screen_view,1535471355954000,2018-08-28T16:49:15,,13,88423,7b17711799bf9e41f4114f7d998ee54e,15DB29ECA3A04199856C05BC638AF2C5,1535468210478000,2018-08-28T15:56:50,,1220499683,IOS,,LoginViewController,auto,1191652047904857632,,1,1191652047904857606,RangeContentViewController,User login not captured,,,,,,,,,,,,1535468210478000,7b17711799bf9e41f4114f7d998ee54e,uk.co.skoda.assistant.uat,1.1.7,,1:571703561616:ios:777087d7f78ec12a,manual_install,tablet,Apple,iPad 5th gen,,"iPad6,11",IOS,11.4.1,,,en-gb,No,3600,,,Europe,United Kingdom,England,Bristol,,,(direct),(none),(direct),User login not captured
20180829,1535533513221001,2018-08-29T10:05:13,screen_view,1535533512944001,2018-08-29T10:05:12,,13,88423,7b17711799bf9e41f4114f7d998ee54e,15DB29ECA3A04199856C05BC638AF2C5,1535468210478000,2018-08-28T15:56:50,,1220499683,IOS,,SplashViewController,auto,1191652047904857602,,1,1191652047904857632,LoginViewController,User login not captured,,,,,,,,,,,,1535468210478000,7b17711799bf9e41f4114f7d998ee54e,uk.co.skoda.assistant.uat,1.1.7,,1:571703561616:ios:777087d7f78ec12a,manual_install,tablet,Apple,iPad 5th gen,,"iPad6,11",IOS,11.4.1,,,en-gb,No,3600,,,Europe,United Kingdom,England,Bristol,,,(direct),(none),(direct),User login not captured
20180829,1535533513446002,2018-08-29T10:05:13,user_engagement,1535471720693002,2018-08-28T16:55:20,,13,88423,7b17711799bf9e41f4114f7d998ee54e,15DB29ECA3A04199856C05BC638AF2C5,1535468210478000,2018-08-28T15:56:50,,1220499683,IOS,,SplashViewController,auto,1191652047904857602,753,,,,User login not captured,,,,,,,,,,,,1535468210478000,7b17711799bf9e41f4114f7d998ee54e,uk.co.skoda.assistant.uat,1.1.7,,1:571703561616:ios:777087d7f78ec12a,manual_install,tablet,Apple,iPad 5th gen,,"iPad6,11",IOS,11.4.1,,,en-gb,No,3600,,,Europe,United Kingdom,England,Bristol,,,(direct),(none),(direct),User login not captured
20180829,1535534407113000,2018-08-29T10:20:07,screen_view,1535533513221000,2018-08-29T10:05:13,,14,88424,7b17711799bf9e41f4114f7d998ee54e,15DB29ECA3A04199856C05BC638AF2C5,1535468210478000,2018-08-28T15:56:50,,1220499683,IOS,,SplashViewController,auto,-94613926138776039,,1,,,User login not captured,,,,,,,,,,,,1535468210478000,7b17711799bf9e41f4114f7d998ee54e,uk.co.skoda.assistant.uat,1.1.7,,1:571703561616:ios:777087d7f78ec12a,manual_install,tablet,Apple,iPad 5th gen,,"iPad6,11",IOS,11.4.1,,,en-gb,No,3600,,,Europe,United Kingdom,England,Bristol,,,(direct),(none),(direct),User login not captured
20180829,1535534407342001,2018-08-29T10:20:07,screen_view,1535534407113001,2018-08-29T10:20:07,,14,88424,7b17711799bf9e41f4114f7d998ee54e,15DB29ECA3A04199856C05BC638AF2C5,1535468210478000,2018-08-28T15:56:50,,1220499683,IOS,,LoginViewController,auto,-94613926138776038,,1,-94613926138776039,SplashViewController,User login not captured,,,,,,,,,,,,1535468210478000,7b17711799bf9e41f4114f7d998ee54e,uk.co.skoda.assistant.uat,1.1.7,,1:571703561616:ios:777087d7f78ec12a,manual_install,tablet,Apple,iPad 5th gen,,"iPad6,11",IOS,11.4.1,,,en-gb,No,3600,,,Europe,United Kingdom,England,Bristol,,,(direct),(none),(direct),User login not captured
20180829,1535534407503000,2018-08-29T10:20:07,user_engagement,1535533513446000,2018-08-29T10:05:13,,15,92512,7b17711799bf9e41f4114f7d998ee54e,15DB29ECA3A04199856C05BC638AF2C5,1535468210478000,2018-08-28T15:56:50,,1220499683,IOS,,LoginViewController,auto,-94613926138776038,357,,,,User login not captured,,,,,,,,,,,,1535468210478000,7b17711799bf9e41f4114f7d998ee54e,uk.co.skoda.assistant.uat,1.1.7,,1:571703561616:ios:777087d7f78ec12a,manual_install,tablet,Apple,iPad 5th gen,,"iPad6,11",IOS,11.4.1,,,en-gb,No,3600,,,Europe,United Kingdom,England,Bristol,,,(direct),(none),(direct),User login not captured
20180829,1535546932183000,2018-08-29T13:48:52,button_press,,,,4,98112,7b17711799bf9e41f4114f7d998ee54e,70D168A4C87C4120865D9DA1D95684AF,1535546814992000,2018-08-29T13:46:54,,1220499683,IOS,,SplashViewController,app,-3167492771312255133,,1,,,User login not captured,,,globalnav_range,,,,,,,,,1535546814992000,7b17711799bf9e41f4114f7d998ee54e,uk.co.skoda.assistant.uat,1.1.6,,1:571703561616:ios:777087d7f78ec12a,manual_install,tablet,Apple,iPad 5th gen,,"iPad6,11",IOS,11.4.1,,,en-gb,No,3600,,,Europe,United Kingdom,England,Bristol,,,(direct),(none),(direct),User login not captured
20180829,1535546932184001,2018-08-29T13:48:52,button_press,1535546932183001,2018-08-29T13:48:52,,4,98112,7b17711799bf9e41f4114f7d998ee54e,70D168A4C87C4120865D9DA1D95684AF,1535546814992000,2018-08-29T13:46:54,,1220499683,IOS,,SplashViewController,app,-3167492771312255133,,1,,,User login not captured,,,range,,,,,,,,,1535546814992000,7b17711799bf9e41f4114f7d998ee54e,uk.co.skoda.assistant.uat,1.1.6,,1:571703561616:ios:777087d7f78ec12a,manual_install,tablet,Apple,iPad 5th gen,,"iPad6,11",IOS,11.4.1,,,en-gb,No,3600,,,Europe,United Kingdom,England,Bristol,,,(direct),(none),(direct),User login not captured
20180829,1535546933024002,2018-08-29T13:48:53,screen_view,1535546932027002,2018-08-29T13:48:52,,4,98112,7b17711799bf9e41f4114f7d998ee54e,70D168A4C87C4120865D9DA1D95684AF,1535546814992000,2018-08-29T13:46:54,,1220499683,IOS,,SkodaContentViewController,auto,-3167492771312255130,,1,-3167492771312255133,SplashViewController,User login not captured,,,,,,,,,,,,1535546814992000,7b17711799bf9e41f4114f7d998ee54e,uk.co.skoda.assistant.uat,1.1.6,,1:571703561616:ios:777087d7f78ec12a,manual_install,tablet,Apple,iPad 5th gen,,"iPad6,11",IOS,11.4.1,,,en-gb,No,3600,,,Europe,United Kingdom,England,Bristol,,,(direct),(none),(direct),User login not captured
20180829,1535546933025003,2018-08-29T13:48:53,screen_view,1535546933024003,2018-08-29T13:48:53,,4,98112,7b17711799bf9e41f4114f7d998ee54e,70D168A4C87C4120865D9DA1D95684AF,1535546814992000,2018-08-29T13:46:54,,1220499683,IOS,,RangeContentViewController,auto,-3167492771312255129,,1,-3167492771312255130,SkodaContentViewController,User login not captured,,,,,,,,,,,,1535546814992000,7b17711799bf9e41f4114f7d998ee54e,uk.co.skoda.assistant.uat,1.1.6,,1:571703561616:ios:777087d7f78ec12a,manual_install,tablet,Apple,iPad 5th gen,,"iPad6,11",IOS,11.4.1,,,en-gb,No,3600,,,Europe,United Kingdom,England,Bristol,,,(direct),(none),(direct),User login not captured
20180829,1535546955809000,2018-08-29T13:49:15,button_press,1535546932184000,2018-08-29T13:48:52,,5,65013,7b17711799bf9e41f4114f7d998ee54e,70D168A4C87C4120865D9DA1D95684AF,1535546814992000,2018-08-29T13:46:54,,1220499683,IOS,,RangeContentViewController,app,-3167492771312255129,,1,,,User login not captured,,SE,range_home_trim_select,6,,,,,,,,1535546814992000,7b17711799bf9e41f4114f7d998ee54e,uk.co.skoda.assistant.uat,1.1.6,,1:571703561616:ios:777087d7f78ec12a,manual_install,tablet,Apple,iPad 5th gen,,"iPad6,11",IOS,11.4.1,,,en-gb,No,3600,,,Europe,United Kingdom,England,Bristol,,,(direct),(none),(direct),User login not captured
20180829,1535546956705001,2018-08-29T13:49:16,screen_view,1535546933025001,2018-08-29T13:48:53,,5,65013,7b17711799bf9e41f4114f7d998ee54e,70D168A4C87C4120865D9DA1D95684AF,1535546814992000,2018-08-29T13:46:54,,1220499683,IOS,,TrimViewController,auto,-3167492771312255128,,1,-3167492771312255129,RangeContentViewController,User login not captured,,,,,,,,,,,,1535546814992000,7b17711799bf9e41f4114f7d998ee54e,uk.co.skoda.assistant.uat,1.1.6,,1:571703561616:ios:777087d7f78ec12a,manual_install,tablet,Apple,iPad 5th gen,,"iPad6,11",IOS,11.4.1,,,en-gb,No,3600,,,Europe,United Kingdom,England,Bristol,,,(direct),(none),(direct),User login not captured
20180829,1535546956705001,2018-08-29T13:49:16,user_engagement,1535546932026001,2018-08-29T13:48:52,,5,65013,7b17711799bf9e41f4114f7d998ee54e,70D168A4C87C4120865D9DA1D95684AF,1535546814992000,2018-08-29T13:46:54,,1220499683,IOS,,RangeContentViewController,auto,-3167492771312255129,24678,,,,User login not captured,,,,,,,,,,,,1535546814992000,7b17711799bf9e41f4114f7d998ee54e,uk.co.skoda.assistant.uat,1.1.6,,1:571703561616:ios:777087d7f78ec12a,manual_install,tablet,Apple,iPad 5th gen,,"iPad6,11",IOS,11.4.1,,,en-gb,No,3600,,,Europe,United Kingdom,England,Bristol,,,(direct),(none),(direct),User login not captured
20180829,1535546957956002,2018-08-29T13:49:17,button_press,1535546955809002,2018-08-29T13:49:15,,5,65013,7b17711799bf9e41f4114f7d998ee54e,70D168A4C87C4120865D9DA1D95684AF,1535546814992000,2018-08-29T13:46:54,,1220499683,IOS,,TrimViewController,app,-3167492771312255128,,1,,,User login not captured,,,trim_home_save_selection,,,,,,,,,1535546814992000,7b17711799bf9e41f4114f7d998ee54e,uk.co.skoda.assistant.uat,1.1.6,,1:571703561616:ios:777087d7f78ec12a,manual_install,tablet,Apple,iPad 5th gen,,"iPad6,11",IOS,11.4.1,,,en-gb,No,3600,,,Europe,United Kingdom,England,Bristol,,,(direct),(none),(direct),User login not captured
20180829,1535546959642003,2018-08-29T13:49:19,AnalyticsEventShare,,,,5,65013,7b17711799bf9e41f4114f7d998ee54e,70D168A4C87C4120865D9DA1D95684AF,1535546814992000,2018-08-29T13:46:54,,1220499683,IOS,,TrimViewController,app,-3167492771312255128,,1,,,User login not captured,,CITIGO 5 D SE 1.0 MPI 60,,6019,,,,,,,,1535546814992000,7b17711799bf9e41f4114f7d998ee54e,uk.co.skoda.assistant.uat,1.1.6,,1:571703561616:ios:777087d7f78ec12a,manual_install,tablet,Apple,iPad 5th gen,,"iPad6,11",IOS,11.4.1,,,en-gb,No,3600,,,Europe,United Kingdom,England,Bristol,,,(direct),(none),(direct),User login not captured
20180829,1535546960273005,2018-08-29T13:49:20,user_engagement,1535546956705005,2018-08-29T13:49:16,,5,65013,7b17711799bf9e41f4114f7d998ee54e,70D168A4C87C4120865D9DA1D95684AF,1535546814992000,2018-08-29T13:46:54,,1220499683,IOS,,TrimViewController,auto,-3167492771312255128,3568,,,,User login not captured,,,,,,,,,,,,1535546814992000,7b17711799bf9e41f4114f7d998ee54e,uk.co.skoda.assistant.uat,1.1.6,,1:571703561616:ios:777087d7f78ec12a,manual_install,tablet,Apple,iPad 5th gen,,"iPad6,11",IOS,11.4.1,,,en-gb,No,3600,,,Europe,United Kingdom,England,Bristol,,,(direct),(none),(direct),User login not captured
20180829,1535546960274004,2018-08-29T13:49:20,screen_view,1535546956705004,2018-08-29T13:49:16,,5,65013,7b17711799bf9e41f4114f7d998ee54e,70D168A4C87C4120865D9DA1D95684AF,1535546814992000,2018-08-29T13:46:54,,1220499683,IOS,,EmailGeneratorViewController,auto,-3167492771312255127,,1,-3167492771312255128,TrimViewController,User login not captured,,,,,,,,,,,,1535546814992000,7b17711799bf9e41f4114f7d998ee54e,uk.co.skoda.assistant.uat,1.1.6,,1:571703561616:ios:777087d7f78ec12a,manual_install,tablet,Apple,iPad 5th gen,,"iPad6,11",IOS,11.4.1,,,en-gb,No,3600,,,Europe,United Kingdom,England,Bristol,,,(direct),(none),(direct),User login not captured
20180829,1535546976724005,2018-08-29T13:49:36,button_press,1535546957956005,2018-08-29T13:49:17,,5,65013,7b17711799bf9e41f4114f7d998ee54e,70D168A4C87C4120865D9DA1D95684AF,1535546814992000,2018-08-29T13:46:54,,1220499683,IOS,,EmailGeneratorViewController,app,-3167492771312255127,,1,,,User login not captured,,,email_create_email,,,,,,,,,1535546814992000,7b17711799bf9e41f4114f7d998ee54e,uk.co.skoda.assistant.uat,1.1.6,,1:571703561616:ios:777087d7f78ec12a,manual_install,tablet,Apple,iPad 5th gen,,"iPad6,11",IOS,11.4.1,,,en-gb,No,3600,,,Europe,United Kingdom,England,Bristol,,,(direct),(none),(direct),User login not captured
20180829,1535546978085008,2018-08-29T13:49:38,user_engagement,1535546960273008,2018-08-29T13:49:20,,5,65013,7b17711799bf9e41f4114f7d998ee54e,70D168A4C87C4120865D9DA1D95684AF,1535546814992000,2018-08-29T13:46:54,,1220499683,IOS,,EmailGeneratorViewController,auto,-3167492771312255127,17811,,,,User login not captured,,,,,,,,,,,,1535546814992000,7b17711799bf9e41f4114f7d998ee54e,uk.co.skoda.assistant.uat,1.1.6,,1:571703561616:ios:777087d7f78ec12a,manual_install,tablet,Apple,iPad 5th gen,,"iPad6,11",IOS,11.4.1,,,en-gb,No,3600,,,Europe,United Kingdom,England,Bristol,,,(direct),(none),(direct),User login not captured
20180829,1535546978086006,2018-08-29T13:49:38,screen_view,1535546960274006,2018-08-29T13:49:20,,5,65013,7b17711799bf9e41f4114f7d998ee54e,70D168A4C87C4120865D9DA1D95684AF,1535546814992000,2018-08-29T13:46:54,,1220499683,IOS,,MFMailComposeInternalViewController,auto,-3167492771312255126,,1,-3167492771312255127,EmailGeneratorViewController,User login not captured,,,,,,,,,,,,1535546814992000,7b17711799bf9e41f4114f7d998ee54e,uk.co.skoda.assistant.uat,1.1.6,,1:571703561616:ios:777087d7f78ec12a,manual_install,tablet,Apple,iPad 5th gen,,"iPad6,11",IOS,11.4.1,,,en-gb,No,3600,,,Europe,United Kingdom,England,Bristol,,,(direct),(none),(direct),User login not captured
20180829,1535547101307000,2018-08-29T13:51:41,user_engagement,1535546978085000,2018-08-29T13:49:38,,6,70157,7b17711799bf9e41f4114f7d998ee54e,70D168A4C87C4120865D9DA1D95684AF,1535546814992000,2018-08-29T13:46:54,,1220499683,IOS,,MFMailComposeInternalViewController,auto,-3167492771312255126,123221,,,,User login not captured,,,,,,,,,,,,1535546814992000,7b17711799bf9e41f4114f7d998ee54e,uk.co.skoda.assistant.uat,1.1.6,,1:571703561616:ios:777087d7f78ec12a,manual_install,tablet,Apple,iPad 5th gen,,"iPad6,11",IOS,11.4.1,,,en-gb,No,3600,,,Europe,United Kingdom,England,Bristol,,,(direct),(none),(direct),User login not captured
20180829,1535547393744000,2018-08-29T13:56:33,user_engagement,1535547101307000,2018-08-29T13:51:41,,7,104605,7b17711799bf9e41f4114f7d998ee54e,70D168A4C87C4120865D9DA1D95684AF,1535546814992000,2018-08-29T13:46:54,,1220499683,IOS,,MFMailComposeInternalViewController,auto,-3167492771312255126,1042,,,,User login not captured,,,,,,,,,,,,1535546814992000,7b17711799bf9e41f4114f7d998ee54e,uk.co.skoda.assistant.uat,1.1.6,,1:571703561616:ios:777087d7f78ec12a,manual_install,tablet,Apple,iPad 5th gen,,"iPad6,11",IOS,11.4.1,,,en-gb,No,3600,,,Europe,United Kingdom,England,Bristol,,,(direct),(none),(direct),User login not captured
20180829,1535548154237000,2018-08-29T14:09:14,button_press,,,,4,114526,7b17711799bf9e41f4114f7d998ee54e,CB3FEB7091B04C28B1C346643E420CB5,1535547987173000,2018-08-29T14:06:27,,1220499683,IOS,,SplashViewController,app,8423363233382753757,,1,,,User login not captured,,,globalnav_range,,,,,,,,,1535547987173000,7b17711799bf9e41f4114f7d998ee54e,uk.co.skoda.assistant.uat,1.1.6,,1:571703561616:ios:777087d7f78ec12a,manual_install,tablet,Apple,iPad 5th gen,,"iPad6,11",IOS,11.4.1,,,en-gb,No,3600,,,Europe,United Kingdom,England,Bristol,,,(direct),(none),(direct),User login not captured
20180829,1535548154237001,2018-08-29T14:09:14,button_press,1535548154237001,2018-08-29T14:09:14,,4,114526,7b17711799bf9e41f4114f7d998ee54e,CB3FEB7091B04C28B1C346643E420CB5,1535547987173000,2018-08-29T14:06:27,,1220499683,IOS,,SplashViewController,app,8423363233382753757,,1,,,User login not captured,,,range,,,,,,,,,1535547987173000,7b17711799bf9e41f4114f7d998ee54e,uk.co.skoda.assistant.uat,1.1.6,,1:571703561616:ios:777087d7f78ec12a,manual_install,tablet,Apple,iPad 5th gen,,"iPad6,11",IOS,11.4.1,,,en-gb,No,3600,,,Europe,United Kingdom,England,Bristol,,,(direct),(none),(direct),User login not captured
20180829,1535548155050002,2018-08-29T14:09:15,screen_view,1535548154071002,2018-08-29T14:09:14,,4,114526,7b17711799bf9e41f4114f7d998ee54e,CB3FEB7091B04C28B1C346643E420CB5,1535547987173000,2018-08-29T14:06:27,,1220499683,IOS,,SkodaContentViewController,auto,8423363233382753760,,1,8423363233382753757,SplashViewController,User login not captured,,,,,,,,,,,,1535547987173000,7b17711799bf9e41f4114f7d998ee54e,uk.co.skoda.assistant.uat,1.1.6,,1:571703561616:ios:777087d7f78ec12a,manual_install,tablet,Apple,iPad 5th gen,,"iPad6,11",IOS,11.4.1,,,en-gb,No,3600,,,Europe,United Kingdom,England,Bristol,,,(direct),(none),(direct),User login not captured
20180829,1535548155052003,2018-08-29T14:09:15,screen_view,1535548155050003,2018-08-29T14:09:15,,4,114526,7b17711799bf9e41f4114f7d998ee54e,CB3FEB7091B04C28B1C346643E420CB5,1535547987173000,2018-08-29T14:06:27,,1220499683,IOS,,RangeContentViewController,auto,8423363233382753761,,1,8423363233382753760,SkodaContentViewController,User login not captured,,,,,,,,,,,,1535547987173000,7b17711799bf9e41f4114f7d998ee54e,uk.co.skoda.assistant.uat,1.1.6,,1:571703561616:ios:777087d7f78ec12a,manual_install,tablet,Apple,iPad 5th gen,,"iPad6,11",IOS,11.4.1,,,en-gb,No,3600,,,Europe,United Kingdom,England,Bristol,,,(direct),(none),(direct),User login not captured
20180829,1535548166072004,2018-08-29T14:09:26,button_press,1535548154237004,2018-08-29T14:09:14,,4,114526,7b17711799bf9e41f4114f7d998ee54e,CB3FEB7091B04C28B1C346643E420CB5,1535547987173000,2018-08-29T14:06:27,,1220499683,IOS,,RangeContentViewController,app,8423363233382753761,,1,,,User login not captured,,SE,range_home_trim_select,6,,,,,,,,1535547987173000,7b17711799bf9e41f4114f7d998ee54e,uk.co.skoda.assistant.uat,1.1.6,,1:571703561616:ios:777087d7f78ec12a,manual_install,tablet,Apple,iPad 5th gen,,"iPad6,11",IOS,11.4.1,,,en-gb,No,3600,,,Europe,United Kingdom,England,Bristol,,,(direct),(none),(direct),User login not captured
20180829,1535548166830005,2018-08-29T14:09:26,user_engagement,1535548154071005,2018-08-29T14:09:14,,4,114526,7b17711799bf9e41f4114f7d998ee54e,CB3FEB7091B04C28B1C346643E420CB5,1535547987173000,2018-08-29T14:06:27,,1220499683,IOS,,RangeContentViewController,auto,8423363233382753761,12759,,,,User login not captured,,,,,,,,,,,,1535547987173000,7b17711799bf9e41f4114f7d998ee54e,uk.co.skoda.assistant.uat,1.1.6,,1:571703561616:ios:777087d7f78ec12a,manual_install,tablet,Apple,iPad 5th gen,,"iPad6,11",IOS,11.4.1,,,en-gb,No,3600,,,Europe,United Kingdom,England,Bristol,,,(direct),(none),(direct),User login not captured
20180829,1535548166831005,2018-08-29T14:09:26,screen_view,1535548155052005,2018-08-29T14:09:15,,4,114526,7b17711799bf9e41f4114f7d998ee54e,CB3FEB7091B04C28B1C346643E420CB5,1535547987173000,2018-08-29T14:06:27,,1220499683,IOS,,TrimViewController,auto,8423363233382753762,,1,8423363233382753761,RangeContentViewController,User login not captured,,,,,,,,,,,,1535547987173000,7b17711799bf9e41f4114f7d998ee54e,uk.co.skoda.assistant.uat,1.1.6,,1:571703561616:ios:777087d7f78ec12a,manual_install,tablet,Apple,iPad 5th gen,,"iPad6,11",IOS,11.4.1,,,en-gb,No,3600,,,Europe,United Kingdom,England,Bristol,,,(direct),(none),(direct),User login not captured
20180829,1535548167753006,2018-08-29T14:09:27,button_press,1535548166072006,2018-08-29T14:09:26,,4,114526,7b17711799bf9e41f4114f7d998ee54e,CB3FEB7091B04C28B1C346643E420CB5,1535547987173000,2018-08-29T14:06:27,,1220499683,IOS,,TrimViewController,app,8423363233382753762,,1,,,User login not captured,,,trim_home_save_selection,,,,,,,,,1535547987173000,7b17711799bf9e41f4114f7d998ee54e,uk.co.skoda.assistant.uat,1.1.6,,1:571703561616:ios:777087d7f78ec12a,manual_install,tablet,Apple,iPad 5th gen,,"iPad6,11",IOS,11.4.1,,,en-gb,No,3600,,,Europe,United Kingdom,England,Bristol,,,(direct),(none),(direct),User login not captured
20180829,1535548168358007,2018-08-29T14:09:28,AnalyticsEventShare,,,,4,114526,7b17711799bf9e41f4114f7d998ee54e,CB3FEB7091B04C28B1C346643E420CB5,1535547987173000,2018-08-29T14:06:27,,1220499683,IOS,,TrimViewController,app,8423363233382753762,,1,,,User login not captured,,CITIGO 5 D SE 1.0 MPI 60,,6019,,,,,,,,1535547987173000,7b17711799bf9e41f4114f7d998ee54e,uk.co.skoda.assistant.uat,1.1.6,,1:571703561616:ios:777087d7f78ec12a,manual_install,tablet,Apple,iPad 5th gen,,"iPad6,11",IOS,11.4.1,,,en-gb,No,3600,,,Europe,United Kingdom,England,Bristol,,,(direct),(none),(direct),User login not captured
20180829,1535548168933009,2018-08-29T14:09:28,user_engagement,1535548166830009,2018-08-29T14:09:26,,4,114526,7b17711799bf9e41f4114f7d998ee54e,CB3FEB7091B04C28B1C346643E420CB5,1535547987173000,2018-08-29T14:06:27,,1220499683,IOS,,TrimViewController,auto,8423363233382753762,2102,,,,User login not captured,,,,,,,,,,,,1535547987173000,7b17711799bf9e41f4114f7d998ee54e,uk.co.skoda.assistant.uat,1.1.6,,1:571703561616:ios:777087d7f78ec12a,manual_install,tablet,Apple,iPad 5th gen,,"iPad6,11",IOS,11.4.1,,,en-gb,No,3600,,,Europe,United Kingdom,England,Bristol,,,(direct),(none),(direct),User login not captured
20180829,1535548168934008,2018-08-29T14:09:28,screen_view,1535548166831008,2018-08-29T14:09:26,,4,114526,7b17711799bf9e41f4114f7d998ee54e,CB3FEB7091B04C28B1C346643E420CB5,1535547987173000,2018-08-29T14:06:27,,1220499683,IOS,,EmailGeneratorViewController,auto,8423363233382753763,,1,8423363233382753762,TrimViewController,User login not captured,,,,,,,,,,,,1535547987173000,7b17711799bf9e41f4114f7d998ee54e,uk.co.skoda.assistant.uat,1.1.6,,1:571703561616:ios:777087d7f78ec12a,manual_install,tablet,Apple,iPad 5th gen,,"iPad6,11",IOS,11.4.1,,,en-gb,No,3600,,,Europe,United Kingdom,England,Bristol,,,(direct),(none),(direct),User login not captured
20180829,1535548188304000,2018-08-29T14:09:48,button_press,1535548167753000,2018-08-29T14:09:27,,5,214310,7b17711799bf9e41f4114f7d998ee54e,CB3FEB7091B04C28B1C346643E420CB5,1535547987173000,2018-08-29T14:06:27,,1220499683,IOS,,EmailGeneratorViewController,app,8423363233382753763,,1,,,User login not captured,,,email_create_email,,,,,,,,,1535547987173000,7b17711799bf9e41f4114f7d998ee54e,uk.co.skoda.assistant.uat,1.1.6,,1:571703561616:ios:777087d7f78ec12a,manual_install,tablet,Apple,iPad 5th gen,,"iPad6,11",IOS,11.4.1,,,en-gb,No,3600,,,Europe,United Kingdom,England,Bristol,,,(direct),(none),(direct),User login not captured
20180829,1535548189062001,2018-08-29T14:09:49,user_engagement,1535548168933001,2018-08-29T14:09:28,,5,214310,7b17711799bf9e41f4114f7d998ee54e,CB3FEB7091B04C28B1C346643E420CB5,1535547987173000,2018-08-29T14:06:27,,1220499683,IOS,,EmailGeneratorViewController,auto,8423363233382753763,20129,,,,User login not captured,,,,,,,,,,,,1535547987173000,7b17711799bf9e41f4114f7d998ee54e,uk.co.skoda.assistant.uat,1.1.6,,1:571703561616:ios:777087d7f78ec12a,manual_install,tablet,Apple,iPad 5th gen,,"iPad6,11",IOS,11.4.1,,,en-gb,No,3600,,,Europe,United Kingdom,England,Bristol,,,(direct),(none),(direct),User login not captured
20180829,1535548189063001,2018-08-29T14:09:49,screen_view,1535548168934001,2018-08-29T14:09:28,,5,214310,7b17711799bf9e41f4114f7d998ee54e,CB3FEB7091B04C28B1C346643E420CB5,1535547987173000,2018-08-29T14:06:27,,1220499683,IOS,,MFMailComposeInternalViewController,auto,8423363233382753764,,1,8423363233382753763,EmailGeneratorViewController,User login not captured,,,,,,,,,,,,1535547987173000,7b17711799bf9e41f4114f7d998ee54e,uk.co.skoda.assistant.uat,1.1.6,,1:571703561616:ios:777087d7f78ec12a,manual_install,tablet,Apple,iPad 5th gen,,"iPad6,11",IOS,11.4.1,,,en-gb,No,3600,,,Europe,United Kingdom,England,Bristol,,,(direct),(none),(direct),User login not captured
20180829,1535548321103003,2018-08-29T14:12:01,user_engagement,1535548189062003,2018-08-29T14:09:49,,5,214310,7b17711799bf9e41f4114f7d998ee54e,CB3FEB7091B04C28B1C346643E420CB5,1535547987173000,2018-08-29T14:06:27,,1220499683,IOS,,MFMailComposeInternalViewController,auto,8423363233382753764,132041,,,,User login not captured,,,,,,,,,,,,1535547987173000,7b17711799bf9e41f4114f7d998ee54e,uk.co.skoda.assistant.uat,1.1.6,,1:571703561616:ios:777087d7f78ec12a,manual_install,tablet,Apple,iPad 5th gen,,"iPad6,11",IOS,11.4.1,,,en-gb,No,3600,,,Europe,United Kingdom,England,Bristol,,,(direct),(none),(direct),User login not captured
20180829,1535548329931000,2018-08-29T14:12:09,screen_view,1535548189063000,2018-08-29T14:09:49,,6,88137,7b17711799bf9e41f4114f7d998ee54e,CB3FEB7091B04C28B1C346643E420CB5,1535547987173000,2018-08-29T14:06:27,,1220499683,IOS,,EmailGeneratorViewController,auto,8423363233382753763,,1,8423363233382753764,MFMailComposeInternalViewController,User login not captured,,,,,,,,,,,,1535547987173000,7b17711799bf9e41f4114f7d998ee54e,uk.co.skoda.assistant.uat,1.1.6,,1:571703561616:ios:777087d7f78ec12a,manual_install,tablet,Apple,iPad 5th gen,,"iPad6,11",IOS,11.4.1,,,en-gb,No,3600,,,Europe,United Kingdom,England,Bristol,,,(direct),(none),(direct),User login not captured
20180829,1535548329931000,2018-08-29T14:12:09,user_engagement,1535548321103000,2018-08-29T14:12:01,,6,88137,7b17711799bf9e41f4114f7d998ee54e,CB3FEB7091B04C28B1C346643E420CB5,1535547987173000,2018-08-29T14:06:27,,1220499683,IOS,,MFMailComposeInternalViewController,auto,8423363233382753764,8430,,,,User login not captured,,,,,,,,,,,,1535547987173000,7b17711799bf9e41f4114f7d998ee54e,uk.co.skoda.assistant.uat,1.1.6,,1:571703561616:ios:777087d7f78ec12a,manual_install,tablet,Apple,iPad 5th gen,,"iPad6,11",IOS,11.4.1,,,en-gb,No,3600,,,Europe,United Kingdom,England,Bristol,,,(direct),(none),(direct),User login not captured
20180829,1535548330445001,2018-08-29T14:12:10,screen_view,1535548329931001,2018-08-29T14:12:09,,6,88137,7b17711799bf9e41f4114f7d998ee54e,CB3FEB7091B04C28B1C346643E420CB5,1535547987173000,2018-08-29T14:06:27,,1220499683,IOS,,TrimViewController,auto,8423363233382753762,,1,8423363233382753763,EmailGeneratorViewController,User login not captured,,,,,,,,,,,,1535547987173000,7b17711799bf9e41f4114f7d998ee54e,uk.co.skoda.assistant.uat,1.1.6,,1:571703561616:ios:777087d7f78ec12a,manual_install,tablet,Apple,iPad 5th gen,,"iPad6,11",IOS,11.4.1,,,en-gb,No,3600,,,Europe,United Kingdom,England,Bristol,,,(direct),(none),(direct),User login not captured
20180829,1535548330974003,2018-08-29T14:12:10,user_engagement,1535548329931003,2018-08-29T14:12:09,,6,88137,7b17711799bf9e41f4114f7d998ee54e,CB3FEB7091B04C28B1C346643E420CB5,1535547987173000,2018-08-29T14:06:27,,1220499683,IOS,,TrimViewController,auto,8423363233382753762,1042,,,,User login not captured,,,,,,,,,,,,1535547987173000,7b17711799bf9e41f4114f7d998ee54e,uk.co.skoda.assistant.uat,1.1.6,,1:571703561616:ios:777087d7f78ec12a,manual_install,tablet,Apple,iPad 5th gen,,"iPad6,11",IOS,11.4.1,,,en-gb,No,3600,,,Europe,United Kingdom,England,Bristol,,,(direct),(none),(direct),User login not captured
20180829,1535548330975002,2018-08-29T14:12:10,screen_view,1535548330445002,2018-08-29T14:12:10,,6,88137,7b17711799bf9e41f4114f7d998ee54e,CB3FEB7091B04C28B1C346643E420CB5,1535547987173000,2018-08-29T14:06:27,,1220499683,IOS,,SkodaAlertController,auto,8423363233382753765,,1,8423363233382753762,TrimViewController,User login not captured,,,,,,,,,,,,1535547987173000,7b17711799bf9e41f4114f7d998ee54e,uk.co.skoda.assistant.uat,1.1.6,,1:571703561616:ios:777087d7f78ec12a,manual_install,tablet,Apple,iPad 5th gen,,"iPad6,11",IOS,11.4.1,,,en-gb,No,3600,,,Europe,United Kingdom,England,Bristol,,,(direct),(none),(direct),User login not captured
20180829,1535548337940003,2018-08-29T14:12:17,button_press,1535548188304003,2018-08-29T14:09:48,,6,88137,7b17711799bf9e41f4114f7d998ee54e,CB3FEB7091B04C28B1C346643E420CB5,1535547987173000,2018-08-29T14:06:27,,1220499683,IOS,,SkodaAlertController,app,8423363233382753765,,1,,,User login not captured,,,refresh_session_dialogue_yes,,,,,,,,,1535547987173000,7b17711799bf9e41f4114f7d998ee54e,uk.co.skoda.assistant.uat,1.1.6,,1:571703561616:ios:777087d7f78ec12a,manual_install,tablet,Apple,iPad 5th gen,,"iPad6,11",IOS,11.4.1,,,en-gb,No,3600,,,Europe,United Kingdom,England,Bristol,,,(direct),(none),(direct),User login not captured
20180829,1535548338204004,2018-08-29T14:12:18,screen_view,1535548330975004,2018-08-29T14:12:10,,6,88137,7b17711799bf9e41f4114f7d998ee54e,CB3FEB7091B04C28B1C346643E420CB5,1535547987173000,2018-08-29T14:06:27,,1220499683,IOS,,TrimViewController,auto,8423363233382753762,,1,8423363233382753765,SkodaAlertController,User login not captured,,,,,,,,,,,,1535547987173000,7b17711799bf9e41f4114f7d998ee54e,uk.co.skoda.assistant.uat,1.1.6,,1:571703561616:ios:777087d7f78ec12a,manual_install,tablet,Apple,iPad 5th gen,,"iPad6,11",IOS,11.4.1,,,en-gb,No,3600,,,Europe,United Kingdom,England,Bristol,,,(direct),(none),(direct),User login not captured
20180829,1535548338204006,2018-08-29T14:12:18,user_engagement,1535548330974006,2018-08-29T14:12:10,,6,88137,7b17711799bf9e41f4114f7d998ee54e,CB3FEB7091B04C28B1C346643E420CB5,1535547987173000,2018-08-29T14:06:27,,1220499683,IOS,,SkodaAlertController,auto,8423363233382753765,7229,,,,User login not captured,,,,,,,,,,,,1535547987173000,7b17711799bf9e41f4114f7d998ee54e,uk.co.skoda.assistant.uat,1.1.6,,1:571703561616:ios:777087d7f78ec12a,manual_install,tablet,Apple,iPad 5th gen,,"iPad6,11",IOS,11.4.1,,,en-gb,No,3600,,,Europe,United Kingdom,England,Bristol,,,(direct),(none),(direct),User login not captured
20180829,1535548338741000,2018-08-29T14:12:18,screen_view,1535548338204000,2018-08-29T14:12:18,,7,88138,7b17711799bf9e41f4114f7d998ee54e,CB3FEB7091B04C28B1C346643E420CB5,1535547987173000,2018-08-29T14:06:27,,1220499683,IOS,,SplashViewController,auto,8423363233382753757,,1,8423363233382753762,TrimViewController,User login not captured,,,,,,,,,,,,1535547987173000,7b17711799bf9e41f4114f7d998ee54e,uk.co.skoda.assistant.uat,1.1.6,,1:571703561616:ios:777087d7f78ec12a,manual_install,tablet,Apple,iPad 5th gen,,"iPad6,11",IOS,11.4.1,,,en-gb,No,3600,,,Europe,United Kingdom,England,Bristol,,,(direct),(none),(direct),User login not captured
20180829,1535548338840001,2018-08-29T14:12:18,button_press,1535548337940001,2018-08-29T14:12:17,,7,88138,7b17711799bf9e41f4114f7d998ee54e,CB3FEB7091B04C28B1C346643E420CB5,1535547987173000,2018-08-29T14:06:27,,1220499683,IOS,,SplashViewController,app,8423363233382753757,,1,,,User login not captured,,,globalnav_range,,,,,,,,,1535547987173000,7b17711799bf9e41f4114f7d998ee54e,uk.co.skoda.assistant.uat,1.1.6,,1:571703561616:ios:777087d7f78ec12a,manual_install,tablet,Apple,iPad 5th gen,,"iPad6,11",IOS,11.4.1,,,en-gb,No,3600,,,Europe,United Kingdom,England,Bristol,,,(direct),(none),(direct),User login not captured
20180829,1535548338841002,2018-08-29T14:12:18,button_press,1535548338840002,2018-08-29T14:12:18,,7,88138,7b17711799bf9e41f4114f7d998ee54e,CB3FEB7091B04C28B1C346643E420CB5,1535547987173000,2018-08-29T14:06:27,,1220499683,IOS,,SplashViewController,app,8423363233382753757,,1,,,User login not captured,,,range,,,,,,,,,1535547987173000,7b17711799bf9e41f4114f7d998ee54e,uk.co.skoda.assistant.uat,1.1.6,,1:571703561616:ios:777087d7f78ec12a,manual_install,tablet,Apple,iPad 5th gen,,"iPad6,11",IOS,11.4.1,,,en-gb,No,3600,,,Europe,United Kingdom,England,Bristol,,,(direct),(none),(direct),User login not captured
20180829,1535548339622003,2018-08-29T14:12:19,screen_view,1535548338741003,2018-08-29T14:12:18,,7,88138,7b17711799bf9e41f4114f7d998ee54e,CB3FEB7091B04C28B1C346643E420CB5,1535547987173000,2018-08-29T14:06:27,,1220499683,IOS,,SkodaContentViewController,auto,8423363233382753766,,1,8423363233382753757,SplashViewController,User login not captured,,,,,,,,,,,,1535547987173000,7b17711799bf9e41f4114f7d998ee54e,uk.co.skoda.assistant.uat,1.1.6,,1:571703561616:ios:777087d7f78ec12a,manual_install,tablet,Apple,iPad 5th gen,,"iPad6,11",IOS,11.4.1,,,en-gb,No,3600,,,Europe,United Kingdom,England,Bristol,,,(direct),(none),(direct),User login not captured
20180829,1535548339622003,2018-08-29T14:12:19,user_engagement,1535548338204003,2018-08-29T14:12:18,,7,88138,7b17711799bf9e41f4114f7d998ee54e,CB3FEB7091B04C28B1C346643E420CB5,1535547987173000,2018-08-29T14:06:27,,1220499683,IOS,,SplashViewController,auto,8423363233382753757,1417,,,,User login not captured,,,,,,,,,,,,1535547987173000,7b17711799bf9e41f4114f7d998ee54e,uk.co.skoda.assistant.uat,1.1.6,,1:571703561616:ios:777087d7f78ec12a,manual_install,tablet,Apple,iPad 5th gen,,"iPad6,11",IOS,11.4.1,,,en-gb,No,3600,,,Europe,United Kingdom,England,Bristol,,,(direct),(none),(direct),User login not captured
20180829,1535548339623004,2018-08-29T14:12:19,screen_view,1535548339622004,2018-08-29T14:12:19,,7,88138,7b17711799bf9e41f4114f7d998ee54e,CB3FEB7091B04C28B1C346643E420CB5,1535547987173000,2018-08-29T14:06:27,,1220499683,IOS,,RangeContentViewController,auto,8423363233382753767,,1,8423363233382753766,SkodaContentViewController,User login not captured,,,,,,,,,,,,1535547987173000,7b17711799bf9e41f4114f7d998ee54e,uk.co.skoda.assistant.uat,1.1.6,,1:571703561616:ios:777087d7f78ec12a,manual_install,tablet,Apple,iPad 5th gen,,"iPad6,11",IOS,11.4.1,,,en-gb,No,3600,,,Europe,United Kingdom,England,Bristol,,,(direct),(none),(direct),User login not captured
20180829,1535548402706005,2018-08-29T14:13:22,button_press,1535548338841005,2018-08-29T14:12:18,,7,88138,7b17711799bf9e41f4114f7d998ee54e,CB3FEB7091B04C28B1C346643E420CB5,1535547987173000,2018-08-29T14:06:27,,1220499683,IOS,,RangeContentViewController,app,8423363233382753767,,1,,,User login not captured,,,range_home_business_toggle,,,,,,,,,1535547987173000,7b17711799bf9e41f4114f7d998ee54e,uk.co.skoda.assistant.uat,1.1.6,,1:571703561616:ios:777087d7f78ec12a,manual_install,tablet,Apple,iPad 5th gen,,"iPad6,11",IOS,11.4.1,,,en-gb,No,3600,,,Europe,United Kingdom,England,Bristol,,,(direct),(none),(direct),User login not captured
20180829,1535548452521007,2018-08-29T14:14:12,user_engagement,1535548339622007,2018-08-29T14:12:19,,7,88138,7b17711799bf9e41f4114f7d998ee54e,CB3FEB7091B04C28B1C346643E420CB5,1535547987173000,2018-08-29T14:06:27,,1220499683,IOS,,RangeContentViewController,auto,8423363233382753767,112899,,,,User login not captured,,,,,,,,,,,,1535547987173000,7b17711799bf9e41f4114f7d998ee54e,uk.co.skoda.assistant.uat,1.1.6,,1:571703561616:ios:777087d7f78ec12a,manual_install,tablet,Apple,iPad 5th gen,,"iPad6,11",IOS,11.4.1,,,en-gb,No,3600,,,Europe,United Kingdom,England,Bristol,,,(direct),(none),(direct),User login not captured
20180829,1535548456017000,2018-08-29T14:14:16,button_press,1535548402706000,2018-08-29T14:13:22,,8,79862,7b17711799bf9e41f4114f7d998ee54e,CB3FEB7091B04C28B1C346643E420CB5,1535547987173000,2018-08-29T14:06:27,,1220499683,IOS,,RangeContentViewController,app,8423363233382753767,,1,,,User login not captured,,,range_home_filter_open,,,,,,,,,1535547987173000,7b17711799bf9e41f4114f7d998ee54e,uk.co.skoda.assistant.uat,1.1.6,,1:571703561616:ios:777087d7f78ec12a,manual_install,tablet,Apple,iPad 5th gen,,"iPad6,11",IOS,11.4.1,,,en-gb,No,3600,,,Europe,United Kingdom,England,Bristol,,,(direct),(none),(direct),User login not captured
20180829,1535548456388001,2018-08-29T14:14:16,button_press,1535548456017001,2018-08-29T14:14:16,,8,79862,7b17711799bf9e41f4114f7d998ee54e,CB3FEB7091B04C28B1C346643E420CB5,1535547987173000,2018-08-29T14:06:27,,1220499683,IOS,,RangeContentViewController,app,8423363233382753767,,1,,,User login not captured,,,range_home_filter_open,,,,,,,,,1535547987173000,7b17711799bf9e41f4114f7d998ee54e,uk.co.skoda.assistant.uat,1.1.6,,1:571703561616:ios:777087d7f78ec12a,manual_install,tablet,Apple,iPad 5th gen,,"iPad6,11",IOS,11.4.1,,,en-gb,No,3600,,,Europe,United Kingdom,England,Bristol,,,(direct),(none),(direct),User login not captured
20180829,1535548587278002,2018-08-29T14:16:27,user_engagement,1535548452521002,2018-08-29T14:14:12,,8,79862,7b17711799bf9e41f4114f7d998ee54e,CB3FEB7091B04C28B1C346643E420CB5,1535547987173000,2018-08-29T14:06:27,,1220499683,IOS,,RangeContentViewController,auto,8423363233382753767,133439,,,,User login not captured,,,,,,,,,,,,1535547987173000,7b17711799bf9e41f4114f7d998ee54e,uk.co.skoda.assistant.uat,1.1.6,,1:571703561616:ios:777087d7f78ec12a,manual_install,tablet,Apple,iPad 5th gen,,"iPad6,11",IOS,11.4.1,,,en-gb,No,3600,,,Europe,United Kingdom,England,Bristol,,,(direct),(none),(direct),User login not captured
