event_date,event_timestamp,event_iso8601,event_name,event_previous_timestamp,event_previous_iso8601,event_value_in_usd,event_bundle_sequence_id,event_server_timestamp_offset,user_id,user_pseudo_id,user_first_touch_timestamp,user_first_touch_iso8601,user_ltv,stream_id,platform,event_dimensions,firebase_screen_class,firebase_event_origin,firebase_screen_id,engagement_time_msec,firebase_conversion,firebase_previous_id,firebase_previous_class,user_retailer,user_area,AnalyticsParameterTerm,button_name,AnalyticsParameterItemID,engine,Compared_vehicle_1,Compared_vehicle_2,update_with_analytics,previous_first_open_count,previous_app_version,Compared_vehicle_3,first_open_time,user_id,id,version,install_store,firebase_app_id,install_source,category,mobile_brand_name,mobile_model_name,mobile_marketing_name,mobile_os_hardware_model,operating_system,operating_system_version,vendor_id,advertising_id,language,is_limited_ad_tracking,time_zone_offset_seconds,browser,browser,continent,country,region,city,sub_continent,metro,name,medium,source,user_session_generated_id
20180829,1535557331414000,2018-08-29T16:42:11,screen_view,1535097844260000,2018-08-24T09:04:04,,48,84252,8f2b77997259d6be3353027fbb502927,1EDAFE98C7404D2B9451D7C0AC39EB17,1533976041467000,2018-08-11T09:27:21,,1220499683,IOS,,SplashViewController,auto,5176688217233934127,,1,,,1,1,,,,,,,,,,,1533976041467000,8f2b77997259d6be3353027fbb502927,uk.co.skoda.assistant.ios,1.1.6,,1:571703561616:ios:777087d7f78ec12a,manual_install,tablet,Apple,iPad Air 2,,"iPad5,3",IOS,11.4.1,09A27059-9619-47A8-9DD1-B796AF2A09DF,,en-gb,No,3600,,,Europe,United Kingdom,Wales,Newport,,,(direct),(none),(direct),8f2b77997259d6be3353027fbb502927_0
20180829,1535557361049001,2018-08-29T16:42:41,screen_view,1535557331414001,2018-08-29T16:42:11,,48,84252,8f2b77997259d6be3353027fbb502927,1EDAFE98C7404D2B9451D7C0AC39EB17,1533976041467000,2018-08-11T09:27:21,,1220499683,IOS,,LoginViewController,auto,5176688217233934128,,1,5176688217233934127,SplashViewController,1,1,,,,,,,,,,,1533976041467000,8f2b77997259d6be3353027fbb502927,uk.co.skoda.assistant.ios,1.1.6,,1:571703561616:ios:777087d7f78ec12a,manual_install,tablet,Apple,iPad Air 2,,"iPad5,3",IOS,11.4.1,09A27059-9619-47A8-9DD1-B796AF2A09DF,,en-gb,No,3600,,,Europe,United Kingdom,Wales,Newport,,,(direct),(none),(direct),8f2b77997259d6be3353027fbb502927_0
20180829,1535557369952000,2018-08-29T16:42:49,screen_view,1535557361049000,2018-08-29T16:42:41,,49,508191,8f2b77997259d6be3353027fbb502927,1EDAFE98C7404D2B9451D7C0AC39EB17,1533976041467000,2018-08-11T09:27:21,,1220499683,IOS,,SplashViewController,auto,5176688217233934127,,1,5176688217233934128,LoginViewController,1,1,,,,,,,,,,,1533976041467000,8f2b77997259d6be3353027fbb502927,uk.co.skoda.assistant.ios,1.1.6,,1:571703561616:ios:777087d7f78ec12a,manual_install,tablet,Apple,iPad Air 2,,"iPad5,3",IOS,11.4.1,09A27059-9619-47A8-9DD1-B796AF2A09DF,,en-gb,No,3600,,,Europe,United Kingdom,Wales,Newport,,,(direct),(none),(direct),8f2b77997259d6be3353027fbb502927_0
20180829,1535557369952000,2018-08-29T16:42:49,user_engagement,1535097969812000,2018-08-24T09:06:09,,49,508191,8f2b77997259d6be3353027fbb502927,1EDAFE98C7404D2B9451D7C0AC39EB17,1533976041467000,2018-08-11T09:27:21,,1220499683,IOS,,LoginViewController,auto,5176688217233934128,8903,,,,1,1,,,,,,,,,,,1533976041467000,8f2b77997259d6be3353027fbb502927,uk.co.skoda.assistant.ios,1.1.6,,1:571703561616:ios:777087d7f78ec12a,manual_install,tablet,Apple,iPad Air 2,,"iPad5,3",IOS,11.4.1,09A27059-9619-47A8-9DD1-B796AF2A09DF,,en-gb,No,3600,,,Europe,United Kingdom,Wales,Newport,,,(direct),(none),(direct),8f2b77997259d6be3353027fbb502927_0
