event_date,event_timestamp,event_iso8601,event_name,event_previous_timestamp,event_previous_iso8601,event_value_in_usd,event_bundle_sequence_id,event_server_timestamp_offset,user_id,user_pseudo_id,user_first_touch_timestamp,user_first_touch_iso8601,user_ltv,stream_id,platform,event_dimensions,firebase_screen_class,firebase_event_origin,firebase_screen_id,engagement_time_msec,firebase_conversion,firebase_previous_id,firebase_previous_class,user_retailer,user_area,AnalyticsParameterTerm,button_name,AnalyticsParameterItemID,engine,Compared_vehicle_1,Compared_vehicle_2,update_with_analytics,previous_first_open_count,previous_app_version,Compared_vehicle_3,first_open_time,user_id,id,version,install_store,firebase_app_id,install_source,category,mobile_brand_name,mobile_model_name,mobile_marketing_name,mobile_os_hardware_model,operating_system,operating_system_version,vendor_id,advertising_id,language,is_limited_ad_tracking,time_zone_offset_seconds,browser,browser,continent,country,region,city,sub_continent,metro,name,medium,source,user_session_generated_id
20180829,1535552280842000,2018-08-29T15:18:00,screen_view,1535027682160000,2018-08-23T13:34:42,,27,149835,da32f3bc62f2c2abf62680e457a110d2,D6FB27FF9E2A4784AFC7C3E80CBF2B7E,1534935558584000,2018-08-22T11:59:18,,1220499683,IOS,,SplashViewController,auto,9152738656528423469,,1,,,22013,3,,,,,,,,,,,1534935558584000,da32f3bc62f2c2abf62680e457a110d2,uk.co.skoda.assistant.ios,1.1.6,,1:571703561616:ios:777087d7f78ec12a,manual_install,tablet,Apple,iPad,,"iPad7,5",IOS,11.4.1,,,en-gb,No,3600,,,Europe,United Kingdom,England,London,,,(direct),(none),(direct),da32f3bc62f2c2abf62680e457a110d2_0
20180829,1535552281072001,2018-08-29T15:18:01,screen_view,1535552280842001,2018-08-29T15:18:00,,27,149835,da32f3bc62f2c2abf62680e457a110d2,D6FB27FF9E2A4784AFC7C3E80CBF2B7E,1534935558584000,2018-08-22T11:59:18,,1220499683,IOS,,LoginViewController,auto,9152738656528423470,,1,9152738656528423469,SplashViewController,22013,3,,,,,,,,,,,1534935558584000,da32f3bc62f2c2abf62680e457a110d2,uk.co.skoda.assistant.ios,1.1.6,,1:571703561616:ios:777087d7f78ec12a,manual_install,tablet,Apple,iPad,,"iPad7,5",IOS,11.4.1,,,en-gb,No,3600,,,Europe,United Kingdom,England,London,,,(direct),(none),(direct),da32f3bc62f2c2abf62680e457a110d2_0
20180829,1535552285799002,2018-08-29T15:18:05,user_engagement,1535027684531002,2018-08-23T13:34:44,,27,149835,da32f3bc62f2c2abf62680e457a110d2,D6FB27FF9E2A4784AFC7C3E80CBF2B7E,1534935558584000,2018-08-22T11:59:18,,1220499683,IOS,,LoginViewController,auto,9152738656528423470,4900,,,,22013,3,,,,,,,,,,,1534935558584000,da32f3bc62f2c2abf62680e457a110d2,uk.co.skoda.assistant.ios,1.1.6,,1:571703561616:ios:777087d7f78ec12a,manual_install,tablet,Apple,iPad,,"iPad7,5",IOS,11.4.1,,,en-gb,No,3600,,,Europe,United Kingdom,England,London,,,(direct),(none),(direct),da32f3bc62f2c2abf62680e457a110d2_0
20180829,1535552288822000,2018-08-29T15:18:08,screen_view,1535552281072000,2018-08-29T15:18:01,,28,145931,da32f3bc62f2c2abf62680e457a110d2,D6FB27FF9E2A4784AFC7C3E80CBF2B7E,1534935558584000,2018-08-22T11:59:18,,1220499683,IOS,,SplashViewController,auto,9152738656528423469,,1,9152738656528423470,LoginViewController,22013,3,,,,,,,,,,,1534935558584000,da32f3bc62f2c2abf62680e457a110d2,uk.co.skoda.assistant.ios,1.1.6,,1:571703561616:ios:777087d7f78ec12a,manual_install,tablet,Apple,iPad,,"iPad7,5",IOS,11.4.1,,,en-gb,No,3600,,,Europe,United Kingdom,England,London,,,(direct),(none),(direct),da32f3bc62f2c2abf62680e457a110d2_0
20180829,1535552288822000,2018-08-29T15:18:08,user_engagement,1535552285799000,2018-08-29T15:18:05,,28,145931,da32f3bc62f2c2abf62680e457a110d2,D6FB27FF9E2A4784AFC7C3E80CBF2B7E,1534935558584000,2018-08-22T11:59:18,,1220499683,IOS,,LoginViewController,auto,9152738656528423470,2297,,,,22013,3,,,,,,,,,,,1534935558584000,da32f3bc62f2c2abf62680e457a110d2,uk.co.skoda.assistant.ios,1.1.6,,1:571703561616:ios:777087d7f78ec12a,manual_install,tablet,Apple,iPad,,"iPad7,5",IOS,11.4.1,,,en-gb,No,3600,,,Europe,United Kingdom,England,London,,,(direct),(none),(direct),da32f3bc62f2c2abf62680e457a110d2_0
