event_date,event_timestamp,event_iso8601,event_name,event_previous_timestamp,event_previous_iso8601,event_value_in_usd,event_bundle_sequence_id,event_server_timestamp_offset,user_id,user_pseudo_id,user_first_touch_timestamp,user_first_touch_iso8601,user_ltv,stream_id,platform,event_dimensions,firebase_screen_class,firebase_event_origin,firebase_screen_id,engagement_time_msec,firebase_conversion,firebase_previous_id,firebase_previous_class,user_retailer,user_area,AnalyticsParameterTerm,button_name,AnalyticsParameterItemID,engine,Compared_vehicle_1,Compared_vehicle_2,update_with_analytics,previous_first_open_count,previous_app_version,Compared_vehicle_3,first_open_time,user_id,id,version,install_store,firebase_app_id,install_source,category,mobile_brand_name,mobile_model_name,mobile_marketing_name,mobile_os_hardware_model,operating_system,operating_system_version,vendor_id,advertising_id,language,is_limited_ad_tracking,time_zone_offset_seconds,browser,browser,continent,country,region,city,sub_continent,metro,name,medium,source,user_session_generated_id
20180829,1535542623336000,2018-08-29T12:37:03,screen_view,1535103733151000,2018-08-24T10:42:13,,13,93400,ca6a908acc5d9b22e1f92b06781b07a9,34DB4AD6741342CD93885057A27A4C90,1533821671647000,2018-08-09T14:34:31,,1220499683,IOS,,LoginViewController,auto,-362460847759049971,,1,-362460847759049972,TrimViewController,28060,4,,,,,,,,,,,1533821671647000,ca6a908acc5d9b22e1f92b06781b07a9,uk.co.skoda.assistant.ios,1.1.6,,1:571703561616:ios:777087d7f78ec12a,manual_install,tablet,Apple,iPad,,"iPad7,5",IOS,11.4.1,,,en-gb,No,3600,,,Europe,United Kingdom,England,Nottingham,,,(direct),(none),(direct),ca6a908acc5d9b22e1f92b06781b07a9_0
20180829,1535542623592001,2018-08-29T12:37:03,screen_view,1535542623336001,2018-08-29T12:37:03,,13,93400,ca6a908acc5d9b22e1f92b06781b07a9,34DB4AD6741342CD93885057A27A4C90,1533821671647000,2018-08-09T14:34:31,,1220499683,IOS,,SplashViewController,auto,-362460847759049982,,1,-362460847759049971,LoginViewController,28060,4,,,,,,,,,,,1533821671647000,ca6a908acc5d9b22e1f92b06781b07a9,uk.co.skoda.assistant.ios,1.1.6,,1:571703561616:ios:777087d7f78ec12a,manual_install,tablet,Apple,iPad,,"iPad7,5",IOS,11.4.1,,,en-gb,No,3600,,,Europe,United Kingdom,England,Nottingham,,,(direct),(none),(direct),ca6a908acc5d9b22e1f92b06781b07a9_0
20180829,1535542633078000,2018-08-29T12:37:13,session_start,1535100697331000,2018-08-24T09:51:37,,14,121152,ca6a908acc5d9b22e1f92b06781b07a9,34DB4AD6741342CD93885057A27A4C90,1533821671647000,2018-08-09T14:34:31,,1220499683,IOS,,SplashViewController,auto,-362460847759049982,,1,,,28060,4,,,,,,,,,,,1533821671647000,ca6a908acc5d9b22e1f92b06781b07a9,uk.co.skoda.assistant.ios,1.1.6,,1:571703561616:ios:777087d7f78ec12a,manual_install,tablet,Apple,iPad,,"iPad7,5",IOS,11.4.1,,,en-gb,No,3600,,,Europe,United Kingdom,England,Nottingham,,,(direct),(none),(direct),ca6a908acc5d9b22e1f92b06781b07a9_0
20180829,1535542698998001,2018-08-29T12:38:18,user_engagement,1535103742255001,2018-08-24T10:42:22,,14,121152,ca6a908acc5d9b22e1f92b06781b07a9,34DB4AD6741342CD93885057A27A4C90,1533821671647000,2018-08-09T14:34:31,,1220499683,IOS,,SplashViewController,auto,-362460847759049982,75921,,,,28060,4,,,,,,,,,,,1533821671647000,ca6a908acc5d9b22e1f92b06781b07a9,uk.co.skoda.assistant.ios,1.1.6,,1:571703561616:ios:777087d7f78ec12a,manual_install,tablet,Apple,iPad,,"iPad7,5",IOS,11.4.1,,,en-gb,No,3600,,,Europe,United Kingdom,England,Nottingham,,,(direct),(none),(direct),ca6a908acc5d9b22e1f92b06781b07a9_0
20180829,1535542698999001,2018-08-29T12:38:18,screen_view,1535542623592001,2018-08-29T12:37:03,,14,121152,ca6a908acc5d9b22e1f92b06781b07a9,34DB4AD6741342CD93885057A27A4C90,1533821671647000,2018-08-09T14:34:31,,1220499683,IOS,,LoginViewController,auto,-362460847759049971,,1,-362460847759049982,SplashViewController,28060,4,,,,,,,,,,,1533821671647000,ca6a908acc5d9b22e1f92b06781b07a9,uk.co.skoda.assistant.ios,1.1.6,,1:571703561616:ios:777087d7f78ec12a,manual_install,tablet,Apple,iPad,,"iPad7,5",IOS,11.4.1,,,en-gb,No,3600,,,Europe,United Kingdom,England,Nottingham,,,(direct),(none),(direct),ca6a908acc5d9b22e1f92b06781b07a9_0
20180829,1535542712663002,2018-08-29T12:38:32,screen_view,1535542698999002,2018-08-29T12:38:18,,14,121152,ca6a908acc5d9b22e1f92b06781b07a9,34DB4AD6741342CD93885057A27A4C90,1533821671647000,2018-08-09T14:34:31,,1220499683,IOS,,SplashViewController,auto,-362460847759049982,,1,-362460847759049971,LoginViewController,28060,4,,,,,,,,,,,1533821671647000,ca6a908acc5d9b22e1f92b06781b07a9,uk.co.skoda.assistant.ios,1.1.6,,1:571703561616:ios:777087d7f78ec12a,manual_install,tablet,Apple,iPad,,"iPad7,5",IOS,11.4.1,,,en-gb,No,3600,,,Europe,United Kingdom,England,Nottingham,,,(direct),(none),(direct),ca6a908acc5d9b22e1f92b06781b07a9_0
20180829,1535542712663003,2018-08-29T12:38:32,user_engagement,1535542698998003,2018-08-29T12:38:18,,14,121152,ca6a908acc5d9b22e1f92b06781b07a9,34DB4AD6741342CD93885057A27A4C90,1533821671647000,2018-08-09T14:34:31,,1220499683,IOS,,LoginViewController,auto,-362460847759049971,13664,,,,28060,4,,,,,,,,,,,1533821671647000,ca6a908acc5d9b22e1f92b06781b07a9,uk.co.skoda.assistant.ios,1.1.6,,1:571703561616:ios:777087d7f78ec12a,manual_install,tablet,Apple,iPad,,"iPad7,5",IOS,11.4.1,,,en-gb,No,3600,,,Europe,United Kingdom,England,Nottingham,,,(direct),(none),(direct),ca6a908acc5d9b22e1f92b06781b07a9_0
20180829,1535542832818005,2018-08-29T12:40:32,user_engagement,1535542712663005,2018-08-29T12:38:32,,14,121152,ca6a908acc5d9b22e1f92b06781b07a9,34DB4AD6741342CD93885057A27A4C90,1533821671647000,2018-08-09T14:34:31,,1220499683,IOS,,SplashViewController,auto,-362460847759049982,120155,,,,28060,4,,,,,,,,,,,1533821671647000,ca6a908acc5d9b22e1f92b06781b07a9,uk.co.skoda.assistant.ios,1.1.6,,1:571703561616:ios:777087d7f78ec12a,manual_install,tablet,Apple,iPad,,"iPad7,5",IOS,11.4.1,,,en-gb,No,3600,,,Europe,United Kingdom,England,Nottingham,,,(direct),(none),(direct),ca6a908acc5d9b22e1f92b06781b07a9_0
20180829,1535542849140000,2018-08-29T12:40:49,screen_view,1535542712663000,2018-08-29T12:38:32,,15,101559,ca6a908acc5d9b22e1f92b06781b07a9,34DB4AD6741342CD93885057A27A4C90,1533821671647000,2018-08-09T14:34:31,,1220499683,IOS,,LoginViewController,auto,-362460847759049970,,1,-362460847759049982,SplashViewController,28060,4,,,,,,,,,,,1533821671647000,ca6a908acc5d9b22e1f92b06781b07a9,uk.co.skoda.assistant.ios,1.1.6,,1:571703561616:ios:777087d7f78ec12a,manual_install,tablet,Apple,iPad,,"iPad7,5",IOS,11.4.1,,,en-gb,No,3600,,,Europe,United Kingdom,England,Nottingham,,,(direct),(none),(direct),ca6a908acc5d9b22e1f92b06781b07a9_0
20180829,1535542957612001,2018-08-29T12:42:37,user_engagement,1535542832818001,2018-08-29T12:40:32,,15,101559,ca6a908acc5d9b22e1f92b06781b07a9,34DB4AD6741342CD93885057A27A4C90,1533821671647000,2018-08-09T14:34:31,,1220499683,IOS,,LoginViewController,auto,-362460847759049970,109071,,,,28060,4,,,,,,,,,,,1533821671647000,ca6a908acc5d9b22e1f92b06781b07a9,uk.co.skoda.assistant.ios,1.1.6,,1:571703561616:ios:777087d7f78ec12a,manual_install,tablet,Apple,iPad,,"iPad7,5",IOS,11.4.1,,,en-gb,No,3600,,,Europe,United Kingdom,England,Nottingham,,,(direct),(none),(direct),ca6a908acc5d9b22e1f92b06781b07a9_0
20180829,1535542957613001,2018-08-29T12:42:37,screen_view,1535542849140001,2018-08-29T12:40:49,,15,101559,ca6a908acc5d9b22e1f92b06781b07a9,34DB4AD6741342CD93885057A27A4C90,1533821671647000,2018-08-09T14:34:31,,1220499683,IOS,,SplashViewController,auto,-362460847759049982,,1,-362460847759049970,LoginViewController,28060,4,,,,,,,,,,,1533821671647000,ca6a908acc5d9b22e1f92b06781b07a9,uk.co.skoda.assistant.ios,1.1.6,,1:571703561616:ios:777087d7f78ec12a,manual_install,tablet,Apple,iPad,,"iPad7,5",IOS,11.4.1,,,en-gb,No,3600,,,Europe,United Kingdom,England,Nottingham,,,(direct),(none),(direct),ca6a908acc5d9b22e1f92b06781b07a9_0
