event_date,event_timestamp,event_iso8601,event_name,event_previous_timestamp,event_previous_iso8601,event_value_in_usd,event_bundle_sequence_id,event_server_timestamp_offset,user_id,user_pseudo_id,user_first_touch_timestamp,user_first_touch_iso8601,user_ltv,stream_id,platform,event_dimensions,firebase_screen_class,firebase_event_origin,firebase_screen_id,engagement_time_msec,firebase_conversion,firebase_previous_id,firebase_previous_class,user_retailer,user_area,AnalyticsParameterTerm,button_name,AnalyticsParameterItemID,engine,Compared_vehicle_1,Compared_vehicle_2,update_with_analytics,previous_first_open_count,previous_app_version,Compared_vehicle_3,first_open_time,user_id,id,version,install_store,firebase_app_id,install_source,category,mobile_brand_name,mobile_model_name,mobile_marketing_name,mobile_os_hardware_model,operating_system,operating_system_version,vendor_id,advertising_id,language,is_limited_ad_tracking,time_zone_offset_seconds,browser,browser,continent,country,region,city,sub_continent,metro,name,medium,source,user_session_generated_id
20180829,1535529534728000,2018-08-29T08:58:54,user_engagement,1535472743899000,2018-08-28T17:12:23,,3,185281,,BC57F9E26A384FCB91CE2CD301733CDA,1535472680059000,2018-08-28T17:11:20,,1220499683,IOS,,LoginViewController,auto,1151263977431400879,809,,,,25049,8,,,,,,,,,,,1535472680059000,,uk.co.skoda.assistant.uat,1.1.7,,1:571703561616:ios:777087d7f78ec12a,manual_install,tablet,Apple,iPad 5th gen,,"iPad6,11",IOS,11.4.1,,,en-gb,No,3600,,,Europe,United Kingdom,England,London,,,(direct),(none),(direct),_0
20180829,1535532377093000,2018-08-29T09:46:17,screen_view,1535472680426000,2018-08-28T17:11:20,,4,185282,,BC57F9E26A384FCB91CE2CD301733CDA,1535472680059000,2018-08-28T17:11:20,,1220499683,IOS,,LoginViewController,auto,-5321473143137198607,,1,,,25049,8,,,,,,,,,,,1535472680059000,,uk.co.skoda.assistant.uat,1.1.7,,1:571703561616:ios:777087d7f78ec12a,manual_install,tablet,Apple,iPad 5th gen,,"iPad6,11",IOS,11.4.1,,,en-gb,No,3600,,,Europe,United Kingdom,England,London,,,(direct),(none),(direct),_0
20180829,1535532387094001,2018-08-29T09:46:27,session_start,1535472691958001,2018-08-28T17:11:31,,4,185282,,BC57F9E26A384FCB91CE2CD301733CDA,1535472680059000,2018-08-28T17:11:20,,1220499683,IOS,,LoginViewController,auto,-5321473143137198607,,1,,,25049,8,,,,,,,,,,,1535472680059000,,uk.co.skoda.assistant.uat,1.1.7,,1:571703561616:ios:777087d7f78ec12a,manual_install,tablet,Apple,iPad 5th gen,,"iPad6,11",IOS,11.4.1,,,en-gb,No,3600,,,Europe,United Kingdom,England,London,,,(direct),(none),(direct),_0
20180829,1535532396424002,2018-08-29T09:46:36,user_engagement,1535529534728002,2018-08-29T08:58:54,,4,185282,,BC57F9E26A384FCB91CE2CD301733CDA,1535472680059000,2018-08-28T17:11:20,,1220499683,IOS,,LoginViewController,auto,-5321473143137198607,19331,,,,25049,8,,,,,,,,,,,1535472680059000,,uk.co.skoda.assistant.uat,1.1.7,,1:571703561616:ios:777087d7f78ec12a,manual_install,tablet,Apple,iPad 5th gen,,"iPad6,11",IOS,11.4.1,,,en-gb,No,3600,,,Europe,United Kingdom,England,London,,,(direct),(none),(direct),_0
20180829,1535533324747000,2018-08-29T10:02:04,first_open,,,,1,-1567261,,A9D750AECB6B4381BE23FD8F809F088B,1535533324747000,2018-08-29T10:02:04,,1220499683,IOS,,LoginViewController,auto,-7873892803081472379,,1,,,25049,8,,,,,,,0,0,,,1535533324747000,,uk.co.skoda.assistant.ios,1.1.1,,1:571703561616:ios:777087d7f78ec12a,manual_install,tablet,Apple,iPad,,"iPad7,5",IOS,11.4.1,,,en-gb,No,-25200,,,Europe,United Kingdom,England,Andover,,,(direct),(none),(direct),_0
20180829,1535533324747001,2018-08-29T10:02:04,user_engagement,,,,1,-1567261,,A9D750AECB6B4381BE23FD8F809F088B,1535533324747000,2018-08-29T10:02:04,,1220499683,IOS,,LoginViewController,auto,-7873892803081472379,1,,,,25049,8,,,,,,,,,,,1535533324747000,,uk.co.skoda.assistant.ios,1.1.1,,1:571703561616:ios:777087d7f78ec12a,manual_install,tablet,Apple,iPad,,"iPad7,5",IOS,11.4.1,,,en-gb,No,-25200,,,Europe,United Kingdom,England,Andover,,,(direct),(none),(direct),_0
20180829,1535533325473001,2018-08-29T10:02:05,screen_view,,,,1,-1567261,,A9D750AECB6B4381BE23FD8F809F088B,1535533324747000,2018-08-29T10:02:04,,1220499683,IOS,,SplashViewController,auto,-7873892803081472380,,1,,,25049,8,,,,,,,,,,,1535533324747000,,uk.co.skoda.assistant.ios,1.1.1,,1:571703561616:ios:777087d7f78ec12a,manual_install,tablet,Apple,iPad,,"iPad7,5",IOS,11.4.1,,,en-gb,No,-25200,,,Europe,United Kingdom,England,Andover,,,(direct),(none),(direct),_0
20180829,1535533325500002,2018-08-29T10:02:05,screen_view,1535533325473002,2018-08-29T10:02:05,,1,-1567261,,A9D750AECB6B4381BE23FD8F809F088B,1535533324747000,2018-08-29T10:02:04,,1220499683,IOS,,LoginViewController,auto,-7873892803081472379,,1,-7873892803081472380,SplashViewController,25049,8,,,,,,,,,,,1535533324747000,,uk.co.skoda.assistant.ios,1.1.1,,1:571703561616:ios:777087d7f78ec12a,manual_install,tablet,Apple,iPad,,"iPad7,5",IOS,11.4.1,,,en-gb,No,-25200,,,Europe,United Kingdom,England,Andover,,,(direct),(none),(direct),_0
20180829,1535533337014003,2018-08-29T10:02:17,session_start,,,,1,-1567261,,A9D750AECB6B4381BE23FD8F809F088B,1535533324747000,2018-08-29T10:02:04,,1220499683,IOS,,LoginViewController,auto,-7873892803081472379,,1,,,25049,8,,,,,,,,,,,1535533324747000,,uk.co.skoda.assistant.ios,1.1.1,,1:571703561616:ios:777087d7f78ec12a,manual_install,tablet,Apple,iPad,,"iPad7,5",IOS,11.4.1,,,en-gb,No,-25200,,,Europe,United Kingdom,England,Andover,,,(direct),(none),(direct),_0
20180829,1535533576239000,2018-08-29T10:06:16,screen_view,1535286410101000,2018-08-26T13:26:50,,2,73839,,12E6C1DFE1EC4F3FBD4EEE00D2C79EEB,1535286409676000,2018-08-26T13:26:49,,1220499683,IOS,,SplashViewController,auto,8866720084579865575,,1,,,25049,8,,,,,,,,,,,1535286409676000,,uk.co.skoda.assistant.ios,1.1.6,,1:571703561616:ios:777087d7f78ec12a,manual_install,tablet,Apple,iPad 5th gen,,"iPad6,11",IOS,11.4,,,en-gb,No,3600,,,Europe,United Kingdom,England,Birmingham,,,(direct),(none),(direct),_0
20180829,1535533576468001,2018-08-29T10:06:16,screen_view,1535533576239001,2018-08-29T10:06:16,,2,73839,,12E6C1DFE1EC4F3FBD4EEE00D2C79EEB,1535286409676000,2018-08-26T13:26:49,,1220499683,IOS,,LoginViewController,auto,8866720084579865576,,1,8866720084579865575,SplashViewController,25049,8,,,,,,,,,,,1535286409676000,,uk.co.skoda.assistant.ios,1.1.6,,1:571703561616:ios:777087d7f78ec12a,manual_install,tablet,Apple,iPad 5th gen,,"iPad6,11",IOS,11.4,,,en-gb,No,3600,,,Europe,United Kingdom,England,Birmingham,,,(direct),(none),(direct),_0
20180829,1535533586315000,2018-08-29T10:06:26,session_start,,,,3,108800,,12E6C1DFE1EC4F3FBD4EEE00D2C79EEB,1535286409676000,2018-08-26T13:26:49,,1220499683,IOS,,LoginViewController,auto,8866720084579865576,,1,,,25049,8,,,,,,,,,,,1535286409676000,,uk.co.skoda.assistant.ios,1.1.6,,1:571703561616:ios:777087d7f78ec12a,manual_install,tablet,Apple,iPad 5th gen,,"iPad6,11",IOS,11.4,,,en-gb,No,3600,,,Europe,United Kingdom,England,Birmingham,,,(direct),(none),(direct),_0
20180829,1535533625595000,2018-08-29T10:07:05,user_engagement,1535286428189000,2018-08-26T13:27:08,,4,109479,,12E6C1DFE1EC4F3FBD4EEE00D2C79EEB,1535286409676000,2018-08-26T13:26:49,,1220499683,IOS,,LoginViewController,auto,8866720084579865576,49283,,,,25049,8,,,,,,,,,,,1535286409676000,,uk.co.skoda.assistant.ios,1.1.6,,1:571703561616:ios:777087d7f78ec12a,manual_install,tablet,Apple,iPad 5th gen,,"iPad6,11",IOS,11.4,,,en-gb,No,3600,,,Europe,United Kingdom,England,Birmingham,,,(direct),(none),(direct),_0
20180829,1535533625596000,2018-08-29T10:07:05,screen_view,1535533576468000,2018-08-29T10:06:16,,4,109479,,12E6C1DFE1EC4F3FBD4EEE00D2C79EEB,1535286409676000,2018-08-26T13:26:49,,1220499683,IOS,,SplashViewController,auto,8866720084579865575,,1,8866720084579865576,LoginViewController,25049,8,,,,,,,,,,,1535286409676000,,uk.co.skoda.assistant.ios,1.1.6,,1:571703561616:ios:777087d7f78ec12a,manual_install,tablet,Apple,iPad 5th gen,,"iPad6,11",IOS,11.4,,,en-gb,No,3600,,,Europe,United Kingdom,England,Birmingham,,,(direct),(none),(direct),_0
