event_date,event_timestamp,event_iso8601,event_name,event_previous_timestamp,event_previous_iso8601,event_value_in_usd,event_bundle_sequence_id,event_server_timestamp_offset,user_id,user_pseudo_id,user_first_touch_timestamp,user_first_touch_iso8601,user_ltv,stream_id,platform,event_dimensions,firebase_screen_class,firebase_event_origin,firebase_screen_id,engagement_time_msec,firebase_conversion,firebase_previous_id,firebase_previous_class,user_retailer,user_area,AnalyticsParameterTerm,button_name,AnalyticsParameterItemID,engine,Compared_vehicle_1,Compared_vehicle_2,update_with_analytics,previous_first_open_count,previous_app_version,Compared_vehicle_3,first_open_time,user_id,id,version,install_store,firebase_app_id,install_source,category,mobile_brand_name,mobile_model_name,mobile_marketing_name,mobile_os_hardware_model,operating_system,operating_system_version,vendor_id,advertising_id,language,is_limited_ad_tracking,time_zone_offset_seconds,browser,browser,continent,country,region,city,sub_continent,metro,name,medium,source,user_session_generated_id
20180829,1535528873249000,2018-08-29T08:47:53,screen_view,1535473634439000,2018-08-28T17:27:14,,214,53911,cc9c8ab3df6acfd2ca81c7bbef2e4c6a,7377B44DC66D47FE922EC1794773196F,1534866945842000,2018-08-21T16:55:45,,1220499683,IOS,,LoginViewController,auto,9140790560686019199,,1,9140790560686019198,TrimViewController,11111,1,,,,,,,,,,,1534866945842000,cc9c8ab3df6acfd2ca81c7bbef2e4c6a,uk.co.skoda.assistant.uat,1.1.6,,1:571703561616:ios:777087d7f78ec12a,manual_install,tablet,Apple,iPad,,"iPad7,5",IOS,11.4,,,en-gb,No,3600,,,Europe,United Kingdom,England,Newport Pagnell,,,(direct),(none),(direct),cc9c8ab3df6acfd2ca81c7bbef2e4c6a_0
20180829,1535528873276001,2018-08-29T08:47:53,user_engagement,1535473833672001,2018-08-28T17:30:33,,214,53911,cc9c8ab3df6acfd2ca81c7bbef2e4c6a,7377B44DC66D47FE922EC1794773196F,1534866945842000,2018-08-21T16:55:45,,1220499683,IOS,,LoginViewController,auto,9140790560686019199,400,,,,11111,1,,,,,,,,,,,1534866945842000,cc9c8ab3df6acfd2ca81c7bbef2e4c6a,uk.co.skoda.assistant.uat,1.1.6,,1:571703561616:ios:777087d7f78ec12a,manual_install,tablet,Apple,iPad,,"iPad7,5",IOS,11.4,,,en-gb,No,3600,,,Europe,United Kingdom,England,Newport Pagnell,,,(direct),(none),(direct),cc9c8ab3df6acfd2ca81c7bbef2e4c6a_0
20180829,1535529120690000,2018-08-29T08:52:00,screen_view,1535528873249000,2018-08-29T08:47:53,,215,62723,cc9c8ab3df6acfd2ca81c7bbef2e4c6a,7377B44DC66D47FE922EC1794773196F,1534866945842000,2018-08-21T16:55:45,,1220499683,IOS,,SplashViewController,auto,9140790560686019189,,1,9140790560686019199,LoginViewController,11111,1,,,,,,,,,,,1534866945842000,cc9c8ab3df6acfd2ca81c7bbef2e4c6a,uk.co.skoda.assistant.uat,1.1.6,,1:571703561616:ios:777087d7f78ec12a,manual_install,tablet,Apple,iPad,,"iPad7,5",IOS,11.4,,,en-gb,No,3600,,,Europe,United Kingdom,England,Newport Pagnell,,,(direct),(none),(direct),cc9c8ab3df6acfd2ca81c7bbef2e4c6a_0
20180829,1535529121284001,2018-08-29T08:52:01,screen_view,1535529120690001,2018-08-29T08:52:00,,215,62723,cc9c8ab3df6acfd2ca81c7bbef2e4c6a,7377B44DC66D47FE922EC1794773196F,1534866945842000,2018-08-21T16:55:45,,1220499683,IOS,,LoginViewController,auto,9140790560686019200,,1,9140790560686019189,SplashViewController,11111,1,,,,,,,,,,,1534866945842000,cc9c8ab3df6acfd2ca81c7bbef2e4c6a,uk.co.skoda.assistant.uat,1.1.6,,1:571703561616:ios:777087d7f78ec12a,manual_install,tablet,Apple,iPad,,"iPad7,5",IOS,11.4,,,en-gb,No,3600,,,Europe,United Kingdom,England,Newport Pagnell,,,(direct),(none),(direct),cc9c8ab3df6acfd2ca81c7bbef2e4c6a_0
20180829,1535529124554002,2018-08-29T08:52:04,user_engagement,1535528873276002,2018-08-29T08:47:53,,215,62723,cc9c8ab3df6acfd2ca81c7bbef2e4c6a,7377B44DC66D47FE922EC1794773196F,1534866945842000,2018-08-21T16:55:45,,1220499683,IOS,,LoginViewController,auto,9140790560686019200,3863,,,,11111,1,,,,,,,,,,,1534866945842000,cc9c8ab3df6acfd2ca81c7bbef2e4c6a,uk.co.skoda.assistant.uat,1.1.6,,1:571703561616:ios:777087d7f78ec12a,manual_install,tablet,Apple,iPad,,"iPad7,5",IOS,11.4,,,en-gb,No,3600,,,Europe,United Kingdom,England,Newport Pagnell,,,(direct),(none),(direct),cc9c8ab3df6acfd2ca81c7bbef2e4c6a_0
20180829,1535529126608000,2018-08-29T08:52:06,screen_view,1535529121284000,2018-08-29T08:52:01,,216,53075,cc9c8ab3df6acfd2ca81c7bbef2e4c6a,7377B44DC66D47FE922EC1794773196F,1534866945842000,2018-08-21T16:55:45,,1220499683,IOS,,SplashViewController,auto,9140790560686019189,,1,9140790560686019200,LoginViewController,11111,1,,,,,,,,,,,1534866945842000,cc9c8ab3df6acfd2ca81c7bbef2e4c6a,uk.co.skoda.assistant.uat,1.1.6,,1:571703561616:ios:777087d7f78ec12a,manual_install,tablet,Apple,iPad,,"iPad7,5",IOS,11.4,,,en-gb,No,3600,,,Europe,United Kingdom,England,Newport Pagnell,,,(direct),(none),(direct),cc9c8ab3df6acfd2ca81c7bbef2e4c6a_0
20180829,1535529126708001,2018-08-29T08:52:06,screen_view,1535529126608001,2018-08-29T08:52:06,,216,53075,cc9c8ab3df6acfd2ca81c7bbef2e4c6a,7377B44DC66D47FE922EC1794773196F,1534866945842000,2018-08-21T16:55:45,,1220499683,IOS,,LoginViewController,auto,9140790560686019201,,1,9140790560686019189,SplashViewController,11111,1,,,,,,,,,,,1534866945842000,cc9c8ab3df6acfd2ca81c7bbef2e4c6a,uk.co.skoda.assistant.uat,1.1.6,,1:571703561616:ios:777087d7f78ec12a,manual_install,tablet,Apple,iPad,,"iPad7,5",IOS,11.4,,,en-gb,No,3600,,,Europe,United Kingdom,England,Newport Pagnell,,,(direct),(none),(direct),cc9c8ab3df6acfd2ca81c7bbef2e4c6a_0
20180829,1535529130533002,2018-08-29T08:52:10,user_engagement,1535529124554002,2018-08-29T08:52:04,,216,53075,cc9c8ab3df6acfd2ca81c7bbef2e4c6a,7377B44DC66D47FE922EC1794773196F,1534866945842000,2018-08-21T16:55:45,,1220499683,IOS,,LoginViewController,auto,9140790560686019201,4440,,,,11111,1,,,,,,,,,,,1534866945842000,cc9c8ab3df6acfd2ca81c7bbef2e4c6a,uk.co.skoda.assistant.uat,1.1.6,,1:571703561616:ios:777087d7f78ec12a,manual_install,tablet,Apple,iPad,,"iPad7,5",IOS,11.4,,,en-gb,No,3600,,,Europe,United Kingdom,England,Newport Pagnell,,,(direct),(none),(direct),cc9c8ab3df6acfd2ca81c7bbef2e4c6a_0
20180829,1535529132512000,2018-08-29T08:52:12,screen_view,1535529126708000,2018-08-29T08:52:06,,217,90277,cc9c8ab3df6acfd2ca81c7bbef2e4c6a,7377B44DC66D47FE922EC1794773196F,1534866945842000,2018-08-21T16:55:45,,1220499683,IOS,,SplashViewController,auto,9140790560686019189,,1,9140790560686019201,LoginViewController,11111,1,,,,,,,,,,,1534866945842000,cc9c8ab3df6acfd2ca81c7bbef2e4c6a,uk.co.skoda.assistant.uat,1.1.6,,1:571703561616:ios:777087d7f78ec12a,manual_install,tablet,Apple,iPad,,"iPad7,5",IOS,11.4,,,en-gb,No,3600,,,Europe,United Kingdom,England,Newport Pagnell,,,(direct),(none),(direct),cc9c8ab3df6acfd2ca81c7bbef2e4c6a_0
20180829,1535529132616001,2018-08-29T08:52:12,screen_view,1535529132512001,2018-08-29T08:52:12,,217,90277,cc9c8ab3df6acfd2ca81c7bbef2e4c6a,7377B44DC66D47FE922EC1794773196F,1534866945842000,2018-08-21T16:55:45,,1220499683,IOS,,LoginViewController,auto,9140790560686019202,,1,9140790560686019189,SplashViewController,11111,1,,,,,,,,,,,1534866945842000,cc9c8ab3df6acfd2ca81c7bbef2e4c6a,uk.co.skoda.assistant.uat,1.1.6,,1:571703561616:ios:777087d7f78ec12a,manual_install,tablet,Apple,iPad,,"iPad7,5",IOS,11.4,,,en-gb,No,3600,,,Europe,United Kingdom,England,Newport Pagnell,,,(direct),(none),(direct),cc9c8ab3df6acfd2ca81c7bbef2e4c6a_0
20180829,1535529134457002,2018-08-29T08:52:14,user_engagement,1535529130533002,2018-08-29T08:52:10,,217,90277,cc9c8ab3df6acfd2ca81c7bbef2e4c6a,7377B44DC66D47FE922EC1794773196F,1534866945842000,2018-08-21T16:55:45,,1220499683,IOS,,LoginViewController,auto,9140790560686019202,2460,,,,11111,1,,,,,,,,,,,1534866945842000,cc9c8ab3df6acfd2ca81c7bbef2e4c6a,uk.co.skoda.assistant.uat,1.1.6,,1:571703561616:ios:777087d7f78ec12a,manual_install,tablet,Apple,iPad,,"iPad7,5",IOS,11.4,,,en-gb,No,3600,,,Europe,United Kingdom,England,Newport Pagnell,,,(direct),(none),(direct),cc9c8ab3df6acfd2ca81c7bbef2e4c6a_0
20180829,1535529137397000,2018-08-29T08:52:17,screen_view,1535529132616000,2018-08-29T08:52:12,,218,66235,cc9c8ab3df6acfd2ca81c7bbef2e4c6a,7377B44DC66D47FE922EC1794773196F,1534866945842000,2018-08-21T16:55:45,,1220499683,IOS,,LoginViewController,auto,8549608140516702892,,1,,,11111,1,,,,,,,,,,,1534866945842000,cc9c8ab3df6acfd2ca81c7bbef2e4c6a,uk.co.skoda.assistant.uat,1.1.6,,1:571703561616:ios:777087d7f78ec12a,manual_install,tablet,Apple,iPad,,"iPad7,5",IOS,11.4,,,en-gb,No,3600,,,Europe,United Kingdom,England,Newport Pagnell,,,(direct),(none),(direct),cc9c8ab3df6acfd2ca81c7bbef2e4c6a_0
20180829,1535529140704001,2018-08-29T08:52:20,user_engagement,1535529134457001,2018-08-29T08:52:14,,218,66235,cc9c8ab3df6acfd2ca81c7bbef2e4c6a,7377B44DC66D47FE922EC1794773196F,1534866945842000,2018-08-21T16:55:45,,1220499683,IOS,,LoginViewController,auto,8549608140516702892,3307,,,,11111,1,,,,,,,,,,,1534866945842000,cc9c8ab3df6acfd2ca81c7bbef2e4c6a,uk.co.skoda.assistant.uat,1.1.6,,1:571703561616:ios:777087d7f78ec12a,manual_install,tablet,Apple,iPad,,"iPad7,5",IOS,11.4,,,en-gb,No,3600,,,Europe,United Kingdom,England,Newport Pagnell,,,(direct),(none),(direct),cc9c8ab3df6acfd2ca81c7bbef2e4c6a_0
20180829,1535529143810000,2018-08-29T08:52:23,user_engagement,1535529140704000,2018-08-29T08:52:20,,219,88327,cc9c8ab3df6acfd2ca81c7bbef2e4c6a,7377B44DC66D47FE922EC1794773196F,1534866945842000,2018-08-21T16:55:45,,1220499683,IOS,,LoginViewController,auto,8549608140516702892,1709,,,,11111,1,,,,,,,,,,,1534866945842000,cc9c8ab3df6acfd2ca81c7bbef2e4c6a,uk.co.skoda.assistant.uat,1.1.6,,1:571703561616:ios:777087d7f78ec12a,manual_install,tablet,Apple,iPad,,"iPad7,5",IOS,11.4,,,en-gb,No,3600,,,Europe,United Kingdom,England,Newport Pagnell,,,(direct),(none),(direct),cc9c8ab3df6acfd2ca81c7bbef2e4c6a_0
20180829,1535529143812000,2018-08-29T08:52:23,screen_view,1535529137397000,2018-08-29T08:52:17,,219,88327,cc9c8ab3df6acfd2ca81c7bbef2e4c6a,7377B44DC66D47FE922EC1794773196F,1534866945842000,2018-08-21T16:55:45,,1220499683,IOS,,SplashViewController,auto,8549608140516702891,,1,8549608140516702892,LoginViewController,11111,1,,,,,,,,,,,1534866945842000,cc9c8ab3df6acfd2ca81c7bbef2e4c6a,uk.co.skoda.assistant.uat,1.1.6,,1:571703561616:ios:777087d7f78ec12a,manual_install,tablet,Apple,iPad,,"iPad7,5",IOS,11.4,,,en-gb,No,3600,,,Europe,United Kingdom,England,Newport Pagnell,,,(direct),(none),(direct),cc9c8ab3df6acfd2ca81c7bbef2e4c6a_0
