event_date,event_timestamp,event_iso8601,event_name,event_previous_timestamp,event_previous_iso8601,event_value_in_usd,event_bundle_sequence_id,event_server_timestamp_offset,user_id,user_pseudo_id,user_first_touch_timestamp,user_first_touch_iso8601,user_ltv,stream_id,platform,event_dimensions,firebase_screen_class,firebase_event_origin,firebase_screen_id,engagement_time_msec,firebase_conversion,firebase_previous_id,firebase_previous_class,user_retailer,user_area,AnalyticsParameterTerm,button_name,AnalyticsParameterItemID,engine,Compared_vehicle_1,Compared_vehicle_2,update_with_analytics,previous_first_open_count,previous_app_version,Compared_vehicle_3,first_open_time,user_id,id,version,install_store,firebase_app_id,install_source,category,mobile_brand_name,mobile_model_name,mobile_marketing_name,mobile_os_hardware_model,operating_system,operating_system_version,vendor_id,advertising_id,language,is_limited_ad_tracking,time_zone_offset_seconds,browser,browser,continent,country,region,city,sub_continent,metro,name,medium,source,user_session_generated_id
20180829,1535559537551001,2018-08-29T17:18:57,AnalyticsEventLogin,,,,6,-1488546,,2238582BA9A54A1EA26FAC8EE831050B,1535472722849000,2018-08-28T17:12:02,,1220499683,IOS,,SplashViewController,app,663068733484837410,,1,,,11111,1,1a9f4d0183ebff4d1b5a22b360df9183,,,,,,,,,,1535472722849000,,uk.co.skoda.assistant.uat,1.1.7,,1:571703561616:ios:777087d7f78ec12a,manual_install,tablet,Apple,iPad 5th gen,,"iPad6,11",IOS,11.4.1,,,en-gb,No,3600,,,Europe,United Kingdom,England,Newport Pagnell,,,(direct),(none),(direct),_9
20180829,1535559538091002,2018-08-29T17:18:58,screen_view,1535559537491002,2018-08-29T17:18:57,,6,-1488546,,2238582BA9A54A1EA26FAC8EE831050B,1535472722849000,2018-08-28T17:12:02,,1220499683,IOS,,ContentLoaderViewController,auto,663068733484837412,,1,663068733484837410,SplashViewController,11111,1,,,,,,,,,,,1535472722849000,,uk.co.skoda.assistant.uat,1.1.7,,1:571703561616:ios:777087d7f78ec12a,manual_install,tablet,Apple,iPad 5th gen,,"iPad6,11",IOS,11.4.1,,,en-gb,No,3600,,,Europe,United Kingdom,England,Newport Pagnell,,,(direct),(none),(direct),_9
20180829,1535559654888000,2018-08-29T17:20:54,user_engagement,1535559537490000,2018-08-29T17:18:57,,7,-1488487,,2238582BA9A54A1EA26FAC8EE831050B,1535472722849000,2018-08-28T17:12:02,,1220499683,IOS,,ContentLoaderViewController,auto,663068733484837412,117397,,,,11111,1,,,,,,,,,,,1535472722849000,,uk.co.skoda.assistant.uat,1.1.7,,1:571703561616:ios:777087d7f78ec12a,manual_install,tablet,Apple,iPad 5th gen,,"iPad6,11",IOS,11.4.1,,,en-gb,No,3600,,,Europe,United Kingdom,England,Newport Pagnell,,,(direct),(none),(direct),_9
20180829,1535559654889000,2018-08-29T17:20:54,screen_view,1535559538091000,2018-08-29T17:18:58,,7,-1488487,,2238582BA9A54A1EA26FAC8EE831050B,1535472722849000,2018-08-28T17:12:02,,1220499683,IOS,,SplashViewController,auto,663068733484837410,,1,663068733484837412,ContentLoaderViewController,11111,1,,,,,,,,,,,1535472722849000,,uk.co.skoda.assistant.uat,1.1.7,,1:571703561616:ios:777087d7f78ec12a,manual_install,tablet,Apple,iPad 5th gen,,"iPad6,11",IOS,11.4.1,,,en-gb,No,3600,,,Europe,United Kingdom,England,Newport Pagnell,,,(direct),(none),(direct),_9
