event_date,event_timestamp,event_iso8601,event_name,event_previous_timestamp,event_previous_iso8601,event_value_in_usd,event_bundle_sequence_id,event_server_timestamp_offset,user_id,user_pseudo_id,user_first_touch_timestamp,user_first_touch_iso8601,user_ltv,stream_id,platform,event_dimensions,firebase_screen_class,firebase_event_origin,firebase_screen_id,engagement_time_msec,firebase_conversion,firebase_previous_id,firebase_previous_class,user_retailer,user_area,AnalyticsParameterTerm,button_name,AnalyticsParameterItemID,engine,Compared_vehicle_1,Compared_vehicle_2,update_with_analytics,previous_first_open_count,previous_app_version,Compared_vehicle_3,first_open_time,user_id,id,version,install_store,firebase_app_id,install_source,category,mobile_brand_name,mobile_model_name,mobile_marketing_name,mobile_os_hardware_model,operating_system,operating_system_version,vendor_id,advertising_id,language,is_limited_ad_tracking,time_zone_offset_seconds,browser,browser,continent,country,region,city,sub_continent,metro,name,medium,source,user_session_generated_id
20180829,1535529143839001,2018-08-29T08:52:23,AnalyticsEventLogin,1535462442702001,2018-08-28T14:20:42,,219,88327,cc9c8ab3df6acfd2ca81c7bbef2e4c6a,7377B44DC66D47FE922EC1794773196F,1534866945842000,2018-08-21T16:55:45,,1220499683,IOS,,SplashViewController,app,8549608140516702891,,1,,,11111,1,cc9c8ab3df6acfd2ca81c7bbef2e4c6a,,,,,,,,,,1534866945842000,cc9c8ab3df6acfd2ca81c7bbef2e4c6a,uk.co.skoda.assistant.uat,1.1.6,,1:571703561616:ios:777087d7f78ec12a,manual_install,tablet,Apple,iPad,,"iPad7,5",IOS,11.4,,,en-gb,No,3600,,,Europe,United Kingdom,England,Newport Pagnell,,,(direct),(none),(direct),cc9c8ab3df6acfd2ca81c7bbef2e4c6a_1
20180829,1535529144378002,2018-08-29T08:52:24,screen_view,1535529143812002,2018-08-29T08:52:23,,219,88327,cc9c8ab3df6acfd2ca81c7bbef2e4c6a,7377B44DC66D47FE922EC1794773196F,1534866945842000,2018-08-21T16:55:45,,1220499683,IOS,,ContentLoaderViewController,auto,8549608140516702893,,1,8549608140516702891,SplashViewController,11111,1,,,,,,,,,,,1534866945842000,cc9c8ab3df6acfd2ca81c7bbef2e4c6a,uk.co.skoda.assistant.uat,1.1.6,,1:571703561616:ios:777087d7f78ec12a,manual_install,tablet,Apple,iPad,,"iPad7,5",IOS,11.4,,,en-gb,No,3600,,,Europe,United Kingdom,England,Newport Pagnell,,,(direct),(none),(direct),cc9c8ab3df6acfd2ca81c7bbef2e4c6a_1
20180829,1535529273950004,2018-08-29T08:54:33,user_engagement,1535529143810004,2018-08-29T08:52:23,,219,88327,cc9c8ab3df6acfd2ca81c7bbef2e4c6a,7377B44DC66D47FE922EC1794773196F,1534866945842000,2018-08-21T16:55:45,,1220499683,IOS,,ContentLoaderViewController,auto,8549608140516702893,130139,,,,11111,1,,,,,,,,,,,1534866945842000,cc9c8ab3df6acfd2ca81c7bbef2e4c6a,uk.co.skoda.assistant.uat,1.1.6,,1:571703561616:ios:777087d7f78ec12a,manual_install,tablet,Apple,iPad,,"iPad7,5",IOS,11.4,,,en-gb,No,3600,,,Europe,United Kingdom,England,Newport Pagnell,,,(direct),(none),(direct),cc9c8ab3df6acfd2ca81c7bbef2e4c6a_1
20180829,1535529273951003,2018-08-29T08:54:33,screen_view,1535529144378003,2018-08-29T08:52:24,,219,88327,cc9c8ab3df6acfd2ca81c7bbef2e4c6a,7377B44DC66D47FE922EC1794773196F,1534866945842000,2018-08-21T16:55:45,,1220499683,IOS,,SplashViewController,auto,8549608140516702891,,1,8549608140516702893,ContentLoaderViewController,11111,1,,,,,,,,,,,1534866945842000,cc9c8ab3df6acfd2ca81c7bbef2e4c6a,uk.co.skoda.assistant.uat,1.1.6,,1:571703561616:ios:777087d7f78ec12a,manual_install,tablet,Apple,iPad,,"iPad7,5",IOS,11.4,,,en-gb,No,3600,,,Europe,United Kingdom,England,Newport Pagnell,,,(direct),(none),(direct),cc9c8ab3df6acfd2ca81c7bbef2e4c6a_1
20180829,1535529274104000,2018-08-29T08:54:34,button_press,1535473713300000,2018-08-28T17:28:33,,220,88328,cc9c8ab3df6acfd2ca81c7bbef2e4c6a,7377B44DC66D47FE922EC1794773196F,1534866945842000,2018-08-21T16:55:45,,1220499683,IOS,,SplashViewController,app,8549608140516702891,,1,,,11111,1,,globalnav_range,,,,,,,,,1534866945842000,cc9c8ab3df6acfd2ca81c7bbef2e4c6a,uk.co.skoda.assistant.uat,1.1.6,,1:571703561616:ios:777087d7f78ec12a,manual_install,tablet,Apple,iPad,,"iPad7,5",IOS,11.4,,,en-gb,No,3600,,,Europe,United Kingdom,England,Newport Pagnell,,,(direct),(none),(direct),cc9c8ab3df6acfd2ca81c7bbef2e4c6a_1
20180829,1535529274105001,2018-08-29T08:54:34,button_press,1535529274104001,2018-08-29T08:54:34,,220,88328,cc9c8ab3df6acfd2ca81c7bbef2e4c6a,7377B44DC66D47FE922EC1794773196F,1534866945842000,2018-08-21T16:55:45,,1220499683,IOS,,SplashViewController,app,8549608140516702891,,1,,,11111,1,,range,,,,,,,,,1534866945842000,cc9c8ab3df6acfd2ca81c7bbef2e4c6a,uk.co.skoda.assistant.uat,1.1.6,,1:571703561616:ios:777087d7f78ec12a,manual_install,tablet,Apple,iPad,,"iPad7,5",IOS,11.4,,,en-gb,No,3600,,,Europe,United Kingdom,England,Newport Pagnell,,,(direct),(none),(direct),cc9c8ab3df6acfd2ca81c7bbef2e4c6a_1
20180829,1535529274845002,2018-08-29T08:54:34,screen_view,1535529273951002,2018-08-29T08:54:33,,220,88328,cc9c8ab3df6acfd2ca81c7bbef2e4c6a,7377B44DC66D47FE922EC1794773196F,1534866945842000,2018-08-21T16:55:45,,1220499683,IOS,,SkodaContentViewController,auto,8549608140516702894,,1,8549608140516702891,SplashViewController,11111,1,,,,,,,,,,,1534866945842000,cc9c8ab3df6acfd2ca81c7bbef2e4c6a,uk.co.skoda.assistant.uat,1.1.6,,1:571703561616:ios:777087d7f78ec12a,manual_install,tablet,Apple,iPad,,"iPad7,5",IOS,11.4,,,en-gb,No,3600,,,Europe,United Kingdom,England,Newport Pagnell,,,(direct),(none),(direct),cc9c8ab3df6acfd2ca81c7bbef2e4c6a_1
20180829,1535529274847003,2018-08-29T08:54:34,screen_view,1535529274845003,2018-08-29T08:54:34,,220,88328,cc9c8ab3df6acfd2ca81c7bbef2e4c6a,7377B44DC66D47FE922EC1794773196F,1534866945842000,2018-08-21T16:55:45,,1220499683,IOS,,RangeContentViewController,auto,8549608140516702895,,1,8549608140516702894,SkodaContentViewController,11111,1,,,,,,,,,,,1534866945842000,cc9c8ab3df6acfd2ca81c7bbef2e4c6a,uk.co.skoda.assistant.uat,1.1.6,,1:571703561616:ios:777087d7f78ec12a,manual_install,tablet,Apple,iPad,,"iPad7,5",IOS,11.4,,,en-gb,No,3600,,,Europe,United Kingdom,England,Newport Pagnell,,,(direct),(none),(direct),cc9c8ab3df6acfd2ca81c7bbef2e4c6a_1
20180829,1535529281315004,2018-08-29T08:54:41,button_press,1535529274105004,2018-08-29T08:54:34,,220,88328,cc9c8ab3df6acfd2ca81c7bbef2e4c6a,7377B44DC66D47FE922EC1794773196F,1534866945842000,2018-08-21T16:55:45,,1220499683,IOS,,RangeContentViewController,app,8549608140516702895,,1,,,11111,1,SE,range_home_trim_select,25,,,,,,,,1534866945842000,cc9c8ab3df6acfd2ca81c7bbef2e4c6a,uk.co.skoda.assistant.uat,1.1.6,,1:571703561616:ios:777087d7f78ec12a,manual_install,tablet,Apple,iPad,,"iPad7,5",IOS,11.4,,,en-gb,No,3600,,,Europe,United Kingdom,England,Newport Pagnell,,,(direct),(none),(direct),cc9c8ab3df6acfd2ca81c7bbef2e4c6a_1
20180829,1535529282058005,2018-08-29T08:54:42,screen_view,1535529274847005,2018-08-29T08:54:34,,220,88328,cc9c8ab3df6acfd2ca81c7bbef2e4c6a,7377B44DC66D47FE922EC1794773196F,1534866945842000,2018-08-21T16:55:45,,1220499683,IOS,,TrimViewController,auto,8549608140516702896,,1,8549608140516702895,RangeContentViewController,11111,1,,,,,,,,,,,1534866945842000,cc9c8ab3df6acfd2ca81c7bbef2e4c6a,uk.co.skoda.assistant.uat,1.1.6,,1:571703561616:ios:777087d7f78ec12a,manual_install,tablet,Apple,iPad,,"iPad7,5",IOS,11.4,,,en-gb,No,3600,,,Europe,United Kingdom,England,Newport Pagnell,,,(direct),(none),(direct),cc9c8ab3df6acfd2ca81c7bbef2e4c6a_1
20180829,1535529282058005,2018-08-29T08:54:42,user_engagement,1535529273950005,2018-08-29T08:54:33,,220,88328,cc9c8ab3df6acfd2ca81c7bbef2e4c6a,7377B44DC66D47FE922EC1794773196F,1534866945842000,2018-08-21T16:55:45,,1220499683,IOS,,RangeContentViewController,auto,8549608140516702895,8107,,,,11111,1,,,,,,,,,,,1534866945842000,cc9c8ab3df6acfd2ca81c7bbef2e4c6a,uk.co.skoda.assistant.uat,1.1.6,,1:571703561616:ios:777087d7f78ec12a,manual_install,tablet,Apple,iPad,,"iPad7,5",IOS,11.4,,,en-gb,No,3600,,,Europe,United Kingdom,England,Newport Pagnell,,,(direct),(none),(direct),cc9c8ab3df6acfd2ca81c7bbef2e4c6a_1
20180829,1535529294467006,2018-08-29T08:54:54,button_press,1535529281315006,2018-08-29T08:54:41,,220,88328,cc9c8ab3df6acfd2ca81c7bbef2e4c6a,7377B44DC66D47FE922EC1794773196F,1534866945842000,2018-08-21T16:55:45,,1220499683,IOS,,TrimViewController,app,8549608140516702896,,1,,,11111,1,,trim_home_trim_dropdown_select,,,,,,,,,1534866945842000,cc9c8ab3df6acfd2ca81c7bbef2e4c6a,uk.co.skoda.assistant.uat,1.1.6,,1:571703561616:ios:777087d7f78ec12a,manual_install,tablet,Apple,iPad,,"iPad7,5",IOS,11.4,,,en-gb,No,3600,,,Europe,United Kingdom,England,Newport Pagnell,,,(direct),(none),(direct),cc9c8ab3df6acfd2ca81c7bbef2e4c6a_1
20180829,1535529296020007,2018-08-29T08:54:56,button_press,1535529294467007,2018-08-29T08:54:54,,220,88328,cc9c8ab3df6acfd2ca81c7bbef2e4c6a,7377B44DC66D47FE922EC1794773196F,1534866945842000,2018-08-21T16:55:45,,1220499683,IOS,,TrimViewController,app,8549608140516702896,,1,,,11111,1,SE Technology,trim_home_trim_select_from_dropdown,51,,,,,,,,1534866945842000,cc9c8ab3df6acfd2ca81c7bbef2e4c6a,uk.co.skoda.assistant.uat,1.1.6,,1:571703561616:ios:777087d7f78ec12a,manual_install,tablet,Apple,iPad,,"iPad7,5",IOS,11.4,,,en-gb,No,3600,,,Europe,United Kingdom,England,Newport Pagnell,,,(direct),(none),(direct),cc9c8ab3df6acfd2ca81c7bbef2e4c6a_1
20180829,1535529304909008,2018-08-29T08:55:04,button_press,1535529296020008,2018-08-29T08:54:56,,220,88328,cc9c8ab3df6acfd2ca81c7bbef2e4c6a,7377B44DC66D47FE922EC1794773196F,1534866945842000,2018-08-21T16:55:45,,1220499683,IOS,,TrimViewController,app,8549608140516702896,,1,,,11111,1,,trim_home_trim_dropdown_select,,,,,,,,,1534866945842000,cc9c8ab3df6acfd2ca81c7bbef2e4c6a,uk.co.skoda.assistant.uat,1.1.6,,1:571703561616:ios:777087d7f78ec12a,manual_install,tablet,Apple,iPad,,"iPad7,5",IOS,11.4,,,en-gb,No,3600,,,Europe,United Kingdom,England,Newport Pagnell,,,(direct),(none),(direct),cc9c8ab3df6acfd2ca81c7bbef2e4c6a_1
20180829,1535529305870009,2018-08-29T08:55:05,button_press,1535529304909009,2018-08-29T08:55:04,,220,88328,cc9c8ab3df6acfd2ca81c7bbef2e4c6a,7377B44DC66D47FE922EC1794773196F,1534866945842000,2018-08-21T16:55:45,,1220499683,IOS,,TrimViewController,app,8549608140516702896,,1,,,11111,1,SE L,trim_home_trim_select_from_dropdown,52,,,,,,,,1534866945842000,cc9c8ab3df6acfd2ca81c7bbef2e4c6a,uk.co.skoda.assistant.uat,1.1.6,,1:571703561616:ios:777087d7f78ec12a,manual_install,tablet,Apple,iPad,,"iPad7,5",IOS,11.4,,,en-gb,No,3600,,,Europe,United Kingdom,England,Newport Pagnell,,,(direct),(none),(direct),cc9c8ab3df6acfd2ca81c7bbef2e4c6a_1
20180829,1535529315634010,2018-08-29T08:55:15,button_press,1535529305870010,2018-08-29T08:55:05,,220,88328,cc9c8ab3df6acfd2ca81c7bbef2e4c6a,7377B44DC66D47FE922EC1794773196F,1534866945842000,2018-08-21T16:55:45,,1220499683,IOS,,TrimViewController,app,8549608140516702896,,1,,,11111,1,,trim_home_trim_dropdown_select,,,,,,,,,1534866945842000,cc9c8ab3df6acfd2ca81c7bbef2e4c6a,uk.co.skoda.assistant.uat,1.1.6,,1:571703561616:ios:777087d7f78ec12a,manual_install,tablet,Apple,iPad,,"iPad7,5",IOS,11.4,,,en-gb,No,3600,,,Europe,United Kingdom,England,Newport Pagnell,,,(direct),(none),(direct),cc9c8ab3df6acfd2ca81c7bbef2e4c6a_1
20180829,1535529322596011,2018-08-29T08:55:22,button_press,1535529315634011,2018-08-29T08:55:15,,220,88328,cc9c8ab3df6acfd2ca81c7bbef2e4c6a,7377B44DC66D47FE922EC1794773196F,1534866945842000,2018-08-21T16:55:45,,1220499683,IOS,,TrimViewController,app,8549608140516702896,,1,,,11111,1,,globalnav_range,,,,,,,,,1534866945842000,cc9c8ab3df6acfd2ca81c7bbef2e4c6a,uk.co.skoda.assistant.uat,1.1.6,,1:571703561616:ios:777087d7f78ec12a,manual_install,tablet,Apple,iPad,,"iPad7,5",IOS,11.4,,,en-gb,No,3600,,,Europe,United Kingdom,England,Newport Pagnell,,,(direct),(none),(direct),cc9c8ab3df6acfd2ca81c7bbef2e4c6a_1
20180829,1535529323147012,2018-08-29T08:55:23,screen_view,1535529282058012,2018-08-29T08:54:42,,220,88328,cc9c8ab3df6acfd2ca81c7bbef2e4c6a,7377B44DC66D47FE922EC1794773196F,1534866945842000,2018-08-21T16:55:45,,1220499683,IOS,,RangeContentViewController,auto,8549608140516702895,,1,8549608140516702896,TrimViewController,11111,1,,,,,,,,,,,1534866945842000,cc9c8ab3df6acfd2ca81c7bbef2e4c6a,uk.co.skoda.assistant.uat,1.1.6,,1:571703561616:ios:777087d7f78ec12a,manual_install,tablet,Apple,iPad,,"iPad7,5",IOS,11.4,,,en-gb,No,3600,,,Europe,United Kingdom,England,Newport Pagnell,,,(direct),(none),(direct),cc9c8ab3df6acfd2ca81c7bbef2e4c6a_1
20180829,1535529323147013,2018-08-29T08:55:23,user_engagement,1535529282058013,2018-08-29T08:54:42,,220,88328,cc9c8ab3df6acfd2ca81c7bbef2e4c6a,7377B44DC66D47FE922EC1794773196F,1534866945842000,2018-08-21T16:55:45,,1220499683,IOS,,TrimViewController,auto,8549608140516702896,41088,,,,11111,1,,,,,,,,,,,1534866945842000,cc9c8ab3df6acfd2ca81c7bbef2e4c6a,uk.co.skoda.assistant.uat,1.1.6,,1:571703561616:ios:777087d7f78ec12a,manual_install,tablet,Apple,iPad,,"iPad7,5",IOS,11.4,,,en-gb,No,3600,,,Europe,United Kingdom,England,Newport Pagnell,,,(direct),(none),(direct),cc9c8ab3df6acfd2ca81c7bbef2e4c6a_1
20180829,1535529323801013,2018-08-29T08:55:23,button_press,1535529322596013,2018-08-29T08:55:22,,220,88328,cc9c8ab3df6acfd2ca81c7bbef2e4c6a,7377B44DC66D47FE922EC1794773196F,1534866945842000,2018-08-21T16:55:45,,1220499683,IOS,,RangeContentViewController,app,8549608140516702895,,1,,,11111,1,,globalnav_range,,,,,,,,,1534866945842000,cc9c8ab3df6acfd2ca81c7bbef2e4c6a,uk.co.skoda.assistant.uat,1.1.6,,1:571703561616:ios:777087d7f78ec12a,manual_install,tablet,Apple,iPad,,"iPad7,5",IOS,11.4,,,en-gb,No,3600,,,Europe,United Kingdom,England,Newport Pagnell,,,(direct),(none),(direct),cc9c8ab3df6acfd2ca81c7bbef2e4c6a_1
20180829,1535529334022014,2018-08-29T08:55:34,button_press,1535529323801014,2018-08-29T08:55:23,,220,88328,cc9c8ab3df6acfd2ca81c7bbef2e4c6a,7377B44DC66D47FE922EC1794773196F,1534866945842000,2018-08-21T16:55:45,,1220499683,IOS,,RangeContentViewController,app,8549608140516702895,,1,,,11111,1,SE,range_home_trim_select,28,,,,,,,,1534866945842000,cc9c8ab3df6acfd2ca81c7bbef2e4c6a,uk.co.skoda.assistant.uat,1.1.6,,1:571703561616:ios:777087d7f78ec12a,manual_install,tablet,Apple,iPad,,"iPad7,5",IOS,11.4,,,en-gb,No,3600,,,Europe,United Kingdom,England,Newport Pagnell,,,(direct),(none),(direct),cc9c8ab3df6acfd2ca81c7bbef2e4c6a_1
20180829,1535529334859015,2018-08-29T08:55:34,screen_view,1535529323147015,2018-08-29T08:55:23,,220,88328,cc9c8ab3df6acfd2ca81c7bbef2e4c6a,7377B44DC66D47FE922EC1794773196F,1534866945842000,2018-08-21T16:55:45,,1220499683,IOS,,TrimViewController,auto,8549608140516702897,,1,8549608140516702895,RangeContentViewController,11111,1,,,,,,,,,,,1534866945842000,cc9c8ab3df6acfd2ca81c7bbef2e4c6a,uk.co.skoda.assistant.uat,1.1.6,,1:571703561616:ios:777087d7f78ec12a,manual_install,tablet,Apple,iPad,,"iPad7,5",IOS,11.4,,,en-gb,No,3600,,,Europe,United Kingdom,England,Newport Pagnell,,,(direct),(none),(direct),cc9c8ab3df6acfd2ca81c7bbef2e4c6a_1
20180829,1535529334859017,2018-08-29T08:55:34,user_engagement,1535529323147017,2018-08-29T08:55:23,,220,88328,cc9c8ab3df6acfd2ca81c7bbef2e4c6a,7377B44DC66D47FE922EC1794773196F,1534866945842000,2018-08-21T16:55:45,,1220499683,IOS,,RangeContentViewController,auto,8549608140516702895,11712,,,,11111,1,,,,,,,,,,,1534866945842000,cc9c8ab3df6acfd2ca81c7bbef2e4c6a,uk.co.skoda.assistant.uat,1.1.6,,1:571703561616:ios:777087d7f78ec12a,manual_install,tablet,Apple,iPad,,"iPad7,5",IOS,11.4,,,en-gb,No,3600,,,Europe,United Kingdom,England,Newport Pagnell,,,(direct),(none),(direct),cc9c8ab3df6acfd2ca81c7bbef2e4c6a_1
20180829,1535529337270016,2018-08-29T08:55:37,button_press,1535529334022016,2018-08-29T08:55:34,,220,88328,cc9c8ab3df6acfd2ca81c7bbef2e4c6a,7377B44DC66D47FE922EC1794773196F,1534866945842000,2018-08-21T16:55:45,,1220499683,IOS,,TrimViewController,app,8549608140516702897,,1,,,11111,1,,trim_home_trim_dropdown_select,,,,,,,,,1534866945842000,cc9c8ab3df6acfd2ca81c7bbef2e4c6a,uk.co.skoda.assistant.uat,1.1.6,,1:571703561616:ios:777087d7f78ec12a,manual_install,tablet,Apple,iPad,,"iPad7,5",IOS,11.4,,,en-gb,No,3600,,,Europe,United Kingdom,England,Newport Pagnell,,,(direct),(none),(direct),cc9c8ab3df6acfd2ca81c7bbef2e4c6a_1
20180829,1535529339281017,2018-08-29T08:55:39,button_press,1535529337270017,2018-08-29T08:55:37,,220,88328,cc9c8ab3df6acfd2ca81c7bbef2e4c6a,7377B44DC66D47FE922EC1794773196F,1534866945842000,2018-08-21T16:55:45,,1220499683,IOS,,TrimViewController,app,8549608140516702897,,1,,,11111,1,SE Technology,trim_home_trim_select_from_dropdown,29,,,,,,,,1534866945842000,cc9c8ab3df6acfd2ca81c7bbef2e4c6a,uk.co.skoda.assistant.uat,1.1.6,,1:571703561616:ios:777087d7f78ec12a,manual_install,tablet,Apple,iPad,,"iPad7,5",IOS,11.4,,,en-gb,No,3600,,,Europe,United Kingdom,England,Newport Pagnell,,,(direct),(none),(direct),cc9c8ab3df6acfd2ca81c7bbef2e4c6a_1
20180829,1535529342387018,2018-08-29T08:55:42,button_press,1535529339281018,2018-08-29T08:55:39,,220,88328,cc9c8ab3df6acfd2ca81c7bbef2e4c6a,7377B44DC66D47FE922EC1794773196F,1534866945842000,2018-08-21T16:55:45,,1220499683,IOS,,TrimViewController,app,8549608140516702897,,1,,,11111,1,,trim_home_trim_dropdown_select,,,,,,,,,1534866945842000,cc9c8ab3df6acfd2ca81c7bbef2e4c6a,uk.co.skoda.assistant.uat,1.1.6,,1:571703561616:ios:777087d7f78ec12a,manual_install,tablet,Apple,iPad,,"iPad7,5",IOS,11.4,,,en-gb,No,3600,,,Europe,United Kingdom,England,Newport Pagnell,,,(direct),(none),(direct),cc9c8ab3df6acfd2ca81c7bbef2e4c6a_1
20180829,1535529343659019,2018-08-29T08:55:43,button_press,1535529342387019,2018-08-29T08:55:42,,220,88328,cc9c8ab3df6acfd2ca81c7bbef2e4c6a,7377B44DC66D47FE922EC1794773196F,1534866945842000,2018-08-21T16:55:45,,1220499683,IOS,,TrimViewController,app,8549608140516702897,,1,,,11111,1,SE L,trim_home_trim_select_from_dropdown,55,,,,,,,,1534866945842000,cc9c8ab3df6acfd2ca81c7bbef2e4c6a,uk.co.skoda.assistant.uat,1.1.6,,1:571703561616:ios:777087d7f78ec12a,manual_install,tablet,Apple,iPad,,"iPad7,5",IOS,11.4,,,en-gb,No,3600,,,Europe,United Kingdom,England,Newport Pagnell,,,(direct),(none),(direct),cc9c8ab3df6acfd2ca81c7bbef2e4c6a_1
20180829,1535529352252023,2018-08-29T08:55:52,user_engagement,1535529334859023,2018-08-29T08:55:34,,220,88328,cc9c8ab3df6acfd2ca81c7bbef2e4c6a,7377B44DC66D47FE922EC1794773196F,1534866945842000,2018-08-21T16:55:45,,1220499683,IOS,,TrimViewController,auto,8549608140516702897,17392,,,,11111,1,,,,,,,,,,,1534866945842000,cc9c8ab3df6acfd2ca81c7bbef2e4c6a,uk.co.skoda.assistant.uat,1.1.6,,1:571703561616:ios:777087d7f78ec12a,manual_install,tablet,Apple,iPad,,"iPad7,5",IOS,11.4,,,en-gb,No,3600,,,Europe,United Kingdom,England,Newport Pagnell,,,(direct),(none),(direct),cc9c8ab3df6acfd2ca81c7bbef2e4c6a_1
20180829,1535529369668000,2018-08-29T08:56:09,button_press,1535529343659000,2018-08-29T08:55:43,,221,65485,cc9c8ab3df6acfd2ca81c7bbef2e4c6a,7377B44DC66D47FE922EC1794773196F,1534866945842000,2018-08-21T16:55:45,,1220499683,IOS,,TrimViewController,app,8549608140516702897,,1,,,11111,1,,globalnav_range,,,,,,,,,1534866945842000,cc9c8ab3df6acfd2ca81c7bbef2e4c6a,uk.co.skoda.assistant.uat,1.1.6,,1:571703561616:ios:777087d7f78ec12a,manual_install,tablet,Apple,iPad,,"iPad7,5",IOS,11.4,,,en-gb,No,3600,,,Europe,United Kingdom,England,Newport Pagnell,,,(direct),(none),(direct),cc9c8ab3df6acfd2ca81c7bbef2e4c6a_1
20180829,1535529370202001,2018-08-29T08:56:10,screen_view,1535529334859001,2018-08-29T08:55:34,,221,65485,cc9c8ab3df6acfd2ca81c7bbef2e4c6a,7377B44DC66D47FE922EC1794773196F,1534866945842000,2018-08-21T16:55:45,,1220499683,IOS,,RangeContentViewController,auto,8549608140516702895,,1,8549608140516702897,TrimViewController,11111,1,,,,,,,,,,,1534866945842000,cc9c8ab3df6acfd2ca81c7bbef2e4c6a,uk.co.skoda.assistant.uat,1.1.6,,1:571703561616:ios:777087d7f78ec12a,manual_install,tablet,Apple,iPad,,"iPad7,5",IOS,11.4,,,en-gb,No,3600,,,Europe,United Kingdom,England,Newport Pagnell,,,(direct),(none),(direct),cc9c8ab3df6acfd2ca81c7bbef2e4c6a_1
20180829,1535529370202001,2018-08-29T08:56:10,user_engagement,1535529352252001,2018-08-29T08:55:52,,221,65485,cc9c8ab3df6acfd2ca81c7bbef2e4c6a,7377B44DC66D47FE922EC1794773196F,1534866945842000,2018-08-21T16:55:45,,1220499683,IOS,,TrimViewController,auto,8549608140516702897,1290,,,,11111,1,,,,,,,,,,,1534866945842000,cc9c8ab3df6acfd2ca81c7bbef2e4c6a,uk.co.skoda.assistant.uat,1.1.6,,1:571703561616:ios:777087d7f78ec12a,manual_install,tablet,Apple,iPad,,"iPad7,5",IOS,11.4,,,en-gb,No,3600,,,Europe,United Kingdom,England,Newport Pagnell,,,(direct),(none),(direct),cc9c8ab3df6acfd2ca81c7bbef2e4c6a_1
20180829,1535529370352002,2018-08-29T08:56:10,button_press,1535529369668002,2018-08-29T08:56:09,,221,65485,cc9c8ab3df6acfd2ca81c7bbef2e4c6a,7377B44DC66D47FE922EC1794773196F,1534866945842000,2018-08-21T16:55:45,,1220499683,IOS,,RangeContentViewController,app,8549608140516702895,,1,,,11111,1,,globalnav_range,,,,,,,,,1534866945842000,cc9c8ab3df6acfd2ca81c7bbef2e4c6a,uk.co.skoda.assistant.uat,1.1.6,,1:571703561616:ios:777087d7f78ec12a,manual_install,tablet,Apple,iPad,,"iPad7,5",IOS,11.4,,,en-gb,No,3600,,,Europe,United Kingdom,England,Newport Pagnell,,,(direct),(none),(direct),cc9c8ab3df6acfd2ca81c7bbef2e4c6a_1
20180829,1535529372708003,2018-08-29T08:56:12,button_press,1535529370352003,2018-08-29T08:56:10,,221,65485,cc9c8ab3df6acfd2ca81c7bbef2e4c6a,7377B44DC66D47FE922EC1794773196F,1534866945842000,2018-08-21T16:55:45,,1220499683,IOS,,RangeContentViewController,app,8549608140516702895,,1,,,11111,1,S,range_home_trim_select,75,,,,,,,,1534866945842000,cc9c8ab3df6acfd2ca81c7bbef2e4c6a,uk.co.skoda.assistant.uat,1.1.6,,1:571703561616:ios:777087d7f78ec12a,manual_install,tablet,Apple,iPad,,"iPad7,5",IOS,11.4,,,en-gb,No,3600,,,Europe,United Kingdom,England,Newport Pagnell,,,(direct),(none),(direct),cc9c8ab3df6acfd2ca81c7bbef2e4c6a_1
20180829,1535529373385004,2018-08-29T08:56:13,screen_view,1535529370202004,2018-08-29T08:56:10,,221,65485,cc9c8ab3df6acfd2ca81c7bbef2e4c6a,7377B44DC66D47FE922EC1794773196F,1534866945842000,2018-08-21T16:55:45,,1220499683,IOS,,TrimViewController,auto,8549608140516702898,,1,8549608140516702895,RangeContentViewController,11111,1,,,,,,,,,,,1534866945842000,cc9c8ab3df6acfd2ca81c7bbef2e4c6a,uk.co.skoda.assistant.uat,1.1.6,,1:571703561616:ios:777087d7f78ec12a,manual_install,tablet,Apple,iPad,,"iPad7,5",IOS,11.4,,,en-gb,No,3600,,,Europe,United Kingdom,England,Newport Pagnell,,,(direct),(none),(direct),cc9c8ab3df6acfd2ca81c7bbef2e4c6a_1
20180829,1535529373385005,2018-08-29T08:56:13,user_engagement,1535529370202005,2018-08-29T08:56:10,,221,65485,cc9c8ab3df6acfd2ca81c7bbef2e4c6a,7377B44DC66D47FE922EC1794773196F,1534866945842000,2018-08-21T16:55:45,,1220499683,IOS,,RangeContentViewController,auto,8549608140516702895,3182,,,,11111,1,,,,,,,,,,,1534866945842000,cc9c8ab3df6acfd2ca81c7bbef2e4c6a,uk.co.skoda.assistant.uat,1.1.6,,1:571703561616:ios:777087d7f78ec12a,manual_install,tablet,Apple,iPad,,"iPad7,5",IOS,11.4,,,en-gb,No,3600,,,Europe,United Kingdom,England,Newport Pagnell,,,(direct),(none),(direct),cc9c8ab3df6acfd2ca81c7bbef2e4c6a_1
20180829,1535529374647005,2018-08-29T08:56:14,button_press,1535529372708005,2018-08-29T08:56:12,,221,65485,cc9c8ab3df6acfd2ca81c7bbef2e4c6a,7377B44DC66D47FE922EC1794773196F,1534866945842000,2018-08-21T16:55:45,,1220499683,IOS,,TrimViewController,app,8549608140516702898,,1,,,11111,1,,trim_home_trim_dropdown_select,,,,,,,,,1534866945842000,cc9c8ab3df6acfd2ca81c7bbef2e4c6a,uk.co.skoda.assistant.uat,1.1.6,,1:571703561616:ios:777087d7f78ec12a,manual_install,tablet,Apple,iPad,,"iPad7,5",IOS,11.4,,,en-gb,No,3600,,,Europe,United Kingdom,England,Newport Pagnell,,,(direct),(none),(direct),cc9c8ab3df6acfd2ca81c7bbef2e4c6a_1
20180829,1535529375274006,2018-08-29T08:56:15,button_press,1535529374647006,2018-08-29T08:56:14,,221,65485,cc9c8ab3df6acfd2ca81c7bbef2e4c6a,7377B44DC66D47FE922EC1794773196F,1534866945842000,2018-08-21T16:55:45,,1220499683,IOS,,TrimViewController,app,8549608140516702898,,1,,,11111,1,SE,trim_home_trim_select_from_dropdown,76,,,,,,,,1534866945842000,cc9c8ab3df6acfd2ca81c7bbef2e4c6a,uk.co.skoda.assistant.uat,1.1.6,,1:571703561616:ios:777087d7f78ec12a,manual_install,tablet,Apple,iPad,,"iPad7,5",IOS,11.4,,,en-gb,No,3600,,,Europe,United Kingdom,England,Newport Pagnell,,,(direct),(none),(direct),cc9c8ab3df6acfd2ca81c7bbef2e4c6a_1
20180829,1535529376372007,2018-08-29T08:56:16,button_press,1535529375274007,2018-08-29T08:56:15,,221,65485,cc9c8ab3df6acfd2ca81c7bbef2e4c6a,7377B44DC66D47FE922EC1794773196F,1534866945842000,2018-08-21T16:55:45,,1220499683,IOS,,TrimViewController,app,8549608140516702898,,1,,,11111,1,,trim_home_trim_dropdown_select,,,,,,,,,1534866945842000,cc9c8ab3df6acfd2ca81c7bbef2e4c6a,uk.co.skoda.assistant.uat,1.1.6,,1:571703561616:ios:777087d7f78ec12a,manual_install,tablet,Apple,iPad,,"iPad7,5",IOS,11.4,,,en-gb,No,3600,,,Europe,United Kingdom,England,Newport Pagnell,,,(direct),(none),(direct),cc9c8ab3df6acfd2ca81c7bbef2e4c6a_1
20180829,1535529377575008,2018-08-29T08:56:17,button_press,1535529376372008,2018-08-29T08:56:16,,221,65485,cc9c8ab3df6acfd2ca81c7bbef2e4c6a,7377B44DC66D47FE922EC1794773196F,1534866945842000,2018-08-21T16:55:45,,1220499683,IOS,,TrimViewController,app,8549608140516702898,,1,,,11111,1,Colour Edition,trim_home_trim_select_from_dropdown,77,,,,,,,,1534866945842000,cc9c8ab3df6acfd2ca81c7bbef2e4c6a,uk.co.skoda.assistant.uat,1.1.6,,1:571703561616:ios:777087d7f78ec12a,manual_install,tablet,Apple,iPad,,"iPad7,5",IOS,11.4,,,en-gb,No,3600,,,Europe,United Kingdom,England,Newport Pagnell,,,(direct),(none),(direct),cc9c8ab3df6acfd2ca81c7bbef2e4c6a_1
20180829,1535529378587009,2018-08-29T08:56:18,button_press,1535529377575009,2018-08-29T08:56:17,,221,65485,cc9c8ab3df6acfd2ca81c7bbef2e4c6a,7377B44DC66D47FE922EC1794773196F,1534866945842000,2018-08-21T16:55:45,,1220499683,IOS,,TrimViewController,app,8549608140516702898,,1,,,11111,1,,trim_home_trim_dropdown_select,,,,,,,,,1534866945842000,cc9c8ab3df6acfd2ca81c7bbef2e4c6a,uk.co.skoda.assistant.uat,1.1.6,,1:571703561616:ios:777087d7f78ec12a,manual_install,tablet,Apple,iPad,,"iPad7,5",IOS,11.4,,,en-gb,No,3600,,,Europe,United Kingdom,England,Newport Pagnell,,,(direct),(none),(direct),cc9c8ab3df6acfd2ca81c7bbef2e4c6a_1
20180829,1535529379624010,2018-08-29T08:56:19,button_press,1535529378587010,2018-08-29T08:56:18,,221,65485,cc9c8ab3df6acfd2ca81c7bbef2e4c6a,7377B44DC66D47FE922EC1794773196F,1534866945842000,2018-08-21T16:55:45,,1220499683,IOS,,TrimViewController,app,8549608140516702898,,1,,,11111,1,SE L,trim_home_trim_select_from_dropdown,78,,,,,,,,1534866945842000,cc9c8ab3df6acfd2ca81c7bbef2e4c6a,uk.co.skoda.assistant.uat,1.1.6,,1:571703561616:ios:777087d7f78ec12a,manual_install,tablet,Apple,iPad,,"iPad7,5",IOS,11.4,,,en-gb,No,3600,,,Europe,United Kingdom,England,Newport Pagnell,,,(direct),(none),(direct),cc9c8ab3df6acfd2ca81c7bbef2e4c6a_1
20180829,1535529380906011,2018-08-29T08:56:20,button_press,1535529379624011,2018-08-29T08:56:19,,221,65485,cc9c8ab3df6acfd2ca81c7bbef2e4c6a,7377B44DC66D47FE922EC1794773196F,1534866945842000,2018-08-21T16:55:45,,1220499683,IOS,,TrimViewController,app,8549608140516702898,,1,,,11111,1,,trim_home_trim_dropdown_select,,,,,,,,,1534866945842000,cc9c8ab3df6acfd2ca81c7bbef2e4c6a,uk.co.skoda.assistant.uat,1.1.6,,1:571703561616:ios:777087d7f78ec12a,manual_install,tablet,Apple,iPad,,"iPad7,5",IOS,11.4,,,en-gb,No,3600,,,Europe,United Kingdom,England,Newport Pagnell,,,(direct),(none),(direct),cc9c8ab3df6acfd2ca81c7bbef2e4c6a_1
20180829,1535529382230012,2018-08-29T08:56:22,button_press,1535529380906012,2018-08-29T08:56:20,,221,65485,cc9c8ab3df6acfd2ca81c7bbef2e4c6a,7377B44DC66D47FE922EC1794773196F,1534866945842000,2018-08-21T16:55:45,,1220499683,IOS,,TrimViewController,app,8549608140516702898,,1,,,11111,1,Monte Carlo,trim_home_trim_select_from_dropdown,79,,,,,,,,1534866945842000,cc9c8ab3df6acfd2ca81c7bbef2e4c6a,uk.co.skoda.assistant.uat,1.1.6,,1:571703561616:ios:777087d7f78ec12a,manual_install,tablet,Apple,iPad,,"iPad7,5",IOS,11.4,,,en-gb,No,3600,,,Europe,United Kingdom,England,Newport Pagnell,,,(direct),(none),(direct),cc9c8ab3df6acfd2ca81c7bbef2e4c6a_1
20180829,1535529383749013,2018-08-29T08:56:23,button_press,1535529382230013,2018-08-29T08:56:22,,221,65485,cc9c8ab3df6acfd2ca81c7bbef2e4c6a,7377B44DC66D47FE922EC1794773196F,1534866945842000,2018-08-21T16:55:45,,1220499683,IOS,,TrimViewController,app,8549608140516702898,,1,,,11111,1,,globalnav_range,,,,,,,,,1534866945842000,cc9c8ab3df6acfd2ca81c7bbef2e4c6a,uk.co.skoda.assistant.uat,1.1.6,,1:571703561616:ios:777087d7f78ec12a,manual_install,tablet,Apple,iPad,,"iPad7,5",IOS,11.4,,,en-gb,No,3600,,,Europe,United Kingdom,England,Newport Pagnell,,,(direct),(none),(direct),cc9c8ab3df6acfd2ca81c7bbef2e4c6a_1
20180829,1535529384304016,2018-08-29T08:56:24,user_engagement,1535529373385016,2018-08-29T08:56:13,,221,65485,cc9c8ab3df6acfd2ca81c7bbef2e4c6a,7377B44DC66D47FE922EC1794773196F,1534866945842000,2018-08-21T16:55:45,,1220499683,IOS,,TrimViewController,auto,8549608140516702898,10919,,,,11111,1,,,,,,,,,,,1534866945842000,cc9c8ab3df6acfd2ca81c7bbef2e4c6a,uk.co.skoda.assistant.uat,1.1.6,,1:571703561616:ios:777087d7f78ec12a,manual_install,tablet,Apple,iPad,,"iPad7,5",IOS,11.4,,,en-gb,No,3600,,,Europe,United Kingdom,England,Newport Pagnell,,,(direct),(none),(direct),cc9c8ab3df6acfd2ca81c7bbef2e4c6a_1
20180829,1535529384305014,2018-08-29T08:56:24,screen_view,1535529373385014,2018-08-29T08:56:13,,221,65485,cc9c8ab3df6acfd2ca81c7bbef2e4c6a,7377B44DC66D47FE922EC1794773196F,1534866945842000,2018-08-21T16:55:45,,1220499683,IOS,,RangeContentViewController,auto,8549608140516702895,,1,8549608140516702898,TrimViewController,11111,1,,,,,,,,,,,1534866945842000,cc9c8ab3df6acfd2ca81c7bbef2e4c6a,uk.co.skoda.assistant.uat,1.1.6,,1:571703561616:ios:777087d7f78ec12a,manual_install,tablet,Apple,iPad,,"iPad7,5",IOS,11.4,,,en-gb,No,3600,,,Europe,United Kingdom,England,Newport Pagnell,,,(direct),(none),(direct),cc9c8ab3df6acfd2ca81c7bbef2e4c6a_1
20180829,1535529384364015,2018-08-29T08:56:24,button_press,1535529383749015,2018-08-29T08:56:23,,221,65485,cc9c8ab3df6acfd2ca81c7bbef2e4c6a,7377B44DC66D47FE922EC1794773196F,1534866945842000,2018-08-21T16:55:45,,1220499683,IOS,,RangeContentViewController,app,8549608140516702895,,1,,,11111,1,,globalnav_range,,,,,,,,,1534866945842000,cc9c8ab3df6acfd2ca81c7bbef2e4c6a,uk.co.skoda.assistant.uat,1.1.6,,1:571703561616:ios:777087d7f78ec12a,manual_install,tablet,Apple,iPad,,"iPad7,5",IOS,11.4,,,en-gb,No,3600,,,Europe,United Kingdom,England,Newport Pagnell,,,(direct),(none),(direct),cc9c8ab3df6acfd2ca81c7bbef2e4c6a_1
20180829,1535529385893016,2018-08-29T08:56:25,button_press,1535529384364016,2018-08-29T08:56:24,,221,65485,cc9c8ab3df6acfd2ca81c7bbef2e4c6a,7377B44DC66D47FE922EC1794773196F,1534866945842000,2018-08-21T16:55:45,,1220499683,IOS,,RangeContentViewController,app,8549608140516702895,,1,,,11111,1,S,range_home_trim_select,7,,,,,,,,1534866945842000,cc9c8ab3df6acfd2ca81c7bbef2e4c6a,uk.co.skoda.assistant.uat,1.1.6,,1:571703561616:ios:777087d7f78ec12a,manual_install,tablet,Apple,iPad,,"iPad7,5",IOS,11.4,,,en-gb,No,3600,,,Europe,United Kingdom,England,Newport Pagnell,,,(direct),(none),(direct),cc9c8ab3df6acfd2ca81c7bbef2e4c6a_1
20180829,1535529386532017,2018-08-29T08:56:26,screen_view,1535529384305017,2018-08-29T08:56:24,,221,65485,cc9c8ab3df6acfd2ca81c7bbef2e4c6a,7377B44DC66D47FE922EC1794773196F,1534866945842000,2018-08-21T16:55:45,,1220499683,IOS,,TrimViewController,auto,8549608140516702899,,1,8549608140516702895,RangeContentViewController,11111,1,,,,,,,,,,,1534866945842000,cc9c8ab3df6acfd2ca81c7bbef2e4c6a,uk.co.skoda.assistant.uat,1.1.6,,1:571703561616:ios:777087d7f78ec12a,manual_install,tablet,Apple,iPad,,"iPad7,5",IOS,11.4,,,en-gb,No,3600,,,Europe,United Kingdom,England,Newport Pagnell,,,(direct),(none),(direct),cc9c8ab3df6acfd2ca81c7bbef2e4c6a_1
20180829,1535529386532020,2018-08-29T08:56:26,user_engagement,1535529384304020,2018-08-29T08:56:24,,221,65485,cc9c8ab3df6acfd2ca81c7bbef2e4c6a,7377B44DC66D47FE922EC1794773196F,1534866945842000,2018-08-21T16:55:45,,1220499683,IOS,,RangeContentViewController,auto,8549608140516702895,2227,,,,11111,1,,,,,,,,,,,1534866945842000,cc9c8ab3df6acfd2ca81c7bbef2e4c6a,uk.co.skoda.assistant.uat,1.1.6,,1:571703561616:ios:777087d7f78ec12a,manual_install,tablet,Apple,iPad,,"iPad7,5",IOS,11.4,,,en-gb,No,3600,,,Europe,United Kingdom,England,Newport Pagnell,,,(direct),(none),(direct),cc9c8ab3df6acfd2ca81c7bbef2e4c6a_1
20180829,1535529389572018,2018-08-29T08:56:29,button_press,1535529385893018,2018-08-29T08:56:25,,221,65485,cc9c8ab3df6acfd2ca81c7bbef2e4c6a,7377B44DC66D47FE922EC1794773196F,1534866945842000,2018-08-21T16:55:45,,1220499683,IOS,,TrimViewController,app,8549608140516702899,,1,,,11111,1,,trim_home_trim_dropdown_select,,,,,,,,,1534866945842000,cc9c8ab3df6acfd2ca81c7bbef2e4c6a,uk.co.skoda.assistant.uat,1.1.6,,1:571703561616:ios:777087d7f78ec12a,manual_install,tablet,Apple,iPad,,"iPad7,5",IOS,11.4,,,en-gb,No,3600,,,Europe,United Kingdom,England,Newport Pagnell,,,(direct),(none),(direct),cc9c8ab3df6acfd2ca81c7bbef2e4c6a_1
20180829,1535529390233019,2018-08-29T08:56:30,button_press,1535529389572019,2018-08-29T08:56:29,,221,65485,cc9c8ab3df6acfd2ca81c7bbef2e4c6a,7377B44DC66D47FE922EC1794773196F,1534866945842000,2018-08-21T16:55:45,,1220499683,IOS,,TrimViewController,app,8549608140516702899,,1,,,11111,1,SE,trim_home_trim_select_from_dropdown,6,,,,,,,,1534866945842000,cc9c8ab3df6acfd2ca81c7bbef2e4c6a,uk.co.skoda.assistant.uat,1.1.6,,1:571703561616:ios:777087d7f78ec12a,manual_install,tablet,Apple,iPad,,"iPad7,5",IOS,11.4,,,en-gb,No,3600,,,Europe,United Kingdom,England,Newport Pagnell,,,(direct),(none),(direct),cc9c8ab3df6acfd2ca81c7bbef2e4c6a_1
20180829,1535529391248020,2018-08-29T08:56:31,button_press,1535529390233020,2018-08-29T08:56:30,,221,65485,cc9c8ab3df6acfd2ca81c7bbef2e4c6a,7377B44DC66D47FE922EC1794773196F,1534866945842000,2018-08-21T16:55:45,,1220499683,IOS,,TrimViewController,app,8549608140516702899,,1,,,11111,1,,trim_home_trim_dropdown_select,,,,,,,,,1534866945842000,cc9c8ab3df6acfd2ca81c7bbef2e4c6a,uk.co.skoda.assistant.uat,1.1.6,,1:571703561616:ios:777087d7f78ec12a,manual_install,tablet,Apple,iPad,,"iPad7,5",IOS,11.4,,,en-gb,No,3600,,,Europe,United Kingdom,England,Newport Pagnell,,,(direct),(none),(direct),cc9c8ab3df6acfd2ca81c7bbef2e4c6a_1
20180829,1535529392264021,2018-08-29T08:56:32,button_press,1535529391248021,2018-08-29T08:56:31,,221,65485,cc9c8ab3df6acfd2ca81c7bbef2e4c6a,7377B44DC66D47FE922EC1794773196F,1534866945842000,2018-08-21T16:55:45,,1220499683,IOS,,TrimViewController,app,8549608140516702899,,1,,,11111,1,Colour Edition,trim_home_trim_select_from_dropdown,9,,,,,,,,1534866945842000,cc9c8ab3df6acfd2ca81c7bbef2e4c6a,uk.co.skoda.assistant.uat,1.1.6,,1:571703561616:ios:777087d7f78ec12a,manual_install,tablet,Apple,iPad,,"iPad7,5",IOS,11.4,,,en-gb,No,3600,,,Europe,United Kingdom,England,Newport Pagnell,,,(direct),(none),(direct),cc9c8ab3df6acfd2ca81c7bbef2e4c6a_1
20180829,1535529393123022,2018-08-29T08:56:33,button_press,1535529392264022,2018-08-29T08:56:32,,221,65485,cc9c8ab3df6acfd2ca81c7bbef2e4c6a,7377B44DC66D47FE922EC1794773196F,1534866945842000,2018-08-21T16:55:45,,1220499683,IOS,,TrimViewController,app,8549608140516702899,,1,,,11111,1,,trim_home_trim_dropdown_select,,,,,,,,,1534866945842000,cc9c8ab3df6acfd2ca81c7bbef2e4c6a,uk.co.skoda.assistant.uat,1.1.6,,1:571703561616:ios:777087d7f78ec12a,manual_install,tablet,Apple,iPad,,"iPad7,5",IOS,11.4,,,en-gb,No,3600,,,Europe,United Kingdom,England,Newport Pagnell,,,(direct),(none),(direct),cc9c8ab3df6acfd2ca81c7bbef2e4c6a_1
20180829,1535529394426023,2018-08-29T08:56:34,button_press,1535529393123023,2018-08-29T08:56:33,,221,65485,cc9c8ab3df6acfd2ca81c7bbef2e4c6a,7377B44DC66D47FE922EC1794773196F,1534866945842000,2018-08-21T16:55:45,,1220499683,IOS,,TrimViewController,app,8549608140516702899,,1,,,11111,1,SE L,trim_home_trim_select_from_dropdown,8,,,,,,,,1534866945842000,cc9c8ab3df6acfd2ca81c7bbef2e4c6a,uk.co.skoda.assistant.uat,1.1.6,,1:571703561616:ios:777087d7f78ec12a,manual_install,tablet,Apple,iPad,,"iPad7,5",IOS,11.4,,,en-gb,No,3600,,,Europe,United Kingdom,England,Newport Pagnell,,,(direct),(none),(direct),cc9c8ab3df6acfd2ca81c7bbef2e4c6a_1
20180829,1535529395523024,2018-08-29T08:56:35,button_press,1535529394426024,2018-08-29T08:56:34,,221,65485,cc9c8ab3df6acfd2ca81c7bbef2e4c6a,7377B44DC66D47FE922EC1794773196F,1534866945842000,2018-08-21T16:55:45,,1220499683,IOS,,TrimViewController,app,8549608140516702899,,1,,,11111,1,,trim_home_trim_dropdown_select,,,,,,,,,1534866945842000,cc9c8ab3df6acfd2ca81c7bbef2e4c6a,uk.co.skoda.assistant.uat,1.1.6,,1:571703561616:ios:777087d7f78ec12a,manual_install,tablet,Apple,iPad,,"iPad7,5",IOS,11.4,,,en-gb,No,3600,,,Europe,United Kingdom,England,Newport Pagnell,,,(direct),(none),(direct),cc9c8ab3df6acfd2ca81c7bbef2e4c6a_1
20180829,1535529396579025,2018-08-29T08:56:36,button_press,1535529395523025,2018-08-29T08:56:35,,221,65485,cc9c8ab3df6acfd2ca81c7bbef2e4c6a,7377B44DC66D47FE922EC1794773196F,1534866945842000,2018-08-21T16:55:45,,1220499683,IOS,,TrimViewController,app,8549608140516702899,,1,,,11111,1,Monte Carlo,trim_home_trim_select_from_dropdown,45,,,,,,,,1534866945842000,cc9c8ab3df6acfd2ca81c7bbef2e4c6a,uk.co.skoda.assistant.uat,1.1.6,,1:571703561616:ios:777087d7f78ec12a,manual_install,tablet,Apple,iPad,,"iPad7,5",IOS,11.4,,,en-gb,No,3600,,,Europe,United Kingdom,England,Newport Pagnell,,,(direct),(none),(direct),cc9c8ab3df6acfd2ca81c7bbef2e4c6a_1
20180829,1535529402596026,2018-08-29T08:56:42,button_press,1535529396579026,2018-08-29T08:56:36,,221,65485,cc9c8ab3df6acfd2ca81c7bbef2e4c6a,7377B44DC66D47FE922EC1794773196F,1534866945842000,2018-08-21T16:55:45,,1220499683,IOS,,TrimViewController,app,8549608140516702899,,1,,,11111,1,,trim_home_trim_dropdown_select,,,,,,,,,1534866945842000,cc9c8ab3df6acfd2ca81c7bbef2e4c6a,uk.co.skoda.assistant.uat,1.1.6,,1:571703561616:ios:777087d7f78ec12a,manual_install,tablet,Apple,iPad,,"iPad7,5",IOS,11.4,,,en-gb,No,3600,,,Europe,United Kingdom,England,Newport Pagnell,,,(direct),(none),(direct),cc9c8ab3df6acfd2ca81c7bbef2e4c6a_1
20180829,1535529404635027,2018-08-29T08:56:44,button_press,1535529402596027,2018-08-29T08:56:42,,221,65485,cc9c8ab3df6acfd2ca81c7bbef2e4c6a,7377B44DC66D47FE922EC1794773196F,1534866945842000,2018-08-21T16:55:45,,1220499683,IOS,,TrimViewController,app,8549608140516702899,,1,,,11111,1,Colour Edition,trim_home_trim_select_from_dropdown,9,,,,,,,,1534866945842000,cc9c8ab3df6acfd2ca81c7bbef2e4c6a,uk.co.skoda.assistant.uat,1.1.6,,1:571703561616:ios:777087d7f78ec12a,manual_install,tablet,Apple,iPad,,"iPad7,5",IOS,11.4,,,en-gb,No,3600,,,Europe,United Kingdom,England,Newport Pagnell,,,(direct),(none),(direct),cc9c8ab3df6acfd2ca81c7bbef2e4c6a_1
20180829,1535529411424028,2018-08-29T08:56:51,button_press,1535529404635028,2018-08-29T08:56:44,,221,65485,cc9c8ab3df6acfd2ca81c7bbef2e4c6a,7377B44DC66D47FE922EC1794773196F,1534866945842000,2018-08-21T16:55:45,,1220499683,IOS,,TrimViewController,app,8549608140516702899,,1,,,11111,1,,trim_home_trim_dropdown_select,,,,,,,,,1534866945842000,cc9c8ab3df6acfd2ca81c7bbef2e4c6a,uk.co.skoda.assistant.uat,1.1.6,,1:571703561616:ios:777087d7f78ec12a,manual_install,tablet,Apple,iPad,,"iPad7,5",IOS,11.4,,,en-gb,No,3600,,,Europe,United Kingdom,England,Newport Pagnell,,,(direct),(none),(direct),cc9c8ab3df6acfd2ca81c7bbef2e4c6a_1
20180829,1535529412802029,2018-08-29T08:56:52,button_press,1535529411424029,2018-08-29T08:56:51,,221,65485,cc9c8ab3df6acfd2ca81c7bbef2e4c6a,7377B44DC66D47FE922EC1794773196F,1534866945842000,2018-08-21T16:55:45,,1220499683,IOS,,TrimViewController,app,8549608140516702899,,1,,,11111,1,SE,trim_home_trim_select_from_dropdown,6,,,,,,,,1534866945842000,cc9c8ab3df6acfd2ca81c7bbef2e4c6a,uk.co.skoda.assistant.uat,1.1.6,,1:571703561616:ios:777087d7f78ec12a,manual_install,tablet,Apple,iPad,,"iPad7,5",IOS,11.4,,,en-gb,No,3600,,,Europe,United Kingdom,England,Newport Pagnell,,,(direct),(none),(direct),cc9c8ab3df6acfd2ca81c7bbef2e4c6a_1
20180829,1535529413900030,2018-08-29T08:56:53,button_press,1535529412802030,2018-08-29T08:56:52,,221,65485,cc9c8ab3df6acfd2ca81c7bbef2e4c6a,7377B44DC66D47FE922EC1794773196F,1534866945842000,2018-08-21T16:55:45,,1220499683,IOS,,TrimViewController,app,8549608140516702899,,1,,,11111,1,,trim_home_trim_dropdown_select,,,,,,,,,1534866945842000,cc9c8ab3df6acfd2ca81c7bbef2e4c6a,uk.co.skoda.assistant.uat,1.1.6,,1:571703561616:ios:777087d7f78ec12a,manual_install,tablet,Apple,iPad,,"iPad7,5",IOS,11.4,,,en-gb,No,3600,,,Europe,United Kingdom,England,Newport Pagnell,,,(direct),(none),(direct),cc9c8ab3df6acfd2ca81c7bbef2e4c6a_1
20180829,1535529414352031,2018-08-29T08:56:54,button_press,1535529413900031,2018-08-29T08:56:53,,221,65485,cc9c8ab3df6acfd2ca81c7bbef2e4c6a,7377B44DC66D47FE922EC1794773196F,1534866945842000,2018-08-21T16:55:45,,1220499683,IOS,,TrimViewController,app,8549608140516702899,,1,,,11111,1,S,trim_home_trim_select_from_dropdown,7,,,,,,,,1534866945842000,cc9c8ab3df6acfd2ca81c7bbef2e4c6a,uk.co.skoda.assistant.uat,1.1.6,,1:571703561616:ios:777087d7f78ec12a,manual_install,tablet,Apple,iPad,,"iPad7,5",IOS,11.4,,,en-gb,No,3600,,,Europe,United Kingdom,England,Newport Pagnell,,,(direct),(none),(direct),cc9c8ab3df6acfd2ca81c7bbef2e4c6a_1
20180829,1535529421171036,2018-08-29T08:57:01,user_engagement,1535529386532036,2018-08-29T08:56:26,,221,65485,cc9c8ab3df6acfd2ca81c7bbef2e4c6a,7377B44DC66D47FE922EC1794773196F,1534866945842000,2018-08-21T16:55:45,,1220499683,IOS,,TrimViewController,auto,8549608140516702899,34639,,,,11111,1,,,,,,,,,,,1534866945842000,cc9c8ab3df6acfd2ca81c7bbef2e4c6a,uk.co.skoda.assistant.uat,1.1.6,,1:571703561616:ios:777087d7f78ec12a,manual_install,tablet,Apple,iPad,,"iPad7,5",IOS,11.4,,,en-gb,No,3600,,,Europe,United Kingdom,England,Newport Pagnell,,,(direct),(none),(direct),cc9c8ab3df6acfd2ca81c7bbef2e4c6a_1
20180829,1535529495635000,2018-08-29T08:58:15,button_press,1535529414352000,2018-08-29T08:56:54,,222,87708,cc9c8ab3df6acfd2ca81c7bbef2e4c6a,7377B44DC66D47FE922EC1794773196F,1534866945842000,2018-08-21T16:55:45,,1220499683,IOS,,TrimViewController,app,8549608140516702899,,1,,,11111,1,,globalnav_presentation,,,,,,,,,1534866945842000,cc9c8ab3df6acfd2ca81c7bbef2e4c6a,uk.co.skoda.assistant.uat,1.1.6,,1:571703561616:ios:777087d7f78ec12a,manual_install,tablet,Apple,iPad,,"iPad7,5",IOS,11.4,,,en-gb,No,3600,,,Europe,United Kingdom,England,Newport Pagnell,,,(direct),(none),(direct),cc9c8ab3df6acfd2ca81c7bbef2e4c6a_1
20180829,1535529495638001,2018-08-29T08:58:15,button_press,1535529495635001,2018-08-29T08:58:15,,222,87708,cc9c8ab3df6acfd2ca81c7bbef2e4c6a,7377B44DC66D47FE922EC1794773196F,1534866945842000,2018-08-21T16:55:45,,1220499683,IOS,,TrimViewController,app,8549608140516702899,,1,,,11111,1,,presentation,,,,,,,,,1534866945842000,cc9c8ab3df6acfd2ca81c7bbef2e4c6a,uk.co.skoda.assistant.uat,1.1.6,,1:571703561616:ios:777087d7f78ec12a,manual_install,tablet,Apple,iPad,,"iPad7,5",IOS,11.4,,,en-gb,No,3600,,,Europe,United Kingdom,England,Newport Pagnell,,,(direct),(none),(direct),cc9c8ab3df6acfd2ca81c7bbef2e4c6a_1
20180829,1535529495686002,2018-08-29T08:58:15,screen_view,1535529386532002,2018-08-29T08:56:26,,222,87708,cc9c8ab3df6acfd2ca81c7bbef2e4c6a,7377B44DC66D47FE922EC1794773196F,1534866945842000,2018-08-21T16:55:45,,1220499683,IOS,,SkodaContentViewController,auto,8549608140516702894,,1,8549608140516702899,TrimViewController,11111,1,,,,,,,,,,,1534866945842000,cc9c8ab3df6acfd2ca81c7bbef2e4c6a,uk.co.skoda.assistant.uat,1.1.6,,1:571703561616:ios:777087d7f78ec12a,manual_install,tablet,Apple,iPad,,"iPad7,5",IOS,11.4,,,en-gb,No,3600,,,Europe,United Kingdom,England,Newport Pagnell,,,(direct),(none),(direct),cc9c8ab3df6acfd2ca81c7bbef2e4c6a_1
20180829,1535529499661003,2018-08-29T08:58:19,button_press,1535529495638003,2018-08-29T08:58:15,,222,87708,cc9c8ab3df6acfd2ca81c7bbef2e4c6a,7377B44DC66D47FE922EC1794773196F,1534866945842000,2018-08-21T16:55:45,,1220499683,IOS,,SkodaContentViewController,app,8549608140516702894,,1,,,11111,1,,presentation_home_download_asset,,,,,,,,,1534866945842000,cc9c8ab3df6acfd2ca81c7bbef2e4c6a,uk.co.skoda.assistant.uat,1.1.6,,1:571703561616:ios:777087d7f78ec12a,manual_install,tablet,Apple,iPad,,"iPad7,5",IOS,11.4,,,en-gb,No,3600,,,Europe,United Kingdom,England,Newport Pagnell,,,(direct),(none),(direct),cc9c8ab3df6acfd2ca81c7bbef2e4c6a_1
20180829,1535529500845004,2018-08-29T08:58:20,AnalyticsEventViewItem,1535461791189004,2018-08-28T14:09:51,,222,87708,cc9c8ab3df6acfd2ca81c7bbef2e4c6a,7377B44DC66D47FE922EC1794773196F,1534866945842000,2018-08-21T16:55:45,,1220499683,IOS,,SkodaContentViewController,app,8549608140516702894,,1,,,11111,1,,,5b85669dc55b2021360696,,,,,,,,1534866945842000,cc9c8ab3df6acfd2ca81c7bbef2e4c6a,uk.co.skoda.assistant.uat,1.1.6,,1:571703561616:ios:777087d7f78ec12a,manual_install,tablet,Apple,iPad,,"iPad7,5",IOS,11.4,,,en-gb,No,3600,,,Europe,United Kingdom,England,Newport Pagnell,,,(direct),(none),(direct),cc9c8ab3df6acfd2ca81c7bbef2e4c6a_1
20180829,1535529501138005,2018-08-29T08:58:21,user_engagement,1535529421171005,2018-08-29T08:57:01,,222,87708,cc9c8ab3df6acfd2ca81c7bbef2e4c6a,7377B44DC66D47FE922EC1794773196F,1534866945842000,2018-08-21T16:55:45,,1220499683,IOS,,SkodaContentViewController,auto,8549608140516702894,5685,,,,11111,1,,,,,,,,,,,1534866945842000,cc9c8ab3df6acfd2ca81c7bbef2e4c6a,uk.co.skoda.assistant.uat,1.1.6,,1:571703561616:ios:777087d7f78ec12a,manual_install,tablet,Apple,iPad,,"iPad7,5",IOS,11.4,,,en-gb,No,3600,,,Europe,United Kingdom,England,Newport Pagnell,,,(direct),(none),(direct),cc9c8ab3df6acfd2ca81c7bbef2e4c6a_1
20180829,1535529501139005,2018-08-29T08:58:21,screen_view,1535529495686005,2018-08-29T08:58:15,,222,87708,cc9c8ab3df6acfd2ca81c7bbef2e4c6a,7377B44DC66D47FE922EC1794773196F,1534866945842000,2018-08-21T16:55:45,,1220499683,IOS,,PresentationExploreSegmentedViewController,auto,8549608140516702900,,1,8549608140516702894,SkodaContentViewController,11111,1,,,,,,,,,,,1534866945842000,cc9c8ab3df6acfd2ca81c7bbef2e4c6a,uk.co.skoda.assistant.uat,1.1.6,,1:571703561616:ios:777087d7f78ec12a,manual_install,tablet,Apple,iPad,,"iPad7,5",IOS,11.4,,,en-gb,No,3600,,,Europe,United Kingdom,England,Newport Pagnell,,,(direct),(none),(direct),cc9c8ab3df6acfd2ca81c7bbef2e4c6a_1
20180829,1535529501535006,2018-08-29T08:58:21,screen_view,1535529501139006,2018-08-29T08:58:21,,222,87708,cc9c8ab3df6acfd2ca81c7bbef2e4c6a,7377B44DC66D47FE922EC1794773196F,1534866945842000,2018-08-21T16:55:45,,1220499683,IOS,,PresentationEditorViewController,auto,8549608140516702901,,1,8549608140516702900,PresentationExploreSegmentedViewController,11111,1,,,,,,,,,,,1534866945842000,cc9c8ab3df6acfd2ca81c7bbef2e4c6a,uk.co.skoda.assistant.uat,1.1.6,,1:571703561616:ios:777087d7f78ec12a,manual_install,tablet,Apple,iPad,,"iPad7,5",IOS,11.4,,,en-gb,No,3600,,,Europe,United Kingdom,England,Newport Pagnell,,,(direct),(none),(direct),cc9c8ab3df6acfd2ca81c7bbef2e4c6a_1
20180829,1535529504750008,2018-08-29T08:58:24,user_engagement,1535529501138008,2018-08-29T08:58:21,,222,87708,cc9c8ab3df6acfd2ca81c7bbef2e4c6a,7377B44DC66D47FE922EC1794773196F,1534866945842000,2018-08-21T16:55:45,,1220499683,IOS,,PresentationEditorViewController,auto,8549608140516702901,3612,,,,11111,1,,,,,,,,,,,1534866945842000,cc9c8ab3df6acfd2ca81c7bbef2e4c6a,uk.co.skoda.assistant.uat,1.1.6,,1:571703561616:ios:777087d7f78ec12a,manual_install,tablet,Apple,iPad,,"iPad7,5",IOS,11.4,,,en-gb,No,3600,,,Europe,United Kingdom,England,Newport Pagnell,,,(direct),(none),(direct),cc9c8ab3df6acfd2ca81c7bbef2e4c6a_1
20180829,1535529504751007,2018-08-29T08:58:24,screen_view,1535529501535007,2018-08-29T08:58:21,,222,87708,cc9c8ab3df6acfd2ca81c7bbef2e4c6a,7377B44DC66D47FE922EC1794773196F,1534866945842000,2018-08-21T16:55:45,,1220499683,IOS,,SkodaContentViewController,auto,8549608140516702894,,1,8549608140516702901,PresentationEditorViewController,11111,1,,,,,,,,,,,1534866945842000,cc9c8ab3df6acfd2ca81c7bbef2e4c6a,uk.co.skoda.assistant.uat,1.1.6,,1:571703561616:ios:777087d7f78ec12a,manual_install,tablet,Apple,iPad,,"iPad7,5",IOS,11.4,,,en-gb,No,3600,,,Europe,United Kingdom,England,Newport Pagnell,,,(direct),(none),(direct),cc9c8ab3df6acfd2ca81c7bbef2e4c6a_1
20180829,1535529505184010,2018-08-29T08:58:25,user_engagement,1535529504750010,2018-08-29T08:58:24,,222,87708,cc9c8ab3df6acfd2ca81c7bbef2e4c6a,7377B44DC66D47FE922EC1794773196F,1534866945842000,2018-08-21T16:55:45,,1220499683,IOS,,SkodaContentViewController,auto,8549608140516702894,433,,,,11111,1,,,,,,,,,,,1534866945842000,cc9c8ab3df6acfd2ca81c7bbef2e4c6a,uk.co.skoda.assistant.uat,1.1.6,,1:571703561616:ios:777087d7f78ec12a,manual_install,tablet,Apple,iPad,,"iPad7,5",IOS,11.4,,,en-gb,No,3600,,,Europe,United Kingdom,England,Newport Pagnell,,,(direct),(none),(direct),cc9c8ab3df6acfd2ca81c7bbef2e4c6a_1
20180829,1535535653521000,2018-08-29T10:40:53,button_press,1535529499661000,2018-08-29T08:58:19,,223,113464,cc9c8ab3df6acfd2ca81c7bbef2e4c6a,7377B44DC66D47FE922EC1794773196F,1534866945842000,2018-08-21T16:55:45,,1220499683,IOS,,SkodaContentViewController,app,8549608140516702894,,1,,,11111,1,,globalnav_links,,,,,,,,,1534866945842000,cc9c8ab3df6acfd2ca81c7bbef2e4c6a,uk.co.skoda.assistant.uat,1.1.6,,1:571703561616:ios:777087d7f78ec12a,manual_install,tablet,Apple,iPad,,"iPad7,5",IOS,11.4,,,en-gb,No,3600,,,Europe,United Kingdom,England,Newport Pagnell,,,(direct),(none),(direct),cc9c8ab3df6acfd2ca81c7bbef2e4c6a_1
20180829,1535535653546001,2018-08-29T10:40:53,button_press,1535535653521001,2018-08-29T10:40:53,,223,113464,cc9c8ab3df6acfd2ca81c7bbef2e4c6a,7377B44DC66D47FE922EC1794773196F,1534866945842000,2018-08-21T16:55:45,,1220499683,IOS,,SkodaContentViewController,app,8549608140516702894,,1,,,11111,1,,links,,,,,,,,,1534866945842000,cc9c8ab3df6acfd2ca81c7bbef2e4c6a,uk.co.skoda.assistant.uat,1.1.6,,1:571703561616:ios:777087d7f78ec12a,manual_install,tablet,Apple,iPad,,"iPad7,5",IOS,11.4,,,en-gb,No,3600,,,Europe,United Kingdom,England,Newport Pagnell,,,(direct),(none),(direct),cc9c8ab3df6acfd2ca81c7bbef2e4c6a_1
20180829,1535535660156002,2018-08-29T10:41:00,link_followed,,,,223,113464,cc9c8ab3df6acfd2ca81c7bbef2e4c6a,7377B44DC66D47FE922EC1794773196F,1534866945842000,2018-08-21T16:55:45,,1220499683,IOS,,SkodaContentViewController,app,8549608140516702894,,1,,,11111,1,ŠKODA Owners,,3,,,,,,,,1534866945842000,cc9c8ab3df6acfd2ca81c7bbef2e4c6a,uk.co.skoda.assistant.uat,1.1.6,,1:571703561616:ios:777087d7f78ec12a,manual_install,tablet,Apple,iPad,,"iPad7,5",IOS,11.4,,,en-gb,No,3600,,,Europe,United Kingdom,England,Newport Pagnell,,,(direct),(none),(direct),cc9c8ab3df6acfd2ca81c7bbef2e4c6a_1
20180829,1535535660312003,2018-08-29T10:41:00,user_engagement,1535529505184003,2018-08-29T08:58:25,,223,113464,cc9c8ab3df6acfd2ca81c7bbef2e4c6a,7377B44DC66D47FE922EC1794773196F,1534866945842000,2018-08-21T16:55:45,,1220499683,IOS,,SkodaContentViewController,auto,8549608140516702894,7507,,,,11111,1,,,,,,,,,,,1534866945842000,cc9c8ab3df6acfd2ca81c7bbef2e4c6a,uk.co.skoda.assistant.uat,1.1.6,,1:571703561616:ios:777087d7f78ec12a,manual_install,tablet,Apple,iPad,,"iPad7,5",IOS,11.4,,,en-gb,No,3600,,,Europe,United Kingdom,England,Newport Pagnell,,,(direct),(none),(direct),cc9c8ab3df6acfd2ca81c7bbef2e4c6a_1
20180829,1535535660313003,2018-08-29T10:41:00,screen_view,1535529504751003,2018-08-29T08:58:24,,223,113464,cc9c8ab3df6acfd2ca81c7bbef2e4c6a,7377B44DC66D47FE922EC1794773196F,1534866945842000,2018-08-21T16:55:45,,1220499683,IOS,,SFSafariViewController,auto,8549608140516702902,,1,8549608140516702894,SkodaContentViewController,11111,1,,,,,,,,,,,1534866945842000,cc9c8ab3df6acfd2ca81c7bbef2e4c6a,uk.co.skoda.assistant.uat,1.1.6,,1:571703561616:ios:777087d7f78ec12a,manual_install,tablet,Apple,iPad,,"iPad7,5",IOS,11.4,,,en-gb,No,3600,,,Europe,United Kingdom,England,Newport Pagnell,,,(direct),(none),(direct),cc9c8ab3df6acfd2ca81c7bbef2e4c6a_1
20180829,1535535662806004,2018-08-29T10:41:02,session_start,1535473386868004,2018-08-28T17:23:06,,223,113464,cc9c8ab3df6acfd2ca81c7bbef2e4c6a,7377B44DC66D47FE922EC1794773196F,1534866945842000,2018-08-21T16:55:45,,1220499683,IOS,,SFSafariViewController,auto,8549608140516702902,,1,,,11111,1,,,,,,,,,,,1534866945842000,cc9c8ab3df6acfd2ca81c7bbef2e4c6a,uk.co.skoda.assistant.uat,1.1.6,,1:571703561616:ios:777087d7f78ec12a,manual_install,tablet,Apple,iPad,,"iPad7,5",IOS,11.4,,,en-gb,No,3600,,,Europe,United Kingdom,England,Newport Pagnell,,,(direct),(none),(direct),cc9c8ab3df6acfd2ca81c7bbef2e4c6a_1
20180829,1535535664503006,2018-08-29T10:41:04,user_engagement,1535535660312006,2018-08-29T10:41:00,,223,113464,cc9c8ab3df6acfd2ca81c7bbef2e4c6a,7377B44DC66D47FE922EC1794773196F,1534866945842000,2018-08-21T16:55:45,,1220499683,IOS,,SFSafariViewController,auto,8549608140516702902,4190,,,,11111,1,,,,,,,,,,,1534866945842000,cc9c8ab3df6acfd2ca81c7bbef2e4c6a,uk.co.skoda.assistant.uat,1.1.6,,1:571703561616:ios:777087d7f78ec12a,manual_install,tablet,Apple,iPad,,"iPad7,5",IOS,11.4,,,en-gb,No,3600,,,Europe,United Kingdom,England,Newport Pagnell,,,(direct),(none),(direct),cc9c8ab3df6acfd2ca81c7bbef2e4c6a_1
20180829,1535535664504005,2018-08-29T10:41:04,screen_view,1535535660313005,2018-08-29T10:41:00,,223,113464,cc9c8ab3df6acfd2ca81c7bbef2e4c6a,7377B44DC66D47FE922EC1794773196F,1534866945842000,2018-08-21T16:55:45,,1220499683,IOS,,SkodaContentViewController,auto,8549608140516702894,,1,8549608140516702902,SFSafariViewController,11111,1,,,,,,,,,,,1534866945842000,cc9c8ab3df6acfd2ca81c7bbef2e4c6a,uk.co.skoda.assistant.uat,1.1.6,,1:571703561616:ios:777087d7f78ec12a,manual_install,tablet,Apple,iPad,,"iPad7,5",IOS,11.4,,,en-gb,No,3600,,,Europe,United Kingdom,England,Newport Pagnell,,,(direct),(none),(direct),cc9c8ab3df6acfd2ca81c7bbef2e4c6a_1
20180829,1535535665391008,2018-08-29T10:41:05,user_engagement,1535535664503008,2018-08-29T10:41:04,,223,113464,cc9c8ab3df6acfd2ca81c7bbef2e4c6a,7377B44DC66D47FE922EC1794773196F,1534866945842000,2018-08-21T16:55:45,,1220499683,IOS,,SkodaContentViewController,auto,8549608140516702894,887,,,,11111,1,,,,,,,,,,,1534866945842000,cc9c8ab3df6acfd2ca81c7bbef2e4c6a,uk.co.skoda.assistant.uat,1.1.6,,1:571703561616:ios:777087d7f78ec12a,manual_install,tablet,Apple,iPad,,"iPad7,5",IOS,11.4,,,en-gb,No,3600,,,Europe,United Kingdom,England,Newport Pagnell,,,(direct),(none),(direct),cc9c8ab3df6acfd2ca81c7bbef2e4c6a_1
20180829,1535535729874000,2018-08-29T10:42:09,button_press,1535535653546000,2018-08-29T10:40:53,,224,55441,cc9c8ab3df6acfd2ca81c7bbef2e4c6a,7377B44DC66D47FE922EC1794773196F,1534866945842000,2018-08-21T16:55:45,,1220499683,IOS,,SkodaContentViewController,app,8549608140516702894,,1,,,11111,1,,globalnav_presentation,,,,,,,,,1534866945842000,cc9c8ab3df6acfd2ca81c7bbef2e4c6a,uk.co.skoda.assistant.uat,1.1.6,,1:571703561616:ios:777087d7f78ec12a,manual_install,tablet,Apple,iPad,,"iPad7,5",IOS,11.4,,,en-gb,No,3600,,,Europe,United Kingdom,England,Newport Pagnell,,,(direct),(none),(direct),cc9c8ab3df6acfd2ca81c7bbef2e4c6a_1
20180829,1535535729896001,2018-08-29T10:42:09,button_press,1535535729874001,2018-08-29T10:42:09,,224,55441,cc9c8ab3df6acfd2ca81c7bbef2e4c6a,7377B44DC66D47FE922EC1794773196F,1534866945842000,2018-08-21T16:55:45,,1220499683,IOS,,SkodaContentViewController,app,8549608140516702894,,1,,,11111,1,,presentation,,,,,,,,,1534866945842000,cc9c8ab3df6acfd2ca81c7bbef2e4c6a,uk.co.skoda.assistant.uat,1.1.6,,1:571703561616:ios:777087d7f78ec12a,manual_install,tablet,Apple,iPad,,"iPad7,5",IOS,11.4,,,en-gb,No,3600,,,Europe,United Kingdom,England,Newport Pagnell,,,(direct),(none),(direct),cc9c8ab3df6acfd2ca81c7bbef2e4c6a_1
20180829,1535535733742002,2018-08-29T10:42:13,user_engagement,1535535665391002,2018-08-29T10:41:05,,224,55441,cc9c8ab3df6acfd2ca81c7bbef2e4c6a,7377B44DC66D47FE922EC1794773196F,1534866945842000,2018-08-21T16:55:45,,1220499683,IOS,,SkodaContentViewController,auto,8549608140516702894,4315,,,,11111,1,,,,,,,,,,,1534866945842000,cc9c8ab3df6acfd2ca81c7bbef2e4c6a,uk.co.skoda.assistant.uat,1.1.6,,1:571703561616:ios:777087d7f78ec12a,manual_install,tablet,Apple,iPad,,"iPad7,5",IOS,11.4,,,en-gb,No,3600,,,Europe,United Kingdom,England,Newport Pagnell,,,(direct),(none),(direct),cc9c8ab3df6acfd2ca81c7bbef2e4c6a_1
20180829,1535535737660000,2018-08-29T10:42:17,button_press,1535535729896000,2018-08-29T10:42:09,,225,103277,cc9c8ab3df6acfd2ca81c7bbef2e4c6a,7377B44DC66D47FE922EC1794773196F,1534866945842000,2018-08-21T16:55:45,,1220499683,IOS,,SkodaContentViewController,app,8549608140516702894,,1,,,11111,1,,presentation_home_download_asset,,,,,,,,,1534866945842000,cc9c8ab3df6acfd2ca81c7bbef2e4c6a,uk.co.skoda.assistant.uat,1.1.6,,1:571703561616:ios:777087d7f78ec12a,manual_install,tablet,Apple,iPad,,"iPad7,5",IOS,11.4,,,en-gb,No,3600,,,Europe,United Kingdom,England,Newport Pagnell,,,(direct),(none),(direct),cc9c8ab3df6acfd2ca81c7bbef2e4c6a_1
20180829,1535535742610001,2018-08-29T10:42:22,user_engagement,1535535733742001,2018-08-29T10:42:13,,225,103277,cc9c8ab3df6acfd2ca81c7bbef2e4c6a,7377B44DC66D47FE922EC1794773196F,1534866945842000,2018-08-21T16:55:45,,1220499683,IOS,,SkodaContentViewController,auto,8549608140516702894,7438,,,,11111,1,,,,,,,,,,,1534866945842000,cc9c8ab3df6acfd2ca81c7bbef2e4c6a,uk.co.skoda.assistant.uat,1.1.6,,1:571703561616:ios:777087d7f78ec12a,manual_install,tablet,Apple,iPad,,"iPad7,5",IOS,11.4,,,en-gb,No,3600,,,Europe,United Kingdom,England,Newport Pagnell,,,(direct),(none),(direct),cc9c8ab3df6acfd2ca81c7bbef2e4c6a_1
20180829,1535535848229000,2018-08-29T10:44:08,button_press,1535535737660000,2018-08-29T10:42:17,,226,72205,cc9c8ab3df6acfd2ca81c7bbef2e4c6a,7377B44DC66D47FE922EC1794773196F,1534866945842000,2018-08-21T16:55:45,,1220499683,IOS,,SkodaContentViewController,app,8549608140516702894,,1,,,11111,1,,globalnav_links,,,,,,,,,1534866945842000,cc9c8ab3df6acfd2ca81c7bbef2e4c6a,uk.co.skoda.assistant.uat,1.1.6,,1:571703561616:ios:777087d7f78ec12a,manual_install,tablet,Apple,iPad,,"iPad7,5",IOS,11.4,,,en-gb,No,3600,,,Europe,United Kingdom,England,Newport Pagnell,,,(direct),(none),(direct),cc9c8ab3df6acfd2ca81c7bbef2e4c6a_1
20180829,1535535848233001,2018-08-29T10:44:08,button_press,1535535848229001,2018-08-29T10:44:08,,226,72205,cc9c8ab3df6acfd2ca81c7bbef2e4c6a,7377B44DC66D47FE922EC1794773196F,1534866945842000,2018-08-21T16:55:45,,1220499683,IOS,,SkodaContentViewController,app,8549608140516702894,,1,,,11111,1,,links,,,,,,,,,1534866945842000,cc9c8ab3df6acfd2ca81c7bbef2e4c6a,uk.co.skoda.assistant.uat,1.1.6,,1:571703561616:ios:777087d7f78ec12a,manual_install,tablet,Apple,iPad,,"iPad7,5",IOS,11.4,,,en-gb,No,3600,,,Europe,United Kingdom,England,Newport Pagnell,,,(direct),(none),(direct),cc9c8ab3df6acfd2ca81c7bbef2e4c6a_1
20180829,1535535863564002,2018-08-29T10:44:23,user_engagement,1535535742610002,2018-08-29T10:42:22,,226,72205,cc9c8ab3df6acfd2ca81c7bbef2e4c6a,7377B44DC66D47FE922EC1794773196F,1534866945842000,2018-08-21T16:55:45,,1220499683,IOS,,SkodaContentViewController,auto,8549608140516702894,15775,,,,11111,1,,,,,,,,,,,1534866945842000,cc9c8ab3df6acfd2ca81c7bbef2e4c6a,uk.co.skoda.assistant.uat,1.1.6,,1:571703561616:ios:777087d7f78ec12a,manual_install,tablet,Apple,iPad,,"iPad7,5",IOS,11.4,,,en-gb,No,3600,,,Europe,United Kingdom,England,Newport Pagnell,,,(direct),(none),(direct),cc9c8ab3df6acfd2ca81c7bbef2e4c6a_1
20180829,1535536090452000,2018-08-29T10:48:10,button_press,1535535848233000,2018-08-29T10:44:08,,227,113264,cc9c8ab3df6acfd2ca81c7bbef2e4c6a,7377B44DC66D47FE922EC1794773196F,1534866945842000,2018-08-21T16:55:45,,1220499683,IOS,,SkodaContentViewController,app,8549608140516702894,,1,,,11111,1,,globalnav_compare,,,,,,,,,1534866945842000,cc9c8ab3df6acfd2ca81c7bbef2e4c6a,uk.co.skoda.assistant.uat,1.1.6,,1:571703561616:ios:777087d7f78ec12a,manual_install,tablet,Apple,iPad,,"iPad7,5",IOS,11.4,,,en-gb,No,3600,,,Europe,United Kingdom,England,Newport Pagnell,,,(direct),(none),(direct),cc9c8ab3df6acfd2ca81c7bbef2e4c6a_1
20180829,1535536090453001,2018-08-29T10:48:10,button_press,1535536090452001,2018-08-29T10:48:10,,227,113264,cc9c8ab3df6acfd2ca81c7bbef2e4c6a,7377B44DC66D47FE922EC1794773196F,1534866945842000,2018-08-21T16:55:45,,1220499683,IOS,,SkodaContentViewController,app,8549608140516702894,,1,,,11111,1,,compare,,,,,,,,,1534866945842000,cc9c8ab3df6acfd2ca81c7bbef2e4c6a,uk.co.skoda.assistant.uat,1.1.6,,1:571703561616:ios:777087d7f78ec12a,manual_install,tablet,Apple,iPad,,"iPad7,5",IOS,11.4,,,en-gb,No,3600,,,Europe,United Kingdom,England,Newport Pagnell,,,(direct),(none),(direct),cc9c8ab3df6acfd2ca81c7bbef2e4c6a_1
20180829,1535536090919002,2018-08-29T10:48:10,button_press,1535536090453002,2018-08-29T10:48:10,,227,113264,cc9c8ab3df6acfd2ca81c7bbef2e4c6a,7377B44DC66D47FE922EC1794773196F,1534866945842000,2018-08-21T16:55:45,,1220499683,IOS,,SkodaContentViewController,app,8549608140516702894,,1,,,11111,1,,globalnav_presentation,,,,,,,,,1534866945842000,cc9c8ab3df6acfd2ca81c7bbef2e4c6a,uk.co.skoda.assistant.uat,1.1.6,,1:571703561616:ios:777087d7f78ec12a,manual_install,tablet,Apple,iPad,,"iPad7,5",IOS,11.4,,,en-gb,No,3600,,,Europe,United Kingdom,England,Newport Pagnell,,,(direct),(none),(direct),cc9c8ab3df6acfd2ca81c7bbef2e4c6a_1
20180829,1535536090963003,2018-08-29T10:48:10,button_press,1535536090919003,2018-08-29T10:48:10,,227,113264,cc9c8ab3df6acfd2ca81c7bbef2e4c6a,7377B44DC66D47FE922EC1794773196F,1534866945842000,2018-08-21T16:55:45,,1220499683,IOS,,SkodaContentViewController,app,8549608140516702894,,1,,,11111,1,,presentation,,,,,,,,,1534866945842000,cc9c8ab3df6acfd2ca81c7bbef2e4c6a,uk.co.skoda.assistant.uat,1.1.6,,1:571703561616:ios:777087d7f78ec12a,manual_install,tablet,Apple,iPad,,"iPad7,5",IOS,11.4,,,en-gb,No,3600,,,Europe,United Kingdom,England,Newport Pagnell,,,(direct),(none),(direct),cc9c8ab3df6acfd2ca81c7bbef2e4c6a_1
20180829,1535536175130004,2018-08-29T10:49:35,user_engagement,1535535863564004,2018-08-29T10:44:23,,227,113264,cc9c8ab3df6acfd2ca81c7bbef2e4c6a,7377B44DC66D47FE922EC1794773196F,1534866945842000,2018-08-21T16:55:45,,1220499683,IOS,,SkodaContentViewController,auto,8549608140516702894,84982,,,,11111,1,,,,,,,,,,,1534866945842000,cc9c8ab3df6acfd2ca81c7bbef2e4c6a,uk.co.skoda.assistant.uat,1.1.6,,1:571703561616:ios:777087d7f78ec12a,manual_install,tablet,Apple,iPad,,"iPad7,5",IOS,11.4,,,en-gb,No,3600,,,Europe,United Kingdom,England,Newport Pagnell,,,(direct),(none),(direct),cc9c8ab3df6acfd2ca81c7bbef2e4c6a_1
20180829,1535536753544000,2018-08-29T10:59:13,button_press,1535536090963000,2018-08-29T10:48:10,,228,92443,cc9c8ab3df6acfd2ca81c7bbef2e4c6a,7377B44DC66D47FE922EC1794773196F,1534866945842000,2018-08-21T16:55:45,,1220499683,IOS,,SkodaContentViewController,app,8549608140516702894,,1,,,11111,1,,globalnav_compare,,,,,,,,,1534866945842000,cc9c8ab3df6acfd2ca81c7bbef2e4c6a,uk.co.skoda.assistant.uat,1.1.6,,1:571703561616:ios:777087d7f78ec12a,manual_install,tablet,Apple,iPad,,"iPad7,5",IOS,11.4,,,en-gb,No,3600,,,Europe,United Kingdom,England,Newport Pagnell,,,(direct),(none),(direct),cc9c8ab3df6acfd2ca81c7bbef2e4c6a_1
20180829,1535536753582001,2018-08-29T10:59:13,button_press,1535536753544001,2018-08-29T10:59:13,,228,92443,cc9c8ab3df6acfd2ca81c7bbef2e4c6a,7377B44DC66D47FE922EC1794773196F,1534866945842000,2018-08-21T16:55:45,,1220499683,IOS,,SkodaContentViewController,app,8549608140516702894,,1,,,11111,1,,compare,,,,,,,,,1534866945842000,cc9c8ab3df6acfd2ca81c7bbef2e4c6a,uk.co.skoda.assistant.uat,1.1.6,,1:571703561616:ios:777087d7f78ec12a,manual_install,tablet,Apple,iPad,,"iPad7,5",IOS,11.4,,,en-gb,No,3600,,,Europe,United Kingdom,England,Newport Pagnell,,,(direct),(none),(direct),cc9c8ab3df6acfd2ca81c7bbef2e4c6a_1
20180829,1535536753998002,2018-08-29T10:59:13,button_press,1535536753582002,2018-08-29T10:59:13,,228,92443,cc9c8ab3df6acfd2ca81c7bbef2e4c6a,7377B44DC66D47FE922EC1794773196F,1534866945842000,2018-08-21T16:55:45,,1220499683,IOS,,SkodaContentViewController,app,8549608140516702894,,1,,,11111,1,,globalnav_links,,,,,,,,,1534866945842000,cc9c8ab3df6acfd2ca81c7bbef2e4c6a,uk.co.skoda.assistant.uat,1.1.6,,1:571703561616:ios:777087d7f78ec12a,manual_install,tablet,Apple,iPad,,"iPad7,5",IOS,11.4,,,en-gb,No,3600,,,Europe,United Kingdom,England,Newport Pagnell,,,(direct),(none),(direct),cc9c8ab3df6acfd2ca81c7bbef2e4c6a_1
20180829,1535536754011003,2018-08-29T10:59:14,button_press,1535536753998003,2018-08-29T10:59:13,,228,92443,cc9c8ab3df6acfd2ca81c7bbef2e4c6a,7377B44DC66D47FE922EC1794773196F,1534866945842000,2018-08-21T16:55:45,,1220499683,IOS,,SkodaContentViewController,app,8549608140516702894,,1,,,11111,1,,links,,,,,,,,,1534866945842000,cc9c8ab3df6acfd2ca81c7bbef2e4c6a,uk.co.skoda.assistant.uat,1.1.6,,1:571703561616:ios:777087d7f78ec12a,manual_install,tablet,Apple,iPad,,"iPad7,5",IOS,11.4,,,en-gb,No,3600,,,Europe,United Kingdom,England,Newport Pagnell,,,(direct),(none),(direct),cc9c8ab3df6acfd2ca81c7bbef2e4c6a_1
20180829,1535536804411000,2018-08-29T11:00:04,link_followed,1535535660156000,2018-08-29T10:41:00,,229,92444,cc9c8ab3df6acfd2ca81c7bbef2e4c6a,7377B44DC66D47FE922EC1794773196F,1534866945842000,2018-08-21T16:55:45,,1220499683,IOS,,SkodaContentViewController,app,8549608140516702894,,1,,,11111,1,ŠKODA Owners,,3,,,,,,,,1534866945842000,cc9c8ab3df6acfd2ca81c7bbef2e4c6a,uk.co.skoda.assistant.uat,1.1.6,,1:571703561616:ios:777087d7f78ec12a,manual_install,tablet,Apple,iPad,,"iPad7,5",IOS,11.4,,,en-gb,No,3600,,,Europe,United Kingdom,England,Newport Pagnell,,,(direct),(none),(direct),cc9c8ab3df6acfd2ca81c7bbef2e4c6a_1
20180829,1535536804609001,2018-08-29T11:00:04,screen_view,1535535664504001,2018-08-29T10:41:04,,229,92444,cc9c8ab3df6acfd2ca81c7bbef2e4c6a,7377B44DC66D47FE922EC1794773196F,1534866945842000,2018-08-21T16:55:45,,1220499683,IOS,,SFSafariViewController,auto,8549608140516702903,,1,8549608140516702894,SkodaContentViewController,11111,1,,,,,,,,,,,1534866945842000,cc9c8ab3df6acfd2ca81c7bbef2e4c6a,uk.co.skoda.assistant.uat,1.1.6,,1:571703561616:ios:777087d7f78ec12a,manual_install,tablet,Apple,iPad,,"iPad7,5",IOS,11.4,,,en-gb,No,3600,,,Europe,United Kingdom,England,Newport Pagnell,,,(direct),(none),(direct),cc9c8ab3df6acfd2ca81c7bbef2e4c6a_1
20180829,1535536804609001,2018-08-29T11:00:04,user_engagement,1535536175130001,2018-08-29T10:49:35,,229,92444,cc9c8ab3df6acfd2ca81c7bbef2e4c6a,7377B44DC66D47FE922EC1794773196F,1534866945842000,2018-08-21T16:55:45,,1220499683,IOS,,SkodaContentViewController,auto,8549608140516702894,52029,,,,11111,1,,,,,,,,,,,1534866945842000,cc9c8ab3df6acfd2ca81c7bbef2e4c6a,uk.co.skoda.assistant.uat,1.1.6,,1:571703561616:ios:777087d7f78ec12a,manual_install,tablet,Apple,iPad,,"iPad7,5",IOS,11.4,,,en-gb,No,3600,,,Europe,United Kingdom,England,Newport Pagnell,,,(direct),(none),(direct),cc9c8ab3df6acfd2ca81c7bbef2e4c6a_1
20180829,1535536807070003,2018-08-29T11:00:07,user_engagement,1535536804609003,2018-08-29T11:00:04,,229,92444,cc9c8ab3df6acfd2ca81c7bbef2e4c6a,7377B44DC66D47FE922EC1794773196F,1534866945842000,2018-08-21T16:55:45,,1220499683,IOS,,SFSafariViewController,auto,8549608140516702903,2461,,,,11111,1,,,,,,,,,,,1534866945842000,cc9c8ab3df6acfd2ca81c7bbef2e4c6a,uk.co.skoda.assistant.uat,1.1.6,,1:571703561616:ios:777087d7f78ec12a,manual_install,tablet,Apple,iPad,,"iPad7,5",IOS,11.4,,,en-gb,No,3600,,,Europe,United Kingdom,England,Newport Pagnell,,,(direct),(none),(direct),cc9c8ab3df6acfd2ca81c7bbef2e4c6a_1
20180829,1535536807071002,2018-08-29T11:00:07,screen_view,1535536804609002,2018-08-29T11:00:04,,229,92444,cc9c8ab3df6acfd2ca81c7bbef2e4c6a,7377B44DC66D47FE922EC1794773196F,1534866945842000,2018-08-21T16:55:45,,1220499683,IOS,,SkodaContentViewController,auto,8549608140516702894,,1,8549608140516702903,SFSafariViewController,11111,1,,,,,,,,,,,1534866945842000,cc9c8ab3df6acfd2ca81c7bbef2e4c6a,uk.co.skoda.assistant.uat,1.1.6,,1:571703561616:ios:777087d7f78ec12a,manual_install,tablet,Apple,iPad,,"iPad7,5",IOS,11.4,,,en-gb,No,3600,,,Europe,United Kingdom,England,Newport Pagnell,,,(direct),(none),(direct),cc9c8ab3df6acfd2ca81c7bbef2e4c6a_1
20180829,1535536807636005,2018-08-29T11:00:07,user_engagement,1535536807070005,2018-08-29T11:00:07,,229,92444,cc9c8ab3df6acfd2ca81c7bbef2e4c6a,7377B44DC66D47FE922EC1794773196F,1534866945842000,2018-08-21T16:55:45,,1220499683,IOS,,SkodaContentViewController,auto,8549608140516702894,565,,,,11111,1,,,,,,,,,,,1534866945842000,cc9c8ab3df6acfd2ca81c7bbef2e4c6a,uk.co.skoda.assistant.uat,1.1.6,,1:571703561616:ios:777087d7f78ec12a,manual_install,tablet,Apple,iPad,,"iPad7,5",IOS,11.4,,,en-gb,No,3600,,,Europe,United Kingdom,England,Newport Pagnell,,,(direct),(none),(direct),cc9c8ab3df6acfd2ca81c7bbef2e4c6a_1
20180829,1535538456546000,2018-08-29T11:27:36,button_press,1535536754011000,2018-08-29T10:59:14,,230,130082,cc9c8ab3df6acfd2ca81c7bbef2e4c6a,7377B44DC66D47FE922EC1794773196F,1534866945842000,2018-08-21T16:55:45,,1220499683,IOS,,SkodaContentViewController,app,8549608140516702894,,1,,,11111,1,,globalnav_presentation,,,,,,,,,1534866945842000,cc9c8ab3df6acfd2ca81c7bbef2e4c6a,uk.co.skoda.assistant.uat,1.1.6,,1:571703561616:ios:777087d7f78ec12a,manual_install,tablet,Apple,iPad,,"iPad7,5",IOS,11.4,,,en-gb,No,3600,,,Europe,United Kingdom,England,Newport Pagnell,,,(direct),(none),(direct),cc9c8ab3df6acfd2ca81c7bbef2e4c6a_1
20180829,1535538456625001,2018-08-29T11:27:36,button_press,1535538456546001,2018-08-29T11:27:36,,230,130082,cc9c8ab3df6acfd2ca81c7bbef2e4c6a,7377B44DC66D47FE922EC1794773196F,1534866945842000,2018-08-21T16:55:45,,1220499683,IOS,,SkodaContentViewController,app,8549608140516702894,,1,,,11111,1,,presentation,,,,,,,,,1534866945842000,cc9c8ab3df6acfd2ca81c7bbef2e4c6a,uk.co.skoda.assistant.uat,1.1.6,,1:571703561616:ios:777087d7f78ec12a,manual_install,tablet,Apple,iPad,,"iPad7,5",IOS,11.4,,,en-gb,No,3600,,,Europe,United Kingdom,England,Newport Pagnell,,,(direct),(none),(direct),cc9c8ab3df6acfd2ca81c7bbef2e4c6a_1
20180829,1535538494559002,2018-08-29T11:28:14,user_engagement,1535536807636002,2018-08-29T11:00:07,,230,130082,cc9c8ab3df6acfd2ca81c7bbef2e4c6a,7377B44DC66D47FE922EC1794773196F,1534866945842000,2018-08-21T16:55:45,,1220499683,IOS,,SkodaContentViewController,auto,8549608140516702894,38750,,,,11111,1,,,,,,,,,,,1534866945842000,cc9c8ab3df6acfd2ca81c7bbef2e4c6a,uk.co.skoda.assistant.uat,1.1.6,,1:571703561616:ios:777087d7f78ec12a,manual_install,tablet,Apple,iPad,,"iPad7,5",IOS,11.4,,,en-gb,No,3600,,,Europe,United Kingdom,England,Newport Pagnell,,,(direct),(none),(direct),cc9c8ab3df6acfd2ca81c7bbef2e4c6a_1
20180829,1535538732068000,2018-08-29T11:32:12,button_press,1535538456625000,2018-08-29T11:27:36,,231,82321,cc9c8ab3df6acfd2ca81c7bbef2e4c6a,7377B44DC66D47FE922EC1794773196F,1534866945842000,2018-08-21T16:55:45,,1220499683,IOS,,SkodaContentViewController,app,8549608140516702894,,1,,,11111,1,,globalnav_links,,,,,,,,,1534866945842000,cc9c8ab3df6acfd2ca81c7bbef2e4c6a,uk.co.skoda.assistant.uat,1.1.6,,1:571703561616:ios:777087d7f78ec12a,manual_install,tablet,Apple,iPad,,"iPad7,5",IOS,11.4,,,en-gb,No,3600,,,Europe,United Kingdom,England,Newport Pagnell,,,(direct),(none),(direct),cc9c8ab3df6acfd2ca81c7bbef2e4c6a_1
20180829,1535538732076001,2018-08-29T11:32:12,button_press,1535538732068001,2018-08-29T11:32:12,,231,82321,cc9c8ab3df6acfd2ca81c7bbef2e4c6a,7377B44DC66D47FE922EC1794773196F,1534866945842000,2018-08-21T16:55:45,,1220499683,IOS,,SkodaContentViewController,app,8549608140516702894,,1,,,11111,1,,links,,,,,,,,,1534866945842000,cc9c8ab3df6acfd2ca81c7bbef2e4c6a,uk.co.skoda.assistant.uat,1.1.6,,1:571703561616:ios:777087d7f78ec12a,manual_install,tablet,Apple,iPad,,"iPad7,5",IOS,11.4,,,en-gb,No,3600,,,Europe,United Kingdom,England,Newport Pagnell,,,(direct),(none),(direct),cc9c8ab3df6acfd2ca81c7bbef2e4c6a_1
20180829,1535538746535002,2018-08-29T11:32:26,user_engagement,1535538494559002,2018-08-29T11:28:14,,231,82321,cc9c8ab3df6acfd2ca81c7bbef2e4c6a,7377B44DC66D47FE922EC1794773196F,1534866945842000,2018-08-21T16:55:45,,1220499683,IOS,,SkodaContentViewController,auto,8549608140516702894,14598,,,,11111,1,,,,,,,,,,,1534866945842000,cc9c8ab3df6acfd2ca81c7bbef2e4c6a,uk.co.skoda.assistant.uat,1.1.6,,1:571703561616:ios:777087d7f78ec12a,manual_install,tablet,Apple,iPad,,"iPad7,5",IOS,11.4,,,en-gb,No,3600,,,Europe,United Kingdom,England,Newport Pagnell,,,(direct),(none),(direct),cc9c8ab3df6acfd2ca81c7bbef2e4c6a_1
20180829,1535538766615000,2018-08-29T11:32:46,user_engagement,1535538746535000,2018-08-29T11:32:26,,232,54767,cc9c8ab3df6acfd2ca81c7bbef2e4c6a,7377B44DC66D47FE922EC1794773196F,1534866945842000,2018-08-21T16:55:45,,1220499683,IOS,,SkodaContentViewController,auto,8549608140516702894,4269,,,,11111,1,,,,,,,,,,,1534866945842000,cc9c8ab3df6acfd2ca81c7bbef2e4c6a,uk.co.skoda.assistant.uat,1.1.6,,1:571703561616:ios:777087d7f78ec12a,manual_install,tablet,Apple,iPad,,"iPad7,5",IOS,11.4,,,en-gb,No,3600,,,Europe,United Kingdom,England,Newport Pagnell,,,(direct),(none),(direct),cc9c8ab3df6acfd2ca81c7bbef2e4c6a_1
20180829,1535538772642000,2018-08-29T11:32:52,user_engagement,1535538766615000,2018-08-29T11:32:46,,233,80024,cc9c8ab3df6acfd2ca81c7bbef2e4c6a,7377B44DC66D47FE922EC1794773196F,1534866945842000,2018-08-21T16:55:45,,1220499683,IOS,,SkodaContentViewController,auto,8549608140516702894,244,,,,11111,1,,,,,,,,,,,1534866945842000,cc9c8ab3df6acfd2ca81c7bbef2e4c6a,uk.co.skoda.assistant.uat,1.1.6,,1:571703561616:ios:777087d7f78ec12a,manual_install,tablet,Apple,iPad,,"iPad7,5",IOS,11.4,,,en-gb,No,3600,,,Europe,United Kingdom,England,Newport Pagnell,,,(direct),(none),(direct),cc9c8ab3df6acfd2ca81c7bbef2e4c6a_1
20180829,1535539284893000,2018-08-29T11:41:24,button_press,1535538732076000,2018-08-29T11:32:12,,234,59759,cc9c8ab3df6acfd2ca81c7bbef2e4c6a,7377B44DC66D47FE922EC1794773196F,1534866945842000,2018-08-21T16:55:45,,1220499683,IOS,,SkodaContentViewController,app,8549608140516702894,,1,,,11111,1,,globalnav_range,,,,,,,,,1534866945842000,cc9c8ab3df6acfd2ca81c7bbef2e4c6a,uk.co.skoda.assistant.uat,1.1.6,,1:571703561616:ios:777087d7f78ec12a,manual_install,tablet,Apple,iPad,,"iPad7,5",IOS,11.4,,,en-gb,No,3600,,,Europe,United Kingdom,England,Newport Pagnell,,,(direct),(none),(direct),cc9c8ab3df6acfd2ca81c7bbef2e4c6a_1
20180829,1535539284960001,2018-08-29T11:41:24,button_press,1535539284893001,2018-08-29T11:41:24,,234,59759,cc9c8ab3df6acfd2ca81c7bbef2e4c6a,7377B44DC66D47FE922EC1794773196F,1534866945842000,2018-08-21T16:55:45,,1220499683,IOS,,SkodaContentViewController,app,8549608140516702894,,1,,,11111,1,,range,,,,,,,,,1534866945842000,cc9c8ab3df6acfd2ca81c7bbef2e4c6a,uk.co.skoda.assistant.uat,1.1.6,,1:571703561616:ios:777087d7f78ec12a,manual_install,tablet,Apple,iPad,,"iPad7,5",IOS,11.4,,,en-gb,No,3600,,,Europe,United Kingdom,England,Newport Pagnell,,,(direct),(none),(direct),cc9c8ab3df6acfd2ca81c7bbef2e4c6a_1
20180829,1535539284991002,2018-08-29T11:41:24,screen_view,1535536807071002,2018-08-29T11:00:07,,234,59759,cc9c8ab3df6acfd2ca81c7bbef2e4c6a,7377B44DC66D47FE922EC1794773196F,1534866945842000,2018-08-21T16:55:45,,1220499683,IOS,,TrimViewController,auto,8549608140516702899,,1,8549608140516702894,SkodaContentViewController,11111,1,,,,,,,,,,,1534866945842000,cc9c8ab3df6acfd2ca81c7bbef2e4c6a,uk.co.skoda.assistant.uat,1.1.6,,1:571703561616:ios:777087d7f78ec12a,manual_install,tablet,Apple,iPad,,"iPad7,5",IOS,11.4,,,en-gb,No,3600,,,Europe,United Kingdom,England,Newport Pagnell,,,(direct),(none),(direct),cc9c8ab3df6acfd2ca81c7bbef2e4c6a_1
20180829,1535539285729003,2018-08-29T11:41:25,user_engagement,1535538772642003,2018-08-29T11:32:52,,234,59759,cc9c8ab3df6acfd2ca81c7bbef2e4c6a,7377B44DC66D47FE922EC1794773196F,1534866945842000,2018-08-21T16:55:45,,1220499683,IOS,,TrimViewController,auto,8549608140516702899,912,,,,11111,1,,,,,,,,,,,1534866945842000,cc9c8ab3df6acfd2ca81c7bbef2e4c6a,uk.co.skoda.assistant.uat,1.1.6,,1:571703561616:ios:777087d7f78ec12a,manual_install,tablet,Apple,iPad,,"iPad7,5",IOS,11.4,,,en-gb,No,3600,,,Europe,United Kingdom,England,Newport Pagnell,,,(direct),(none),(direct),cc9c8ab3df6acfd2ca81c7bbef2e4c6a_1
20180829,1535560216652000,2018-08-29T17:30:16,button_press,1535539284960000,2018-08-29T11:41:24,,235,102550,cc9c8ab3df6acfd2ca81c7bbef2e4c6a,7377B44DC66D47FE922EC1794773196F,1534866945842000,2018-08-21T16:55:45,,1220499683,IOS,,TrimViewController,app,8549608140516702899,,1,,,11111,1,,globalnav_range,,,,,,,,,1534866945842000,cc9c8ab3df6acfd2ca81c7bbef2e4c6a,uk.co.skoda.assistant.uat,1.1.6,,1:571703561616:ios:777087d7f78ec12a,manual_install,tablet,Apple,iPad,,"iPad7,5",IOS,11.4,,,en-gb,No,3600,,,Europe,United Kingdom,England,Newport Pagnell,,,(direct),(none),(direct),cc9c8ab3df6acfd2ca81c7bbef2e4c6a_1
20180829,1535560217234001,2018-08-29T17:30:17,screen_view,1535539284991001,2018-08-29T11:41:24,,235,102550,cc9c8ab3df6acfd2ca81c7bbef2e4c6a,7377B44DC66D47FE922EC1794773196F,1534866945842000,2018-08-21T16:55:45,,1220499683,IOS,,SkodaContentViewController,auto,8549608140516702894,,1,8549608140516702899,TrimViewController,11111,1,,,,,,,,,,,1534866945842000,cc9c8ab3df6acfd2ca81c7bbef2e4c6a,uk.co.skoda.assistant.uat,1.1.6,,1:571703561616:ios:777087d7f78ec12a,manual_install,tablet,Apple,iPad,,"iPad7,5",IOS,11.4,,,en-gb,No,3600,,,Europe,United Kingdom,England,Newport Pagnell,,,(direct),(none),(direct),cc9c8ab3df6acfd2ca81c7bbef2e4c6a_1
20180829,1535560217234001,2018-08-29T17:30:17,user_engagement,1535539285729001,2018-08-29T11:41:25,,235,102550,cc9c8ab3df6acfd2ca81c7bbef2e4c6a,7377B44DC66D47FE922EC1794773196F,1534866945842000,2018-08-21T16:55:45,,1220499683,IOS,,TrimViewController,auto,8549608140516702899,1225,,,,11111,1,,,,,,,,,,,1534866945842000,cc9c8ab3df6acfd2ca81c7bbef2e4c6a,uk.co.skoda.assistant.uat,1.1.6,,1:571703561616:ios:777087d7f78ec12a,manual_install,tablet,Apple,iPad,,"iPad7,5",IOS,11.4,,,en-gb,No,3600,,,Europe,United Kingdom,England,Newport Pagnell,,,(direct),(none),(direct),cc9c8ab3df6acfd2ca81c7bbef2e4c6a_1
20180829,1535560217234002,2018-08-29T17:30:17,screen_view,1535560217234002,2018-08-29T17:30:17,,235,102550,cc9c8ab3df6acfd2ca81c7bbef2e4c6a,7377B44DC66D47FE922EC1794773196F,1534866945842000,2018-08-21T16:55:45,,1220499683,IOS,,RangeContentViewController,auto,8549608140516702895,,1,8549608140516702894,SkodaContentViewController,11111,1,,,,,,,,,,,1534866945842000,cc9c8ab3df6acfd2ca81c7bbef2e4c6a,uk.co.skoda.assistant.uat,1.1.6,,1:571703561616:ios:777087d7f78ec12a,manual_install,tablet,Apple,iPad,,"iPad7,5",IOS,11.4,,,en-gb,No,3600,,,Europe,United Kingdom,England,Newport Pagnell,,,(direct),(none),(direct),cc9c8ab3df6acfd2ca81c7bbef2e4c6a_1
20180829,1535560217401003,2018-08-29T17:30:17,button_press,1535560216652003,2018-08-29T17:30:16,,235,102550,cc9c8ab3df6acfd2ca81c7bbef2e4c6a,7377B44DC66D47FE922EC1794773196F,1534866945842000,2018-08-21T16:55:45,,1220499683,IOS,,RangeContentViewController,app,8549608140516702895,,1,,,11111,1,,globalnav_range,,,,,,,,,1534866945842000,cc9c8ab3df6acfd2ca81c7bbef2e4c6a,uk.co.skoda.assistant.uat,1.1.6,,1:571703561616:ios:777087d7f78ec12a,manual_install,tablet,Apple,iPad,,"iPad7,5",IOS,11.4,,,en-gb,No,3600,,,Europe,United Kingdom,England,Newport Pagnell,,,(direct),(none),(direct),cc9c8ab3df6acfd2ca81c7bbef2e4c6a_1
20180829,1535560219745004,2018-08-29T17:30:19,button_press,1535560217401004,2018-08-29T17:30:17,,235,102550,cc9c8ab3df6acfd2ca81c7bbef2e4c6a,7377B44DC66D47FE922EC1794773196F,1534866945842000,2018-08-21T16:55:45,,1220499683,IOS,,RangeContentViewController,app,8549608140516702895,,1,,,11111,1,S,range_home_trim_select,11,,,,,,,,1534866945842000,cc9c8ab3df6acfd2ca81c7bbef2e4c6a,uk.co.skoda.assistant.uat,1.1.6,,1:571703561616:ios:777087d7f78ec12a,manual_install,tablet,Apple,iPad,,"iPad7,5",IOS,11.4,,,en-gb,No,3600,,,Europe,United Kingdom,England,Newport Pagnell,,,(direct),(none),(direct),cc9c8ab3df6acfd2ca81c7bbef2e4c6a_1
20180829,1535560220507005,2018-08-29T17:30:20,screen_view,1535560217234005,2018-08-29T17:30:17,,235,102550,cc9c8ab3df6acfd2ca81c7bbef2e4c6a,7377B44DC66D47FE922EC1794773196F,1534866945842000,2018-08-21T16:55:45,,1220499683,IOS,,SkodaContentViewController,auto,8549608140516702894,,1,8549608140516702895,RangeContentViewController,11111,1,,,,,,,,,,,1534866945842000,cc9c8ab3df6acfd2ca81c7bbef2e4c6a,uk.co.skoda.assistant.uat,1.1.6,,1:571703561616:ios:777087d7f78ec12a,manual_install,tablet,Apple,iPad,,"iPad7,5",IOS,11.4,,,en-gb,No,3600,,,Europe,United Kingdom,England,Newport Pagnell,,,(direct),(none),(direct),cc9c8ab3df6acfd2ca81c7bbef2e4c6a_1
20180829,1535560220507006,2018-08-29T17:30:20,screen_view,1535560220507006,2018-08-29T17:30:20,,235,102550,cc9c8ab3df6acfd2ca81c7bbef2e4c6a,7377B44DC66D47FE922EC1794773196F,1534866945842000,2018-08-21T16:55:45,,1220499683,IOS,,TrimViewController,auto,8549608140516702904,,1,8549608140516702894,SkodaContentViewController,11111,1,,,,,,,,,,,1534866945842000,cc9c8ab3df6acfd2ca81c7bbef2e4c6a,uk.co.skoda.assistant.uat,1.1.6,,1:571703561616:ios:777087d7f78ec12a,manual_install,tablet,Apple,iPad,,"iPad7,5",IOS,11.4,,,en-gb,No,3600,,,Europe,United Kingdom,England,Newport Pagnell,,,(direct),(none),(direct),cc9c8ab3df6acfd2ca81c7bbef2e4c6a_1
20180829,1535560220507006,2018-08-29T17:30:20,user_engagement,1535560217234006,2018-08-29T17:30:17,,235,102550,cc9c8ab3df6acfd2ca81c7bbef2e4c6a,7377B44DC66D47FE922EC1794773196F,1534866945842000,2018-08-21T16:55:45,,1220499683,IOS,,RangeContentViewController,auto,8549608140516702895,3272,,,,11111,1,,,,,,,,,,,1534866945842000,cc9c8ab3df6acfd2ca81c7bbef2e4c6a,uk.co.skoda.assistant.uat,1.1.6,,1:571703561616:ios:777087d7f78ec12a,manual_install,tablet,Apple,iPad,,"iPad7,5",IOS,11.4,,,en-gb,No,3600,,,Europe,United Kingdom,England,Newport Pagnell,,,(direct),(none),(direct),cc9c8ab3df6acfd2ca81c7bbef2e4c6a_1
20180829,1535560223203007,2018-08-29T17:30:23,button_press,1535560219745007,2018-08-29T17:30:19,,235,102550,cc9c8ab3df6acfd2ca81c7bbef2e4c6a,7377B44DC66D47FE922EC1794773196F,1534866945842000,2018-08-21T16:55:45,,1220499683,IOS,,TrimViewController,app,8549608140516702904,,1,,,11111,1,,trim_home_trim_dropdown_select,,,,,,,,,1534866945842000,cc9c8ab3df6acfd2ca81c7bbef2e4c6a,uk.co.skoda.assistant.uat,1.1.6,,1:571703561616:ios:777087d7f78ec12a,manual_install,tablet,Apple,iPad,,"iPad7,5",IOS,11.4,,,en-gb,No,3600,,,Europe,United Kingdom,England,Newport Pagnell,,,(direct),(none),(direct),cc9c8ab3df6acfd2ca81c7bbef2e4c6a_1
20180829,1535560224081008,2018-08-29T17:30:24,button_press,1535560223203008,2018-08-29T17:30:23,,235,102550,cc9c8ab3df6acfd2ca81c7bbef2e4c6a,7377B44DC66D47FE922EC1794773196F,1534866945842000,2018-08-21T16:55:45,,1220499683,IOS,,TrimViewController,app,8549608140516702904,,1,,,11111,1,SE,trim_home_trim_select_from_dropdown,47,,,,,,,,1534866945842000,cc9c8ab3df6acfd2ca81c7bbef2e4c6a,uk.co.skoda.assistant.uat,1.1.6,,1:571703561616:ios:777087d7f78ec12a,manual_install,tablet,Apple,iPad,,"iPad7,5",IOS,11.4,,,en-gb,No,3600,,,Europe,United Kingdom,England,Newport Pagnell,,,(direct),(none),(direct),cc9c8ab3df6acfd2ca81c7bbef2e4c6a_1
20180829,1535560226010009,2018-08-29T17:30:26,session_start,1535535662806009,2018-08-29T10:41:02,,235,102550,cc9c8ab3df6acfd2ca81c7bbef2e4c6a,7377B44DC66D47FE922EC1794773196F,1534866945842000,2018-08-21T16:55:45,,1220499683,IOS,,TrimViewController,auto,8549608140516702904,,1,,,11111,1,,,,,,,,,,,1534866945842000,cc9c8ab3df6acfd2ca81c7bbef2e4c6a,uk.co.skoda.assistant.uat,1.1.6,,1:571703561616:ios:777087d7f78ec12a,manual_install,tablet,Apple,iPad,,"iPad7,5",IOS,11.4,,,en-gb,No,3600,,,Europe,United Kingdom,England,Newport Pagnell,,,(direct),(none),(direct),cc9c8ab3df6acfd2ca81c7bbef2e4c6a_1
20180829,1535560227170010,2018-08-29T17:30:27,button_press,1535560224081010,2018-08-29T17:30:24,,235,102550,cc9c8ab3df6acfd2ca81c7bbef2e4c6a,7377B44DC66D47FE922EC1794773196F,1534866945842000,2018-08-21T16:55:45,,1220499683,IOS,,TrimViewController,app,8549608140516702904,,1,,,11111,1,,trim_home_trim_dropdown_select,,,,,,,,,1534866945842000,cc9c8ab3df6acfd2ca81c7bbef2e4c6a,uk.co.skoda.assistant.uat,1.1.6,,1:571703561616:ios:777087d7f78ec12a,manual_install,tablet,Apple,iPad,,"iPad7,5",IOS,11.4,,,en-gb,No,3600,,,Europe,United Kingdom,England,Newport Pagnell,,,(direct),(none),(direct),cc9c8ab3df6acfd2ca81c7bbef2e4c6a_1
20180829,1535560228424011,2018-08-29T17:30:28,button_press,1535560227170011,2018-08-29T17:30:27,,235,102550,cc9c8ab3df6acfd2ca81c7bbef2e4c6a,7377B44DC66D47FE922EC1794773196F,1534866945842000,2018-08-21T16:55:45,,1220499683,IOS,,TrimViewController,app,8549608140516702904,,1,,,11111,1,Colour Edition,trim_home_trim_select_from_dropdown,12,,,,,,,,1534866945842000,cc9c8ab3df6acfd2ca81c7bbef2e4c6a,uk.co.skoda.assistant.uat,1.1.6,,1:571703561616:ios:777087d7f78ec12a,manual_install,tablet,Apple,iPad,,"iPad7,5",IOS,11.4,,,en-gb,No,3600,,,Europe,United Kingdom,England,Newport Pagnell,,,(direct),(none),(direct),cc9c8ab3df6acfd2ca81c7bbef2e4c6a_1
20180829,1535560248407000,2018-08-29T17:30:48,user_engagement,1535560220507000,2018-08-29T17:30:20,,236,84000,cc9c8ab3df6acfd2ca81c7bbef2e4c6a,7377B44DC66D47FE922EC1794773196F,1534866945842000,2018-08-21T16:55:45,,1220499683,IOS,,TrimViewController,auto,8549608140516702904,27899,,,,11111,1,,,,,,,,,,,1534866945842000,cc9c8ab3df6acfd2ca81c7bbef2e4c6a,uk.co.skoda.assistant.uat,1.1.6,,1:571703561616:ios:777087d7f78ec12a,manual_install,tablet,Apple,iPad,,"iPad7,5",IOS,11.4,,,en-gb,No,3600,,,Europe,United Kingdom,England,Newport Pagnell,,,(direct),(none),(direct),cc9c8ab3df6acfd2ca81c7bbef2e4c6a_1
