event_date,event_timestamp,event_iso8601,event_name,event_previous_timestamp,event_previous_iso8601,event_value_in_usd,event_bundle_sequence_id,event_server_timestamp_offset,user_id,user_pseudo_id,user_first_touch_timestamp,user_first_touch_iso8601,user_ltv,stream_id,platform,event_dimensions,firebase_screen_class,firebase_event_origin,firebase_screen_id,engagement_time_msec,firebase_conversion,firebase_previous_id,firebase_previous_class,user_retailer,user_area,AnalyticsParameterTerm,button_name,AnalyticsParameterItemID,engine,Compared_vehicle_1,Compared_vehicle_2,update_with_analytics,previous_first_open_count,previous_app_version,Compared_vehicle_3,first_open_time,user_id,id,version,install_store,firebase_app_id,install_source,category,mobile_brand_name,mobile_model_name,mobile_marketing_name,mobile_os_hardware_model,operating_system,operating_system_version,vendor_id,advertising_id,language,is_limited_ad_tracking,time_zone_offset_seconds,browser,browser,continent,country,region,city,sub_continent,metro,name,medium,source,user_session_generated_id
20180829,1535532075323000,2018-08-29T09:41:15,screen_view,1535116893353000,2018-08-24T14:21:33,,22,77037,1b537722419fcaeeda617408f78f5d72,9BF5745711734138AD1E9DAE144722AB,1534929994251000,2018-08-22T10:26:34,,1220499683,IOS,,SplashViewController,auto,8371214745814010294,,1,,,11111,1,,,,,,,,,,,1534929994251000,1b537722419fcaeeda617408f78f5d72,uk.co.skoda.assistant.ios,1.1.6,,1:571703561616:ios:777087d7f78ec12a,manual_install,tablet,Apple,iPad Air 2,,"iPad5,4",IOS,11.4.1,,,en-gb,No,3600,,,Europe,United Kingdom,England,London,,,(direct),(none),(direct),1b537722419fcaeeda617408f78f5d72_0
20180829,1535532075579001,2018-08-29T09:41:15,screen_view,1535532075323001,2018-08-29T09:41:15,,22,77037,1b537722419fcaeeda617408f78f5d72,9BF5745711734138AD1E9DAE144722AB,1534929994251000,2018-08-22T10:26:34,,1220499683,IOS,,LoginViewController,auto,8371214745814010295,,1,8371214745814010294,SplashViewController,11111,1,,,,,,,,,,,1534929994251000,1b537722419fcaeeda617408f78f5d72,uk.co.skoda.assistant.ios,1.1.6,,1:571703561616:ios:777087d7f78ec12a,manual_install,tablet,Apple,iPad Air 2,,"iPad5,4",IOS,11.4.1,,,en-gb,No,3600,,,Europe,United Kingdom,England,London,,,(direct),(none),(direct),1b537722419fcaeeda617408f78f5d72_0
20180829,1535532079309002,2018-08-29T09:41:19,user_engagement,1535116976877002,2018-08-24T14:22:56,,22,77037,1b537722419fcaeeda617408f78f5d72,9BF5745711734138AD1E9DAE144722AB,1534929994251000,2018-08-22T10:26:34,,1220499683,IOS,,LoginViewController,auto,8371214745814010295,3715,,,,11111,1,,,,,,,,,,,1534929994251000,1b537722419fcaeeda617408f78f5d72,uk.co.skoda.assistant.ios,1.1.6,,1:571703561616:ios:777087d7f78ec12a,manual_install,tablet,Apple,iPad Air 2,,"iPad5,4",IOS,11.4.1,,,en-gb,No,3600,,,Europe,United Kingdom,England,London,,,(direct),(none),(direct),1b537722419fcaeeda617408f78f5d72_0
20180829,1535532083995000,2018-08-29T09:41:23,user_engagement,1535532079309000,2018-08-29T09:41:19,,23,66133,1b537722419fcaeeda617408f78f5d72,9BF5745711734138AD1E9DAE144722AB,1534929994251000,2018-08-22T10:26:34,,1220499683,IOS,,LoginViewController,auto,8371214745814010295,3309,,,,11111,1,,,,,,,,,,,1534929994251000,1b537722419fcaeeda617408f78f5d72,uk.co.skoda.assistant.ios,1.1.6,,1:571703561616:ios:777087d7f78ec12a,manual_install,tablet,Apple,iPad Air 2,,"iPad5,4",IOS,11.4.1,,,en-gb,No,3600,,,Europe,United Kingdom,England,London,,,(direct),(none),(direct),1b537722419fcaeeda617408f78f5d72_0
20180829,1535532083996000,2018-08-29T09:41:23,screen_view,1535532075579000,2018-08-29T09:41:15,,23,66133,1b537722419fcaeeda617408f78f5d72,9BF5745711734138AD1E9DAE144722AB,1534929994251000,2018-08-22T10:26:34,,1220499683,IOS,,SplashViewController,auto,8371214745814010294,,1,8371214745814010295,LoginViewController,11111,1,,,,,,,,,,,1534929994251000,1b537722419fcaeeda617408f78f5d72,uk.co.skoda.assistant.ios,1.1.6,,1:571703561616:ios:777087d7f78ec12a,manual_install,tablet,Apple,iPad Air 2,,"iPad5,4",IOS,11.4.1,,,en-gb,No,3600,,,Europe,United Kingdom,England,London,,,(direct),(none),(direct),1b537722419fcaeeda617408f78f5d72_0
