event_date,event_timestamp,event_iso8601,event_name,event_previous_timestamp,event_previous_iso8601,event_value_in_usd,event_bundle_sequence_id,event_server_timestamp_offset,user_id,user_pseudo_id,user_first_touch_timestamp,user_first_touch_iso8601,user_ltv,stream_id,platform,event_dimensions,firebase_screen_class,firebase_event_origin,firebase_screen_id,engagement_time_msec,firebase_conversion,firebase_previous_id,firebase_previous_class,user_retailer,user_area,AnalyticsParameterTerm,button_name,AnalyticsParameterItemID,engine,Compared_vehicle_1,Compared_vehicle_2,update_with_analytics,previous_first_open_count,previous_app_version,Compared_vehicle_3,first_open_time,user_id,id,version,install_store,firebase_app_id,install_source,category,mobile_brand_name,mobile_model_name,mobile_marketing_name,mobile_os_hardware_model,operating_system,operating_system_version,vendor_id,advertising_id,language,is_limited_ad_tracking,time_zone_offset_seconds,browser,browser,continent,country,region,city,sub_continent,metro,name,medium,source,user_session_generated_id
20180829,1535540486587000,2018-08-29T12:01:26,screen_view,1535461568161000,2018-08-28T14:06:08,,111,121809,edc414157e224dd8c2045f87cbb52c7b,2C9580CD92C74F0BBD053576BD11AA51,1534253270072000,2018-08-14T14:27:50,,1220499683,IOS,,SplashViewController,auto,-2135305417362460765,,1,,,22013,3,,,,,,,,,,,1534253270072000,edc414157e224dd8c2045f87cbb52c7b,uk.co.skoda.assistant.ios,1.1.6,,1:571703561616:ios:777087d7f78ec12a,manual_install,tablet,Apple,iPad,,"iPad7,6",IOS,11.4.1,,,en-gb,No,3600,,,Europe,United Kingdom,England,London,,,(direct),(none),(direct),edc414157e224dd8c2045f87cbb52c7b_0
20180829,1535540486830001,2018-08-29T12:01:26,screen_view,1535540486587001,2018-08-29T12:01:26,,111,121809,edc414157e224dd8c2045f87cbb52c7b,2C9580CD92C74F0BBD053576BD11AA51,1534253270072000,2018-08-14T14:27:50,,1220499683,IOS,,LoginViewController,auto,-2135305417362460764,,1,-2135305417362460765,SplashViewController,22013,3,,,,,,,,,,,1534253270072000,edc414157e224dd8c2045f87cbb52c7b,uk.co.skoda.assistant.ios,1.1.6,,1:571703561616:ios:777087d7f78ec12a,manual_install,tablet,Apple,iPad,,"iPad7,6",IOS,11.4.1,,,en-gb,No,3600,,,Europe,United Kingdom,England,London,,,(direct),(none),(direct),edc414157e224dd8c2045f87cbb52c7b_0
20180829,1535540490453002,2018-08-29T12:01:30,user_engagement,1535461674748002,2018-08-28T14:07:54,,111,121809,edc414157e224dd8c2045f87cbb52c7b,2C9580CD92C74F0BBD053576BD11AA51,1534253270072000,2018-08-14T14:27:50,,1220499683,IOS,,LoginViewController,auto,-2135305417362460764,3746,,,,22013,3,,,,,,,,,,,1534253270072000,edc414157e224dd8c2045f87cbb52c7b,uk.co.skoda.assistant.ios,1.1.6,,1:571703561616:ios:777087d7f78ec12a,manual_install,tablet,Apple,iPad,,"iPad7,6",IOS,11.4.1,,,en-gb,No,3600,,,Europe,United Kingdom,England,London,,,(direct),(none),(direct),edc414157e224dd8c2045f87cbb52c7b_0
20180829,1535540495027000,2018-08-29T12:01:35,user_engagement,1535540490453000,2018-08-29T12:01:30,,112,180824,edc414157e224dd8c2045f87cbb52c7b,2C9580CD92C74F0BBD053576BD11AA51,1534253270072000,2018-08-14T14:27:50,,1220499683,IOS,,LoginViewController,auto,-2135305417362460764,2454,,,,22013,3,,,,,,,,,,,1534253270072000,edc414157e224dd8c2045f87cbb52c7b,uk.co.skoda.assistant.ios,1.1.6,,1:571703561616:ios:777087d7f78ec12a,manual_install,tablet,Apple,iPad,,"iPad7,6",IOS,11.4.1,,,en-gb,No,3600,,,Europe,United Kingdom,England,London,,,(direct),(none),(direct),edc414157e224dd8c2045f87cbb52c7b_0
20180829,1535540495028000,2018-08-29T12:01:35,screen_view,1535540486830000,2018-08-29T12:01:26,,112,180824,edc414157e224dd8c2045f87cbb52c7b,2C9580CD92C74F0BBD053576BD11AA51,1534253270072000,2018-08-14T14:27:50,,1220499683,IOS,,SplashViewController,auto,-2135305417362460765,,1,-2135305417362460764,LoginViewController,22013,3,,,,,,,,,,,1534253270072000,edc414157e224dd8c2045f87cbb52c7b,uk.co.skoda.assistant.ios,1.1.6,,1:571703561616:ios:777087d7f78ec12a,manual_install,tablet,Apple,iPad,,"iPad7,6",IOS,11.4.1,,,en-gb,No,3600,,,Europe,United Kingdom,England,London,,,(direct),(none),(direct),edc414157e224dd8c2045f87cbb52c7b_0
