event_date,event_timestamp,event_iso8601,event_name,event_previous_timestamp,event_previous_iso8601,event_value_in_usd,event_bundle_sequence_id,event_server_timestamp_offset,user_id,user_pseudo_id,user_first_touch_timestamp,user_first_touch_iso8601,user_ltv,stream_id,platform,event_dimensions,firebase_screen_class,firebase_event_origin,firebase_screen_id,engagement_time_msec,firebase_conversion,firebase_previous_id,firebase_previous_class,user_retailer,user_area,AnalyticsParameterTerm,button_name,AnalyticsParameterItemID,engine,Compared_vehicle_1,Compared_vehicle_2,update_with_analytics,previous_first_open_count,previous_app_version,Compared_vehicle_3,first_open_time,user_id,id,version,install_store,firebase_app_id,install_source,category,mobile_brand_name,mobile_model_name,mobile_marketing_name,mobile_os_hardware_model,operating_system,operating_system_version,vendor_id,advertising_id,language,is_limited_ad_tracking,time_zone_offset_seconds,browser,browser,continent,country,region,city,sub_continent,metro,name,medium,source,user_session_generated_id
20180829,1535537800828001,2018-08-29T11:16:40,AnalyticsEventLogin,1535441537399001,2018-08-28T08:32:17,,111,390143,5923b6e92cddb92053bd283b9bcb6730,CF72BE0F3C0C46338C1F4580FD621EF6,1533816862477000,2018-08-09T13:14:22,,1220499683,IOS,,SplashViewController,app,5370564723095293801,,1,,,28060,4,5923b6e92cddb92053bd283b9bcb6730,,,,,,,,,,1533816862477000,5923b6e92cddb92053bd283b9bcb6730,uk.co.skoda.assistant.ios,1.1.6,,1:571703561616:ios:777087d7f78ec12a,manual_install,tablet,Apple,iPad,,"iPad7,6",IOS,11.4.1,,,en-gb,No,3600,,,Europe,United Kingdom,England,Nottingham,,,(direct),(none),(direct),5923b6e92cddb92053bd283b9bcb6730_1
20180829,1535537801377000,2018-08-29T11:16:41,button_press,1535441537547000,2018-08-28T08:32:17,,112,390144,5923b6e92cddb92053bd283b9bcb6730,CF72BE0F3C0C46338C1F4580FD621EF6,1533816862477000,2018-08-09T13:14:22,,1220499683,IOS,,SplashViewController,app,5370564723095293801,,1,,,28060,4,,globalnav_range,,,,,,,,,1533816862477000,5923b6e92cddb92053bd283b9bcb6730,uk.co.skoda.assistant.ios,1.1.6,,1:571703561616:ios:777087d7f78ec12a,manual_install,tablet,Apple,iPad,,"iPad7,6",IOS,11.4.1,,,en-gb,No,3600,,,Europe,United Kingdom,England,Nottingham,,,(direct),(none),(direct),5923b6e92cddb92053bd283b9bcb6730_1
20180829,1535537801378001,2018-08-29T11:16:41,button_press,1535537801377001,2018-08-29T11:16:41,,112,390144,5923b6e92cddb92053bd283b9bcb6730,CF72BE0F3C0C46338C1F4580FD621EF6,1533816862477000,2018-08-09T13:14:22,,1220499683,IOS,,SplashViewController,app,5370564723095293801,,1,,,28060,4,,range,,,,,,,,,1533816862477000,5923b6e92cddb92053bd283b9bcb6730,uk.co.skoda.assistant.ios,1.1.6,,1:571703561616:ios:777087d7f78ec12a,manual_install,tablet,Apple,iPad,,"iPad7,6",IOS,11.4.1,,,en-gb,No,3600,,,Europe,United Kingdom,England,Nottingham,,,(direct),(none),(direct),5923b6e92cddb92053bd283b9bcb6730_1
20180829,1535537802306002,2018-08-29T11:16:42,screen_view,1535537800812002,2018-08-29T11:16:40,,112,390144,5923b6e92cddb92053bd283b9bcb6730,CF72BE0F3C0C46338C1F4580FD621EF6,1533816862477000,2018-08-09T13:14:22,,1220499683,IOS,,SkodaContentViewController,auto,5370564723095293803,,1,5370564723095293801,SplashViewController,28060,4,,,,,,,,,,,1533816862477000,5923b6e92cddb92053bd283b9bcb6730,uk.co.skoda.assistant.ios,1.1.6,,1:571703561616:ios:777087d7f78ec12a,manual_install,tablet,Apple,iPad,,"iPad7,6",IOS,11.4.1,,,en-gb,No,3600,,,Europe,United Kingdom,England,Nottingham,,,(direct),(none),(direct),5923b6e92cddb92053bd283b9bcb6730_1
20180829,1535537802306002,2018-08-29T11:16:42,user_engagement,1535537800812002,2018-08-29T11:16:40,,112,390144,5923b6e92cddb92053bd283b9bcb6730,CF72BE0F3C0C46338C1F4580FD621EF6,1533816862477000,2018-08-09T13:14:22,,1220499683,IOS,,SplashViewController,auto,5370564723095293801,1493,,,,28060,4,,,,,,,,,,,1533816862477000,5923b6e92cddb92053bd283b9bcb6730,uk.co.skoda.assistant.ios,1.1.6,,1:571703561616:ios:777087d7f78ec12a,manual_install,tablet,Apple,iPad,,"iPad7,6",IOS,11.4.1,,,en-gb,No,3600,,,Europe,United Kingdom,England,Nottingham,,,(direct),(none),(direct),5923b6e92cddb92053bd283b9bcb6730_1
20180829,1535537802307003,2018-08-29T11:16:42,screen_view,1535537802306003,2018-08-29T11:16:42,,112,390144,5923b6e92cddb92053bd283b9bcb6730,CF72BE0F3C0C46338C1F4580FD621EF6,1533816862477000,2018-08-09T13:14:22,,1220499683,IOS,,RangeContentViewController,auto,5370564723095293804,,1,5370564723095293803,SkodaContentViewController,28060,4,,,,,,,,,,,1533816862477000,5923b6e92cddb92053bd283b9bcb6730,uk.co.skoda.assistant.ios,1.1.6,,1:571703561616:ios:777087d7f78ec12a,manual_install,tablet,Apple,iPad,,"iPad7,6",IOS,11.4.1,,,en-gb,No,3600,,,Europe,United Kingdom,England,Nottingham,,,(direct),(none),(direct),5923b6e92cddb92053bd283b9bcb6730_1
20180829,1535537806787000,2018-08-29T11:16:46,session_start,1535441544419000,2018-08-28T08:32:24,,113,76285,5923b6e92cddb92053bd283b9bcb6730,CF72BE0F3C0C46338C1F4580FD621EF6,1533816862477000,2018-08-09T13:14:22,,1220499683,IOS,,RangeContentViewController,auto,5370564723095293804,,1,,,28060,4,,,,,,,,,,,1533816862477000,5923b6e92cddb92053bd283b9bcb6730,uk.co.skoda.assistant.ios,1.1.6,,1:571703561616:ios:777087d7f78ec12a,manual_install,tablet,Apple,iPad,,"iPad7,6",IOS,11.4.1,,,en-gb,No,3600,,,Europe,United Kingdom,England,Nottingham,,,(direct),(none),(direct),5923b6e92cddb92053bd283b9bcb6730_1
20180829,1535537809272001,2018-08-29T11:16:49,button_press,1535537801378001,2018-08-29T11:16:41,,113,76285,5923b6e92cddb92053bd283b9bcb6730,CF72BE0F3C0C46338C1F4580FD621EF6,1533816862477000,2018-08-09T13:14:22,,1220499683,IOS,,RangeContentViewController,app,5370564723095293804,,1,,,28060,4,SE Sport,range_home_trim_select,20,,,,,,,,1533816862477000,5923b6e92cddb92053bd283b9bcb6730,uk.co.skoda.assistant.ios,1.1.6,,1:571703561616:ios:777087d7f78ec12a,manual_install,tablet,Apple,iPad,,"iPad7,6",IOS,11.4.1,,,en-gb,No,3600,,,Europe,United Kingdom,England,Nottingham,,,(direct),(none),(direct),5923b6e92cddb92053bd283b9bcb6730_1
20180829,1535537810025002,2018-08-29T11:16:50,user_engagement,1535537802306002,2018-08-29T11:16:42,,113,76285,5923b6e92cddb92053bd283b9bcb6730,CF72BE0F3C0C46338C1F4580FD621EF6,1533816862477000,2018-08-09T13:14:22,,1220499683,IOS,,RangeContentViewController,auto,5370564723095293804,7718,,,,28060,4,,,,,,,,,,,1533816862477000,5923b6e92cddb92053bd283b9bcb6730,uk.co.skoda.assistant.ios,1.1.6,,1:571703561616:ios:777087d7f78ec12a,manual_install,tablet,Apple,iPad,,"iPad7,6",IOS,11.4.1,,,en-gb,No,3600,,,Europe,United Kingdom,England,Nottingham,,,(direct),(none),(direct),5923b6e92cddb92053bd283b9bcb6730_1
20180829,1535537810026002,2018-08-29T11:16:50,screen_view,1535537802307002,2018-08-29T11:16:42,,113,76285,5923b6e92cddb92053bd283b9bcb6730,CF72BE0F3C0C46338C1F4580FD621EF6,1533816862477000,2018-08-09T13:14:22,,1220499683,IOS,,TrimViewController,auto,5370564723095293805,,1,5370564723095293804,RangeContentViewController,28060,4,,,,,,,,,,,1533816862477000,5923b6e92cddb92053bd283b9bcb6730,uk.co.skoda.assistant.ios,1.1.6,,1:571703561616:ios:777087d7f78ec12a,manual_install,tablet,Apple,iPad,,"iPad7,6",IOS,11.4.1,,,en-gb,No,3600,,,Europe,United Kingdom,England,Nottingham,,,(direct),(none),(direct),5923b6e92cddb92053bd283b9bcb6730_1
20180829,1535537822559000,2018-08-29T11:17:02,AnalyticsEventViewItem,1535120122220000,2018-08-24T15:15:22,,114,88752,5923b6e92cddb92053bd283b9bcb6730,CF72BE0F3C0C46338C1F4580FD621EF6,1533816862477000,2018-08-09T13:14:22,,1220499683,IOS,,TrimViewController,app,5370564723095293805,,1,,,28060,4,,,5b339c19a3b6e927850347,,,,,,,,1533816862477000,5923b6e92cddb92053bd283b9bcb6730,uk.co.skoda.assistant.ios,1.1.6,,1:571703561616:ios:777087d7f78ec12a,manual_install,tablet,Apple,iPad,,"iPad7,6",IOS,11.4.1,,,en-gb,No,3600,,,Europe,United Kingdom,England,Nottingham,,,(direct),(none),(direct),5923b6e92cddb92053bd283b9bcb6730_1
20180829,1535537822756001,2018-08-29T11:17:02,screen_view,1535537810026001,2018-08-29T11:16:50,,114,88752,5923b6e92cddb92053bd283b9bcb6730,CF72BE0F3C0C46338C1F4580FD621EF6,1533816862477000,2018-08-09T13:14:22,,1220499683,IOS,,PresentationExploreSegmentedViewController,auto,5370564723095293806,,1,5370564723095293805,TrimViewController,28060,4,,,,,,,,,,,1533816862477000,5923b6e92cddb92053bd283b9bcb6730,uk.co.skoda.assistant.ios,1.1.6,,1:571703561616:ios:777087d7f78ec12a,manual_install,tablet,Apple,iPad,,"iPad7,6",IOS,11.4.1,,,en-gb,No,3600,,,Europe,United Kingdom,England,Nottingham,,,(direct),(none),(direct),5923b6e92cddb92053bd283b9bcb6730_1
20180829,1535537822756001,2018-08-29T11:17:02,user_engagement,1535537810025001,2018-08-29T11:16:50,,114,88752,5923b6e92cddb92053bd283b9bcb6730,CF72BE0F3C0C46338C1F4580FD621EF6,1533816862477000,2018-08-09T13:14:22,,1220499683,IOS,,TrimViewController,auto,5370564723095293805,12730,,,,28060,4,,,,,,,,,,,1533816862477000,5923b6e92cddb92053bd283b9bcb6730,uk.co.skoda.assistant.ios,1.1.6,,1:571703561616:ios:777087d7f78ec12a,manual_install,tablet,Apple,iPad,,"iPad7,6",IOS,11.4.1,,,en-gb,No,3600,,,Europe,United Kingdom,England,Nottingham,,,(direct),(none),(direct),5923b6e92cddb92053bd283b9bcb6730_1
20180829,1535537823254002,2018-08-29T11:17:03,screen_view,1535537822756002,2018-08-29T11:17:02,,114,88752,5923b6e92cddb92053bd283b9bcb6730,CF72BE0F3C0C46338C1F4580FD621EF6,1533816862477000,2018-08-09T13:14:22,,1220499683,IOS,,PresentationEditorViewController,auto,5370564723095293807,,1,5370564723095293806,PresentationExploreSegmentedViewController,28060,4,,,,,,,,,,,1533816862477000,5923b6e92cddb92053bd283b9bcb6730,uk.co.skoda.assistant.ios,1.1.6,,1:571703561616:ios:777087d7f78ec12a,manual_install,tablet,Apple,iPad,,"iPad7,6",IOS,11.4.1,,,en-gb,No,3600,,,Europe,United Kingdom,England,Nottingham,,,(direct),(none),(direct),5923b6e92cddb92053bd283b9bcb6730_1
20180829,1535538027333004,2018-08-29T11:20:27,user_engagement,1535537822756004,2018-08-29T11:17:02,,114,88752,5923b6e92cddb92053bd283b9bcb6730,CF72BE0F3C0C46338C1F4580FD621EF6,1533816862477000,2018-08-09T13:14:22,,1220499683,IOS,,PresentationEditorViewController,auto,5370564723095293807,204577,,,,28060,4,,,,,,,,,,,1533816862477000,5923b6e92cddb92053bd283b9bcb6730,uk.co.skoda.assistant.ios,1.1.6,,1:571703561616:ios:777087d7f78ec12a,manual_install,tablet,Apple,iPad,,"iPad7,6",IOS,11.4.1,,,en-gb,No,3600,,,Europe,United Kingdom,England,Nottingham,,,(direct),(none),(direct),5923b6e92cddb92053bd283b9bcb6730_1
20180829,1535553948301000,2018-08-29T15:45:48,user_engagement,1535538027333000,2018-08-29T11:20:27,,115,434477,5923b6e92cddb92053bd283b9bcb6730,CF72BE0F3C0C46338C1F4580FD621EF6,1533816862477000,2018-08-09T13:14:22,,1220499683,IOS,,PresentationEditorViewController,auto,5370564723095293807,1038,,,,28060,4,,,,,,,,,,,1533816862477000,5923b6e92cddb92053bd283b9bcb6730,uk.co.skoda.assistant.ios,1.1.6,,1:571703561616:ios:777087d7f78ec12a,manual_install,tablet,Apple,iPad,,"iPad7,6",IOS,11.4.1,,,en-gb,No,3600,,,Europe,United Kingdom,England,Nottingham,,,(direct),(none),(direct),5923b6e92cddb92053bd283b9bcb6730_1
20180829,1535554433190000,2018-08-29T15:53:53,screen_view,1535537823254000,2018-08-29T11:17:03,,116,91806,5923b6e92cddb92053bd283b9bcb6730,CF72BE0F3C0C46338C1F4580FD621EF6,1533816862477000,2018-08-09T13:14:22,,1220499683,IOS,,SplashViewController,auto,8066943244169021220,,1,,,28060,4,,,,,,,,,,,1533816862477000,5923b6e92cddb92053bd283b9bcb6730,uk.co.skoda.assistant.ios,1.1.6,,1:571703561616:ios:777087d7f78ec12a,manual_install,tablet,Apple,iPad,,"iPad7,6",IOS,11.4.1,,,en-gb,No,3600,,,Europe,United Kingdom,England,Nottingham,,,(direct),(none),(direct),5923b6e92cddb92053bd283b9bcb6730_1
20180829,1535554433317001,2018-08-29T15:53:53,screen_view,1535554433190001,2018-08-29T15:53:53,,116,91806,5923b6e92cddb92053bd283b9bcb6730,CF72BE0F3C0C46338C1F4580FD621EF6,1533816862477000,2018-08-09T13:14:22,,1220499683,IOS,,LoginViewController,auto,8066943244169021221,,1,8066943244169021220,SplashViewController,28060,4,,,,,,,,,,,1533816862477000,5923b6e92cddb92053bd283b9bcb6730,uk.co.skoda.assistant.ios,1.1.6,,1:571703561616:ios:777087d7f78ec12a,manual_install,tablet,Apple,iPad,,"iPad7,6",IOS,11.4.1,,,en-gb,No,3600,,,Europe,United Kingdom,England,Nottingham,,,(direct),(none),(direct),5923b6e92cddb92053bd283b9bcb6730_1
20180829,1535554442420002,2018-08-29T15:54:02,user_engagement,1535553948301002,2018-08-29T15:45:48,,116,91806,5923b6e92cddb92053bd283b9bcb6730,CF72BE0F3C0C46338C1F4580FD621EF6,1533816862477000,2018-08-09T13:14:22,,1220499683,IOS,,LoginViewController,auto,8066943244169021221,9230,,,,28060,4,,,,,,,,,,,1533816862477000,5923b6e92cddb92053bd283b9bcb6730,uk.co.skoda.assistant.ios,1.1.6,,1:571703561616:ios:777087d7f78ec12a,manual_install,tablet,Apple,iPad,,"iPad7,6",IOS,11.4.1,,,en-gb,No,3600,,,Europe,United Kingdom,England,Nottingham,,,(direct),(none),(direct),5923b6e92cddb92053bd283b9bcb6730_1
20180829,1535554446425000,2018-08-29T15:54:06,screen_view,1535554433317000,2018-08-29T15:53:53,,117,105934,5923b6e92cddb92053bd283b9bcb6730,CF72BE0F3C0C46338C1F4580FD621EF6,1533816862477000,2018-08-09T13:14:22,,1220499683,IOS,,SplashViewController,auto,8066943244169021220,,1,8066943244169021221,LoginViewController,28060,4,,,,,,,,,,,1533816862477000,5923b6e92cddb92053bd283b9bcb6730,uk.co.skoda.assistant.ios,1.1.6,,1:571703561616:ios:777087d7f78ec12a,manual_install,tablet,Apple,iPad,,"iPad7,6",IOS,11.4.1,,,en-gb,No,3600,,,Europe,United Kingdom,England,Nottingham,,,(direct),(none),(direct),5923b6e92cddb92053bd283b9bcb6730_1
20180829,1535554446425000,2018-08-29T15:54:06,user_engagement,1535554442420000,2018-08-29T15:54:02,,117,105934,5923b6e92cddb92053bd283b9bcb6730,CF72BE0F3C0C46338C1F4580FD621EF6,1533816862477000,2018-08-09T13:14:22,,1220499683,IOS,,LoginViewController,auto,8066943244169021221,2436,,,,28060,4,,,,,,,,,,,1533816862477000,5923b6e92cddb92053bd283b9bcb6730,uk.co.skoda.assistant.ios,1.1.6,,1:571703561616:ios:777087d7f78ec12a,manual_install,tablet,Apple,iPad,,"iPad7,6",IOS,11.4.1,,,en-gb,No,3600,,,Europe,United Kingdom,England,Nottingham,,,(direct),(none),(direct),5923b6e92cddb92053bd283b9bcb6730_1
