event_date,event_timestamp,event_iso8601,event_name,event_previous_timestamp,event_previous_iso8601,event_value_in_usd,event_bundle_sequence_id,event_server_timestamp_offset,user_id,user_pseudo_id,user_first_touch_timestamp,user_first_touch_iso8601,user_ltv,stream_id,platform,event_dimensions,firebase_screen_class,firebase_event_origin,firebase_screen_id,engagement_time_msec,firebase_conversion,firebase_previous_id,firebase_previous_class,user_retailer,user_area,AnalyticsParameterTerm,button_name,AnalyticsParameterItemID,engine,Compared_vehicle_1,Compared_vehicle_2,update_with_analytics,previous_first_open_count,previous_app_version,Compared_vehicle_3,first_open_time,user_id,id,version,install_store,firebase_app_id,install_source,category,mobile_brand_name,mobile_model_name,mobile_marketing_name,mobile_os_hardware_model,operating_system,operating_system_version,vendor_id,advertising_id,language,is_limited_ad_tracking,time_zone_offset_seconds,browser,browser,continent,country,region,city,sub_continent,metro,name,medium,source,user_session_generated_id
20180829,1535542623336000,2018-08-29T12:37:03,screen_view,1535103733151000,2018-08-24T10:42:13,,13,93400,ca6a908acc5d9b22e1f92b06781b07a9,34DB4AD6741342CD93885057A27A4C90,1533821671647000,2018-08-09T14:34:31,,1220499683,IOS,,LoginViewController,auto,-362460847759049971,,1,-362460847759049972,TrimViewController,28060,4,,,,,,,,,,,1533821671647000,ca6a908acc5d9b22e1f92b06781b07a9,uk.co.skoda.assistant.ios,1.1.6,,1:571703561616:ios:777087d7f78ec12a,manual_install,tablet,Apple,iPad,,"iPad7,5",IOS,11.4.1,,,en-gb,No,3600,,,Europe,United Kingdom,England,Nottingham,,,(direct),(none),(direct),ca6a908acc5d9b22e1f92b06781b07a9_0
20180829,1535542623592001,2018-08-29T12:37:03,screen_view,1535542623336001,2018-08-29T12:37:03,,13,93400,ca6a908acc5d9b22e1f92b06781b07a9,34DB4AD6741342CD93885057A27A4C90,1533821671647000,2018-08-09T14:34:31,,1220499683,IOS,,SplashViewController,auto,-362460847759049982,,1,-362460847759049971,LoginViewController,28060,4,,,,,,,,,,,1533821671647000,ca6a908acc5d9b22e1f92b06781b07a9,uk.co.skoda.assistant.ios,1.1.6,,1:571703561616:ios:777087d7f78ec12a,manual_install,tablet,Apple,iPad,,"iPad7,5",IOS,11.4.1,,,en-gb,No,3600,,,Europe,United Kingdom,England,Nottingham,,,(direct),(none),(direct),ca6a908acc5d9b22e1f92b06781b07a9_0
20180829,1535542633078000,2018-08-29T12:37:13,session_start,1535100697331000,2018-08-24T09:51:37,,14,121152,ca6a908acc5d9b22e1f92b06781b07a9,34DB4AD6741342CD93885057A27A4C90,1533821671647000,2018-08-09T14:34:31,,1220499683,IOS,,SplashViewController,auto,-362460847759049982,,1,,,28060,4,,,,,,,,,,,1533821671647000,ca6a908acc5d9b22e1f92b06781b07a9,uk.co.skoda.assistant.ios,1.1.6,,1:571703561616:ios:777087d7f78ec12a,manual_install,tablet,Apple,iPad,,"iPad7,5",IOS,11.4.1,,,en-gb,No,3600,,,Europe,United Kingdom,England,Nottingham,,,(direct),(none),(direct),ca6a908acc5d9b22e1f92b06781b07a9_0
20180829,1535542698998001,2018-08-29T12:38:18,user_engagement,1535103742255001,2018-08-24T10:42:22,,14,121152,ca6a908acc5d9b22e1f92b06781b07a9,34DB4AD6741342CD93885057A27A4C90,1533821671647000,2018-08-09T14:34:31,,1220499683,IOS,,SplashViewController,auto,-362460847759049982,75921,,,,28060,4,,,,,,,,,,,1533821671647000,ca6a908acc5d9b22e1f92b06781b07a9,uk.co.skoda.assistant.ios,1.1.6,,1:571703561616:ios:777087d7f78ec12a,manual_install,tablet,Apple,iPad,,"iPad7,5",IOS,11.4.1,,,en-gb,No,3600,,,Europe,United Kingdom,England,Nottingham,,,(direct),(none),(direct),ca6a908acc5d9b22e1f92b06781b07a9_0
20180829,1535542698999001,2018-08-29T12:38:18,screen_view,1535542623592001,2018-08-29T12:37:03,,14,121152,ca6a908acc5d9b22e1f92b06781b07a9,34DB4AD6741342CD93885057A27A4C90,1533821671647000,2018-08-09T14:34:31,,1220499683,IOS,,LoginViewController,auto,-362460847759049971,,1,-362460847759049982,SplashViewController,28060,4,,,,,,,,,,,1533821671647000,ca6a908acc5d9b22e1f92b06781b07a9,uk.co.skoda.assistant.ios,1.1.6,,1:571703561616:ios:777087d7f78ec12a,manual_install,tablet,Apple,iPad,,"iPad7,5",IOS,11.4.1,,,en-gb,No,3600,,,Europe,United Kingdom,England,Nottingham,,,(direct),(none),(direct),ca6a908acc5d9b22e1f92b06781b07a9_0
20180829,1535542712663002,2018-08-29T12:38:32,screen_view,1535542698999002,2018-08-29T12:38:18,,14,121152,ca6a908acc5d9b22e1f92b06781b07a9,34DB4AD6741342CD93885057A27A4C90,1533821671647000,2018-08-09T14:34:31,,1220499683,IOS,,SplashViewController,auto,-362460847759049982,,1,-362460847759049971,LoginViewController,28060,4,,,,,,,,,,,1533821671647000,ca6a908acc5d9b22e1f92b06781b07a9,uk.co.skoda.assistant.ios,1.1.6,,1:571703561616:ios:777087d7f78ec12a,manual_install,tablet,Apple,iPad,,"iPad7,5",IOS,11.4.1,,,en-gb,No,3600,,,Europe,United Kingdom,England,Nottingham,,,(direct),(none),(direct),ca6a908acc5d9b22e1f92b06781b07a9_0
20180829,1535542712663003,2018-08-29T12:38:32,user_engagement,1535542698998003,2018-08-29T12:38:18,,14,121152,ca6a908acc5d9b22e1f92b06781b07a9,34DB4AD6741342CD93885057A27A4C90,1533821671647000,2018-08-09T14:34:31,,1220499683,IOS,,LoginViewController,auto,-362460847759049971,13664,,,,28060,4,,,,,,,,,,,1533821671647000,ca6a908acc5d9b22e1f92b06781b07a9,uk.co.skoda.assistant.ios,1.1.6,,1:571703561616:ios:777087d7f78ec12a,manual_install,tablet,Apple,iPad,,"iPad7,5",IOS,11.4.1,,,en-gb,No,3600,,,Europe,United Kingdom,England,Nottingham,,,(direct),(none),(direct),ca6a908acc5d9b22e1f92b06781b07a9_0
20180829,1535542832818005,2018-08-29T12:40:32,user_engagement,1535542712663005,2018-08-29T12:38:32,,14,121152,ca6a908acc5d9b22e1f92b06781b07a9,34DB4AD6741342CD93885057A27A4C90,1533821671647000,2018-08-09T14:34:31,,1220499683,IOS,,SplashViewController,auto,-362460847759049982,120155,,,,28060,4,,,,,,,,,,,1533821671647000,ca6a908acc5d9b22e1f92b06781b07a9,uk.co.skoda.assistant.ios,1.1.6,,1:571703561616:ios:777087d7f78ec12a,manual_install,tablet,Apple,iPad,,"iPad7,5",IOS,11.4.1,,,en-gb,No,3600,,,Europe,United Kingdom,England,Nottingham,,,(direct),(none),(direct),ca6a908acc5d9b22e1f92b06781b07a9_0
20180829,1535542849140000,2018-08-29T12:40:49,screen_view,1535542712663000,2018-08-29T12:38:32,,15,101559,ca6a908acc5d9b22e1f92b06781b07a9,34DB4AD6741342CD93885057A27A4C90,1533821671647000,2018-08-09T14:34:31,,1220499683,IOS,,LoginViewController,auto,-362460847759049970,,1,-362460847759049982,SplashViewController,28060,4,,,,,,,,,,,1533821671647000,ca6a908acc5d9b22e1f92b06781b07a9,uk.co.skoda.assistant.ios,1.1.6,,1:571703561616:ios:777087d7f78ec12a,manual_install,tablet,Apple,iPad,,"iPad7,5",IOS,11.4.1,,,en-gb,No,3600,,,Europe,United Kingdom,England,Nottingham,,,(direct),(none),(direct),ca6a908acc5d9b22e1f92b06781b07a9_0
20180829,1535542957612001,2018-08-29T12:42:37,user_engagement,1535542832818001,2018-08-29T12:40:32,,15,101559,ca6a908acc5d9b22e1f92b06781b07a9,34DB4AD6741342CD93885057A27A4C90,1533821671647000,2018-08-09T14:34:31,,1220499683,IOS,,LoginViewController,auto,-362460847759049970,109071,,,,28060,4,,,,,,,,,,,1533821671647000,ca6a908acc5d9b22e1f92b06781b07a9,uk.co.skoda.assistant.ios,1.1.6,,1:571703561616:ios:777087d7f78ec12a,manual_install,tablet,Apple,iPad,,"iPad7,5",IOS,11.4.1,,,en-gb,No,3600,,,Europe,United Kingdom,England,Nottingham,,,(direct),(none),(direct),ca6a908acc5d9b22e1f92b06781b07a9_0
20180829,1535542957613001,2018-08-29T12:42:37,screen_view,1535542849140001,2018-08-29T12:40:49,,15,101559,ca6a908acc5d9b22e1f92b06781b07a9,34DB4AD6741342CD93885057A27A4C90,1533821671647000,2018-08-09T14:34:31,,1220499683,IOS,,SplashViewController,auto,-362460847759049982,,1,-362460847759049970,LoginViewController,28060,4,,,,,,,,,,,1533821671647000,ca6a908acc5d9b22e1f92b06781b07a9,uk.co.skoda.assistant.ios,1.1.6,,1:571703561616:ios:777087d7f78ec12a,manual_install,tablet,Apple,iPad,,"iPad7,5",IOS,11.4.1,,,en-gb,No,3600,,,Europe,United Kingdom,England,Nottingham,,,(direct),(none),(direct),ca6a908acc5d9b22e1f92b06781b07a9_0
20180829,1535542957644002,2018-08-29T12:42:37,AnalyticsEventLogin,1535101662363002,2018-08-24T10:07:42,,15,101559,ca6a908acc5d9b22e1f92b06781b07a9,34DB4AD6741342CD93885057A27A4C90,1533821671647000,2018-08-09T14:34:31,,1220499683,IOS,,SplashViewController,app,-362460847759049982,,1,,,28060,4,ca6a908acc5d9b22e1f92b06781b07a9,,,,,,,,,,1533821671647000,ca6a908acc5d9b22e1f92b06781b07a9,uk.co.skoda.assistant.ios,1.1.6,,1:571703561616:ios:777087d7f78ec12a,manual_install,tablet,Apple,iPad,,"iPad7,5",IOS,11.4.1,,,en-gb,No,3600,,,Europe,United Kingdom,England,Nottingham,,,(direct),(none),(direct),ca6a908acc5d9b22e1f92b06781b07a9_1
20180829,1535542957778000,2018-08-29T12:42:37,button_press,1535103732372000,2018-08-24T10:42:12,,16,101560,ca6a908acc5d9b22e1f92b06781b07a9,34DB4AD6741342CD93885057A27A4C90,1533821671647000,2018-08-09T14:34:31,,1220499683,IOS,,SplashViewController,app,-362460847759049982,,1,,,28060,4,,globalnav_range,,,,,,,,,1533821671647000,ca6a908acc5d9b22e1f92b06781b07a9,uk.co.skoda.assistant.ios,1.1.6,,1:571703561616:ios:777087d7f78ec12a,manual_install,tablet,Apple,iPad,,"iPad7,5",IOS,11.4.1,,,en-gb,No,3600,,,Europe,United Kingdom,England,Nottingham,,,(direct),(none),(direct),ca6a908acc5d9b22e1f92b06781b07a9_1
20180829,1535542957778001,2018-08-29T12:42:37,button_press,1535542957778001,2018-08-29T12:42:37,,16,101560,ca6a908acc5d9b22e1f92b06781b07a9,34DB4AD6741342CD93885057A27A4C90,1533821671647000,2018-08-09T14:34:31,,1220499683,IOS,,SplashViewController,app,-362460847759049982,,1,,,28060,4,,range,,,,,,,,,1533821671647000,ca6a908acc5d9b22e1f92b06781b07a9,uk.co.skoda.assistant.ios,1.1.6,,1:571703561616:ios:777087d7f78ec12a,manual_install,tablet,Apple,iPad,,"iPad7,5",IOS,11.4.1,,,en-gb,No,3600,,,Europe,United Kingdom,England,Nottingham,,,(direct),(none),(direct),ca6a908acc5d9b22e1f92b06781b07a9_1
20180829,1535542958496002,2018-08-29T12:42:38,screen_view,1535542957613002,2018-08-29T12:42:37,,16,101560,ca6a908acc5d9b22e1f92b06781b07a9,34DB4AD6741342CD93885057A27A4C90,1533821671647000,2018-08-09T14:34:31,,1220499683,IOS,,SkodaContentViewController,auto,-362460847759049969,,1,-362460847759049982,SplashViewController,28060,4,,,,,,,,,,,1533821671647000,ca6a908acc5d9b22e1f92b06781b07a9,uk.co.skoda.assistant.ios,1.1.6,,1:571703561616:ios:777087d7f78ec12a,manual_install,tablet,Apple,iPad,,"iPad7,5",IOS,11.4.1,,,en-gb,No,3600,,,Europe,United Kingdom,England,Nottingham,,,(direct),(none),(direct),ca6a908acc5d9b22e1f92b06781b07a9_1
20180829,1535542958497003,2018-08-29T12:42:38,screen_view,1535542958496003,2018-08-29T12:42:38,,16,101560,ca6a908acc5d9b22e1f92b06781b07a9,34DB4AD6741342CD93885057A27A4C90,1533821671647000,2018-08-09T14:34:31,,1220499683,IOS,,RangeContentViewController,auto,-362460847759049968,,1,-362460847759049969,SkodaContentViewController,28060,4,,,,,,,,,,,1533821671647000,ca6a908acc5d9b22e1f92b06781b07a9,uk.co.skoda.assistant.ios,1.1.6,,1:571703561616:ios:777087d7f78ec12a,manual_install,tablet,Apple,iPad,,"iPad7,5",IOS,11.4.1,,,en-gb,No,3600,,,Europe,United Kingdom,England,Nottingham,,,(direct),(none),(direct),ca6a908acc5d9b22e1f92b06781b07a9_1
20180829,1535543013540004,2018-08-29T12:43:33,button_press,1535542957778004,2018-08-29T12:42:37,,16,101560,ca6a908acc5d9b22e1f92b06781b07a9,34DB4AD6741342CD93885057A27A4C90,1533821671647000,2018-08-09T14:34:31,,1220499683,IOS,,RangeContentViewController,app,-362460847759049968,,1,,,28060,4,SportLine,range_home_trim_select,33,,,,,,,,1533821671647000,ca6a908acc5d9b22e1f92b06781b07a9,uk.co.skoda.assistant.ios,1.1.6,,1:571703561616:ios:777087d7f78ec12a,manual_install,tablet,Apple,iPad,,"iPad7,5",IOS,11.4.1,,,en-gb,No,3600,,,Europe,United Kingdom,England,Nottingham,,,(direct),(none),(direct),ca6a908acc5d9b22e1f92b06781b07a9_1
20180829,1535543014441005,2018-08-29T12:43:34,screen_view,1535542958497005,2018-08-29T12:42:38,,16,101560,ca6a908acc5d9b22e1f92b06781b07a9,34DB4AD6741342CD93885057A27A4C90,1533821671647000,2018-08-09T14:34:31,,1220499683,IOS,,TrimViewController,auto,-362460847759049967,,1,-362460847759049968,RangeContentViewController,28060,4,,,,,,,,,,,1533821671647000,ca6a908acc5d9b22e1f92b06781b07a9,uk.co.skoda.assistant.ios,1.1.6,,1:571703561616:ios:777087d7f78ec12a,manual_install,tablet,Apple,iPad,,"iPad7,5",IOS,11.4.1,,,en-gb,No,3600,,,Europe,United Kingdom,England,Nottingham,,,(direct),(none),(direct),ca6a908acc5d9b22e1f92b06781b07a9_1
20180829,1535543014441005,2018-08-29T12:43:34,user_engagement,1535542957612005,2018-08-29T12:42:37,,16,101560,ca6a908acc5d9b22e1f92b06781b07a9,34DB4AD6741342CD93885057A27A4C90,1533821671647000,2018-08-09T14:34:31,,1220499683,IOS,,RangeContentViewController,auto,-362460847759049968,56828,,,,28060,4,,,,,,,,,,,1533821671647000,ca6a908acc5d9b22e1f92b06781b07a9,uk.co.skoda.assistant.ios,1.1.6,,1:571703561616:ios:777087d7f78ec12a,manual_install,tablet,Apple,iPad,,"iPad7,5",IOS,11.4.1,,,en-gb,No,3600,,,Europe,United Kingdom,England,Nottingham,,,(direct),(none),(direct),ca6a908acc5d9b22e1f92b06781b07a9_1
20180829,1535543019954006,2018-08-29T12:43:39,button_press,1535543013540006,2018-08-29T12:43:33,,16,101560,ca6a908acc5d9b22e1f92b06781b07a9,34DB4AD6741342CD93885057A27A4C90,1533821671647000,2018-08-09T14:34:31,,1220499683,IOS,,TrimViewController,app,-362460847759049967,,1,,,28060,4,,trim_home_view_interior,,,,,,,,,1533821671647000,ca6a908acc5d9b22e1f92b06781b07a9,uk.co.skoda.assistant.ios,1.1.6,,1:571703561616:ios:777087d7f78ec12a,manual_install,tablet,Apple,iPad,,"iPad7,5",IOS,11.4.1,,,en-gb,No,3600,,,Europe,United Kingdom,England,Nottingham,,,(direct),(none),(direct),ca6a908acc5d9b22e1f92b06781b07a9_1
20180829,1535543141894008,2018-08-29T12:45:41,user_engagement,1535543014441008,2018-08-29T12:43:34,,16,101560,ca6a908acc5d9b22e1f92b06781b07a9,34DB4AD6741342CD93885057A27A4C90,1533821671647000,2018-08-09T14:34:31,,1220499683,IOS,,TrimViewController,auto,-362460847759049967,127452,,,,28060,4,,,,,,,,,,,1533821671647000,ca6a908acc5d9b22e1f92b06781b07a9,uk.co.skoda.assistant.ios,1.1.6,,1:571703561616:ios:777087d7f78ec12a,manual_install,tablet,Apple,iPad,,"iPad7,5",IOS,11.4.1,,,en-gb,No,3600,,,Europe,United Kingdom,England,Nottingham,,,(direct),(none),(direct),ca6a908acc5d9b22e1f92b06781b07a9_1
20180829,1535543445346000,2018-08-29T12:50:45,AnalyticsEventViewItem,,,,17,141463,ca6a908acc5d9b22e1f92b06781b07a9,34DB4AD6741342CD93885057A27A4C90,1533821671647000,2018-08-09T14:34:31,,1220499683,IOS,,TrimViewController,app,-362460847759049967,,1,,,28060,4,,,5b2a7447a4cb7794918594,,,,,,,,1533821671647000,ca6a908acc5d9b22e1f92b06781b07a9,uk.co.skoda.assistant.ios,1.1.6,,1:571703561616:ios:777087d7f78ec12a,manual_install,tablet,Apple,iPad,,"iPad7,5",IOS,11.4.1,,,en-gb,No,3600,,,Europe,United Kingdom,England,Nottingham,,,(direct),(none),(direct),ca6a908acc5d9b22e1f92b06781b07a9_1
20180829,1535543445928001,2018-08-29T12:50:45,screen_view,1535543014441001,2018-08-29T12:43:34,,17,141463,ca6a908acc5d9b22e1f92b06781b07a9,34DB4AD6741342CD93885057A27A4C90,1533821671647000,2018-08-09T14:34:31,,1220499683,IOS,,AVPlayerViewController,auto,-362460847759049966,,1,-362460847759049967,TrimViewController,28060,4,,,,,,,,,,,1533821671647000,ca6a908acc5d9b22e1f92b06781b07a9,uk.co.skoda.assistant.ios,1.1.6,,1:571703561616:ios:777087d7f78ec12a,manual_install,tablet,Apple,iPad,,"iPad7,5",IOS,11.4.1,,,en-gb,No,3600,,,Europe,United Kingdom,England,Nottingham,,,(direct),(none),(direct),ca6a908acc5d9b22e1f92b06781b07a9_1
20180829,1535543445928001,2018-08-29T12:50:45,user_engagement,1535543141894001,2018-08-29T12:45:41,,17,141463,ca6a908acc5d9b22e1f92b06781b07a9,34DB4AD6741342CD93885057A27A4C90,1533821671647000,2018-08-09T14:34:31,,1220499683,IOS,,TrimViewController,auto,-362460847759049967,6201,,,,28060,4,,,,,,,,,,,1533821671647000,ca6a908acc5d9b22e1f92b06781b07a9,uk.co.skoda.assistant.ios,1.1.6,,1:571703561616:ios:777087d7f78ec12a,manual_install,tablet,Apple,iPad,,"iPad7,5",IOS,11.4.1,,,en-gb,No,3600,,,Europe,United Kingdom,England,Nottingham,,,(direct),(none),(direct),ca6a908acc5d9b22e1f92b06781b07a9_1
20180829,1535543512809003,2018-08-29T12:51:52,user_engagement,1535543445928003,2018-08-29T12:50:45,,17,141463,ca6a908acc5d9b22e1f92b06781b07a9,34DB4AD6741342CD93885057A27A4C90,1533821671647000,2018-08-09T14:34:31,,1220499683,IOS,,AVPlayerViewController,auto,-362460847759049966,66881,,,,28060,4,,,,,,,,,,,1533821671647000,ca6a908acc5d9b22e1f92b06781b07a9,uk.co.skoda.assistant.ios,1.1.6,,1:571703561616:ios:777087d7f78ec12a,manual_install,tablet,Apple,iPad,,"iPad7,5",IOS,11.4.1,,,en-gb,No,3600,,,Europe,United Kingdom,England,Nottingham,,,(direct),(none),(direct),ca6a908acc5d9b22e1f92b06781b07a9_1
20180829,1535543512810002,2018-08-29T12:51:52,screen_view,1535543445928002,2018-08-29T12:50:45,,17,141463,ca6a908acc5d9b22e1f92b06781b07a9,34DB4AD6741342CD93885057A27A4C90,1533821671647000,2018-08-09T14:34:31,,1220499683,IOS,,SkodaContentViewController,auto,-362460847759049969,,1,-362460847759049966,AVPlayerViewController,28060,4,,,,,,,,,,,1533821671647000,ca6a908acc5d9b22e1f92b06781b07a9,uk.co.skoda.assistant.ios,1.1.6,,1:571703561616:ios:777087d7f78ec12a,manual_install,tablet,Apple,iPad,,"iPad7,5",IOS,11.4.1,,,en-gb,No,3600,,,Europe,United Kingdom,England,Nottingham,,,(direct),(none),(direct),ca6a908acc5d9b22e1f92b06781b07a9_1
20180829,1535543512811003,2018-08-29T12:51:52,screen_view,1535543512810003,2018-08-29T12:51:52,,17,141463,ca6a908acc5d9b22e1f92b06781b07a9,34DB4AD6741342CD93885057A27A4C90,1533821671647000,2018-08-09T14:34:31,,1220499683,IOS,,TrimViewController,auto,-362460847759049967,,1,-362460847759049969,SkodaContentViewController,28060,4,,,,,,,,,,,1533821671647000,ca6a908acc5d9b22e1f92b06781b07a9,uk.co.skoda.assistant.ios,1.1.6,,1:571703561616:ios:777087d7f78ec12a,manual_install,tablet,Apple,iPad,,"iPad7,5",IOS,11.4.1,,,en-gb,No,3600,,,Europe,United Kingdom,England,Nottingham,,,(direct),(none),(direct),ca6a908acc5d9b22e1f92b06781b07a9_1
20180829,1535543515385004,2018-08-29T12:51:55,AnalyticsEventViewItem,1535543445346004,2018-08-29T12:50:45,,17,141463,ca6a908acc5d9b22e1f92b06781b07a9,34DB4AD6741342CD93885057A27A4C90,1533821671647000,2018-08-09T14:34:31,,1220499683,IOS,,TrimViewController,app,-362460847759049967,,1,,,28060,4,,,5b1fe49b4145f950324944,,,,,,,,1533821671647000,ca6a908acc5d9b22e1f92b06781b07a9,uk.co.skoda.assistant.ios,1.1.6,,1:571703561616:ios:777087d7f78ec12a,manual_install,tablet,Apple,iPad,,"iPad7,5",IOS,11.4.1,,,en-gb,No,3600,,,Europe,United Kingdom,England,Nottingham,,,(direct),(none),(direct),ca6a908acc5d9b22e1f92b06781b07a9_1
20180829,1535543515891005,2018-08-29T12:51:55,screen_view,1535543512811005,2018-08-29T12:51:52,,17,141463,ca6a908acc5d9b22e1f92b06781b07a9,34DB4AD6741342CD93885057A27A4C90,1533821671647000,2018-08-09T14:34:31,,1220499683,IOS,,AVPlayerViewController,auto,-362460847759049965,,1,-362460847759049967,TrimViewController,28060,4,,,,,,,,,,,1533821671647000,ca6a908acc5d9b22e1f92b06781b07a9,uk.co.skoda.assistant.ios,1.1.6,,1:571703561616:ios:777087d7f78ec12a,manual_install,tablet,Apple,iPad,,"iPad7,5",IOS,11.4.1,,,en-gb,No,3600,,,Europe,United Kingdom,England,Nottingham,,,(direct),(none),(direct),ca6a908acc5d9b22e1f92b06781b07a9_1
20180829,1535543515891007,2018-08-29T12:51:55,user_engagement,1535543512809007,2018-08-29T12:51:52,,17,141463,ca6a908acc5d9b22e1f92b06781b07a9,34DB4AD6741342CD93885057A27A4C90,1533821671647000,2018-08-09T14:34:31,,1220499683,IOS,,TrimViewController,auto,-362460847759049967,3081,,,,28060,4,,,,,,,,,,,1533821671647000,ca6a908acc5d9b22e1f92b06781b07a9,uk.co.skoda.assistant.ios,1.1.6,,1:571703561616:ios:777087d7f78ec12a,manual_install,tablet,Apple,iPad,,"iPad7,5",IOS,11.4.1,,,en-gb,No,3600,,,Europe,United Kingdom,England,Nottingham,,,(direct),(none),(direct),ca6a908acc5d9b22e1f92b06781b07a9_1
20180829,1535543546135009,2018-08-29T12:52:26,user_engagement,1535543515891009,2018-08-29T12:51:55,,17,141463,ca6a908acc5d9b22e1f92b06781b07a9,34DB4AD6741342CD93885057A27A4C90,1533821671647000,2018-08-09T14:34:31,,1220499683,IOS,,AVPlayerViewController,auto,-362460847759049965,30244,,,,28060,4,,,,,,,,,,,1533821671647000,ca6a908acc5d9b22e1f92b06781b07a9,uk.co.skoda.assistant.ios,1.1.6,,1:571703561616:ios:777087d7f78ec12a,manual_install,tablet,Apple,iPad,,"iPad7,5",IOS,11.4.1,,,en-gb,No,3600,,,Europe,United Kingdom,England,Nottingham,,,(direct),(none),(direct),ca6a908acc5d9b22e1f92b06781b07a9_1
20180829,1535543546136006,2018-08-29T12:52:26,screen_view,1535543515891006,2018-08-29T12:51:55,,17,141463,ca6a908acc5d9b22e1f92b06781b07a9,34DB4AD6741342CD93885057A27A4C90,1533821671647000,2018-08-09T14:34:31,,1220499683,IOS,,SkodaContentViewController,auto,-362460847759049969,,1,-362460847759049965,AVPlayerViewController,28060,4,,,,,,,,,,,1533821671647000,ca6a908acc5d9b22e1f92b06781b07a9,uk.co.skoda.assistant.ios,1.1.6,,1:571703561616:ios:777087d7f78ec12a,manual_install,tablet,Apple,iPad,,"iPad7,5",IOS,11.4.1,,,en-gb,No,3600,,,Europe,United Kingdom,England,Nottingham,,,(direct),(none),(direct),ca6a908acc5d9b22e1f92b06781b07a9_1
20180829,1535543546137007,2018-08-29T12:52:26,screen_view,1535543546136007,2018-08-29T12:52:26,,17,141463,ca6a908acc5d9b22e1f92b06781b07a9,34DB4AD6741342CD93885057A27A4C90,1533821671647000,2018-08-09T14:34:31,,1220499683,IOS,,TrimViewController,auto,-362460847759049967,,1,-362460847759049969,SkodaContentViewController,28060,4,,,,,,,,,,,1533821671647000,ca6a908acc5d9b22e1f92b06781b07a9,uk.co.skoda.assistant.ios,1.1.6,,1:571703561616:ios:777087d7f78ec12a,manual_install,tablet,Apple,iPad,,"iPad7,5",IOS,11.4.1,,,en-gb,No,3600,,,Europe,United Kingdom,England,Nottingham,,,(direct),(none),(direct),ca6a908acc5d9b22e1f92b06781b07a9_1
20180829,1535543547345008,2018-08-29T12:52:27,AnalyticsEventViewItem,1535543515385008,2018-08-29T12:51:55,,17,141463,ca6a908acc5d9b22e1f92b06781b07a9,34DB4AD6741342CD93885057A27A4C90,1533821671647000,2018-08-09T14:34:31,,1220499683,IOS,,TrimViewController,app,-362460847759049967,,1,,,28060,4,,,5b1fe5aa096cb238280002,,,,,,,,1533821671647000,ca6a908acc5d9b22e1f92b06781b07a9,uk.co.skoda.assistant.ios,1.1.6,,1:571703561616:ios:777087d7f78ec12a,manual_install,tablet,Apple,iPad,,"iPad7,5",IOS,11.4.1,,,en-gb,No,3600,,,Europe,United Kingdom,England,Nottingham,,,(direct),(none),(direct),ca6a908acc5d9b22e1f92b06781b07a9_1
20180829,1535543547854009,2018-08-29T12:52:27,screen_view,1535543546137009,2018-08-29T12:52:26,,17,141463,ca6a908acc5d9b22e1f92b06781b07a9,34DB4AD6741342CD93885057A27A4C90,1533821671647000,2018-08-09T14:34:31,,1220499683,IOS,,AVPlayerViewController,auto,-362460847759049964,,1,-362460847759049967,TrimViewController,28060,4,,,,,,,,,,,1533821671647000,ca6a908acc5d9b22e1f92b06781b07a9,uk.co.skoda.assistant.ios,1.1.6,,1:571703561616:ios:777087d7f78ec12a,manual_install,tablet,Apple,iPad,,"iPad7,5",IOS,11.4.1,,,en-gb,No,3600,,,Europe,United Kingdom,England,Nottingham,,,(direct),(none),(direct),ca6a908acc5d9b22e1f92b06781b07a9_1
20180829,1535543547854013,2018-08-29T12:52:27,user_engagement,1535543546135013,2018-08-29T12:52:26,,17,141463,ca6a908acc5d9b22e1f92b06781b07a9,34DB4AD6741342CD93885057A27A4C90,1533821671647000,2018-08-09T14:34:31,,1220499683,IOS,,TrimViewController,auto,-362460847759049967,1718,,,,28060,4,,,,,,,,,,,1533821671647000,ca6a908acc5d9b22e1f92b06781b07a9,uk.co.skoda.assistant.ios,1.1.6,,1:571703561616:ios:777087d7f78ec12a,manual_install,tablet,Apple,iPad,,"iPad7,5",IOS,11.4.1,,,en-gb,No,3600,,,Europe,United Kingdom,England,Nottingham,,,(direct),(none),(direct),ca6a908acc5d9b22e1f92b06781b07a9_1
20180829,1535543551041010,2018-08-29T12:52:31,screen_view,1535543547854010,2018-08-29T12:52:27,,17,141463,ca6a908acc5d9b22e1f92b06781b07a9,34DB4AD6741342CD93885057A27A4C90,1533821671647000,2018-08-09T14:34:31,,1220499683,IOS,,SkodaContentViewController,auto,-362460847759049969,,1,-362460847759049964,AVPlayerViewController,28060,4,,,,,,,,,,,1533821671647000,ca6a908acc5d9b22e1f92b06781b07a9,uk.co.skoda.assistant.ios,1.1.6,,1:571703561616:ios:777087d7f78ec12a,manual_install,tablet,Apple,iPad,,"iPad7,5",IOS,11.4.1,,,en-gb,No,3600,,,Europe,United Kingdom,England,Nottingham,,,(direct),(none),(direct),ca6a908acc5d9b22e1f92b06781b07a9_1
20180829,1535543551041015,2018-08-29T12:52:31,user_engagement,1535543547854015,2018-08-29T12:52:27,,17,141463,ca6a908acc5d9b22e1f92b06781b07a9,34DB4AD6741342CD93885057A27A4C90,1533821671647000,2018-08-09T14:34:31,,1220499683,IOS,,AVPlayerViewController,auto,-362460847759049964,3186,,,,28060,4,,,,,,,,,,,1533821671647000,ca6a908acc5d9b22e1f92b06781b07a9,uk.co.skoda.assistant.ios,1.1.6,,1:571703561616:ios:777087d7f78ec12a,manual_install,tablet,Apple,iPad,,"iPad7,5",IOS,11.4.1,,,en-gb,No,3600,,,Europe,United Kingdom,England,Nottingham,,,(direct),(none),(direct),ca6a908acc5d9b22e1f92b06781b07a9_1
20180829,1535543551043011,2018-08-29T12:52:31,screen_view,1535543551041011,2018-08-29T12:52:31,,17,141463,ca6a908acc5d9b22e1f92b06781b07a9,34DB4AD6741342CD93885057A27A4C90,1533821671647000,2018-08-09T14:34:31,,1220499683,IOS,,TrimViewController,auto,-362460847759049967,,1,-362460847759049969,SkodaContentViewController,28060,4,,,,,,,,,,,1533821671647000,ca6a908acc5d9b22e1f92b06781b07a9,uk.co.skoda.assistant.ios,1.1.6,,1:571703561616:ios:777087d7f78ec12a,manual_install,tablet,Apple,iPad,,"iPad7,5",IOS,11.4.1,,,en-gb,No,3600,,,Europe,United Kingdom,England,Nottingham,,,(direct),(none),(direct),ca6a908acc5d9b22e1f92b06781b07a9_1
20180829,1535543560939012,2018-08-29T12:52:40,AnalyticsEventViewItem,1535543547345012,2018-08-29T12:52:27,,17,141463,ca6a908acc5d9b22e1f92b06781b07a9,34DB4AD6741342CD93885057A27A4C90,1533821671647000,2018-08-09T14:34:31,,1220499683,IOS,,TrimViewController,app,-362460847759049967,,1,,,28060,4,,,5b20f58e70be6954119401,,,,,,,,1533821671647000,ca6a908acc5d9b22e1f92b06781b07a9,uk.co.skoda.assistant.ios,1.1.6,,1:571703561616:ios:777087d7f78ec12a,manual_install,tablet,Apple,iPad,,"iPad7,5",IOS,11.4.1,,,en-gb,No,3600,,,Europe,United Kingdom,England,Nottingham,,,(direct),(none),(direct),ca6a908acc5d9b22e1f92b06781b07a9_1
20180829,1535543561449013,2018-08-29T12:52:41,screen_view,1535543551043013,2018-08-29T12:52:31,,17,141463,ca6a908acc5d9b22e1f92b06781b07a9,34DB4AD6741342CD93885057A27A4C90,1533821671647000,2018-08-09T14:34:31,,1220499683,IOS,,AVPlayerViewController,auto,-362460847759049963,,1,-362460847759049967,TrimViewController,28060,4,,,,,,,,,,,1533821671647000,ca6a908acc5d9b22e1f92b06781b07a9,uk.co.skoda.assistant.ios,1.1.6,,1:571703561616:ios:777087d7f78ec12a,manual_install,tablet,Apple,iPad,,"iPad7,5",IOS,11.4.1,,,en-gb,No,3600,,,Europe,United Kingdom,England,Nottingham,,,(direct),(none),(direct),ca6a908acc5d9b22e1f92b06781b07a9_1
20180829,1535543561449019,2018-08-29T12:52:41,user_engagement,1535543551041019,2018-08-29T12:52:31,,17,141463,ca6a908acc5d9b22e1f92b06781b07a9,34DB4AD6741342CD93885057A27A4C90,1533821671647000,2018-08-09T14:34:31,,1220499683,IOS,,TrimViewController,auto,-362460847759049967,10407,,,,28060,4,,,,,,,,,,,1533821671647000,ca6a908acc5d9b22e1f92b06781b07a9,uk.co.skoda.assistant.ios,1.1.6,,1:571703561616:ios:777087d7f78ec12a,manual_install,tablet,Apple,iPad,,"iPad7,5",IOS,11.4.1,,,en-gb,No,3600,,,Europe,United Kingdom,England,Nottingham,,,(direct),(none),(direct),ca6a908acc5d9b22e1f92b06781b07a9_1
20180829,1535543665606021,2018-08-29T12:54:25,user_engagement,1535543561449021,2018-08-29T12:52:41,,17,141463,ca6a908acc5d9b22e1f92b06781b07a9,34DB4AD6741342CD93885057A27A4C90,1533821671647000,2018-08-09T14:34:31,,1220499683,IOS,,AVPlayerViewController,auto,-362460847759049963,104157,,,,28060,4,,,,,,,,,,,1533821671647000,ca6a908acc5d9b22e1f92b06781b07a9,uk.co.skoda.assistant.ios,1.1.6,,1:571703561616:ios:777087d7f78ec12a,manual_install,tablet,Apple,iPad,,"iPad7,5",IOS,11.4.1,,,en-gb,No,3600,,,Europe,United Kingdom,England,Nottingham,,,(direct),(none),(direct),ca6a908acc5d9b22e1f92b06781b07a9_1
20180829,1535543665607014,2018-08-29T12:54:25,screen_view,1535543561449014,2018-08-29T12:52:41,,17,141463,ca6a908acc5d9b22e1f92b06781b07a9,34DB4AD6741342CD93885057A27A4C90,1533821671647000,2018-08-09T14:34:31,,1220499683,IOS,,SkodaContentViewController,auto,-362460847759049969,,1,-362460847759049963,AVPlayerViewController,28060,4,,,,,,,,,,,1533821671647000,ca6a908acc5d9b22e1f92b06781b07a9,uk.co.skoda.assistant.ios,1.1.6,,1:571703561616:ios:777087d7f78ec12a,manual_install,tablet,Apple,iPad,,"iPad7,5",IOS,11.4.1,,,en-gb,No,3600,,,Europe,United Kingdom,England,Nottingham,,,(direct),(none),(direct),ca6a908acc5d9b22e1f92b06781b07a9_1
20180829,1535543665608015,2018-08-29T12:54:25,screen_view,1535543665607015,2018-08-29T12:54:25,,17,141463,ca6a908acc5d9b22e1f92b06781b07a9,34DB4AD6741342CD93885057A27A4C90,1533821671647000,2018-08-09T14:34:31,,1220499683,IOS,,TrimViewController,auto,-362460847759049967,,1,-362460847759049969,SkodaContentViewController,28060,4,,,,,,,,,,,1533821671647000,ca6a908acc5d9b22e1f92b06781b07a9,uk.co.skoda.assistant.ios,1.1.6,,1:571703561616:ios:777087d7f78ec12a,manual_install,tablet,Apple,iPad,,"iPad7,5",IOS,11.4.1,,,en-gb,No,3600,,,Europe,United Kingdom,England,Nottingham,,,(direct),(none),(direct),ca6a908acc5d9b22e1f92b06781b07a9_1
20180829,1535543675167016,2018-08-29T12:54:35,button_press,1535543019954016,2018-08-29T12:43:39,,17,141463,ca6a908acc5d9b22e1f92b06781b07a9,34DB4AD6741342CD93885057A27A4C90,1533821671647000,2018-08-09T14:34:31,,1220499683,IOS,,TrimViewController,app,-362460847759049967,,1,,,28060,4,,globalnav_range,,,,,,,,,1533821671647000,ca6a908acc5d9b22e1f92b06781b07a9,uk.co.skoda.assistant.ios,1.1.6,,1:571703561616:ios:777087d7f78ec12a,manual_install,tablet,Apple,iPad,,"iPad7,5",IOS,11.4.1,,,en-gb,No,3600,,,Europe,United Kingdom,England,Nottingham,,,(direct),(none),(direct),ca6a908acc5d9b22e1f92b06781b07a9_1
20180829,1535543675793025,2018-08-29T12:54:35,user_engagement,1535543665606025,2018-08-29T12:54:25,,17,141463,ca6a908acc5d9b22e1f92b06781b07a9,34DB4AD6741342CD93885057A27A4C90,1533821671647000,2018-08-09T14:34:31,,1220499683,IOS,,TrimViewController,auto,-362460847759049967,10186,,,,28060,4,,,,,,,,,,,1533821671647000,ca6a908acc5d9b22e1f92b06781b07a9,uk.co.skoda.assistant.ios,1.1.6,,1:571703561616:ios:777087d7f78ec12a,manual_install,tablet,Apple,iPad,,"iPad7,5",IOS,11.4.1,,,en-gb,No,3600,,,Europe,United Kingdom,England,Nottingham,,,(direct),(none),(direct),ca6a908acc5d9b22e1f92b06781b07a9_1
20180829,1535543675794017,2018-08-29T12:54:35,screen_view,1535543665608017,2018-08-29T12:54:25,,17,141463,ca6a908acc5d9b22e1f92b06781b07a9,34DB4AD6741342CD93885057A27A4C90,1533821671647000,2018-08-09T14:34:31,,1220499683,IOS,,RangeContentViewController,auto,-362460847759049968,,1,-362460847759049967,TrimViewController,28060,4,,,,,,,,,,,1533821671647000,ca6a908acc5d9b22e1f92b06781b07a9,uk.co.skoda.assistant.ios,1.1.6,,1:571703561616:ios:777087d7f78ec12a,manual_install,tablet,Apple,iPad,,"iPad7,5",IOS,11.4.1,,,en-gb,No,3600,,,Europe,United Kingdom,England,Nottingham,,,(direct),(none),(direct),ca6a908acc5d9b22e1f92b06781b07a9_1
20180829,1535543679476018,2018-08-29T12:54:39,button_press,1535543675167018,2018-08-29T12:54:35,,17,141463,ca6a908acc5d9b22e1f92b06781b07a9,34DB4AD6741342CD93885057A27A4C90,1533821671647000,2018-08-09T14:34:31,,1220499683,IOS,,RangeContentViewController,app,-362460847759049968,,1,,,28060,4,,globalnav_range,,,,,,,,,1533821671647000,ca6a908acc5d9b22e1f92b06781b07a9,uk.co.skoda.assistant.ios,1.1.6,,1:571703561616:ios:777087d7f78ec12a,manual_install,tablet,Apple,iPad,,"iPad7,5",IOS,11.4.1,,,en-gb,No,3600,,,Europe,United Kingdom,England,Nottingham,,,(direct),(none),(direct),ca6a908acc5d9b22e1f92b06781b07a9_1
20180829,1535543712463019,2018-08-29T12:55:12,button_press,1535543679476019,2018-08-29T12:54:39,,17,141463,ca6a908acc5d9b22e1f92b06781b07a9,34DB4AD6741342CD93885057A27A4C90,1533821671647000,2018-08-09T14:34:31,,1220499683,IOS,,RangeContentViewController,app,-362460847759049968,,1,,,28060,4,Edition,range_home_trim_select,74,,,,,,,,1533821671647000,ca6a908acc5d9b22e1f92b06781b07a9,uk.co.skoda.assistant.ios,1.1.6,,1:571703561616:ios:777087d7f78ec12a,manual_install,tablet,Apple,iPad,,"iPad7,5",IOS,11.4.1,,,en-gb,No,3600,,,Europe,United Kingdom,England,Nottingham,,,(direct),(none),(direct),ca6a908acc5d9b22e1f92b06781b07a9_1
20180829,1535543713375029,2018-08-29T12:55:13,user_engagement,1535543675793029,2018-08-29T12:54:35,,17,141463,ca6a908acc5d9b22e1f92b06781b07a9,34DB4AD6741342CD93885057A27A4C90,1533821671647000,2018-08-09T14:34:31,,1220499683,IOS,,RangeContentViewController,auto,-362460847759049968,37581,,,,28060,4,,,,,,,,,,,1533821671647000,ca6a908acc5d9b22e1f92b06781b07a9,uk.co.skoda.assistant.ios,1.1.6,,1:571703561616:ios:777087d7f78ec12a,manual_install,tablet,Apple,iPad,,"iPad7,5",IOS,11.4.1,,,en-gb,No,3600,,,Europe,United Kingdom,England,Nottingham,,,(direct),(none),(direct),ca6a908acc5d9b22e1f92b06781b07a9_1
20180829,1535543713376020,2018-08-29T12:55:13,screen_view,1535543675794020,2018-08-29T12:54:35,,17,141463,ca6a908acc5d9b22e1f92b06781b07a9,34DB4AD6741342CD93885057A27A4C90,1533821671647000,2018-08-09T14:34:31,,1220499683,IOS,,TrimViewController,auto,-362460847759049962,,1,-362460847759049968,RangeContentViewController,28060,4,,,,,,,,,,,1533821671647000,ca6a908acc5d9b22e1f92b06781b07a9,uk.co.skoda.assistant.ios,1.1.6,,1:571703561616:ios:777087d7f78ec12a,manual_install,tablet,Apple,iPad,,"iPad7,5",IOS,11.4.1,,,en-gb,No,3600,,,Europe,United Kingdom,England,Nottingham,,,(direct),(none),(direct),ca6a908acc5d9b22e1f92b06781b07a9_1
20180829,1535543735782021,2018-08-29T12:55:35,button_press,1535543712463021,2018-08-29T12:55:12,,17,141463,ca6a908acc5d9b22e1f92b06781b07a9,34DB4AD6741342CD93885057A27A4C90,1533821671647000,2018-08-09T14:34:31,,1220499683,IOS,,TrimViewController,app,-362460847759049962,,1,,,28060,4,2.0 TDI 190PS 4x4 DSG SCR,trim_home_engine_select,,5834,,,,,,,1533821671647000,ca6a908acc5d9b22e1f92b06781b07a9,uk.co.skoda.assistant.ios,1.1.6,,1:571703561616:ios:777087d7f78ec12a,manual_install,tablet,Apple,iPad,,"iPad7,5",IOS,11.4.1,,,en-gb,No,3600,,,Europe,United Kingdom,England,Nottingham,,,(direct),(none),(direct),ca6a908acc5d9b22e1f92b06781b07a9_1
20180829,1535543740014022,2018-08-29T12:55:40,button_press,1535543735782022,2018-08-29T12:55:35,,17,141463,ca6a908acc5d9b22e1f92b06781b07a9,34DB4AD6741342CD93885057A27A4C90,1533821671647000,2018-08-09T14:34:31,,1220499683,IOS,,TrimViewController,app,-362460847759049962,,1,,,28060,4,2.0 TDI 190PS 4x4 DSG SCR,trim_home_engine_select,,5834,,,,,,,1533821671647000,ca6a908acc5d9b22e1f92b06781b07a9,uk.co.skoda.assistant.ios,1.1.6,,1:571703561616:ios:777087d7f78ec12a,manual_install,tablet,Apple,iPad,,"iPad7,5",IOS,11.4.1,,,en-gb,No,3600,,,Europe,United Kingdom,England,Nottingham,,,(direct),(none),(direct),ca6a908acc5d9b22e1f92b06781b07a9_1
20180829,1535543741288023,2018-08-29T12:55:41,button_press,1535543740014023,2018-08-29T12:55:40,,17,141463,ca6a908acc5d9b22e1f92b06781b07a9,34DB4AD6741342CD93885057A27A4C90,1533821671647000,2018-08-09T14:34:31,,1220499683,IOS,,TrimViewController,app,-362460847759049962,,1,,,28060,4,2.0 TDI 190PS 4x4 DSG SCR,trim_home_view_full_details,5834,,,,,,,,1533821671647000,ca6a908acc5d9b22e1f92b06781b07a9,uk.co.skoda.assistant.ios,1.1.6,,1:571703561616:ios:777087d7f78ec12a,manual_install,tablet,Apple,iPad,,"iPad7,5",IOS,11.4.1,,,en-gb,No,3600,,,Europe,United Kingdom,England,Nottingham,,,(direct),(none),(direct),ca6a908acc5d9b22e1f92b06781b07a9_1
20180829,1535543741968024,2018-08-29T12:55:41,screen_view,1535543713376024,2018-08-29T12:55:13,,17,141463,ca6a908acc5d9b22e1f92b06781b07a9,34DB4AD6741342CD93885057A27A4C90,1533821671647000,2018-08-09T14:34:31,,1220499683,IOS,,EngineDetailsViewController,auto,-362460847759049961,,1,-362460847759049962,TrimViewController,28060,4,,,,,,,,,,,1533821671647000,ca6a908acc5d9b22e1f92b06781b07a9,uk.co.skoda.assistant.ios,1.1.6,,1:571703561616:ios:777087d7f78ec12a,manual_install,tablet,Apple,iPad,,"iPad7,5",IOS,11.4.1,,,en-gb,No,3600,,,Europe,United Kingdom,England,Nottingham,,,(direct),(none),(direct),ca6a908acc5d9b22e1f92b06781b07a9_1
20180829,1535543741968034,2018-08-29T12:55:41,user_engagement,1535543713375034,2018-08-29T12:55:13,,17,141463,ca6a908acc5d9b22e1f92b06781b07a9,34DB4AD6741342CD93885057A27A4C90,1533821671647000,2018-08-09T14:34:31,,1220499683,IOS,,TrimViewController,auto,-362460847759049962,28592,,,,28060,4,,,,,,,,,,,1533821671647000,ca6a908acc5d9b22e1f92b06781b07a9,uk.co.skoda.assistant.ios,1.1.6,,1:571703561616:ios:777087d7f78ec12a,manual_install,tablet,Apple,iPad,,"iPad7,5",IOS,11.4.1,,,en-gb,No,3600,,,Europe,United Kingdom,England,Nottingham,,,(direct),(none),(direct),ca6a908acc5d9b22e1f92b06781b07a9_1
20180829,1535543747311025,2018-08-29T12:55:47,screen_view,1535543741968025,2018-08-29T12:55:41,,17,141463,ca6a908acc5d9b22e1f92b06781b07a9,34DB4AD6741342CD93885057A27A4C90,1533821671647000,2018-08-09T14:34:31,,1220499683,IOS,,SkodaContentViewController,auto,-362460847759049969,,1,-362460847759049961,EngineDetailsViewController,28060,4,,,,,,,,,,,1533821671647000,ca6a908acc5d9b22e1f92b06781b07a9,uk.co.skoda.assistant.ios,1.1.6,,1:571703561616:ios:777087d7f78ec12a,manual_install,tablet,Apple,iPad,,"iPad7,5",IOS,11.4.1,,,en-gb,No,3600,,,Europe,United Kingdom,England,Nottingham,,,(direct),(none),(direct),ca6a908acc5d9b22e1f92b06781b07a9_1
20180829,1535543747311036,2018-08-29T12:55:47,user_engagement,1535543741968036,2018-08-29T12:55:41,,17,141463,ca6a908acc5d9b22e1f92b06781b07a9,34DB4AD6741342CD93885057A27A4C90,1533821671647000,2018-08-09T14:34:31,,1220499683,IOS,,EngineDetailsViewController,auto,-362460847759049961,5342,,,,28060,4,,,,,,,,,,,1533821671647000,ca6a908acc5d9b22e1f92b06781b07a9,uk.co.skoda.assistant.ios,1.1.6,,1:571703561616:ios:777087d7f78ec12a,manual_install,tablet,Apple,iPad,,"iPad7,5",IOS,11.4.1,,,en-gb,No,3600,,,Europe,United Kingdom,England,Nottingham,,,(direct),(none),(direct),ca6a908acc5d9b22e1f92b06781b07a9_1
20180829,1535543747313026,2018-08-29T12:55:47,screen_view,1535543747311026,2018-08-29T12:55:47,,17,141463,ca6a908acc5d9b22e1f92b06781b07a9,34DB4AD6741342CD93885057A27A4C90,1533821671647000,2018-08-09T14:34:31,,1220499683,IOS,,TrimViewController,auto,-362460847759049962,,1,-362460847759049969,SkodaContentViewController,28060,4,,,,,,,,,,,1533821671647000,ca6a908acc5d9b22e1f92b06781b07a9,uk.co.skoda.assistant.ios,1.1.6,,1:571703561616:ios:777087d7f78ec12a,manual_install,tablet,Apple,iPad,,"iPad7,5",IOS,11.4.1,,,en-gb,No,3600,,,Europe,United Kingdom,England,Nottingham,,,(direct),(none),(direct),ca6a908acc5d9b22e1f92b06781b07a9_1
20180829,1535543867040039,2018-08-29T12:57:47,user_engagement,1535543747311039,2018-08-29T12:55:47,,17,141463,ca6a908acc5d9b22e1f92b06781b07a9,34DB4AD6741342CD93885057A27A4C90,1533821671647000,2018-08-09T14:34:31,,1220499683,IOS,,TrimViewController,auto,-362460847759049962,119729,,,,28060,4,,,,,,,,,,,1533821671647000,ca6a908acc5d9b22e1f92b06781b07a9,uk.co.skoda.assistant.ios,1.1.6,,1:571703561616:ios:777087d7f78ec12a,manual_install,tablet,Apple,iPad,,"iPad7,5",IOS,11.4.1,,,en-gb,No,3600,,,Europe,United Kingdom,England,Nottingham,,,(direct),(none),(direct),ca6a908acc5d9b22e1f92b06781b07a9_1
