event_date,event_timestamp,event_iso8601,event_name,event_previous_timestamp,event_previous_iso8601,event_value_in_usd,event_bundle_sequence_id,event_server_timestamp_offset,user_id,user_pseudo_id,user_first_touch_timestamp,user_first_touch_iso8601,user_ltv,stream_id,platform,event_dimensions,firebase_screen_class,firebase_event_origin,firebase_screen_id,engagement_time_msec,firebase_conversion,firebase_previous_id,firebase_previous_class,user_retailer,user_area,AnalyticsParameterTerm,button_name,AnalyticsParameterItemID,engine,Compared_vehicle_1,Compared_vehicle_2,update_with_analytics,previous_first_open_count,previous_app_version,Compared_vehicle_3,first_open_time,user_id,id,version,install_store,firebase_app_id,install_source,category,mobile_brand_name,mobile_model_name,mobile_marketing_name,mobile_os_hardware_model,operating_system,operating_system_version,vendor_id,advertising_id,language,is_limited_ad_tracking,time_zone_offset_seconds,browser,browser,continent,country,region,city,sub_continent,metro,name,medium,source,user_session_generated_id
20180829,1535543072201003,2018-08-29T12:44:32,AnalyticsEventLogin,1535104239183003,2018-08-24T10:50:39,,31,1403766,c0795c1b0be2d3efe8c6cc158277dc44,F7993CD81B8D4DFEB0424CF94D2EA130,1534952797272000,2018-08-22T16:46:37,,1220499683,IOS,,SplashViewController,app,-5426362898991794806,,1,,,22013,3,c0795c1b0be2d3efe8c6cc158277dc44,,,,,,,,,,1534952797272000,c0795c1b0be2d3efe8c6cc158277dc44,uk.co.skoda.assistant.ios,1.1.6,,1:571703561616:ios:777087d7f78ec12a,manual_install,tablet,Apple,iPad,,"iPad7,5",IOS,11.4.1,,,en-gb,No,3600,,,Europe,United Kingdom,England,London,,,(direct),(none),(direct),c0795c1b0be2d3efe8c6cc158277dc44_1
20180829,1535543072399000,2018-08-29T12:44:32,button_press,1535134408671000,2018-08-24T19:13:28,,32,1403767,c0795c1b0be2d3efe8c6cc158277dc44,F7993CD81B8D4DFEB0424CF94D2EA130,1534952797272000,2018-08-22T16:46:37,,1220499683,IOS,,SplashViewController,app,-5426362898991794806,,1,,,22013,3,,globalnav_range,,,,,,,,,1534952797272000,c0795c1b0be2d3efe8c6cc158277dc44,uk.co.skoda.assistant.ios,1.1.6,,1:571703561616:ios:777087d7f78ec12a,manual_install,tablet,Apple,iPad,,"iPad7,5",IOS,11.4.1,,,en-gb,No,3600,,,Europe,United Kingdom,England,London,,,(direct),(none),(direct),c0795c1b0be2d3efe8c6cc158277dc44_1
20180829,1535543072400001,2018-08-29T12:44:32,button_press,1535543072399001,2018-08-29T12:44:32,,32,1403767,c0795c1b0be2d3efe8c6cc158277dc44,F7993CD81B8D4DFEB0424CF94D2EA130,1534952797272000,2018-08-22T16:46:37,,1220499683,IOS,,SplashViewController,app,-5426362898991794806,,1,,,22013,3,,range,,,,,,,,,1534952797272000,c0795c1b0be2d3efe8c6cc158277dc44,uk.co.skoda.assistant.ios,1.1.6,,1:571703561616:ios:777087d7f78ec12a,manual_install,tablet,Apple,iPad,,"iPad7,5",IOS,11.4.1,,,en-gb,No,3600,,,Europe,United Kingdom,England,London,,,(direct),(none),(direct),c0795c1b0be2d3efe8c6cc158277dc44_1
20180829,1535543073183002,2018-08-29T12:44:33,screen_view,1535543072175002,2018-08-29T12:44:32,,32,1403767,c0795c1b0be2d3efe8c6cc158277dc44,F7993CD81B8D4DFEB0424CF94D2EA130,1534952797272000,2018-08-22T16:46:37,,1220499683,IOS,,SkodaContentViewController,auto,-5426362898991794731,,1,-5426362898991794806,SplashViewController,22013,3,,,,,,,,,,,1534952797272000,c0795c1b0be2d3efe8c6cc158277dc44,uk.co.skoda.assistant.ios,1.1.6,,1:571703561616:ios:777087d7f78ec12a,manual_install,tablet,Apple,iPad,,"iPad7,5",IOS,11.4.1,,,en-gb,No,3600,,,Europe,United Kingdom,England,London,,,(direct),(none),(direct),c0795c1b0be2d3efe8c6cc158277dc44_1
20180829,1535543073183002,2018-08-29T12:44:33,user_engagement,1535543072174002,2018-08-29T12:44:32,,32,1403767,c0795c1b0be2d3efe8c6cc158277dc44,F7993CD81B8D4DFEB0424CF94D2EA130,1534952797272000,2018-08-22T16:46:37,,1220499683,IOS,,SplashViewController,auto,-5426362898991794806,1008,,,,22013,3,,,,,,,,,,,1534952797272000,c0795c1b0be2d3efe8c6cc158277dc44,uk.co.skoda.assistant.ios,1.1.6,,1:571703561616:ios:777087d7f78ec12a,manual_install,tablet,Apple,iPad,,"iPad7,5",IOS,11.4.1,,,en-gb,No,3600,,,Europe,United Kingdom,England,London,,,(direct),(none),(direct),c0795c1b0be2d3efe8c6cc158277dc44_1
20180829,1535543073184003,2018-08-29T12:44:33,screen_view,1535543073183003,2018-08-29T12:44:33,,32,1403767,c0795c1b0be2d3efe8c6cc158277dc44,F7993CD81B8D4DFEB0424CF94D2EA130,1534952797272000,2018-08-22T16:46:37,,1220499683,IOS,,RangeContentViewController,auto,-5426362898991794730,,1,-5426362898991794731,SkodaContentViewController,22013,3,,,,,,,,,,,1534952797272000,c0795c1b0be2d3efe8c6cc158277dc44,uk.co.skoda.assistant.ios,1.1.6,,1:571703561616:ios:777087d7f78ec12a,manual_install,tablet,Apple,iPad,,"iPad7,5",IOS,11.4.1,,,en-gb,No,3600,,,Europe,United Kingdom,England,London,,,(direct),(none),(direct),c0795c1b0be2d3efe8c6cc158277dc44_1
20180829,1535543193640004,2018-08-29T12:46:33,button_press,1535543072400004,2018-08-29T12:44:32,,32,1403767,c0795c1b0be2d3efe8c6cc158277dc44,F7993CD81B8D4DFEB0424CF94D2EA130,1534952797272000,2018-08-22T16:46:37,,1220499683,IOS,,RangeContentViewController,app,-5426362898991794730,,1,,,22013,3,,globalnav_range,,,,,,,,,1534952797272000,c0795c1b0be2d3efe8c6cc158277dc44,uk.co.skoda.assistant.ios,1.1.6,,1:571703561616:ios:777087d7f78ec12a,manual_install,tablet,Apple,iPad,,"iPad7,5",IOS,11.4.1,,,en-gb,No,3600,,,Europe,United Kingdom,England,London,,,(direct),(none),(direct),c0795c1b0be2d3efe8c6cc158277dc44_1
20180829,1535543197918005,2018-08-29T12:46:37,button_press,1535543193640005,2018-08-29T12:46:33,,32,1403767,c0795c1b0be2d3efe8c6cc158277dc44,F7993CD81B8D4DFEB0424CF94D2EA130,1534952797272000,2018-08-22T16:46:37,,1220499683,IOS,,RangeContentViewController,app,-5426362898991794730,,1,,,22013,3,SE L,range_home_trim_select,41,,,,,,,,1534952797272000,c0795c1b0be2d3efe8c6cc158277dc44,uk.co.skoda.assistant.ios,1.1.6,,1:571703561616:ios:777087d7f78ec12a,manual_install,tablet,Apple,iPad,,"iPad7,5",IOS,11.4.1,,,en-gb,No,3600,,,Europe,United Kingdom,England,London,,,(direct),(none),(direct),c0795c1b0be2d3efe8c6cc158277dc44_1
20180829,1535543198877006,2018-08-29T12:46:38,screen_view,1535543073184006,2018-08-29T12:44:33,,32,1403767,c0795c1b0be2d3efe8c6cc158277dc44,F7993CD81B8D4DFEB0424CF94D2EA130,1534952797272000,2018-08-22T16:46:37,,1220499683,IOS,,TrimViewController,auto,-5426362898991794729,,1,-5426362898991794730,RangeContentViewController,22013,3,,,,,,,,,,,1534952797272000,c0795c1b0be2d3efe8c6cc158277dc44,uk.co.skoda.assistant.ios,1.1.6,,1:571703561616:ios:777087d7f78ec12a,manual_install,tablet,Apple,iPad,,"iPad7,5",IOS,11.4.1,,,en-gb,No,3600,,,Europe,United Kingdom,England,London,,,(direct),(none),(direct),c0795c1b0be2d3efe8c6cc158277dc44_1
20180829,1535543198877007,2018-08-29T12:46:38,user_engagement,1535543073183007,2018-08-29T12:44:33,,32,1403767,c0795c1b0be2d3efe8c6cc158277dc44,F7993CD81B8D4DFEB0424CF94D2EA130,1534952797272000,2018-08-22T16:46:37,,1220499683,IOS,,RangeContentViewController,auto,-5426362898991794730,125694,,,,22013,3,,,,,,,,,,,1534952797272000,c0795c1b0be2d3efe8c6cc158277dc44,uk.co.skoda.assistant.ios,1.1.6,,1:571703561616:ios:777087d7f78ec12a,manual_install,tablet,Apple,iPad,,"iPad7,5",IOS,11.4.1,,,en-gb,No,3600,,,Europe,United Kingdom,England,London,,,(direct),(none),(direct),c0795c1b0be2d3efe8c6cc158277dc44_1
20180829,1535543235393007,2018-08-29T12:47:15,button_press,1535543197918007,2018-08-29T12:46:37,,32,1403767,c0795c1b0be2d3efe8c6cc158277dc44,F7993CD81B8D4DFEB0424CF94D2EA130,1534952797272000,2018-08-22T16:46:37,,1220499683,IOS,,TrimViewController,app,-5426362898991794729,,1,,,22013,3,,globalnav_compare,,,,,,,,,1534952797272000,c0795c1b0be2d3efe8c6cc158277dc44,uk.co.skoda.assistant.ios,1.1.6,,1:571703561616:ios:777087d7f78ec12a,manual_install,tablet,Apple,iPad,,"iPad7,5",IOS,11.4.1,,,en-gb,No,3600,,,Europe,United Kingdom,England,London,,,(direct),(none),(direct),c0795c1b0be2d3efe8c6cc158277dc44_1
20180829,1535543235419008,2018-08-29T12:47:15,button_press,1535543235393008,2018-08-29T12:47:15,,32,1403767,c0795c1b0be2d3efe8c6cc158277dc44,F7993CD81B8D4DFEB0424CF94D2EA130,1534952797272000,2018-08-22T16:46:37,,1220499683,IOS,,TrimViewController,app,-5426362898991794729,,1,,,22013,3,,compare,,,,,,,,,1534952797272000,c0795c1b0be2d3efe8c6cc158277dc44,uk.co.skoda.assistant.ios,1.1.6,,1:571703561616:ios:777087d7f78ec12a,manual_install,tablet,Apple,iPad,,"iPad7,5",IOS,11.4.1,,,en-gb,No,3600,,,Europe,United Kingdom,England,London,,,(direct),(none),(direct),c0795c1b0be2d3efe8c6cc158277dc44_1
20180829,1535543235602011,2018-08-29T12:47:15,user_engagement,1535543198877011,2018-08-29T12:46:38,,32,1403767,c0795c1b0be2d3efe8c6cc158277dc44,F7993CD81B8D4DFEB0424CF94D2EA130,1534952797272000,2018-08-22T16:46:37,,1220499683,IOS,,TrimViewController,auto,-5426362898991794729,36725,,,,22013,3,,,,,,,,,,,1534952797272000,c0795c1b0be2d3efe8c6cc158277dc44,uk.co.skoda.assistant.ios,1.1.6,,1:571703561616:ios:777087d7f78ec12a,manual_install,tablet,Apple,iPad,,"iPad7,5",IOS,11.4.1,,,en-gb,No,3600,,,Europe,United Kingdom,England,London,,,(direct),(none),(direct),c0795c1b0be2d3efe8c6cc158277dc44_1
20180829,1535543235603009,2018-08-29T12:47:15,screen_view,1535543198877009,2018-08-29T12:46:38,,32,1403767,c0795c1b0be2d3efe8c6cc158277dc44,F7993CD81B8D4DFEB0424CF94D2EA130,1534952797272000,2018-08-22T16:46:37,,1220499683,IOS,,SkodaContentViewController,auto,-5426362898991794731,,1,-5426362898991794729,TrimViewController,22013,3,,,,,,,,,,,1534952797272000,c0795c1b0be2d3efe8c6cc158277dc44,uk.co.skoda.assistant.ios,1.1.6,,1:571703561616:ios:777087d7f78ec12a,manual_install,tablet,Apple,iPad,,"iPad7,5",IOS,11.4.1,,,en-gb,No,3600,,,Europe,United Kingdom,England,London,,,(direct),(none),(direct),c0795c1b0be2d3efe8c6cc158277dc44_1
20180829,1535543250703010,2018-08-29T12:47:30,button_press,1535543235419010,2018-08-29T12:47:15,,32,1403767,c0795c1b0be2d3efe8c6cc158277dc44,F7993CD81B8D4DFEB0424CF94D2EA130,1534952797272000,2018-08-22T16:46:37,,1220499683,IOS,,SkodaContentViewController,app,-5426362898991794731,,1,,,22013,3,,globalnav_range,,,,,,,,,1534952797272000,c0795c1b0be2d3efe8c6cc158277dc44,uk.co.skoda.assistant.ios,1.1.6,,1:571703561616:ios:777087d7f78ec12a,manual_install,tablet,Apple,iPad,,"iPad7,5",IOS,11.4.1,,,en-gb,No,3600,,,Europe,United Kingdom,England,London,,,(direct),(none),(direct),c0795c1b0be2d3efe8c6cc158277dc44_1
20180829,1535543250767011,2018-08-29T12:47:30,button_press,1535543250703011,2018-08-29T12:47:30,,32,1403767,c0795c1b0be2d3efe8c6cc158277dc44,F7993CD81B8D4DFEB0424CF94D2EA130,1534952797272000,2018-08-22T16:46:37,,1220499683,IOS,,SkodaContentViewController,app,-5426362898991794731,,1,,,22013,3,,range,,,,,,,,,1534952797272000,c0795c1b0be2d3efe8c6cc158277dc44,uk.co.skoda.assistant.ios,1.1.6,,1:571703561616:ios:777087d7f78ec12a,manual_install,tablet,Apple,iPad,,"iPad7,5",IOS,11.4.1,,,en-gb,No,3600,,,Europe,United Kingdom,England,London,,,(direct),(none),(direct),c0795c1b0be2d3efe8c6cc158277dc44_1
20180829,1535543250789012,2018-08-29T12:47:30,screen_view,1535543235603012,2018-08-29T12:47:15,,32,1403767,c0795c1b0be2d3efe8c6cc158277dc44,F7993CD81B8D4DFEB0424CF94D2EA130,1534952797272000,2018-08-22T16:46:37,,1220499683,IOS,,TrimViewController,auto,-5426362898991794729,,1,-5426362898991794731,SkodaContentViewController,22013,3,,,,,,,,,,,1534952797272000,c0795c1b0be2d3efe8c6cc158277dc44,uk.co.skoda.assistant.ios,1.1.6,,1:571703561616:ios:777087d7f78ec12a,manual_install,tablet,Apple,iPad,,"iPad7,5",IOS,11.4.1,,,en-gb,No,3600,,,Europe,United Kingdom,England,London,,,(direct),(none),(direct),c0795c1b0be2d3efe8c6cc158277dc44_1
20180829,1535543250789015,2018-08-29T12:47:30,user_engagement,1535543235602015,2018-08-29T12:47:15,,32,1403767,c0795c1b0be2d3efe8c6cc158277dc44,F7993CD81B8D4DFEB0424CF94D2EA130,1534952797272000,2018-08-22T16:46:37,,1220499683,IOS,,SkodaContentViewController,auto,-5426362898991794731,15186,,,,22013,3,,,,,,,,,,,1534952797272000,c0795c1b0be2d3efe8c6cc158277dc44,uk.co.skoda.assistant.ios,1.1.6,,1:571703561616:ios:777087d7f78ec12a,manual_install,tablet,Apple,iPad,,"iPad7,5",IOS,11.4.1,,,en-gb,No,3600,,,Europe,United Kingdom,England,London,,,(direct),(none),(direct),c0795c1b0be2d3efe8c6cc158277dc44_1
20180829,1535543251712013,2018-08-29T12:47:31,button_press,1535543250767013,2018-08-29T12:47:30,,32,1403767,c0795c1b0be2d3efe8c6cc158277dc44,F7993CD81B8D4DFEB0424CF94D2EA130,1534952797272000,2018-08-22T16:46:37,,1220499683,IOS,,TrimViewController,app,-5426362898991794729,,1,,,22013,3,,globalnav_compare,,,,,,,,,1534952797272000,c0795c1b0be2d3efe8c6cc158277dc44,uk.co.skoda.assistant.ios,1.1.6,,1:571703561616:ios:777087d7f78ec12a,manual_install,tablet,Apple,iPad,,"iPad7,5",IOS,11.4.1,,,en-gb,No,3600,,,Europe,United Kingdom,England,London,,,(direct),(none),(direct),c0795c1b0be2d3efe8c6cc158277dc44_1
20180829,1535543251751014,2018-08-29T12:47:31,button_press,1535543251712014,2018-08-29T12:47:31,,32,1403767,c0795c1b0be2d3efe8c6cc158277dc44,F7993CD81B8D4DFEB0424CF94D2EA130,1534952797272000,2018-08-22T16:46:37,,1220499683,IOS,,TrimViewController,app,-5426362898991794729,,1,,,22013,3,,compare,,,,,,,,,1534952797272000,c0795c1b0be2d3efe8c6cc158277dc44,uk.co.skoda.assistant.ios,1.1.6,,1:571703561616:ios:777087d7f78ec12a,manual_install,tablet,Apple,iPad,,"iPad7,5",IOS,11.4.1,,,en-gb,No,3600,,,Europe,United Kingdom,England,London,,,(direct),(none),(direct),c0795c1b0be2d3efe8c6cc158277dc44_1
20180829,1535543251803019,2018-08-29T12:47:31,user_engagement,1535543250789019,2018-08-29T12:47:30,,32,1403767,c0795c1b0be2d3efe8c6cc158277dc44,F7993CD81B8D4DFEB0424CF94D2EA130,1534952797272000,2018-08-22T16:46:37,,1220499683,IOS,,TrimViewController,auto,-5426362898991794729,1014,,,,22013,3,,,,,,,,,,,1534952797272000,c0795c1b0be2d3efe8c6cc158277dc44,uk.co.skoda.assistant.ios,1.1.6,,1:571703561616:ios:777087d7f78ec12a,manual_install,tablet,Apple,iPad,,"iPad7,5",IOS,11.4.1,,,en-gb,No,3600,,,Europe,United Kingdom,England,London,,,(direct),(none),(direct),c0795c1b0be2d3efe8c6cc158277dc44_1
20180829,1535543251804015,2018-08-29T12:47:31,screen_view,1535543250789015,2018-08-29T12:47:30,,32,1403767,c0795c1b0be2d3efe8c6cc158277dc44,F7993CD81B8D4DFEB0424CF94D2EA130,1534952797272000,2018-08-22T16:46:37,,1220499683,IOS,,SkodaContentViewController,auto,-5426362898991794731,,1,-5426362898991794729,TrimViewController,22013,3,,,,,,,,,,,1534952797272000,c0795c1b0be2d3efe8c6cc158277dc44,uk.co.skoda.assistant.ios,1.1.6,,1:571703561616:ios:777087d7f78ec12a,manual_install,tablet,Apple,iPad,,"iPad7,5",IOS,11.4.1,,,en-gb,No,3600,,,Europe,United Kingdom,England,London,,,(direct),(none),(direct),c0795c1b0be2d3efe8c6cc158277dc44_1
20180829,1535543437618016,2018-08-29T12:50:37,button_press,1535543251751016,2018-08-29T12:47:31,,32,1403767,c0795c1b0be2d3efe8c6cc158277dc44,F7993CD81B8D4DFEB0424CF94D2EA130,1534952797272000,2018-08-22T16:46:37,,1220499683,IOS,,SkodaContentViewController,app,-5426362898991794731,,1,,,22013,3,,compare_models,,,,,,,,,1534952797272000,c0795c1b0be2d3efe8c6cc158277dc44,uk.co.skoda.assistant.ios,1.1.6,,1:571703561616:ios:777087d7f78ec12a,manual_install,tablet,Apple,iPad,,"iPad7,5",IOS,11.4.1,,,en-gb,No,3600,,,Europe,United Kingdom,England,London,,,(direct),(none),(direct),c0795c1b0be2d3efe8c6cc158277dc44_1
20180829,1535543438179022,2018-08-29T12:50:38,user_engagement,1535543251803022,2018-08-29T12:47:31,,32,1403767,c0795c1b0be2d3efe8c6cc158277dc44,F7993CD81B8D4DFEB0424CF94D2EA130,1534952797272000,2018-08-22T16:46:37,,1220499683,IOS,,SkodaContentViewController,auto,-5426362898991794731,186375,,,,22013,3,,,,,,,,,,,1534952797272000,c0795c1b0be2d3efe8c6cc158277dc44,uk.co.skoda.assistant.ios,1.1.6,,1:571703561616:ios:777087d7f78ec12a,manual_install,tablet,Apple,iPad,,"iPad7,5",IOS,11.4.1,,,en-gb,No,3600,,,Europe,United Kingdom,England,London,,,(direct),(none),(direct),c0795c1b0be2d3efe8c6cc158277dc44_1
20180829,1535543438180017,2018-08-29T12:50:38,screen_view,1535543251804017,2018-08-29T12:47:31,,32,1403767,c0795c1b0be2d3efe8c6cc158277dc44,F7993CD81B8D4DFEB0424CF94D2EA130,1534952797272000,2018-08-22T16:46:37,,1220499683,IOS,,ComparisonResultViewController,auto,-5426362898991794728,,1,-5426362898991794731,SkodaContentViewController,22013,3,,,,,,,,,,,1534952797272000,c0795c1b0be2d3efe8c6cc158277dc44,uk.co.skoda.assistant.ios,1.1.6,,1:571703561616:ios:777087d7f78ec12a,manual_install,tablet,Apple,iPad,,"iPad7,5",IOS,11.4.1,,,en-gb,No,3600,,,Europe,United Kingdom,England,London,,,(direct),(none),(direct),c0795c1b0be2d3efe8c6cc158277dc44_1
20180829,1535543439175024,2018-08-29T12:50:39,AnalyticsEventComparison,,,,32,1403767,c0795c1b0be2d3efe8c6cc158277dc44,F7993CD81B8D4DFEB0424CF94D2EA130,1534952797272000,2018-08-22T16:46:37,,1220499683,IOS,,ComparisonResultViewController,app,-5426362898991794728,,,,,22013,3,,,,,242027,237195,,,,,1534952797272000,c0795c1b0be2d3efe8c6cc158277dc44,uk.co.skoda.assistant.ios,1.1.6,,1:571703561616:ios:777087d7f78ec12a,manual_install,tablet,Apple,iPad,,"iPad7,5",IOS,11.4.1,,,en-gb,No,3600,,,Europe,United Kingdom,England,London,,,(direct),(none),(direct),c0795c1b0be2d3efe8c6cc158277dc44_1
20180829,1535543564649018,2018-08-29T12:52:44,screen_view,1535543438180018,2018-08-29T12:50:38,,32,1403767,c0795c1b0be2d3efe8c6cc158277dc44,F7993CD81B8D4DFEB0424CF94D2EA130,1534952797272000,2018-08-22T16:46:37,,1220499683,IOS,,SkodaContentViewController,auto,-5426362898991794731,,1,-5426362898991794728,ComparisonResultViewController,22013,3,,,,,,,,,,,1534952797272000,c0795c1b0be2d3efe8c6cc158277dc44,uk.co.skoda.assistant.ios,1.1.6,,1:571703561616:ios:777087d7f78ec12a,manual_install,tablet,Apple,iPad,,"iPad7,5",IOS,11.4.1,,,en-gb,No,3600,,,Europe,United Kingdom,England,London,,,(direct),(none),(direct),c0795c1b0be2d3efe8c6cc158277dc44_1
20180829,1535543564649025,2018-08-29T12:52:44,user_engagement,1535543438179025,2018-08-29T12:50:38,,32,1403767,c0795c1b0be2d3efe8c6cc158277dc44,F7993CD81B8D4DFEB0424CF94D2EA130,1534952797272000,2018-08-22T16:46:37,,1220499683,IOS,,ComparisonResultViewController,auto,-5426362898991794728,126469,,,,22013,3,,,,,,,,,,,1534952797272000,c0795c1b0be2d3efe8c6cc158277dc44,uk.co.skoda.assistant.ios,1.1.6,,1:571703561616:ios:777087d7f78ec12a,manual_install,tablet,Apple,iPad,,"iPad7,5",IOS,11.4.1,,,en-gb,No,3600,,,Europe,United Kingdom,England,London,,,(direct),(none),(direct),c0795c1b0be2d3efe8c6cc158277dc44_1
20180829,1535543594989019,2018-08-29T12:53:14,button_press,1535543437618019,2018-08-29T12:50:37,,32,1403767,c0795c1b0be2d3efe8c6cc158277dc44,F7993CD81B8D4DFEB0424CF94D2EA130,1534952797272000,2018-08-22T16:46:37,,1220499683,IOS,,SkodaContentViewController,app,-5426362898991794731,,1,,,22013,3,,globalnav_range,,,,,,,,,1534952797272000,c0795c1b0be2d3efe8c6cc158277dc44,uk.co.skoda.assistant.ios,1.1.6,,1:571703561616:ios:777087d7f78ec12a,manual_install,tablet,Apple,iPad,,"iPad7,5",IOS,11.4.1,,,en-gb,No,3600,,,Europe,United Kingdom,England,London,,,(direct),(none),(direct),c0795c1b0be2d3efe8c6cc158277dc44_1
20180829,1535543595076020,2018-08-29T12:53:15,button_press,1535543594989020,2018-08-29T12:53:14,,32,1403767,c0795c1b0be2d3efe8c6cc158277dc44,F7993CD81B8D4DFEB0424CF94D2EA130,1534952797272000,2018-08-22T16:46:37,,1220499683,IOS,,SkodaContentViewController,app,-5426362898991794731,,1,,,22013,3,,range,,,,,,,,,1534952797272000,c0795c1b0be2d3efe8c6cc158277dc44,uk.co.skoda.assistant.ios,1.1.6,,1:571703561616:ios:777087d7f78ec12a,manual_install,tablet,Apple,iPad,,"iPad7,5",IOS,11.4.1,,,en-gb,No,3600,,,Europe,United Kingdom,England,London,,,(direct),(none),(direct),c0795c1b0be2d3efe8c6cc158277dc44_1
20180829,1535543595105021,2018-08-29T12:53:15,screen_view,1535543564649021,2018-08-29T12:52:44,,32,1403767,c0795c1b0be2d3efe8c6cc158277dc44,F7993CD81B8D4DFEB0424CF94D2EA130,1534952797272000,2018-08-22T16:46:37,,1220499683,IOS,,TrimViewController,auto,-5426362898991794729,,1,-5426362898991794731,SkodaContentViewController,22013,3,,,,,,,,,,,1534952797272000,c0795c1b0be2d3efe8c6cc158277dc44,uk.co.skoda.assistant.ios,1.1.6,,1:571703561616:ios:777087d7f78ec12a,manual_install,tablet,Apple,iPad,,"iPad7,5",IOS,11.4.1,,,en-gb,No,3600,,,Europe,United Kingdom,England,London,,,(direct),(none),(direct),c0795c1b0be2d3efe8c6cc158277dc44_1
20180829,1535543595105029,2018-08-29T12:53:15,user_engagement,1535543564649029,2018-08-29T12:52:44,,32,1403767,c0795c1b0be2d3efe8c6cc158277dc44,F7993CD81B8D4DFEB0424CF94D2EA130,1534952797272000,2018-08-22T16:46:37,,1220499683,IOS,,SkodaContentViewController,auto,-5426362898991794731,30456,,,,22013,3,,,,,,,,,,,1534952797272000,c0795c1b0be2d3efe8c6cc158277dc44,uk.co.skoda.assistant.ios,1.1.6,,1:571703561616:ios:777087d7f78ec12a,manual_install,tablet,Apple,iPad,,"iPad7,5",IOS,11.4.1,,,en-gb,No,3600,,,Europe,United Kingdom,England,London,,,(direct),(none),(direct),c0795c1b0be2d3efe8c6cc158277dc44_1
20180829,1535543598646022,2018-08-29T12:53:18,button_press,1535543595076022,2018-08-29T12:53:15,,32,1403767,c0795c1b0be2d3efe8c6cc158277dc44,F7993CD81B8D4DFEB0424CF94D2EA130,1534952797272000,2018-08-22T16:46:37,,1220499683,IOS,,TrimViewController,app,-5426362898991794729,,1,,,22013,3,1.6 TDI 115PS DSG,trim_home_view_full_details,5793,,,,,,,,1534952797272000,c0795c1b0be2d3efe8c6cc158277dc44,uk.co.skoda.assistant.ios,1.1.6,,1:571703561616:ios:777087d7f78ec12a,manual_install,tablet,Apple,iPad,,"iPad7,5",IOS,11.4.1,,,en-gb,No,3600,,,Europe,United Kingdom,England,London,,,(direct),(none),(direct),c0795c1b0be2d3efe8c6cc158277dc44_1
20180829,1535543599312032,2018-08-29T12:53:19,user_engagement,1535543595105032,2018-08-29T12:53:15,,32,1403767,c0795c1b0be2d3efe8c6cc158277dc44,F7993CD81B8D4DFEB0424CF94D2EA130,1534952797272000,2018-08-22T16:46:37,,1220499683,IOS,,TrimViewController,auto,-5426362898991794729,4207,,,,22013,3,,,,,,,,,,,1534952797272000,c0795c1b0be2d3efe8c6cc158277dc44,uk.co.skoda.assistant.ios,1.1.6,,1:571703561616:ios:777087d7f78ec12a,manual_install,tablet,Apple,iPad,,"iPad7,5",IOS,11.4.1,,,en-gb,No,3600,,,Europe,United Kingdom,England,London,,,(direct),(none),(direct),c0795c1b0be2d3efe8c6cc158277dc44_1
20180829,1535543599313023,2018-08-29T12:53:19,screen_view,1535543595105023,2018-08-29T12:53:15,,32,1403767,c0795c1b0be2d3efe8c6cc158277dc44,F7993CD81B8D4DFEB0424CF94D2EA130,1534952797272000,2018-08-22T16:46:37,,1220499683,IOS,,EngineDetailsViewController,auto,-5426362898991794727,,1,-5426362898991794729,TrimViewController,22013,3,,,,,,,,,,,1534952797272000,c0795c1b0be2d3efe8c6cc158277dc44,uk.co.skoda.assistant.ios,1.1.6,,1:571703561616:ios:777087d7f78ec12a,manual_install,tablet,Apple,iPad,,"iPad7,5",IOS,11.4.1,,,en-gb,No,3600,,,Europe,United Kingdom,England,London,,,(direct),(none),(direct),c0795c1b0be2d3efe8c6cc158277dc44_1
20180829,1535543607017024,2018-08-29T12:53:27,screen_view,1535543599313024,2018-08-29T12:53:19,,32,1403767,c0795c1b0be2d3efe8c6cc158277dc44,F7993CD81B8D4DFEB0424CF94D2EA130,1534952797272000,2018-08-22T16:46:37,,1220499683,IOS,,SkodaContentViewController,auto,-5426362898991794731,,1,-5426362898991794727,EngineDetailsViewController,22013,3,,,,,,,,,,,1534952797272000,c0795c1b0be2d3efe8c6cc158277dc44,uk.co.skoda.assistant.ios,1.1.6,,1:571703561616:ios:777087d7f78ec12a,manual_install,tablet,Apple,iPad,,"iPad7,5",IOS,11.4.1,,,en-gb,No,3600,,,Europe,United Kingdom,England,London,,,(direct),(none),(direct),c0795c1b0be2d3efe8c6cc158277dc44_1
20180829,1535543607017034,2018-08-29T12:53:27,user_engagement,1535543599312034,2018-08-29T12:53:19,,32,1403767,c0795c1b0be2d3efe8c6cc158277dc44,F7993CD81B8D4DFEB0424CF94D2EA130,1534952797272000,2018-08-22T16:46:37,,1220499683,IOS,,EngineDetailsViewController,auto,-5426362898991794727,7704,,,,22013,3,,,,,,,,,,,1534952797272000,c0795c1b0be2d3efe8c6cc158277dc44,uk.co.skoda.assistant.ios,1.1.6,,1:571703561616:ios:777087d7f78ec12a,manual_install,tablet,Apple,iPad,,"iPad7,5",IOS,11.4.1,,,en-gb,No,3600,,,Europe,United Kingdom,England,London,,,(direct),(none),(direct),c0795c1b0be2d3efe8c6cc158277dc44_1
20180829,1535543607019025,2018-08-29T12:53:27,screen_view,1535543607017025,2018-08-29T12:53:27,,32,1403767,c0795c1b0be2d3efe8c6cc158277dc44,F7993CD81B8D4DFEB0424CF94D2EA130,1534952797272000,2018-08-22T16:46:37,,1220499683,IOS,,TrimViewController,auto,-5426362898991794729,,1,-5426362898991794731,SkodaContentViewController,22013,3,,,,,,,,,,,1534952797272000,c0795c1b0be2d3efe8c6cc158277dc44,uk.co.skoda.assistant.ios,1.1.6,,1:571703561616:ios:777087d7f78ec12a,manual_install,tablet,Apple,iPad,,"iPad7,5",IOS,11.4.1,,,en-gb,No,3600,,,Europe,United Kingdom,England,London,,,(direct),(none),(direct),c0795c1b0be2d3efe8c6cc158277dc44_1
20180829,1535543642095037,2018-08-29T12:54:02,user_engagement,1535543607017037,2018-08-29T12:53:27,,32,1403767,c0795c1b0be2d3efe8c6cc158277dc44,F7993CD81B8D4DFEB0424CF94D2EA130,1534952797272000,2018-08-22T16:46:37,,1220499683,IOS,,TrimViewController,auto,-5426362898991794729,35078,,,,22013,3,,,,,,,,,,,1534952797272000,c0795c1b0be2d3efe8c6cc158277dc44,uk.co.skoda.assistant.ios,1.1.6,,1:571703561616:ios:777087d7f78ec12a,manual_install,tablet,Apple,iPad,,"iPad7,5",IOS,11.4.1,,,en-gb,No,3600,,,Europe,United Kingdom,England,London,,,(direct),(none),(direct),c0795c1b0be2d3efe8c6cc158277dc44_1
