event_date,event_timestamp,event_iso8601,event_name,event_previous_timestamp,event_previous_iso8601,event_value_in_usd,event_bundle_sequence_id,event_server_timestamp_offset,user_id,user_pseudo_id,user_first_touch_timestamp,user_first_touch_iso8601,user_ltv,stream_id,platform,event_dimensions,firebase_screen_class,firebase_event_origin,firebase_screen_id,engagement_time_msec,firebase_conversion,firebase_previous_id,firebase_previous_class,user_retailer,user_area,AnalyticsParameterTerm,button_name,AnalyticsParameterItemID,engine,Compared_vehicle_1,Compared_vehicle_2,update_with_analytics,previous_first_open_count,previous_app_version,Compared_vehicle_3,first_open_time,user_id,id,version,install_store,firebase_app_id,install_source,category,mobile_brand_name,mobile_model_name,mobile_marketing_name,mobile_os_hardware_model,operating_system,operating_system_version,vendor_id,advertising_id,language,is_limited_ad_tracking,time_zone_offset_seconds,browser,browser,continent,country,region,city,sub_continent,metro,name,medium,source,user_session_generated_id
20180829,1535553005471001,2018-08-29T15:30:05,AnalyticsEventLogin,1535552920863001,2018-08-29T15:28:40,,87,98388,ba946113c0e08d7a4a1358ea0077a98e,5783228E70934E968FF40707CC1971D8,1534951137328000,2018-08-22T16:18:57,,1220499683,IOS,,SplashViewController,app,-923994951905297365,,1,,,11111,1,ba946113c0e08d7a4a1358ea0077a98e,,,,,,,,,,1534951137328000,ba946113c0e08d7a4a1358ea0077a98e,uk.co.skoda.assistant.uat,1.1.7,,1:571703561616:ios:777087d7f78ec12a,manual_install,tablet,Apple,iPad Air 2,,"iPad5,4",IOS,11.4.1,,,en-gb,No,3600,,,Europe,United Kingdom,England,London,,,(direct),(none),(direct),ba946113c0e08d7a4a1358ea0077a98e_16
20180829,1535553005640000,2018-08-29T15:30:05,button_press,1535552920999000,2018-08-29T15:28:40,,88,98389,ba946113c0e08d7a4a1358ea0077a98e,5783228E70934E968FF40707CC1971D8,1534951137328000,2018-08-22T16:18:57,,1220499683,IOS,,SplashViewController,app,-923994951905297365,,1,,,11111,1,,globalnav_range,,,,,,,,,1534951137328000,ba946113c0e08d7a4a1358ea0077a98e,uk.co.skoda.assistant.uat,1.1.7,,1:571703561616:ios:777087d7f78ec12a,manual_install,tablet,Apple,iPad Air 2,,"iPad5,4",IOS,11.4.1,,,en-gb,No,3600,,,Europe,United Kingdom,England,London,,,(direct),(none),(direct),ba946113c0e08d7a4a1358ea0077a98e_16
20180829,1535553005641001,2018-08-29T15:30:05,button_press,1535553005640001,2018-08-29T15:30:05,,88,98389,ba946113c0e08d7a4a1358ea0077a98e,5783228E70934E968FF40707CC1971D8,1534951137328000,2018-08-22T16:18:57,,1220499683,IOS,,SplashViewController,app,-923994951905297365,,1,,,11111,1,,range,,,,,,,,,1534951137328000,ba946113c0e08d7a4a1358ea0077a98e,uk.co.skoda.assistant.uat,1.1.7,,1:571703561616:ios:777087d7f78ec12a,manual_install,tablet,Apple,iPad Air 2,,"iPad5,4",IOS,11.4.1,,,en-gb,No,3600,,,Europe,United Kingdom,England,London,,,(direct),(none),(direct),ba946113c0e08d7a4a1358ea0077a98e_16
20180829,1535553006768002,2018-08-29T15:30:06,user_engagement,1535553005446002,2018-08-29T15:30:05,,88,98389,ba946113c0e08d7a4a1358ea0077a98e,5783228E70934E968FF40707CC1971D8,1534951137328000,2018-08-22T16:18:57,,1220499683,IOS,,SplashViewController,auto,-923994951905297365,1321,,,,11111,1,,,,,,,,,,,1534951137328000,ba946113c0e08d7a4a1358ea0077a98e,uk.co.skoda.assistant.uat,1.1.7,,1:571703561616:ios:777087d7f78ec12a,manual_install,tablet,Apple,iPad Air 2,,"iPad5,4",IOS,11.4.1,,,en-gb,No,3600,,,Europe,United Kingdom,England,London,,,(direct),(none),(direct),ba946113c0e08d7a4a1358ea0077a98e_16
20180829,1535553006769002,2018-08-29T15:30:06,screen_view,1535553005447002,2018-08-29T15:30:05,,88,98389,ba946113c0e08d7a4a1358ea0077a98e,5783228E70934E968FF40707CC1971D8,1534951137328000,2018-08-22T16:18:57,,1220499683,IOS,,SkodaContentViewController,auto,-923994951905297363,,1,-923994951905297365,SplashViewController,11111,1,,,,,,,,,,,1534951137328000,ba946113c0e08d7a4a1358ea0077a98e,uk.co.skoda.assistant.uat,1.1.7,,1:571703561616:ios:777087d7f78ec12a,manual_install,tablet,Apple,iPad Air 2,,"iPad5,4",IOS,11.4.1,,,en-gb,No,3600,,,Europe,United Kingdom,England,London,,,(direct),(none),(direct),ba946113c0e08d7a4a1358ea0077a98e_16
20180829,1535553006771003,2018-08-29T15:30:06,screen_view,1535553006769003,2018-08-29T15:30:06,,88,98389,ba946113c0e08d7a4a1358ea0077a98e,5783228E70934E968FF40707CC1971D8,1534951137328000,2018-08-22T16:18:57,,1220499683,IOS,,RangeContentViewController,auto,-923994951905297362,,1,-923994951905297363,SkodaContentViewController,11111,1,,,,,,,,,,,1534951137328000,ba946113c0e08d7a4a1358ea0077a98e,uk.co.skoda.assistant.uat,1.1.7,,1:571703561616:ios:777087d7f78ec12a,manual_install,tablet,Apple,iPad Air 2,,"iPad5,4",IOS,11.4.1,,,en-gb,No,3600,,,Europe,United Kingdom,England,London,,,(direct),(none),(direct),ba946113c0e08d7a4a1358ea0077a98e_16
20180829,1535553007674004,2018-08-29T15:30:07,screen_view,1535553006771004,2018-08-29T15:30:06,,88,98389,ba946113c0e08d7a4a1358ea0077a98e,5783228E70934E968FF40707CC1971D8,1534951137328000,2018-08-22T16:18:57,,1220499683,IOS,,ProfileViewController,auto,-923994951905297361,,1,-923994951905297362,RangeContentViewController,11111,1,,,,,,,,,,,1534951137328000,ba946113c0e08d7a4a1358ea0077a98e,uk.co.skoda.assistant.uat,1.1.7,,1:571703561616:ios:777087d7f78ec12a,manual_install,tablet,Apple,iPad Air 2,,"iPad5,4",IOS,11.4.1,,,en-gb,No,3600,,,Europe,United Kingdom,England,London,,,(direct),(none),(direct),ba946113c0e08d7a4a1358ea0077a98e_16
20180829,1535553512646000,2018-08-29T15:38:32,screen_view,1535553007674000,2018-08-29T15:30:07,,89,98390,ba946113c0e08d7a4a1358ea0077a98e,5783228E70934E968FF40707CC1971D8,1534951137328000,2018-08-22T16:18:57,,1220499683,IOS,,SplashViewController,auto,7018922485763443986,,1,,,11111,1,,,,,,,,,,,1534951137328000,ba946113c0e08d7a4a1358ea0077a98e,uk.co.skoda.assistant.uat,1.1.7,,1:571703561616:ios:777087d7f78ec12a,manual_install,tablet,Apple,iPad Air 2,,"iPad5,4",IOS,11.4.1,,,en-gb,No,3600,,,Europe,United Kingdom,England,London,,,(direct),(none),(direct),ba946113c0e08d7a4a1358ea0077a98e_16
20180829,1535553512840001,2018-08-29T15:38:32,screen_view,1535553512646001,2018-08-29T15:38:32,,89,98390,ba946113c0e08d7a4a1358ea0077a98e,5783228E70934E968FF40707CC1971D8,1534951137328000,2018-08-22T16:18:57,,1220499683,IOS,,LoginViewController,auto,7018922485763443987,,1,7018922485763443986,SplashViewController,11111,1,,,,,,,,,,,1534951137328000,ba946113c0e08d7a4a1358ea0077a98e,uk.co.skoda.assistant.uat,1.1.7,,1:571703561616:ios:777087d7f78ec12a,manual_install,tablet,Apple,iPad Air 2,,"iPad5,4",IOS,11.4.1,,,en-gb,No,3600,,,Europe,United Kingdom,England,London,,,(direct),(none),(direct),ba946113c0e08d7a4a1358ea0077a98e_16
20180829,1535553516786002,2018-08-29T15:38:36,user_engagement,1535553006768002,2018-08-29T15:30:06,,89,98390,ba946113c0e08d7a4a1358ea0077a98e,5783228E70934E968FF40707CC1971D8,1534951137328000,2018-08-22T16:18:57,,1220499683,IOS,,LoginViewController,auto,7018922485763443987,4091,,,,11111,1,,,,,,,,,,,1534951137328000,ba946113c0e08d7a4a1358ea0077a98e,uk.co.skoda.assistant.uat,1.1.7,,1:571703561616:ios:777087d7f78ec12a,manual_install,tablet,Apple,iPad Air 2,,"iPad5,4",IOS,11.4.1,,,en-gb,No,3600,,,Europe,United Kingdom,England,London,,,(direct),(none),(direct),ba946113c0e08d7a4a1358ea0077a98e_16
20180829,1535553524848000,2018-08-29T15:38:44,user_engagement,1535553516786000,2018-08-29T15:38:36,,90,86601,ba946113c0e08d7a4a1358ea0077a98e,5783228E70934E968FF40707CC1971D8,1534951137328000,2018-08-22T16:18:57,,1220499683,IOS,,LoginViewController,auto,7018922485763443987,3116,,,,11111,1,,,,,,,,,,,1534951137328000,ba946113c0e08d7a4a1358ea0077a98e,uk.co.skoda.assistant.uat,1.1.7,,1:571703561616:ios:777087d7f78ec12a,manual_install,tablet,Apple,iPad Air 2,,"iPad5,4",IOS,11.4.1,,,en-gb,No,3600,,,Europe,United Kingdom,England,London,,,(direct),(none),(direct),ba946113c0e08d7a4a1358ea0077a98e_16
20180829,1535553524849000,2018-08-29T15:38:44,screen_view,1535553512840000,2018-08-29T15:38:32,,90,86601,ba946113c0e08d7a4a1358ea0077a98e,5783228E70934E968FF40707CC1971D8,1534951137328000,2018-08-22T16:18:57,,1220499683,IOS,,SplashViewController,auto,7018922485763443986,,1,7018922485763443987,LoginViewController,11111,1,,,,,,,,,,,1534951137328000,ba946113c0e08d7a4a1358ea0077a98e,uk.co.skoda.assistant.uat,1.1.7,,1:571703561616:ios:777087d7f78ec12a,manual_install,tablet,Apple,iPad Air 2,,"iPad5,4",IOS,11.4.1,,,en-gb,No,3600,,,Europe,United Kingdom,England,London,,,(direct),(none),(direct),ba946113c0e08d7a4a1358ea0077a98e_16
