event_date,event_timestamp,event_iso8601,event_name,event_previous_timestamp,event_previous_iso8601,event_value_in_usd,event_bundle_sequence_id,event_server_timestamp_offset,user_id,user_pseudo_id,user_first_touch_timestamp,user_first_touch_iso8601,user_ltv,stream_id,platform,event_dimensions,firebase_screen_class,firebase_event_origin,firebase_screen_id,engagement_time_msec,firebase_conversion,firebase_previous_id,firebase_previous_class,user_retailer,user_area,AnalyticsParameterTerm,button_name,AnalyticsParameterItemID,engine,Compared_vehicle_1,Compared_vehicle_2,update_with_analytics,previous_first_open_count,previous_app_version,Compared_vehicle_3,first_open_time,user_id,id,version,install_store,firebase_app_id,install_source,category,mobile_brand_name,mobile_model_name,mobile_marketing_name,mobile_os_hardware_model,operating_system,operating_system_version,vendor_id,advertising_id,language,is_limited_ad_tracking,time_zone_offset_seconds,browser,browser,continent,country,region,city,sub_continent,metro,name,medium,source,user_session_generated_id
20180829,1535537184388000,2018-08-29T11:06:24,screen_view,1535444669377000,2018-08-28T09:24:29,,36,160533,e65ed16c595914f10b59a8d872f916b0,52A0FD435CAA428E86D603157F72F23A,1534758431647000,2018-08-20T10:47:11,,1220499683,IOS,,SplashViewController,auto,-5074745263819787414,,1,,,28007,3,,,,,,,,,,,1534758431647000,e65ed16c595914f10b59a8d872f916b0,uk.co.skoda.assistant.ios,1.1.6,,1:571703561616:ios:777087d7f78ec12a,manual_install,tablet,Apple,iPad,,"iPad7,5",IOS,11.4.1,,,en-gb,No,3600,,,Europe,United Kingdom,England,Andover,,,(direct),(none),(direct),e65ed16c595914f10b59a8d872f916b0_0
20180829,1535537184648001,2018-08-29T11:06:24,screen_view,1535537184388001,2018-08-29T11:06:24,,36,160533,e65ed16c595914f10b59a8d872f916b0,52A0FD435CAA428E86D603157F72F23A,1534758431647000,2018-08-20T10:47:11,,1220499683,IOS,,LoginViewController,auto,-5074745263819787413,,1,-5074745263819787414,SplashViewController,28007,3,,,,,,,,,,,1534758431647000,e65ed16c595914f10b59a8d872f916b0,uk.co.skoda.assistant.ios,1.1.6,,1:571703561616:ios:777087d7f78ec12a,manual_install,tablet,Apple,iPad,,"iPad7,5",IOS,11.4.1,,,en-gb,No,3600,,,Europe,United Kingdom,England,Andover,,,(direct),(none),(direct),e65ed16c595914f10b59a8d872f916b0_0
20180829,1535537194435002,2018-08-29T11:06:34,session_start,1535444670883002,2018-08-28T09:24:30,,36,160533,e65ed16c595914f10b59a8d872f916b0,52A0FD435CAA428E86D603157F72F23A,1534758431647000,2018-08-20T10:47:11,,1220499683,IOS,,LoginViewController,auto,-5074745263819787413,,1,,,28007,3,,,,,,,,,,,1534758431647000,e65ed16c595914f10b59a8d872f916b0,uk.co.skoda.assistant.ios,1.1.6,,1:571703561616:ios:777087d7f78ec12a,manual_install,tablet,Apple,iPad,,"iPad7,5",IOS,11.4.1,,,en-gb,No,3600,,,Europe,United Kingdom,England,Andover,,,(direct),(none),(direct),e65ed16c595914f10b59a8d872f916b0_0
20180829,1535537196746003,2018-08-29T11:06:36,user_engagement,1535445170769003,2018-08-28T09:32:50,,36,160533,e65ed16c595914f10b59a8d872f916b0,52A0FD435CAA428E86D603157F72F23A,1534758431647000,2018-08-20T10:47:11,,1220499683,IOS,,LoginViewController,auto,-5074745263819787413,12314,,,,28007,3,,,,,,,,,,,1534758431647000,e65ed16c595914f10b59a8d872f916b0,uk.co.skoda.assistant.ios,1.1.6,,1:571703561616:ios:777087d7f78ec12a,manual_install,tablet,Apple,iPad,,"iPad7,5",IOS,11.4.1,,,en-gb,No,3600,,,Europe,United Kingdom,England,Andover,,,(direct),(none),(direct),e65ed16c595914f10b59a8d872f916b0_0
20180829,1535537196747003,2018-08-29T11:06:36,screen_view,1535537184648003,2018-08-29T11:06:24,,36,160533,e65ed16c595914f10b59a8d872f916b0,52A0FD435CAA428E86D603157F72F23A,1534758431647000,2018-08-20T10:47:11,,1220499683,IOS,,SplashViewController,auto,-5074745263819787414,,1,-5074745263819787413,LoginViewController,28007,3,,,,,,,,,,,1534758431647000,e65ed16c595914f10b59a8d872f916b0,uk.co.skoda.assistant.ios,1.1.6,,1:571703561616:ios:777087d7f78ec12a,manual_install,tablet,Apple,iPad,,"iPad7,5",IOS,11.4.1,,,en-gb,No,3600,,,Europe,United Kingdom,England,Andover,,,(direct),(none),(direct),e65ed16c595914f10b59a8d872f916b0_0
