event_date,event_timestamp,event_iso8601,event_name,event_previous_timestamp,event_previous_iso8601,event_value_in_usd,event_bundle_sequence_id,event_server_timestamp_offset,user_id,user_pseudo_id,user_first_touch_timestamp,user_first_touch_iso8601,user_ltv,stream_id,platform,event_dimensions,firebase_screen_class,firebase_event_origin,firebase_screen_id,engagement_time_msec,firebase_conversion,firebase_previous_id,firebase_previous_class,user_retailer,user_area,AnalyticsParameterTerm,button_name,AnalyticsParameterItemID,engine,Compared_vehicle_1,Compared_vehicle_2,update_with_analytics,previous_first_open_count,previous_app_version,Compared_vehicle_3,first_open_time,user_id,id,version,install_store,firebase_app_id,install_source,category,mobile_brand_name,mobile_model_name,mobile_marketing_name,mobile_os_hardware_model,operating_system,operating_system_version,vendor_id,advertising_id,language,is_limited_ad_tracking,time_zone_offset_seconds,browser,browser,continent,country,region,city,sub_continent,metro,name,medium,source,user_session_generated_id
20180829,1535548337719001,2018-08-29T14:12:17,AnalyticsEventLogin,1535547853888001,2018-08-29T14:04:13,,17,71696,ba946113c0e08d7a4a1358ea0077a98e,DC006A2B90D34FBF94E0CC3C42B52538,1535546745206000,2018-08-29T13:45:45,,1220499683,IOS,,SplashViewController,app,4009556246499342452,,1,,,0,0,ba946113c0e08d7a4a1358ea0077a98e,,,,,,,,,,1535546745206000,ba946113c0e08d7a4a1358ea0077a98e,uk.co.skoda.assistant.test,1.1.7,,1:571703561616:ios:777087d7f78ec12a,manual_install,tablet,Apple,iPad Air 2,,"iPad5,4",IOS,11.4.1,,,en-gb,No,3600,,,Europe,United Kingdom,England,London,,,(direct),(none),(direct),ba946113c0e08d7a4a1358ea0077a98e_10
20180829,1535548338275002,2018-08-29T14:12:18,screen_view,1535548337689002,2018-08-29T14:12:17,,17,71696,ba946113c0e08d7a4a1358ea0077a98e,DC006A2B90D34FBF94E0CC3C42B52538,1535546745206000,2018-08-29T13:45:45,,1220499683,IOS,,ContentLoaderViewController,auto,4009556246499342454,,1,4009556246499342452,SplashViewController,0,0,,,,,,,,,,,1535546745206000,ba946113c0e08d7a4a1358ea0077a98e,uk.co.skoda.assistant.test,1.1.7,,1:571703561616:ios:777087d7f78ec12a,manual_install,tablet,Apple,iPad Air 2,,"iPad5,4",IOS,11.4.1,,,en-gb,No,3600,,,Europe,United Kingdom,England,London,,,(direct),(none),(direct),ba946113c0e08d7a4a1358ea0077a98e_10
20180829,1535548417662004,2018-08-29T14:13:37,user_engagement,1535548337688004,2018-08-29T14:12:17,,17,71696,ba946113c0e08d7a4a1358ea0077a98e,DC006A2B90D34FBF94E0CC3C42B52538,1535546745206000,2018-08-29T13:45:45,,1220499683,IOS,,ContentLoaderViewController,auto,4009556246499342454,79974,,,,0,0,,,,,,,,,,,1535546745206000,ba946113c0e08d7a4a1358ea0077a98e,uk.co.skoda.assistant.test,1.1.7,,1:571703561616:ios:777087d7f78ec12a,manual_install,tablet,Apple,iPad Air 2,,"iPad5,4",IOS,11.4.1,,,en-gb,No,3600,,,Europe,United Kingdom,England,London,,,(direct),(none),(direct),ba946113c0e08d7a4a1358ea0077a98e_10
20180829,1535548417663003,2018-08-29T14:13:37,screen_view,1535548338275003,2018-08-29T14:12:18,,17,71696,ba946113c0e08d7a4a1358ea0077a98e,DC006A2B90D34FBF94E0CC3C42B52538,1535546745206000,2018-08-29T13:45:45,,1220499683,IOS,,SplashViewController,auto,4009556246499342452,,1,4009556246499342454,ContentLoaderViewController,0,0,,,,,,,,,,,1535546745206000,ba946113c0e08d7a4a1358ea0077a98e,uk.co.skoda.assistant.test,1.1.7,,1:571703561616:ios:777087d7f78ec12a,manual_install,tablet,Apple,iPad Air 2,,"iPad5,4",IOS,11.4.1,,,en-gb,No,3600,,,Europe,United Kingdom,England,London,,,(direct),(none),(direct),ba946113c0e08d7a4a1358ea0077a98e_10
20180829,1535548418757000,2018-08-29T14:13:38,button_press,1535548182971000,2018-08-29T14:09:42,,18,71697,ba946113c0e08d7a4a1358ea0077a98e,DC006A2B90D34FBF94E0CC3C42B52538,1535546745206000,2018-08-29T13:45:45,,1220499683,IOS,,SplashViewController,app,4009556246499342452,,1,,,0,0,,globalnav_range,,,,,,,,,1535546745206000,ba946113c0e08d7a4a1358ea0077a98e,uk.co.skoda.assistant.test,1.1.7,,1:571703561616:ios:777087d7f78ec12a,manual_install,tablet,Apple,iPad Air 2,,"iPad5,4",IOS,11.4.1,,,en-gb,No,3600,,,Europe,United Kingdom,England,London,,,(direct),(none),(direct),ba946113c0e08d7a4a1358ea0077a98e_10
20180829,1535548418757001,2018-08-29T14:13:38,button_press,1535548418757001,2018-08-29T14:13:38,,18,71697,ba946113c0e08d7a4a1358ea0077a98e,DC006A2B90D34FBF94E0CC3C42B52538,1535546745206000,2018-08-29T13:45:45,,1220499683,IOS,,SplashViewController,app,4009556246499342452,,1,,,0,0,,range,,,,,,,,,1535546745206000,ba946113c0e08d7a4a1358ea0077a98e,uk.co.skoda.assistant.test,1.1.7,,1:571703561616:ios:777087d7f78ec12a,manual_install,tablet,Apple,iPad Air 2,,"iPad5,4",IOS,11.4.1,,,en-gb,No,3600,,,Europe,United Kingdom,England,London,,,(direct),(none),(direct),ba946113c0e08d7a4a1358ea0077a98e_10
20180829,1535548419764002,2018-08-29T14:13:39,screen_view,1535548417663002,2018-08-29T14:13:37,,18,71697,ba946113c0e08d7a4a1358ea0077a98e,DC006A2B90D34FBF94E0CC3C42B52538,1535546745206000,2018-08-29T13:45:45,,1220499683,IOS,,SkodaContentViewController,auto,4009556246499342455,,1,4009556246499342452,SplashViewController,0,0,,,,,,,,,,,1535546745206000,ba946113c0e08d7a4a1358ea0077a98e,uk.co.skoda.assistant.test,1.1.7,,1:571703561616:ios:777087d7f78ec12a,manual_install,tablet,Apple,iPad Air 2,,"iPad5,4",IOS,11.4.1,,,en-gb,No,3600,,,Europe,United Kingdom,England,London,,,(direct),(none),(direct),ba946113c0e08d7a4a1358ea0077a98e_10
20180829,1535548419764002,2018-08-29T14:13:39,user_engagement,1535548417662002,2018-08-29T14:13:37,,18,71697,ba946113c0e08d7a4a1358ea0077a98e,DC006A2B90D34FBF94E0CC3C42B52538,1535546745206000,2018-08-29T13:45:45,,1220499683,IOS,,SplashViewController,auto,4009556246499342452,2101,,,,0,0,,,,,,,,,,,1535546745206000,ba946113c0e08d7a4a1358ea0077a98e,uk.co.skoda.assistant.test,1.1.7,,1:571703561616:ios:777087d7f78ec12a,manual_install,tablet,Apple,iPad Air 2,,"iPad5,4",IOS,11.4.1,,,en-gb,No,3600,,,Europe,United Kingdom,England,London,,,(direct),(none),(direct),ba946113c0e08d7a4a1358ea0077a98e_10
20180829,1535548419767003,2018-08-29T14:13:39,screen_view,1535548419764003,2018-08-29T14:13:39,,18,71697,ba946113c0e08d7a4a1358ea0077a98e,DC006A2B90D34FBF94E0CC3C42B52538,1535546745206000,2018-08-29T13:45:45,,1220499683,IOS,,RangeContentViewController,auto,4009556246499342456,,1,4009556246499342455,SkodaContentViewController,0,0,,,,,,,,,,,1535546745206000,ba946113c0e08d7a4a1358ea0077a98e,uk.co.skoda.assistant.test,1.1.7,,1:571703561616:ios:777087d7f78ec12a,manual_install,tablet,Apple,iPad Air 2,,"iPad5,4",IOS,11.4.1,,,en-gb,No,3600,,,Europe,United Kingdom,England,London,,,(direct),(none),(direct),ba946113c0e08d7a4a1358ea0077a98e_10
20180829,1535548423221004,2018-08-29T14:13:43,button_press,1535548418757004,2018-08-29T14:13:38,,18,71697,ba946113c0e08d7a4a1358ea0077a98e,DC006A2B90D34FBF94E0CC3C42B52538,1535546745206000,2018-08-29T13:45:45,,1220499683,IOS,,RangeContentViewController,app,4009556246499342456,,1,,,0,0,S,range_home_trim_select,75,,,,,,,,1535546745206000,ba946113c0e08d7a4a1358ea0077a98e,uk.co.skoda.assistant.test,1.1.7,,1:571703561616:ios:777087d7f78ec12a,manual_install,tablet,Apple,iPad Air 2,,"iPad5,4",IOS,11.4.1,,,en-gb,No,3600,,,Europe,United Kingdom,England,London,,,(direct),(none),(direct),ba946113c0e08d7a4a1358ea0077a98e_10
20180829,1535548424004006,2018-08-29T14:13:44,user_engagement,1535548419764006,2018-08-29T14:13:39,,18,71697,ba946113c0e08d7a4a1358ea0077a98e,DC006A2B90D34FBF94E0CC3C42B52538,1535546745206000,2018-08-29T13:45:45,,1220499683,IOS,,RangeContentViewController,auto,4009556246499342456,4240,,,,0,0,,,,,,,,,,,1535546745206000,ba946113c0e08d7a4a1358ea0077a98e,uk.co.skoda.assistant.test,1.1.7,,1:571703561616:ios:777087d7f78ec12a,manual_install,tablet,Apple,iPad Air 2,,"iPad5,4",IOS,11.4.1,,,en-gb,No,3600,,,Europe,United Kingdom,England,London,,,(direct),(none),(direct),ba946113c0e08d7a4a1358ea0077a98e_10
20180829,1535548424005005,2018-08-29T14:13:44,screen_view,1535548419767005,2018-08-29T14:13:39,,18,71697,ba946113c0e08d7a4a1358ea0077a98e,DC006A2B90D34FBF94E0CC3C42B52538,1535546745206000,2018-08-29T13:45:45,,1220499683,IOS,,TrimViewController,auto,4009556246499342457,,1,4009556246499342456,RangeContentViewController,0,0,,,,,,,,,,,1535546745206000,ba946113c0e08d7a4a1358ea0077a98e,uk.co.skoda.assistant.test,1.1.7,,1:571703561616:ios:777087d7f78ec12a,manual_install,tablet,Apple,iPad Air 2,,"iPad5,4",IOS,11.4.1,,,en-gb,No,3600,,,Europe,United Kingdom,England,London,,,(direct),(none),(direct),ba946113c0e08d7a4a1358ea0077a98e_10
20180829,1535548430855006,2018-08-29T14:13:50,button_press,1535548423221006,2018-08-29T14:13:43,,18,71697,ba946113c0e08d7a4a1358ea0077a98e,DC006A2B90D34FBF94E0CC3C42B52538,1535546745206000,2018-08-29T13:45:45,,1220499683,IOS,,TrimViewController,app,4009556246499342457,,1,,,0,0,1.0 MPI 60PS,trim_home_view_full_details,3198,,,,,,,,1535546745206000,ba946113c0e08d7a4a1358ea0077a98e,uk.co.skoda.assistant.test,1.1.7,,1:571703561616:ios:777087d7f78ec12a,manual_install,tablet,Apple,iPad Air 2,,"iPad5,4",IOS,11.4.1,,,en-gb,No,3600,,,Europe,United Kingdom,England,London,,,(direct),(none),(direct),ba946113c0e08d7a4a1358ea0077a98e_10
20180829,1535548431500009,2018-08-29T14:13:51,user_engagement,1535548424004009,2018-08-29T14:13:44,,18,71697,ba946113c0e08d7a4a1358ea0077a98e,DC006A2B90D34FBF94E0CC3C42B52538,1535546745206000,2018-08-29T13:45:45,,1220499683,IOS,,TrimViewController,auto,4009556246499342457,7496,,,,0,0,,,,,,,,,,,1535546745206000,ba946113c0e08d7a4a1358ea0077a98e,uk.co.skoda.assistant.test,1.1.7,,1:571703561616:ios:777087d7f78ec12a,manual_install,tablet,Apple,iPad Air 2,,"iPad5,4",IOS,11.4.1,,,en-gb,No,3600,,,Europe,United Kingdom,England,London,,,(direct),(none),(direct),ba946113c0e08d7a4a1358ea0077a98e_10
20180829,1535548431501007,2018-08-29T14:13:51,screen_view,1535548424005007,2018-08-29T14:13:44,,18,71697,ba946113c0e08d7a4a1358ea0077a98e,DC006A2B90D34FBF94E0CC3C42B52538,1535546745206000,2018-08-29T13:45:45,,1220499683,IOS,,EngineDetailsViewController,auto,4009556246499342458,,1,4009556246499342457,TrimViewController,0,0,,,,,,,,,,,1535546745206000,ba946113c0e08d7a4a1358ea0077a98e,uk.co.skoda.assistant.test,1.1.7,,1:571703561616:ios:777087d7f78ec12a,manual_install,tablet,Apple,iPad Air 2,,"iPad5,4",IOS,11.4.1,,,en-gb,No,3600,,,Europe,United Kingdom,England,London,,,(direct),(none),(direct),ba946113c0e08d7a4a1358ea0077a98e_10
20180829,1535549713724000,2018-08-29T14:35:13,screen_view,1535548431501000,2018-08-29T14:13:51,,19,71698,ba946113c0e08d7a4a1358ea0077a98e,DC006A2B90D34FBF94E0CC3C42B52538,1535546745206000,2018-08-29T13:45:45,,1220499683,IOS,,SplashViewController,auto,3669285342150394192,,1,,,0,0,,,,,,,,,,,1535546745206000,ba946113c0e08d7a4a1358ea0077a98e,uk.co.skoda.assistant.test,1.1.7,,1:571703561616:ios:777087d7f78ec12a,manual_install,tablet,Apple,iPad Air 2,,"iPad5,4",IOS,11.4.1,,,en-gb,No,3600,,,Europe,United Kingdom,England,London,,,(direct),(none),(direct),ba946113c0e08d7a4a1358ea0077a98e_10
20180829,1535549713934001,2018-08-29T14:35:13,screen_view,1535549713724001,2018-08-29T14:35:13,,19,71698,ba946113c0e08d7a4a1358ea0077a98e,DC006A2B90D34FBF94E0CC3C42B52538,1535546745206000,2018-08-29T13:45:45,,1220499683,IOS,,LoginViewController,auto,3669285342150394193,,1,3669285342150394192,SplashViewController,0,0,,,,,,,,,,,1535546745206000,ba946113c0e08d7a4a1358ea0077a98e,uk.co.skoda.assistant.test,1.1.7,,1:571703561616:ios:777087d7f78ec12a,manual_install,tablet,Apple,iPad Air 2,,"iPad5,4",IOS,11.4.1,,,en-gb,No,3600,,,Europe,United Kingdom,England,London,,,(direct),(none),(direct),ba946113c0e08d7a4a1358ea0077a98e_10
20180829,1535549718494002,2018-08-29T14:35:18,user_engagement,1535548431500002,2018-08-29T14:13:51,,19,71698,ba946113c0e08d7a4a1358ea0077a98e,DC006A2B90D34FBF94E0CC3C42B52538,1535546745206000,2018-08-29T13:45:45,,1220499683,IOS,,LoginViewController,auto,3669285342150394193,4707,,,,0,0,,,,,,,,,,,1535546745206000,ba946113c0e08d7a4a1358ea0077a98e,uk.co.skoda.assistant.test,1.1.7,,1:571703561616:ios:777087d7f78ec12a,manual_install,tablet,Apple,iPad Air 2,,"iPad5,4",IOS,11.4.1,,,en-gb,No,3600,,,Europe,United Kingdom,England,London,,,(direct),(none),(direct),ba946113c0e08d7a4a1358ea0077a98e_10
20180829,1535549765001000,2018-08-29T14:36:05,screen_view,1535539999241000,2018-08-29T11:53:19,,68,112323,ba946113c0e08d7a4a1358ea0077a98e,5783228E70934E968FF40707CC1971D8,1534951137328000,2018-08-22T16:18:57,,1220499683,IOS,,SplashViewController,auto,6136825225178854523,,1,,,0,0,,,,,,,,,,,1534951137328000,ba946113c0e08d7a4a1358ea0077a98e,uk.co.skoda.assistant.uat,1.1.7,,1:571703561616:ios:777087d7f78ec12a,manual_install,tablet,Apple,iPad Air 2,,"iPad5,4",IOS,11.4.1,,,en-gb,No,3600,,,Europe,United Kingdom,England,London,,,(direct),(none),(direct),ba946113c0e08d7a4a1358ea0077a98e_10
20180829,1535549765193001,2018-08-29T14:36:05,screen_view,1535549765001001,2018-08-29T14:36:05,,68,112323,ba946113c0e08d7a4a1358ea0077a98e,5783228E70934E968FF40707CC1971D8,1534951137328000,2018-08-22T16:18:57,,1220499683,IOS,,LoginViewController,auto,6136825225178854524,,1,6136825225178854523,SplashViewController,0,0,,,,,,,,,,,1534951137328000,ba946113c0e08d7a4a1358ea0077a98e,uk.co.skoda.assistant.uat,1.1.7,,1:571703561616:ios:777087d7f78ec12a,manual_install,tablet,Apple,iPad Air 2,,"iPad5,4",IOS,11.4.1,,,en-gb,No,3600,,,Europe,United Kingdom,England,London,,,(direct),(none),(direct),ba946113c0e08d7a4a1358ea0077a98e_10
20180829,1535549775065002,2018-08-29T14:36:15,session_start,1535539995633002,2018-08-29T11:53:15,,68,112323,ba946113c0e08d7a4a1358ea0077a98e,5783228E70934E968FF40707CC1971D8,1534951137328000,2018-08-22T16:18:57,,1220499683,IOS,,LoginViewController,auto,6136825225178854524,,1,,,0,0,,,,,,,,,,,1534951137328000,ba946113c0e08d7a4a1358ea0077a98e,uk.co.skoda.assistant.uat,1.1.7,,1:571703561616:ios:777087d7f78ec12a,manual_install,tablet,Apple,iPad Air 2,,"iPad5,4",IOS,11.4.1,,,en-gb,No,3600,,,Europe,United Kingdom,England,London,,,(direct),(none),(direct),ba946113c0e08d7a4a1358ea0077a98e_10
20180829,1535549796310000,2018-08-29T14:36:36,user_engagement,1535540003904000,2018-08-29T11:53:23,,69,72050,ba946113c0e08d7a4a1358ea0077a98e,5783228E70934E968FF40707CC1971D8,1534951137328000,2018-08-22T16:18:57,,1220499683,IOS,,LoginViewController,auto,6136825225178854524,31249,,,,0,0,,,,,,,,,,,1534951137328000,ba946113c0e08d7a4a1358ea0077a98e,uk.co.skoda.assistant.uat,1.1.7,,1:571703561616:ios:777087d7f78ec12a,manual_install,tablet,Apple,iPad Air 2,,"iPad5,4",IOS,11.4.1,,,en-gb,No,3600,,,Europe,United Kingdom,England,London,,,(direct),(none),(direct),ba946113c0e08d7a4a1358ea0077a98e_10
20180829,1535549800705000,2018-08-29T14:36:40,user_engagement,1535549796310000,2018-08-29T14:36:36,,70,105397,ba946113c0e08d7a4a1358ea0077a98e,5783228E70934E968FF40707CC1971D8,1534951137328000,2018-08-22T16:18:57,,1220499683,IOS,,LoginViewController,auto,6136825225178854524,3019,,,,0,0,,,,,,,,,,,1534951137328000,ba946113c0e08d7a4a1358ea0077a98e,uk.co.skoda.assistant.uat,1.1.7,,1:571703561616:ios:777087d7f78ec12a,manual_install,tablet,Apple,iPad Air 2,,"iPad5,4",IOS,11.4.1,,,en-gb,No,3600,,,Europe,United Kingdom,England,London,,,(direct),(none),(direct),ba946113c0e08d7a4a1358ea0077a98e_10
20180829,1535549800706000,2018-08-29T14:36:40,screen_view,1535549765193000,2018-08-29T14:36:05,,70,105397,ba946113c0e08d7a4a1358ea0077a98e,5783228E70934E968FF40707CC1971D8,1534951137328000,2018-08-22T16:18:57,,1220499683,IOS,,SplashViewController,auto,6136825225178854523,,1,6136825225178854524,LoginViewController,0,0,,,,,,,,,,,1534951137328000,ba946113c0e08d7a4a1358ea0077a98e,uk.co.skoda.assistant.uat,1.1.7,,1:571703561616:ios:777087d7f78ec12a,manual_install,tablet,Apple,iPad Air 2,,"iPad5,4",IOS,11.4.1,,,en-gb,No,3600,,,Europe,United Kingdom,England,London,,,(direct),(none),(direct),ba946113c0e08d7a4a1358ea0077a98e_10
