event_date,event_timestamp,event_iso8601,event_name,event_previous_timestamp,event_previous_iso8601,event_value_in_usd,event_bundle_sequence_id,event_server_timestamp_offset,user_id,user_pseudo_id,user_first_touch_timestamp,user_first_touch_iso8601,user_ltv,stream_id,platform,event_dimensions,firebase_screen_class,firebase_event_origin,firebase_screen_id,engagement_time_msec,firebase_conversion,firebase_previous_id,firebase_previous_class,user_retailer,user_area,AnalyticsParameterTerm,button_name,AnalyticsParameterItemID,engine,Compared_vehicle_1,Compared_vehicle_2,update_with_analytics,previous_first_open_count,previous_app_version,Compared_vehicle_3,first_open_time,user_id,id,version,install_store,firebase_app_id,install_source,category,mobile_brand_name,mobile_model_name,mobile_marketing_name,mobile_os_hardware_model,operating_system,operating_system_version,vendor_id,advertising_id,language,is_limited_ad_tracking,time_zone_offset_seconds,browser,browser,continent,country,region,city,sub_continent,metro,name,medium,source,user_session_generated_id
20180829,1535533525865000,2018-08-29T10:05:25,screen_view,1535464382131000,2018-08-28T14:53:02,,15,68332,6a618b77d08300f8cb0cfb6bd619c9c9,122A4297CA874280B4CD2FA347C4AFEB,1535447121442000,2018-08-28T10:05:21,,1220499683,IOS,,SplashViewController,auto,-276605407780152137,,1,,,0,0,,,,,,,,,,,1535447121442000,6a618b77d08300f8cb0cfb6bd619c9c9,uk.co.skoda.assistant.test,1.1.6,,1:571703561616:ios:777087d7f78ec12a,manual_install,tablet,Apple,iPad 5th gen,,"iPad6,11",IOS,11.4.1,,,en-gb,No,3600,,,Europe,United Kingdom,England,Bristol,,,(direct),(none),(direct),6a618b77d08300f8cb0cfb6bd619c9c9_0
20180829,1535533526093001,2018-08-29T10:05:26,screen_view,1535533525865001,2018-08-29T10:05:25,,15,68332,6a618b77d08300f8cb0cfb6bd619c9c9,122A4297CA874280B4CD2FA347C4AFEB,1535447121442000,2018-08-28T10:05:21,,1220499683,IOS,,LoginViewController,auto,-276605407780152136,,1,-276605407780152137,SplashViewController,0,0,,,,,,,,,,,1535447121442000,6a618b77d08300f8cb0cfb6bd619c9c9,uk.co.skoda.assistant.test,1.1.6,,1:571703561616:ios:777087d7f78ec12a,manual_install,tablet,Apple,iPad 5th gen,,"iPad6,11",IOS,11.4.1,,,en-gb,No,3600,,,Europe,United Kingdom,England,Bristol,,,(direct),(none),(direct),6a618b77d08300f8cb0cfb6bd619c9c9_0
20180829,1535533530182002,2018-08-29T10:05:30,user_engagement,1535464383885002,2018-08-28T14:53:03,,15,68332,6a618b77d08300f8cb0cfb6bd619c9c9,122A4297CA874280B4CD2FA347C4AFEB,1535447121442000,2018-08-28T10:05:21,,1220499683,IOS,,LoginViewController,auto,-276605407780152136,4290,,,,0,0,,,,,,,,,,,1535447121442000,6a618b77d08300f8cb0cfb6bd619c9c9,uk.co.skoda.assistant.test,1.1.6,,1:571703561616:ios:777087d7f78ec12a,manual_install,tablet,Apple,iPad 5th gen,,"iPad6,11",IOS,11.4.1,,,en-gb,No,3600,,,Europe,United Kingdom,England,Bristol,,,(direct),(none),(direct),6a618b77d08300f8cb0cfb6bd619c9c9_0
20180829,1535533534881000,2018-08-29T10:05:34,user_engagement,1535533530182000,2018-08-29T10:05:30,,16,34854,6a618b77d08300f8cb0cfb6bd619c9c9,122A4297CA874280B4CD2FA347C4AFEB,1535447121442000,2018-08-28T10:05:21,,1220499683,IOS,,LoginViewController,auto,-276605407780152136,2355,,,,0,0,,,,,,,,,,,1535447121442000,6a618b77d08300f8cb0cfb6bd619c9c9,uk.co.skoda.assistant.test,1.1.6,,1:571703561616:ios:777087d7f78ec12a,manual_install,tablet,Apple,iPad 5th gen,,"iPad6,11",IOS,11.4.1,,,en-gb,No,3600,,,Europe,United Kingdom,England,Bristol,,,(direct),(none),(direct),6a618b77d08300f8cb0cfb6bd619c9c9_0
20180829,1535533534882000,2018-08-29T10:05:34,screen_view,1535533526093000,2018-08-29T10:05:26,,16,34854,6a618b77d08300f8cb0cfb6bd619c9c9,122A4297CA874280B4CD2FA347C4AFEB,1535447121442000,2018-08-28T10:05:21,,1220499683,IOS,,SplashViewController,auto,-276605407780152137,,1,-276605407780152136,LoginViewController,0,0,,,,,,,,,,,1535447121442000,6a618b77d08300f8cb0cfb6bd619c9c9,uk.co.skoda.assistant.test,1.1.6,,1:571703561616:ios:777087d7f78ec12a,manual_install,tablet,Apple,iPad 5th gen,,"iPad6,11",IOS,11.4.1,,,en-gb,No,3600,,,Europe,United Kingdom,England,Bristol,,,(direct),(none),(direct),6a618b77d08300f8cb0cfb6bd619c9c9_0
