event_date,event_timestamp,event_iso8601,event_name,event_previous_timestamp,event_previous_iso8601,event_value_in_usd,event_bundle_sequence_id,event_server_timestamp_offset,user_id,user_pseudo_id,user_first_touch_timestamp,user_first_touch_iso8601,user_ltv,stream_id,platform,event_dimensions,firebase_screen_class,firebase_event_origin,firebase_screen_id,engagement_time_msec,firebase_conversion,firebase_previous_id,firebase_previous_class,user_retailer,user_area,AnalyticsParameterTerm,button_name,AnalyticsParameterItemID,engine,Compared_vehicle_1,Compared_vehicle_2,update_with_analytics,previous_first_open_count,previous_app_version,Compared_vehicle_3,first_open_time,user_id,id,version,install_store,firebase_app_id,install_source,category,mobile_brand_name,mobile_model_name,mobile_marketing_name,mobile_os_hardware_model,operating_system,operating_system_version,vendor_id,advertising_id,language,is_limited_ad_tracking,time_zone_offset_seconds,browser,browser,continent,country,region,city,sub_continent,metro,name,medium,source,user_session_generated_id
20180829,1535529452944003,2018-08-29T08:57:32,AnalyticsEventLogin,1535184353962003,2018-08-25T09:05:53,,46,171866,3815d233c65e0ed5c46b0e210e2fe10c,A030146C3D7F4F43B80C6182F70A03C2,1534769254275000,2018-08-20T13:47:34,,1220499683,IOS,,SplashViewController,app,7419981379968766748,,1,,,28007,3,3815d233c65e0ed5c46b0e210e2fe10c,,,,,,,,,,1534769254275000,3815d233c65e0ed5c46b0e210e2fe10c,uk.co.skoda.assistant.ios,1.1.6,,1:571703561616:ios:777087d7f78ec12a,manual_install,tablet,Apple,iPad,,"iPad7,5",IOS,11.4.1,,,en-gb,No,3600,,,Europe,United Kingdom,England,Andover,,,(direct),(none),(direct),3815d233c65e0ed5c46b0e210e2fe10c_1
20180829,1535529453092000,2018-08-29T08:57:33,button_press,1535205684320000,2018-08-25T15:01:24,,47,171867,3815d233c65e0ed5c46b0e210e2fe10c,A030146C3D7F4F43B80C6182F70A03C2,1534769254275000,2018-08-20T13:47:34,,1220499683,IOS,,SplashViewController,app,7419981379968766748,,1,,,28007,3,,globalnav_range,,,,,,,,,1534769254275000,3815d233c65e0ed5c46b0e210e2fe10c,uk.co.skoda.assistant.ios,1.1.6,,1:571703561616:ios:777087d7f78ec12a,manual_install,tablet,Apple,iPad,,"iPad7,5",IOS,11.4.1,,,en-gb,No,3600,,,Europe,United Kingdom,England,Andover,,,(direct),(none),(direct),3815d233c65e0ed5c46b0e210e2fe10c_1
20180829,1535529453093001,2018-08-29T08:57:33,button_press,1535529453092001,2018-08-29T08:57:33,,47,171867,3815d233c65e0ed5c46b0e210e2fe10c,A030146C3D7F4F43B80C6182F70A03C2,1534769254275000,2018-08-20T13:47:34,,1220499683,IOS,,SplashViewController,app,7419981379968766748,,1,,,28007,3,,range,,,,,,,,,1534769254275000,3815d233c65e0ed5c46b0e210e2fe10c,uk.co.skoda.assistant.ios,1.1.6,,1:571703561616:ios:777087d7f78ec12a,manual_install,tablet,Apple,iPad,,"iPad7,5",IOS,11.4.1,,,en-gb,No,3600,,,Europe,United Kingdom,England,Andover,,,(direct),(none),(direct),3815d233c65e0ed5c46b0e210e2fe10c_1
20180829,1535529453814002,2018-08-29T08:57:33,screen_view,1535529452914002,2018-08-29T08:57:32,,47,171867,3815d233c65e0ed5c46b0e210e2fe10c,A030146C3D7F4F43B80C6182F70A03C2,1534769254275000,2018-08-20T13:47:34,,1220499683,IOS,,SkodaContentViewController,auto,7419981379968766815,,1,7419981379968766748,SplashViewController,28007,3,,,,,,,,,,,1534769254275000,3815d233c65e0ed5c46b0e210e2fe10c,uk.co.skoda.assistant.ios,1.1.6,,1:571703561616:ios:777087d7f78ec12a,manual_install,tablet,Apple,iPad,,"iPad7,5",IOS,11.4.1,,,en-gb,No,3600,,,Europe,United Kingdom,England,Andover,,,(direct),(none),(direct),3815d233c65e0ed5c46b0e210e2fe10c_1
20180829,1535529453815003,2018-08-29T08:57:33,screen_view,1535529453814003,2018-08-29T08:57:33,,47,171867,3815d233c65e0ed5c46b0e210e2fe10c,A030146C3D7F4F43B80C6182F70A03C2,1534769254275000,2018-08-20T13:47:34,,1220499683,IOS,,RangeContentViewController,auto,7419981379968766816,,1,7419981379968766815,SkodaContentViewController,28007,3,,,,,,,,,,,1534769254275000,3815d233c65e0ed5c46b0e210e2fe10c,uk.co.skoda.assistant.ios,1.1.6,,1:571703561616:ios:777087d7f78ec12a,manual_install,tablet,Apple,iPad,,"iPad7,5",IOS,11.4.1,,,en-gb,No,3600,,,Europe,United Kingdom,England,Andover,,,(direct),(none),(direct),3815d233c65e0ed5c46b0e210e2fe10c_1
20180829,1535529518235004,2018-08-29T08:58:38,user_engagement,1535529452913004,2018-08-29T08:57:32,,47,171867,3815d233c65e0ed5c46b0e210e2fe10c,A030146C3D7F4F43B80C6182F70A03C2,1534769254275000,2018-08-20T13:47:34,,1220499683,IOS,,RangeContentViewController,auto,7419981379968766816,65321,,,,28007,3,,,,,,,,,,,1534769254275000,3815d233c65e0ed5c46b0e210e2fe10c,uk.co.skoda.assistant.ios,1.1.6,,1:571703561616:ios:777087d7f78ec12a,manual_install,tablet,Apple,iPad,,"iPad7,5",IOS,11.4.1,,,en-gb,No,3600,,,Europe,United Kingdom,England,Andover,,,(direct),(none),(direct),3815d233c65e0ed5c46b0e210e2fe10c_1
20180829,1535529670729000,2018-08-29T09:01:10,user_engagement,1535529518235000,2018-08-29T08:58:38,,48,156073,3815d233c65e0ed5c46b0e210e2fe10c,A030146C3D7F4F43B80C6182F70A03C2,1534769254275000,2018-08-20T13:47:34,,1220499683,IOS,,RangeContentViewController,auto,7419981379968766816,146994,,,,28007,3,,,,,,,,,,,1534769254275000,3815d233c65e0ed5c46b0e210e2fe10c,uk.co.skoda.assistant.ios,1.1.6,,1:571703561616:ios:777087d7f78ec12a,manual_install,tablet,Apple,iPad,,"iPad7,5",IOS,11.4.1,,,en-gb,No,3600,,,Europe,United Kingdom,England,Andover,,,(direct),(none),(direct),3815d233c65e0ed5c46b0e210e2fe10c_1
20180829,1535529710499000,2018-08-29T09:01:50,user_engagement,1535529670729000,2018-08-29T09:01:10,,49,195382,3815d233c65e0ed5c46b0e210e2fe10c,A030146C3D7F4F43B80C6182F70A03C2,1534769254275000,2018-08-20T13:47:34,,1220499683,IOS,,RangeContentViewController,auto,7419981379968766816,532,,,,28007,3,,,,,,,,,,,1534769254275000,3815d233c65e0ed5c46b0e210e2fe10c,uk.co.skoda.assistant.ios,1.1.6,,1:571703561616:ios:777087d7f78ec12a,manual_install,tablet,Apple,iPad,,"iPad7,5",IOS,11.4.1,,,en-gb,No,3600,,,Europe,United Kingdom,England,Andover,,,(direct),(none),(direct),3815d233c65e0ed5c46b0e210e2fe10c_1
20180829,1535541126479000,2018-08-29T12:12:06,button_press,1535529453093000,2018-08-29T08:57:33,,50,164157,3815d233c65e0ed5c46b0e210e2fe10c,A030146C3D7F4F43B80C6182F70A03C2,1534769254275000,2018-08-20T13:47:34,,1220499683,IOS,,RangeContentViewController,app,7419981379968766816,,1,,,28007,3,,globalnav_links,,,,,,,,,1534769254275000,3815d233c65e0ed5c46b0e210e2fe10c,uk.co.skoda.assistant.ios,1.1.6,,1:571703561616:ios:777087d7f78ec12a,manual_install,tablet,Apple,iPad,,"iPad7,5",IOS,11.4.1,,,en-gb,No,3600,,,Europe,United Kingdom,England,Andover,,,(direct),(none),(direct),3815d233c65e0ed5c46b0e210e2fe10c_1
20180829,1535541126508001,2018-08-29T12:12:06,button_press,1535541126479001,2018-08-29T12:12:06,,50,164157,3815d233c65e0ed5c46b0e210e2fe10c,A030146C3D7F4F43B80C6182F70A03C2,1534769254275000,2018-08-20T13:47:34,,1220499683,IOS,,RangeContentViewController,app,7419981379968766816,,1,,,28007,3,,links,,,,,,,,,1534769254275000,3815d233c65e0ed5c46b0e210e2fe10c,uk.co.skoda.assistant.ios,1.1.6,,1:571703561616:ios:777087d7f78ec12a,manual_install,tablet,Apple,iPad,,"iPad7,5",IOS,11.4.1,,,en-gb,No,3600,,,Europe,United Kingdom,England,Andover,,,(direct),(none),(direct),3815d233c65e0ed5c46b0e210e2fe10c_1
20180829,1535541126765002,2018-08-29T12:12:06,screen_view,1535529453815002,2018-08-29T08:57:33,,50,164157,3815d233c65e0ed5c46b0e210e2fe10c,A030146C3D7F4F43B80C6182F70A03C2,1534769254275000,2018-08-20T13:47:34,,1220499683,IOS,,SkodaContentViewController,auto,7419981379968766815,,1,7419981379968766816,RangeContentViewController,28007,3,,,,,,,,,,,1534769254275000,3815d233c65e0ed5c46b0e210e2fe10c,uk.co.skoda.assistant.ios,1.1.6,,1:571703561616:ios:777087d7f78ec12a,manual_install,tablet,Apple,iPad,,"iPad7,5",IOS,11.4.1,,,en-gb,No,3600,,,Europe,United Kingdom,England,Andover,,,(direct),(none),(direct),3815d233c65e0ed5c46b0e210e2fe10c_1
20180829,1535541126765002,2018-08-29T12:12:06,user_engagement,1535529710499002,2018-08-29T09:01:50,,50,164157,3815d233c65e0ed5c46b0e210e2fe10c,A030146C3D7F4F43B80C6182F70A03C2,1534769254275000,2018-08-20T13:47:34,,1220499683,IOS,,RangeContentViewController,auto,7419981379968766816,6026,,,,28007,3,,,,,,,,,,,1534769254275000,3815d233c65e0ed5c46b0e210e2fe10c,uk.co.skoda.assistant.ios,1.1.6,,1:571703561616:ios:777087d7f78ec12a,manual_install,tablet,Apple,iPad,,"iPad7,5",IOS,11.4.1,,,en-gb,No,3600,,,Europe,United Kingdom,England,Andover,,,(direct),(none),(direct),3815d233c65e0ed5c46b0e210e2fe10c_1
20180829,1535541128212003,2018-08-29T12:12:08,link_followed,,,,50,164157,3815d233c65e0ed5c46b0e210e2fe10c,A030146C3D7F4F43B80C6182F70A03C2,1534769254275000,2018-08-20T13:47:34,,1220499683,IOS,,SkodaContentViewController,app,7419981379968766815,,1,,,28007,3,ŠKODA Car Configurator,,7,,,,,,,,1534769254275000,3815d233c65e0ed5c46b0e210e2fe10c,uk.co.skoda.assistant.ios,1.1.6,,1:571703561616:ios:777087d7f78ec12a,manual_install,tablet,Apple,iPad,,"iPad7,5",IOS,11.4.1,,,en-gb,No,3600,,,Europe,United Kingdom,England,Andover,,,(direct),(none),(direct),3815d233c65e0ed5c46b0e210e2fe10c_1
20180829,1535541128388004,2018-08-29T12:12:08,screen_view,1535541126765004,2018-08-29T12:12:06,,50,164157,3815d233c65e0ed5c46b0e210e2fe10c,A030146C3D7F4F43B80C6182F70A03C2,1534769254275000,2018-08-20T13:47:34,,1220499683,IOS,,SFSafariViewController,auto,7419981379968766817,,1,7419981379968766815,SkodaContentViewController,28007,3,,,,,,,,,,,1534769254275000,3815d233c65e0ed5c46b0e210e2fe10c,uk.co.skoda.assistant.ios,1.1.6,,1:571703561616:ios:777087d7f78ec12a,manual_install,tablet,Apple,iPad,,"iPad7,5",IOS,11.4.1,,,en-gb,No,3600,,,Europe,United Kingdom,England,Andover,,,(direct),(none),(direct),3815d233c65e0ed5c46b0e210e2fe10c_1
20180829,1535541128388005,2018-08-29T12:12:08,user_engagement,1535541126765005,2018-08-29T12:12:06,,50,164157,3815d233c65e0ed5c46b0e210e2fe10c,A030146C3D7F4F43B80C6182F70A03C2,1534769254275000,2018-08-20T13:47:34,,1220499683,IOS,,SkodaContentViewController,auto,7419981379968766815,1622,,,,28007,3,,,,,,,,,,,1534769254275000,3815d233c65e0ed5c46b0e210e2fe10c,uk.co.skoda.assistant.ios,1.1.6,,1:571703561616:ios:777087d7f78ec12a,manual_install,tablet,Apple,iPad,,"iPad7,5",IOS,11.4.1,,,en-gb,No,3600,,,Europe,United Kingdom,England,Andover,,,(direct),(none),(direct),3815d233c65e0ed5c46b0e210e2fe10c_1
20180829,1535541130744005,2018-08-29T12:12:10,session_start,1535529421882005,2018-08-29T08:57:01,,50,164157,3815d233c65e0ed5c46b0e210e2fe10c,A030146C3D7F4F43B80C6182F70A03C2,1534769254275000,2018-08-20T13:47:34,,1220499683,IOS,,SFSafariViewController,auto,7419981379968766817,,1,,,28007,3,,,,,,,,,,,1534769254275000,3815d233c65e0ed5c46b0e210e2fe10c,uk.co.skoda.assistant.ios,1.1.6,,1:571703561616:ios:777087d7f78ec12a,manual_install,tablet,Apple,iPad,,"iPad7,5",IOS,11.4.1,,,en-gb,No,3600,,,Europe,United Kingdom,England,Andover,,,(direct),(none),(direct),3815d233c65e0ed5c46b0e210e2fe10c_1
20180829,1535541360944000,2018-08-29T12:16:00,user_engagement,1535541128388000,2018-08-29T12:12:08,,51,123953,3815d233c65e0ed5c46b0e210e2fe10c,A030146C3D7F4F43B80C6182F70A03C2,1534769254275000,2018-08-20T13:47:34,,1220499683,IOS,,SFSafariViewController,auto,7419981379968766817,232556,,,,28007,3,,,,,,,,,,,1534769254275000,3815d233c65e0ed5c46b0e210e2fe10c,uk.co.skoda.assistant.ios,1.1.6,,1:571703561616:ios:777087d7f78ec12a,manual_install,tablet,Apple,iPad,,"iPad7,5",IOS,11.4.1,,,en-gb,No,3600,,,Europe,United Kingdom,England,Andover,,,(direct),(none),(direct),3815d233c65e0ed5c46b0e210e2fe10c_1
20180829,1535544634459000,2018-08-29T13:10:34,user_engagement,1535541360944000,2018-08-29T12:16:00,,52,154919,3815d233c65e0ed5c46b0e210e2fe10c,A030146C3D7F4F43B80C6182F70A03C2,1534769254275000,2018-08-20T13:47:34,,1220499683,IOS,,SFSafariViewController,auto,7419981379968766817,3934,,,,28007,3,,,,,,,,,,,1534769254275000,3815d233c65e0ed5c46b0e210e2fe10c,uk.co.skoda.assistant.ios,1.1.6,,1:571703561616:ios:777087d7f78ec12a,manual_install,tablet,Apple,iPad,,"iPad7,5",IOS,11.4.1,,,en-gb,No,3600,,,Europe,United Kingdom,England,Andover,,,(direct),(none),(direct),3815d233c65e0ed5c46b0e210e2fe10c_1
20180829,1535544642091000,2018-08-29T13:10:42,screen_view,1535541128388000,2018-08-29T12:12:08,,53,105863,3815d233c65e0ed5c46b0e210e2fe10c,A030146C3D7F4F43B80C6182F70A03C2,1534769254275000,2018-08-20T13:47:34,,1220499683,IOS,,SkodaContentViewController,auto,7419981379968766815,,1,7419981379968766817,SFSafariViewController,28007,3,,,,,,,,,,,1534769254275000,3815d233c65e0ed5c46b0e210e2fe10c,uk.co.skoda.assistant.ios,1.1.6,,1:571703561616:ios:777087d7f78ec12a,manual_install,tablet,Apple,iPad,,"iPad7,5",IOS,11.4.1,,,en-gb,No,3600,,,Europe,United Kingdom,England,Andover,,,(direct),(none),(direct),3815d233c65e0ed5c46b0e210e2fe10c_1
20180829,1535544642091000,2018-08-29T13:10:42,user_engagement,1535544634459000,2018-08-29T13:10:34,,53,105863,3815d233c65e0ed5c46b0e210e2fe10c,A030146C3D7F4F43B80C6182F70A03C2,1534769254275000,2018-08-20T13:47:34,,1220499683,IOS,,SFSafariViewController,auto,7419981379968766817,6640,,,,28007,3,,,,,,,,,,,1534769254275000,3815d233c65e0ed5c46b0e210e2fe10c,uk.co.skoda.assistant.ios,1.1.6,,1:571703561616:ios:777087d7f78ec12a,manual_install,tablet,Apple,iPad,,"iPad7,5",IOS,11.4.1,,,en-gb,No,3600,,,Europe,United Kingdom,England,Andover,,,(direct),(none),(direct),3815d233c65e0ed5c46b0e210e2fe10c_1
20180829,1535544643737001,2018-08-29T13:10:43,button_press,1535541126508001,2018-08-29T12:12:06,,53,105863,3815d233c65e0ed5c46b0e210e2fe10c,A030146C3D7F4F43B80C6182F70A03C2,1534769254275000,2018-08-20T13:47:34,,1220499683,IOS,,SkodaContentViewController,app,7419981379968766815,,1,,,28007,3,,globalnav_compare,,,,,,,,,1534769254275000,3815d233c65e0ed5c46b0e210e2fe10c,uk.co.skoda.assistant.ios,1.1.6,,1:571703561616:ios:777087d7f78ec12a,manual_install,tablet,Apple,iPad,,"iPad7,5",IOS,11.4.1,,,en-gb,No,3600,,,Europe,United Kingdom,England,Andover,,,(direct),(none),(direct),3815d233c65e0ed5c46b0e210e2fe10c_1
20180829,1535544643747002,2018-08-29T13:10:43,button_press,1535544643737002,2018-08-29T13:10:43,,53,105863,3815d233c65e0ed5c46b0e210e2fe10c,A030146C3D7F4F43B80C6182F70A03C2,1534769254275000,2018-08-20T13:47:34,,1220499683,IOS,,SkodaContentViewController,app,7419981379968766815,,1,,,28007,3,,compare,,,,,,,,,1534769254275000,3815d233c65e0ed5c46b0e210e2fe10c,uk.co.skoda.assistant.ios,1.1.6,,1:571703561616:ios:777087d7f78ec12a,manual_install,tablet,Apple,iPad,,"iPad7,5",IOS,11.4.1,,,en-gb,No,3600,,,Europe,United Kingdom,England,Andover,,,(direct),(none),(direct),3815d233c65e0ed5c46b0e210e2fe10c_1
20180829,1535544645450003,2018-08-29T13:10:45,session_start,1535541130744003,2018-08-29T12:12:10,,53,105863,3815d233c65e0ed5c46b0e210e2fe10c,A030146C3D7F4F43B80C6182F70A03C2,1534769254275000,2018-08-20T13:47:34,,1220499683,IOS,,SkodaContentViewController,auto,7419981379968766815,,1,,,28007,3,,,,,,,,,,,1534769254275000,3815d233c65e0ed5c46b0e210e2fe10c,uk.co.skoda.assistant.ios,1.1.6,,1:571703561616:ios:777087d7f78ec12a,manual_install,tablet,Apple,iPad,,"iPad7,5",IOS,11.4.1,,,en-gb,No,3600,,,Europe,United Kingdom,England,Andover,,,(direct),(none),(direct),3815d233c65e0ed5c46b0e210e2fe10c_1
20180829,1535544645669004,2018-08-29T13:10:45,button_press,1535544643747004,2018-08-29T13:10:43,,53,105863,3815d233c65e0ed5c46b0e210e2fe10c,A030146C3D7F4F43B80C6182F70A03C2,1534769254275000,2018-08-20T13:47:34,,1220499683,IOS,,SkodaContentViewController,app,7419981379968766815,,1,,,28007,3,,globalnav_range,,,,,,,,,1534769254275000,3815d233c65e0ed5c46b0e210e2fe10c,uk.co.skoda.assistant.ios,1.1.6,,1:571703561616:ios:777087d7f78ec12a,manual_install,tablet,Apple,iPad,,"iPad7,5",IOS,11.4.1,,,en-gb,No,3600,,,Europe,United Kingdom,England,Andover,,,(direct),(none),(direct),3815d233c65e0ed5c46b0e210e2fe10c_1
20180829,1535544645685005,2018-08-29T13:10:45,button_press,1535544645669005,2018-08-29T13:10:45,,53,105863,3815d233c65e0ed5c46b0e210e2fe10c,A030146C3D7F4F43B80C6182F70A03C2,1534769254275000,2018-08-20T13:47:34,,1220499683,IOS,,SkodaContentViewController,app,7419981379968766815,,1,,,28007,3,,range,,,,,,,,,1534769254275000,3815d233c65e0ed5c46b0e210e2fe10c,uk.co.skoda.assistant.ios,1.1.6,,1:571703561616:ios:777087d7f78ec12a,manual_install,tablet,Apple,iPad,,"iPad7,5",IOS,11.4.1,,,en-gb,No,3600,,,Europe,United Kingdom,England,Andover,,,(direct),(none),(direct),3815d233c65e0ed5c46b0e210e2fe10c_1
20180829,1535544645717006,2018-08-29T13:10:45,screen_view,1535544642091006,2018-08-29T13:10:42,,53,105863,3815d233c65e0ed5c46b0e210e2fe10c,A030146C3D7F4F43B80C6182F70A03C2,1534769254275000,2018-08-20T13:47:34,,1220499683,IOS,,RangeContentViewController,auto,7419981379968766816,,1,7419981379968766815,SkodaContentViewController,28007,3,,,,,,,,,,,1534769254275000,3815d233c65e0ed5c46b0e210e2fe10c,uk.co.skoda.assistant.ios,1.1.6,,1:571703561616:ios:777087d7f78ec12a,manual_install,tablet,Apple,iPad,,"iPad7,5",IOS,11.4.1,,,en-gb,No,3600,,,Europe,United Kingdom,England,Andover,,,(direct),(none),(direct),3815d233c65e0ed5c46b0e210e2fe10c_1
20180829,1535544645717007,2018-08-29T13:10:45,user_engagement,1535544642091007,2018-08-29T13:10:42,,53,105863,3815d233c65e0ed5c46b0e210e2fe10c,A030146C3D7F4F43B80C6182F70A03C2,1534769254275000,2018-08-20T13:47:34,,1220499683,IOS,,SkodaContentViewController,auto,7419981379968766815,3626,,,,28007,3,,,,,,,,,,,1534769254275000,3815d233c65e0ed5c46b0e210e2fe10c,uk.co.skoda.assistant.ios,1.1.6,,1:571703561616:ios:777087d7f78ec12a,manual_install,tablet,Apple,iPad,,"iPad7,5",IOS,11.4.1,,,en-gb,No,3600,,,Europe,United Kingdom,England,Andover,,,(direct),(none),(direct),3815d233c65e0ed5c46b0e210e2fe10c_1
20180829,1535544647666007,2018-08-29T13:10:47,button_press,1535544645685007,2018-08-29T13:10:45,,53,105863,3815d233c65e0ed5c46b0e210e2fe10c,A030146C3D7F4F43B80C6182F70A03C2,1534769254275000,2018-08-20T13:47:34,,1220499683,IOS,,RangeContentViewController,app,7419981379968766816,,1,,,28007,3,,globalnav_compare,,,,,,,,,1534769254275000,3815d233c65e0ed5c46b0e210e2fe10c,uk.co.skoda.assistant.ios,1.1.6,,1:571703561616:ios:777087d7f78ec12a,manual_install,tablet,Apple,iPad,,"iPad7,5",IOS,11.4.1,,,en-gb,No,3600,,,Europe,United Kingdom,England,Andover,,,(direct),(none),(direct),3815d233c65e0ed5c46b0e210e2fe10c_1
20180829,1535544647703008,2018-08-29T13:10:47,button_press,1535544647666008,2018-08-29T13:10:47,,53,105863,3815d233c65e0ed5c46b0e210e2fe10c,A030146C3D7F4F43B80C6182F70A03C2,1534769254275000,2018-08-20T13:47:34,,1220499683,IOS,,RangeContentViewController,app,7419981379968766816,,1,,,28007,3,,compare,,,,,,,,,1534769254275000,3815d233c65e0ed5c46b0e210e2fe10c,uk.co.skoda.assistant.ios,1.1.6,,1:571703561616:ios:777087d7f78ec12a,manual_install,tablet,Apple,iPad,,"iPad7,5",IOS,11.4.1,,,en-gb,No,3600,,,Europe,United Kingdom,England,Andover,,,(direct),(none),(direct),3815d233c65e0ed5c46b0e210e2fe10c_1
20180829,1535544647711011,2018-08-29T13:10:47,user_engagement,1535544645717011,2018-08-29T13:10:45,,53,105863,3815d233c65e0ed5c46b0e210e2fe10c,A030146C3D7F4F43B80C6182F70A03C2,1534769254275000,2018-08-20T13:47:34,,1220499683,IOS,,RangeContentViewController,auto,7419981379968766816,1993,,,,28007,3,,,,,,,,,,,1534769254275000,3815d233c65e0ed5c46b0e210e2fe10c,uk.co.skoda.assistant.ios,1.1.6,,1:571703561616:ios:777087d7f78ec12a,manual_install,tablet,Apple,iPad,,"iPad7,5",IOS,11.4.1,,,en-gb,No,3600,,,Europe,United Kingdom,England,Andover,,,(direct),(none),(direct),3815d233c65e0ed5c46b0e210e2fe10c_1
20180829,1535544647712009,2018-08-29T13:10:47,screen_view,1535544645717009,2018-08-29T13:10:45,,53,105863,3815d233c65e0ed5c46b0e210e2fe10c,A030146C3D7F4F43B80C6182F70A03C2,1534769254275000,2018-08-20T13:47:34,,1220499683,IOS,,SkodaContentViewController,auto,7419981379968766815,,1,7419981379968766816,RangeContentViewController,28007,3,,,,,,,,,,,1534769254275000,3815d233c65e0ed5c46b0e210e2fe10c,uk.co.skoda.assistant.ios,1.1.6,,1:571703561616:ios:777087d7f78ec12a,manual_install,tablet,Apple,iPad,,"iPad7,5",IOS,11.4.1,,,en-gb,No,3600,,,Europe,United Kingdom,England,Andover,,,(direct),(none),(direct),3815d233c65e0ed5c46b0e210e2fe10c_1
20180829,1535544778549013,2018-08-29T13:12:58,user_engagement,1535544647711013,2018-08-29T13:10:47,,53,105863,3815d233c65e0ed5c46b0e210e2fe10c,A030146C3D7F4F43B80C6182F70A03C2,1534769254275000,2018-08-20T13:47:34,,1220499683,IOS,,SkodaContentViewController,auto,7419981379968766815,130838,,,,28007,3,,,,,,,,,,,1534769254275000,3815d233c65e0ed5c46b0e210e2fe10c,uk.co.skoda.assistant.ios,1.1.6,,1:571703561616:ios:777087d7f78ec12a,manual_install,tablet,Apple,iPad,,"iPad7,5",IOS,11.4.1,,,en-gb,No,3600,,,Europe,United Kingdom,England,Andover,,,(direct),(none),(direct),3815d233c65e0ed5c46b0e210e2fe10c_1
