event_date,event_timestamp,event_iso8601,event_name,event_previous_timestamp,event_previous_iso8601,event_value_in_usd,event_bundle_sequence_id,event_server_timestamp_offset,user_id,user_pseudo_id,user_first_touch_timestamp,user_first_touch_iso8601,user_ltv,stream_id,platform,event_dimensions,firebase_screen_class,firebase_event_origin,firebase_screen_id,engagement_time_msec,firebase_conversion,firebase_previous_id,firebase_previous_class,user_retailer,user_area,AnalyticsParameterTerm,button_name,AnalyticsParameterItemID,engine,Compared_vehicle_1,Compared_vehicle_2,update_with_analytics,previous_first_open_count,previous_app_version,Compared_vehicle_3,first_open_time,user_id,id,version,install_store,firebase_app_id,install_source,category,mobile_brand_name,mobile_model_name,mobile_marketing_name,mobile_os_hardware_model,operating_system,operating_system_version,vendor_id,advertising_id,language,is_limited_ad_tracking,time_zone_offset_seconds,browser,browser,continent,country,region,city,sub_continent,metro,name,medium,source,user_session_generated_id
20180829,1535553524883001,2018-08-29T15:38:44,AnalyticsEventLogin,1535553005471001,2018-08-29T15:30:05,,90,86601,ba946113c0e08d7a4a1358ea0077a98e,5783228E70934E968FF40707CC1971D8,1534951137328000,2018-08-22T16:18:57,,1220499683,IOS,,SplashViewController,app,7018922485763443986,,1,,,11111,1,ba946113c0e08d7a4a1358ea0077a98e,,,,,,,,,,1534951137328000,ba946113c0e08d7a4a1358ea0077a98e,uk.co.skoda.assistant.uat,1.1.7,,1:571703561616:ios:777087d7f78ec12a,manual_install,tablet,Apple,iPad Air 2,,"iPad5,4",IOS,11.4.1,,,en-gb,No,3600,,,Europe,United Kingdom,England,London,,,(direct),(none),(direct),ba946113c0e08d7a4a1358ea0077a98e_17
20180829,1535553525024000,2018-08-29T15:38:45,button_press,1535553005641000,2018-08-29T15:30:05,,91,86602,ba946113c0e08d7a4a1358ea0077a98e,5783228E70934E968FF40707CC1971D8,1534951137328000,2018-08-22T16:18:57,,1220499683,IOS,,SplashViewController,app,7018922485763443986,,1,,,11111,1,,globalnav_range,,,,,,,,,1534951137328000,ba946113c0e08d7a4a1358ea0077a98e,uk.co.skoda.assistant.uat,1.1.7,,1:571703561616:ios:777087d7f78ec12a,manual_install,tablet,Apple,iPad Air 2,,"iPad5,4",IOS,11.4.1,,,en-gb,No,3600,,,Europe,United Kingdom,England,London,,,(direct),(none),(direct),ba946113c0e08d7a4a1358ea0077a98e_17
20180829,1535553525025001,2018-08-29T15:38:45,button_press,1535553525024001,2018-08-29T15:38:45,,91,86602,ba946113c0e08d7a4a1358ea0077a98e,5783228E70934E968FF40707CC1971D8,1534951137328000,2018-08-22T16:18:57,,1220499683,IOS,,SplashViewController,app,7018922485763443986,,1,,,11111,1,,range,,,,,,,,,1534951137328000,ba946113c0e08d7a4a1358ea0077a98e,uk.co.skoda.assistant.uat,1.1.7,,1:571703561616:ios:777087d7f78ec12a,manual_install,tablet,Apple,iPad Air 2,,"iPad5,4",IOS,11.4.1,,,en-gb,No,3600,,,Europe,United Kingdom,England,London,,,(direct),(none),(direct),ba946113c0e08d7a4a1358ea0077a98e_17
20180829,1535553526161002,2018-08-29T15:38:46,screen_view,1535553524849002,2018-08-29T15:38:44,,91,86602,ba946113c0e08d7a4a1358ea0077a98e,5783228E70934E968FF40707CC1971D8,1534951137328000,2018-08-22T16:18:57,,1220499683,IOS,,SkodaContentViewController,auto,7018922485763443988,,1,7018922485763443986,SplashViewController,11111,1,,,,,,,,,,,1534951137328000,ba946113c0e08d7a4a1358ea0077a98e,uk.co.skoda.assistant.uat,1.1.7,,1:571703561616:ios:777087d7f78ec12a,manual_install,tablet,Apple,iPad Air 2,,"iPad5,4",IOS,11.4.1,,,en-gb,No,3600,,,Europe,United Kingdom,England,London,,,(direct),(none),(direct),ba946113c0e08d7a4a1358ea0077a98e_17
20180829,1535553526161002,2018-08-29T15:38:46,user_engagement,1535553524848002,2018-08-29T15:38:44,,91,86602,ba946113c0e08d7a4a1358ea0077a98e,5783228E70934E968FF40707CC1971D8,1534951137328000,2018-08-22T16:18:57,,1220499683,IOS,,SplashViewController,auto,7018922485763443986,1312,,,,11111,1,,,,,,,,,,,1534951137328000,ba946113c0e08d7a4a1358ea0077a98e,uk.co.skoda.assistant.uat,1.1.7,,1:571703561616:ios:777087d7f78ec12a,manual_install,tablet,Apple,iPad Air 2,,"iPad5,4",IOS,11.4.1,,,en-gb,No,3600,,,Europe,United Kingdom,England,London,,,(direct),(none),(direct),ba946113c0e08d7a4a1358ea0077a98e_17
20180829,1535553526165003,2018-08-29T15:38:46,screen_view,1535553526161003,2018-08-29T15:38:46,,91,86602,ba946113c0e08d7a4a1358ea0077a98e,5783228E70934E968FF40707CC1971D8,1534951137328000,2018-08-22T16:18:57,,1220499683,IOS,,RangeContentViewController,auto,7018922485763443989,,1,7018922485763443988,SkodaContentViewController,11111,1,,,,,,,,,,,1534951137328000,ba946113c0e08d7a4a1358ea0077a98e,uk.co.skoda.assistant.uat,1.1.7,,1:571703561616:ios:777087d7f78ec12a,manual_install,tablet,Apple,iPad Air 2,,"iPad5,4",IOS,11.4.1,,,en-gb,No,3600,,,Europe,United Kingdom,England,London,,,(direct),(none),(direct),ba946113c0e08d7a4a1358ea0077a98e_17
20180829,1535553530782005,2018-08-29T15:38:50,user_engagement,1535553526161005,2018-08-29T15:38:46,,91,86602,ba946113c0e08d7a4a1358ea0077a98e,5783228E70934E968FF40707CC1971D8,1534951137328000,2018-08-22T16:18:57,,1220499683,IOS,,RangeContentViewController,auto,7018922485763443989,4621,,,,11111,1,,,,,,,,,,,1534951137328000,ba946113c0e08d7a4a1358ea0077a98e,uk.co.skoda.assistant.uat,1.1.7,,1:571703561616:ios:777087d7f78ec12a,manual_install,tablet,Apple,iPad Air 2,,"iPad5,4",IOS,11.4.1,,,en-gb,No,3600,,,Europe,United Kingdom,England,London,,,(direct),(none),(direct),ba946113c0e08d7a4a1358ea0077a98e_17
20180829,1535553530783004,2018-08-29T15:38:50,screen_view,1535553526165004,2018-08-29T15:38:46,,91,86602,ba946113c0e08d7a4a1358ea0077a98e,5783228E70934E968FF40707CC1971D8,1534951137328000,2018-08-22T16:18:57,,1220499683,IOS,,ProfileViewController,auto,7018922485763443990,,1,7018922485763443989,RangeContentViewController,11111,1,,,,,,,,,,,1534951137328000,ba946113c0e08d7a4a1358ea0077a98e,uk.co.skoda.assistant.uat,1.1.7,,1:571703561616:ios:777087d7f78ec12a,manual_install,tablet,Apple,iPad Air 2,,"iPad5,4",IOS,11.4.1,,,en-gb,No,3600,,,Europe,United Kingdom,England,London,,,(direct),(none),(direct),ba946113c0e08d7a4a1358ea0077a98e_17
20180829,1535553532348007,2018-08-29T15:38:52,user_engagement,1535553530782007,2018-08-29T15:38:50,,91,86602,ba946113c0e08d7a4a1358ea0077a98e,5783228E70934E968FF40707CC1971D8,1534951137328000,2018-08-22T16:18:57,,1220499683,IOS,,ProfileViewController,auto,7018922485763443990,1565,,,,11111,1,,,,,,,,,,,1534951137328000,ba946113c0e08d7a4a1358ea0077a98e,uk.co.skoda.assistant.uat,1.1.7,,1:571703561616:ios:777087d7f78ec12a,manual_install,tablet,Apple,iPad Air 2,,"iPad5,4",IOS,11.4.1,,,en-gb,No,3600,,,Europe,United Kingdom,England,London,,,(direct),(none),(direct),ba946113c0e08d7a4a1358ea0077a98e_17
20180829,1535553532349005,2018-08-29T15:38:52,screen_view,1535553530783005,2018-08-29T15:38:50,,91,86602,ba946113c0e08d7a4a1358ea0077a98e,5783228E70934E968FF40707CC1971D8,1534951137328000,2018-08-22T16:18:57,,1220499683,IOS,,UIAlertController,auto,7018922485763443991,,1,7018922485763443990,ProfileViewController,11111,1,,,,,,,,,,,1534951137328000,ba946113c0e08d7a4a1358ea0077a98e,uk.co.skoda.assistant.uat,1.1.7,,1:571703561616:ios:777087d7f78ec12a,manual_install,tablet,Apple,iPad Air 2,,"iPad5,4",IOS,11.4.1,,,en-gb,No,3600,,,Europe,United Kingdom,England,London,,,(direct),(none),(direct),ba946113c0e08d7a4a1358ea0077a98e_17
20180829,1535553534469009,2018-08-29T15:38:54,user_engagement,1535553532348009,2018-08-29T15:38:52,,91,86602,ba946113c0e08d7a4a1358ea0077a98e,5783228E70934E968FF40707CC1971D8,1534951137328000,2018-08-22T16:18:57,,1220499683,IOS,,UIAlertController,auto,7018922485763443991,2120,,,,11111,1,,,,,,,,,,,1534951137328000,ba946113c0e08d7a4a1358ea0077a98e,uk.co.skoda.assistant.uat,1.1.7,,1:571703561616:ios:777087d7f78ec12a,manual_install,tablet,Apple,iPad Air 2,,"iPad5,4",IOS,11.4.1,,,en-gb,No,3600,,,Europe,United Kingdom,England,London,,,(direct),(none),(direct),ba946113c0e08d7a4a1358ea0077a98e_17
20180829,1535553534470006,2018-08-29T15:38:54,screen_view,1535553532349006,2018-08-29T15:38:52,,91,86602,ba946113c0e08d7a4a1358ea0077a98e,5783228E70934E968FF40707CC1971D8,1534951137328000,2018-08-22T16:18:57,,1220499683,IOS,,ProfileViewController,auto,7018922485763443990,,1,7018922485763443991,UIAlertController,11111,1,,,,,,,,,,,1534951137328000,ba946113c0e08d7a4a1358ea0077a98e,uk.co.skoda.assistant.uat,1.1.7,,1:571703561616:ios:777087d7f78ec12a,manual_install,tablet,Apple,iPad Air 2,,"iPad5,4",IOS,11.4.1,,,en-gb,No,3600,,,Europe,United Kingdom,England,London,,,(direct),(none),(direct),ba946113c0e08d7a4a1358ea0077a98e_17
20180829,1535553569031000,2018-08-29T15:39:29,screen_view,1535553534470000,2018-08-29T15:38:54,,92,86603,ba946113c0e08d7a4a1358ea0077a98e,5783228E70934E968FF40707CC1971D8,1534951137328000,2018-08-22T16:18:57,,1220499683,IOS,,SplashViewController,auto,3479520245731084179,,1,,,11111,1,,,,,,,,,,,1534951137328000,ba946113c0e08d7a4a1358ea0077a98e,uk.co.skoda.assistant.uat,1.1.7,,1:571703561616:ios:777087d7f78ec12a,manual_install,tablet,Apple,iPad Air 2,,"iPad5,4",IOS,11.4.1,,,en-gb,No,3600,,,Europe,United Kingdom,England,London,,,(direct),(none),(direct),ba946113c0e08d7a4a1358ea0077a98e_17
20180829,1535553569212001,2018-08-29T15:39:29,screen_view,1535553569031001,2018-08-29T15:39:29,,92,86603,ba946113c0e08d7a4a1358ea0077a98e,5783228E70934E968FF40707CC1971D8,1534951137328000,2018-08-22T16:18:57,,1220499683,IOS,,LoginViewController,auto,3479520245731084180,,1,3479520245731084179,SplashViewController,11111,1,,,,,,,,,,,1534951137328000,ba946113c0e08d7a4a1358ea0077a98e,uk.co.skoda.assistant.uat,1.1.7,,1:571703561616:ios:777087d7f78ec12a,manual_install,tablet,Apple,iPad Air 2,,"iPad5,4",IOS,11.4.1,,,en-gb,No,3600,,,Europe,United Kingdom,England,London,,,(direct),(none),(direct),ba946113c0e08d7a4a1358ea0077a98e_17
20180829,1535553575331002,2018-08-29T15:39:35,user_engagement,1535553534469002,2018-08-29T15:38:54,,92,86603,ba946113c0e08d7a4a1358ea0077a98e,5783228E70934E968FF40707CC1971D8,1534951137328000,2018-08-22T16:18:57,,1220499683,IOS,,LoginViewController,auto,3479520245731084180,6231,,,,11111,1,,,,,,,,,,,1534951137328000,ba946113c0e08d7a4a1358ea0077a98e,uk.co.skoda.assistant.uat,1.1.7,,1:571703561616:ios:777087d7f78ec12a,manual_install,tablet,Apple,iPad Air 2,,"iPad5,4",IOS,11.4.1,,,en-gb,No,3600,,,Europe,United Kingdom,England,London,,,(direct),(none),(direct),ba946113c0e08d7a4a1358ea0077a98e_17
20180829,1535553579654000,2018-08-29T15:39:39,user_engagement,1535553575331000,2018-08-29T15:39:35,,93,83793,ba946113c0e08d7a4a1358ea0077a98e,5783228E70934E968FF40707CC1971D8,1534951137328000,2018-08-22T16:18:57,,1220499683,IOS,,LoginViewController,auto,3479520245731084180,3045,,,,11111,1,,,,,,,,,,,1534951137328000,ba946113c0e08d7a4a1358ea0077a98e,uk.co.skoda.assistant.uat,1.1.7,,1:571703561616:ios:777087d7f78ec12a,manual_install,tablet,Apple,iPad Air 2,,"iPad5,4",IOS,11.4.1,,,en-gb,No,3600,,,Europe,United Kingdom,England,London,,,(direct),(none),(direct),ba946113c0e08d7a4a1358ea0077a98e_17
20180829,1535553579655000,2018-08-29T15:39:39,screen_view,1535553569212000,2018-08-29T15:39:29,,93,83793,ba946113c0e08d7a4a1358ea0077a98e,5783228E70934E968FF40707CC1971D8,1534951137328000,2018-08-22T16:18:57,,1220499683,IOS,,SplashViewController,auto,3479520245731084179,,1,3479520245731084180,LoginViewController,11111,1,,,,,,,,,,,1534951137328000,ba946113c0e08d7a4a1358ea0077a98e,uk.co.skoda.assistant.uat,1.1.7,,1:571703561616:ios:777087d7f78ec12a,manual_install,tablet,Apple,iPad Air 2,,"iPad5,4",IOS,11.4.1,,,en-gb,No,3600,,,Europe,United Kingdom,England,London,,,(direct),(none),(direct),ba946113c0e08d7a4a1358ea0077a98e_17
