event_date,event_timestamp,event_iso8601,event_name,event_previous_timestamp,event_previous_iso8601,event_value_in_usd,event_bundle_sequence_id,event_server_timestamp_offset,user_id,user_pseudo_id,user_first_touch_timestamp,user_first_touch_iso8601,user_ltv,stream_id,platform,event_dimensions,firebase_screen_class,firebase_event_origin,firebase_screen_id,engagement_time_msec,firebase_conversion,firebase_previous_id,firebase_previous_class,user_retailer,user_area,AnalyticsParameterTerm,button_name,AnalyticsParameterItemID,engine,Compared_vehicle_1,Compared_vehicle_2,update_with_analytics,previous_first_open_count,previous_app_version,Compared_vehicle_3,first_open_time,user_id,id,version,install_store,firebase_app_id,install_source,category,mobile_brand_name,mobile_model_name,mobile_marketing_name,mobile_os_hardware_model,operating_system,operating_system_version,vendor_id,advertising_id,language,is_limited_ad_tracking,time_zone_offset_seconds,browser,browser,continent,country,region,city,sub_continent,metro,name,medium,source,user_session_generated_id
20180829,1535529721710000,2018-08-29T09:02:01,screen_view,1535462090294000,2018-08-28T14:14:50,,111,305505,352133e211bbdb63baa0ef1de05a92f6,14D78D5E23C341FCA0F179A27E5652EE,1534926269410000,2018-08-22T09:24:29,,1220499683,IOS,,LoginViewController,auto,-4189340690112878106,,1,-4189340690112878118,RangeContentViewController,11111,1,,,,,,,,,,,1534926269410000,352133e211bbdb63baa0ef1de05a92f6,uk.co.skoda.assistant.uat,1.1.3,,1:571703561616:ios:777087d7f78ec12a,manual_install,tablet,Apple,iPad Air 2,,"iPad5,4",IOS,11.4.1,A32BF78F-CE5A-45C8-8A8D-A28FC9819091,,en-gb,No,3600,,,Europe,United Kingdom,England,London,,,(direct),(none),(direct),352133e211bbdb63baa0ef1de05a92f6_0
20180829,1535529721988001,2018-08-29T09:02:01,screen_view,1535529721710001,2018-08-29T09:02:01,,111,305505,352133e211bbdb63baa0ef1de05a92f6,14D78D5E23C341FCA0F179A27E5652EE,1534926269410000,2018-08-22T09:24:29,,1220499683,IOS,,SplashViewController,auto,-4189340690112878122,,1,-4189340690112878106,LoginViewController,11111,1,,,,,,,,,,,1534926269410000,352133e211bbdb63baa0ef1de05a92f6,uk.co.skoda.assistant.uat,1.1.3,,1:571703561616:ios:777087d7f78ec12a,manual_install,tablet,Apple,iPad Air 2,,"iPad5,4",IOS,11.4.1,A32BF78F-CE5A-45C8-8A8D-A28FC9819091,,en-gb,No,3600,,,Europe,United Kingdom,England,London,,,(direct),(none),(direct),352133e211bbdb63baa0ef1de05a92f6_0
20180829,1535529724573002,2018-08-29T09:02:04,user_engagement,1535462321530002,2018-08-28T14:18:41,,111,305505,352133e211bbdb63baa0ef1de05a92f6,14D78D5E23C341FCA0F179A27E5652EE,1534926269410000,2018-08-22T09:24:29,,1220499683,IOS,,SplashViewController,auto,-4189340690112878122,3120,,,,11111,1,,,,,,,,,,,1534926269410000,352133e211bbdb63baa0ef1de05a92f6,uk.co.skoda.assistant.uat,1.1.3,,1:571703561616:ios:777087d7f78ec12a,manual_install,tablet,Apple,iPad Air 2,,"iPad5,4",IOS,11.4.1,A32BF78F-CE5A-45C8-8A8D-A28FC9819091,,en-gb,No,3600,,,Europe,United Kingdom,England,London,,,(direct),(none),(direct),352133e211bbdb63baa0ef1de05a92f6_0
20180829,1535529727356002,2018-08-29T09:02:07,screen_view,1535529721988002,2018-08-29T09:02:01,,111,305505,352133e211bbdb63baa0ef1de05a92f6,14D78D5E23C341FCA0F179A27E5652EE,1534926269410000,2018-08-22T09:24:29,,1220499683,IOS,,LoginViewController,auto,-4189340690112878105,,1,-4189340690112878122,SplashViewController,11111,1,,,,,,,,,,,1534926269410000,352133e211bbdb63baa0ef1de05a92f6,uk.co.skoda.assistant.uat,1.1.3,,1:571703561616:ios:777087d7f78ec12a,manual_install,tablet,Apple,iPad Air 2,,"iPad5,4",IOS,11.4.1,A32BF78F-CE5A-45C8-8A8D-A28FC9819091,,en-gb,No,3600,,,Europe,United Kingdom,England,London,,,(direct),(none),(direct),352133e211bbdb63baa0ef1de05a92f6_0
20180829,1535529731581004,2018-08-29T09:02:11,user_engagement,1535529724573004,2018-08-29T09:02:04,,111,305505,352133e211bbdb63baa0ef1de05a92f6,14D78D5E23C341FCA0F179A27E5652EE,1534926269410000,2018-08-22T09:24:29,,1220499683,IOS,,LoginViewController,auto,-4189340690112878105,4770,,,,11111,1,,,,,,,,,,,1534926269410000,352133e211bbdb63baa0ef1de05a92f6,uk.co.skoda.assistant.uat,1.1.3,,1:571703561616:ios:777087d7f78ec12a,manual_install,tablet,Apple,iPad Air 2,,"iPad5,4",IOS,11.4.1,A32BF78F-CE5A-45C8-8A8D-A28FC9819091,,en-gb,No,3600,,,Europe,United Kingdom,England,London,,,(direct),(none),(direct),352133e211bbdb63baa0ef1de05a92f6_0
20180829,1535529754790003,2018-08-29T09:02:34,screen_view,1535529727356003,2018-08-29T09:02:07,,111,305505,352133e211bbdb63baa0ef1de05a92f6,14D78D5E23C341FCA0F179A27E5652EE,1534926269410000,2018-08-22T09:24:29,,1220499683,IOS,,SplashViewController,auto,-4189340690112878122,,1,-4189340690112878105,LoginViewController,11111,1,,,,,,,,,,,1534926269410000,352133e211bbdb63baa0ef1de05a92f6,uk.co.skoda.assistant.uat,1.1.3,,1:571703561616:ios:777087d7f78ec12a,manual_install,tablet,Apple,iPad Air 2,,"iPad5,4",IOS,11.4.1,A32BF78F-CE5A-45C8-8A8D-A28FC9819091,,en-gb,No,3600,,,Europe,United Kingdom,England,London,,,(direct),(none),(direct),352133e211bbdb63baa0ef1de05a92f6_0
20180829,1535529754849004,2018-08-29T09:02:34,screen_view,1535529754790004,2018-08-29T09:02:34,,111,305505,352133e211bbdb63baa0ef1de05a92f6,14D78D5E23C341FCA0F179A27E5652EE,1534926269410000,2018-08-22T09:24:29,,1220499683,IOS,,LoginViewController,auto,-4189340690112878104,,1,-4189340690112878122,SplashViewController,11111,1,,,,,,,,,,,1534926269410000,352133e211bbdb63baa0ef1de05a92f6,uk.co.skoda.assistant.uat,1.1.3,,1:571703561616:ios:777087d7f78ec12a,manual_install,tablet,Apple,iPad Air 2,,"iPad5,4",IOS,11.4.1,A32BF78F-CE5A-45C8-8A8D-A28FC9819091,,en-gb,No,3600,,,Europe,United Kingdom,England,London,,,(direct),(none),(direct),352133e211bbdb63baa0ef1de05a92f6_0
20180829,1535529764261005,2018-08-29T09:02:44,session_start,1535459783639005,2018-08-28T13:36:23,,111,305505,352133e211bbdb63baa0ef1de05a92f6,14D78D5E23C341FCA0F179A27E5652EE,1534926269410000,2018-08-22T09:24:29,,1220499683,IOS,,LoginViewController,auto,-4189340690112878104,,1,,,11111,1,,,,,,,,,,,1534926269410000,352133e211bbdb63baa0ef1de05a92f6,uk.co.skoda.assistant.uat,1.1.3,,1:571703561616:ios:777087d7f78ec12a,manual_install,tablet,Apple,iPad Air 2,,"iPad5,4",IOS,11.4.1,A32BF78F-CE5A-45C8-8A8D-A28FC9819091,,en-gb,No,3600,,,Europe,United Kingdom,England,London,,,(direct),(none),(direct),352133e211bbdb63baa0ef1de05a92f6_0
20180829,1535529775748008,2018-08-29T09:02:55,user_engagement,1535529731581008,2018-08-29T09:02:11,,111,305505,352133e211bbdb63baa0ef1de05a92f6,14D78D5E23C341FCA0F179A27E5652EE,1534926269410000,2018-08-22T09:24:29,,1220499683,IOS,,LoginViewController,auto,-4189340690112878104,21481,,,,11111,1,,,,,,,,,,,1534926269410000,352133e211bbdb63baa0ef1de05a92f6,uk.co.skoda.assistant.uat,1.1.3,,1:571703561616:ios:777087d7f78ec12a,manual_install,tablet,Apple,iPad Air 2,,"iPad5,4",IOS,11.4.1,A32BF78F-CE5A-45C8-8A8D-A28FC9819091,,en-gb,No,3600,,,Europe,United Kingdom,England,London,,,(direct),(none),(direct),352133e211bbdb63baa0ef1de05a92f6_0
20180829,1535529775749006,2018-08-29T09:02:55,screen_view,1535529754849006,2018-08-29T09:02:34,,111,305505,352133e211bbdb63baa0ef1de05a92f6,14D78D5E23C341FCA0F179A27E5652EE,1534926269410000,2018-08-22T09:24:29,,1220499683,IOS,,SplashViewController,auto,-4189340690112878122,,1,-4189340690112878104,LoginViewController,11111,1,,,,,,,,,,,1534926269410000,352133e211bbdb63baa0ef1de05a92f6,uk.co.skoda.assistant.uat,1.1.3,,1:571703561616:ios:777087d7f78ec12a,manual_install,tablet,Apple,iPad Air 2,,"iPad5,4",IOS,11.4.1,A32BF78F-CE5A-45C8-8A8D-A28FC9819091,,en-gb,No,3600,,,Europe,United Kingdom,England,London,,,(direct),(none),(direct),352133e211bbdb63baa0ef1de05a92f6_0
