event_date,event_timestamp,event_iso8601,event_name,event_previous_timestamp,event_previous_iso8601,event_value_in_usd,event_bundle_sequence_id,event_server_timestamp_offset,user_id,user_pseudo_id,user_first_touch_timestamp,user_first_touch_iso8601,user_ltv,stream_id,platform,event_dimensions,firebase_screen_class,firebase_event_origin,firebase_screen_id,engagement_time_msec,firebase_conversion,firebase_previous_id,firebase_previous_class,user_retailer,user_area,AnalyticsParameterTerm,button_name,AnalyticsParameterItemID,engine,Compared_vehicle_1,Compared_vehicle_2,update_with_analytics,previous_first_open_count,previous_app_version,Compared_vehicle_3,first_open_time,user_id,id,version,install_store,firebase_app_id,install_source,category,mobile_brand_name,mobile_model_name,mobile_marketing_name,mobile_os_hardware_model,operating_system,operating_system_version,vendor_id,advertising_id,language,is_limited_ad_tracking,time_zone_offset_seconds,browser,browser,continent,country,region,city,sub_continent,metro,name,medium,source,user_session_generated_id
20180829,1535531442350000,2018-08-29T09:30:42,screen_view,1535471788881000,2018-08-28T16:56:28,,69,271236,cdacf5419947b286b98cd669991f534a,D7665953F7DE47F791BFD2F71BCEC745,1534254909946000,2018-08-14T14:55:09,,1220499683,IOS,,LoginViewController,auto,-384964962489035134,,1,-384964962489035135,RangeContentViewController,11111,1,,,,,,,,,,,1534254909946000,cdacf5419947b286b98cd669991f534a,uk.co.skoda.assistant.ios,1.1.6,,1:571703561616:ios:777087d7f78ec12a,manual_install,tablet,Apple,iPad,,"iPad7,5",IOS,11.4.1,,,en-gb,No,-25200,,,Europe,United Kingdom,England,London,,,(direct),(none),(direct),cdacf5419947b286b98cd669991f534a_0
20180829,1535531442625001,2018-08-29T09:30:42,screen_view,1535531442350001,2018-08-29T09:30:42,,69,271236,cdacf5419947b286b98cd669991f534a,D7665953F7DE47F791BFD2F71BCEC745,1534254909946000,2018-08-14T14:55:09,,1220499683,IOS,,SplashViewController,auto,-384964962489035166,,1,-384964962489035134,LoginViewController,11111,1,,,,,,,,,,,1534254909946000,cdacf5419947b286b98cd669991f534a,uk.co.skoda.assistant.ios,1.1.6,,1:571703561616:ios:777087d7f78ec12a,manual_install,tablet,Apple,iPad,,"iPad7,5",IOS,11.4.1,,,en-gb,No,-25200,,,Europe,United Kingdom,England,London,,,(direct),(none),(direct),cdacf5419947b286b98cd669991f534a_0
20180829,1535531445924002,2018-08-29T09:30:45,user_engagement,1535471794335002,2018-08-28T16:56:34,,69,271236,cdacf5419947b286b98cd669991f534a,D7665953F7DE47F791BFD2F71BCEC745,1534254909946000,2018-08-14T14:55:09,,1220499683,IOS,,SplashViewController,auto,-384964962489035166,3814,,,,11111,1,,,,,,,,,,,1534254909946000,cdacf5419947b286b98cd669991f534a,uk.co.skoda.assistant.ios,1.1.6,,1:571703561616:ios:777087d7f78ec12a,manual_install,tablet,Apple,iPad,,"iPad7,5",IOS,11.4.1,,,en-gb,No,-25200,,,Europe,United Kingdom,England,London,,,(direct),(none),(direct),cdacf5419947b286b98cd669991f534a_0
20180829,1535531450214000,2018-08-29T09:30:50,screen_view,1535531442625000,2018-08-29T09:30:42,,70,269165,cdacf5419947b286b98cd669991f534a,D7665953F7DE47F791BFD2F71BCEC745,1534254909946000,2018-08-14T14:55:09,,1220499683,IOS,,LoginViewController,auto,-384964962489035133,,1,-384964962489035166,SplashViewController,11111,1,,,,,,,,,,,1534254909946000,cdacf5419947b286b98cd669991f534a,uk.co.skoda.assistant.ios,1.1.6,,1:571703561616:ios:777087d7f78ec12a,manual_install,tablet,Apple,iPad,,"iPad7,5",IOS,11.4.1,,,en-gb,No,-25200,,,Europe,United Kingdom,England,London,,,(direct),(none),(direct),cdacf5419947b286b98cd669991f534a_0
20180829,1535531453803001,2018-08-29T09:30:53,user_engagement,1535531445924001,2018-08-29T09:30:45,,70,269165,cdacf5419947b286b98cd669991f534a,D7665953F7DE47F791BFD2F71BCEC745,1534254909946000,2018-08-14T14:55:09,,1220499683,IOS,,LoginViewController,auto,-384964962489035133,4124,,,,11111,1,,,,,,,,,,,1534254909946000,cdacf5419947b286b98cd669991f534a,uk.co.skoda.assistant.ios,1.1.6,,1:571703561616:ios:777087d7f78ec12a,manual_install,tablet,Apple,iPad,,"iPad7,5",IOS,11.4.1,,,en-gb,No,-25200,,,Europe,United Kingdom,England,London,,,(direct),(none),(direct),cdacf5419947b286b98cd669991f534a_0
20180829,1535531458022000,2018-08-29T09:30:58,screen_view,1535531450214000,2018-08-29T09:30:50,,71,325046,cdacf5419947b286b98cd669991f534a,D7665953F7DE47F791BFD2F71BCEC745,1534254909946000,2018-08-14T14:55:09,,1220499683,IOS,,SplashViewController,auto,-384964962489035166,,1,-384964962489035133,LoginViewController,11111,1,,,,,,,,,,,1534254909946000,cdacf5419947b286b98cd669991f534a,uk.co.skoda.assistant.ios,1.1.6,,1:571703561616:ios:777087d7f78ec12a,manual_install,tablet,Apple,iPad,,"iPad7,5",IOS,11.4.1,,,en-gb,No,-25200,,,Europe,United Kingdom,England,London,,,(direct),(none),(direct),cdacf5419947b286b98cd669991f534a_0
20180829,1535531458062001,2018-08-29T09:30:58,screen_view,1535531458022001,2018-08-29T09:30:58,,71,325046,cdacf5419947b286b98cd669991f534a,D7665953F7DE47F791BFD2F71BCEC745,1534254909946000,2018-08-14T14:55:09,,1220499683,IOS,,LoginViewController,auto,-384964962489035132,,1,-384964962489035166,SplashViewController,11111,1,,,,,,,,,,,1534254909946000,cdacf5419947b286b98cd669991f534a,uk.co.skoda.assistant.ios,1.1.6,,1:571703561616:ios:777087d7f78ec12a,manual_install,tablet,Apple,iPad,,"iPad7,5",IOS,11.4.1,,,en-gb,No,-25200,,,Europe,United Kingdom,England,London,,,(direct),(none),(direct),cdacf5419947b286b98cd669991f534a_0
20180829,1535531460401002,2018-08-29T09:31:00,user_engagement,1535531453803002,2018-08-29T09:30:53,,71,325046,cdacf5419947b286b98cd669991f534a,D7665953F7DE47F791BFD2F71BCEC745,1534254909946000,2018-08-14T14:55:09,,1220499683,IOS,,LoginViewController,auto,-384964962489035132,2883,,,,11111,1,,,,,,,,,,,1534254909946000,cdacf5419947b286b98cd669991f534a,uk.co.skoda.assistant.ios,1.1.6,,1:571703561616:ios:777087d7f78ec12a,manual_install,tablet,Apple,iPad,,"iPad7,5",IOS,11.4.1,,,en-gb,No,-25200,,,Europe,United Kingdom,England,London,,,(direct),(none),(direct),cdacf5419947b286b98cd669991f534a_0
20180829,1535531466518000,2018-08-29T09:31:06,screen_view,1535531458062000,2018-08-29T09:30:58,,72,314893,cdacf5419947b286b98cd669991f534a,D7665953F7DE47F791BFD2F71BCEC745,1534254909946000,2018-08-14T14:55:09,,1220499683,IOS,,LoginViewController,auto,5537654674160040720,,1,,,11111,1,,,,,,,,,,,1534254909946000,cdacf5419947b286b98cd669991f534a,uk.co.skoda.assistant.ios,1.1.6,,1:571703561616:ios:777087d7f78ec12a,manual_install,tablet,Apple,iPad,,"iPad7,5",IOS,11.4.1,,,en-gb,No,-25200,,,Europe,United Kingdom,England,London,,,(direct),(none),(direct),cdacf5419947b286b98cd669991f534a_0
20180829,1535531469847001,2018-08-29T09:31:09,user_engagement,1535531460401001,2018-08-29T09:31:00,,72,314893,cdacf5419947b286b98cd669991f534a,D7665953F7DE47F791BFD2F71BCEC745,1534254909946000,2018-08-14T14:55:09,,1220499683,IOS,,LoginViewController,auto,5537654674160040720,3329,,,,11111,1,,,,,,,,,,,1534254909946000,cdacf5419947b286b98cd669991f534a,uk.co.skoda.assistant.ios,1.1.6,,1:571703561616:ios:777087d7f78ec12a,manual_install,tablet,Apple,iPad,,"iPad7,5",IOS,11.4.1,,,en-gb,No,-25200,,,Europe,United Kingdom,England,London,,,(direct),(none),(direct),cdacf5419947b286b98cd669991f534a_0
20180829,1535531476112000,2018-08-29T09:31:16,screen_view,1535531466518000,2018-08-29T09:31:06,,73,336257,cdacf5419947b286b98cd669991f534a,D7665953F7DE47F791BFD2F71BCEC745,1534254909946000,2018-08-14T14:55:09,,1220499683,IOS,,SplashViewController,auto,5537654674160040719,,1,5537654674160040720,LoginViewController,11111,1,,,,,,,,,,,1534254909946000,cdacf5419947b286b98cd669991f534a,uk.co.skoda.assistant.ios,1.1.6,,1:571703561616:ios:777087d7f78ec12a,manual_install,tablet,Apple,iPad,,"iPad7,5",IOS,11.4.1,,,en-gb,No,-25200,,,Europe,United Kingdom,England,London,,,(direct),(none),(direct),cdacf5419947b286b98cd669991f534a_0
20180829,1535531476112000,2018-08-29T09:31:16,user_engagement,1535531469847000,2018-08-29T09:31:09,,73,336257,cdacf5419947b286b98cd669991f534a,D7665953F7DE47F791BFD2F71BCEC745,1534254909946000,2018-08-14T14:55:09,,1220499683,IOS,,LoginViewController,auto,5537654674160040720,2173,,,,11111,1,,,,,,,,,,,1534254909946000,cdacf5419947b286b98cd669991f534a,uk.co.skoda.assistant.ios,1.1.6,,1:571703561616:ios:777087d7f78ec12a,manual_install,tablet,Apple,iPad,,"iPad7,5",IOS,11.4.1,,,en-gb,No,-25200,,,Europe,United Kingdom,England,London,,,(direct),(none),(direct),cdacf5419947b286b98cd669991f534a_0
