event_date,event_timestamp,event_iso8601,event_name,event_previous_timestamp,event_previous_iso8601,event_value_in_usd,event_bundle_sequence_id,event_server_timestamp_offset,user_id,user_pseudo_id,user_first_touch_timestamp,user_first_touch_iso8601,user_ltv,stream_id,platform,event_dimensions,firebase_screen_class,firebase_event_origin,firebase_screen_id,engagement_time_msec,firebase_conversion,firebase_previous_id,firebase_previous_class,user_retailer,user_area,AnalyticsParameterTerm,button_name,AnalyticsParameterItemID,engine,Compared_vehicle_1,Compared_vehicle_2,update_with_analytics,previous_first_open_count,previous_app_version,Compared_vehicle_3,first_open_time,user_id,id,version,install_store,firebase_app_id,install_source,category,mobile_brand_name,mobile_model_name,mobile_marketing_name,mobile_os_hardware_model,operating_system,operating_system_version,vendor_id,advertising_id,language,is_limited_ad_tracking,time_zone_offset_seconds,browser,browser,continent,country,region,city,sub_continent,metro,name,medium,source,user_session_generated_id
20180829,1535541112192000,2018-08-29T12:11:52,button_press,,,,8,101797,26ba0412a6b291ec3aed55794cd0e7bb,31A7EDAD427043C0BFD2C44CE78B4293,1534943788295000,2018-08-22T14:16:28,,1220499683,IOS,,SplashViewController,app,5970905877229776692,,1,,,User login not captured,,,globalnav_range,,,,,,,,,1534943788295000,26ba0412a6b291ec3aed55794cd0e7bb,uk.co.skoda.assistant.ios,1.1.6,,1:571703561616:ios:777087d7f78ec12a,manual_install,tablet,Apple,iPad 5th gen,,"iPad6,11",IOS,11.4.1,,,en-gb,No,3600,,,Europe,United Kingdom,England,Birmingham,,,(direct),(none),(direct),User login not captured
20180829,1535541112192001,2018-08-29T12:11:52,button_press,1535541112192001,2018-08-29T12:11:52,,8,101797,26ba0412a6b291ec3aed55794cd0e7bb,31A7EDAD427043C0BFD2C44CE78B4293,1534943788295000,2018-08-22T14:16:28,,1220499683,IOS,,SplashViewController,app,5970905877229776692,,1,,,User login not captured,,,range,,,,,,,,,1534943788295000,26ba0412a6b291ec3aed55794cd0e7bb,uk.co.skoda.assistant.ios,1.1.6,,1:571703561616:ios:777087d7f78ec12a,manual_install,tablet,Apple,iPad 5th gen,,"iPad6,11",IOS,11.4.1,,,en-gb,No,3600,,,Europe,United Kingdom,England,Birmingham,,,(direct),(none),(direct),User login not captured
20180829,1535541113132002,2018-08-29T12:11:53,screen_view,1535541111936002,2018-08-29T12:11:51,,8,101797,26ba0412a6b291ec3aed55794cd0e7bb,31A7EDAD427043C0BFD2C44CE78B4293,1534943788295000,2018-08-22T14:16:28,,1220499683,IOS,,SkodaContentViewController,auto,5970905877229776695,,1,5970905877229776692,SplashViewController,User login not captured,,,,,,,,,,,,1534943788295000,26ba0412a6b291ec3aed55794cd0e7bb,uk.co.skoda.assistant.ios,1.1.6,,1:571703561616:ios:777087d7f78ec12a,manual_install,tablet,Apple,iPad 5th gen,,"iPad6,11",IOS,11.4.1,,,en-gb,No,3600,,,Europe,United Kingdom,England,Birmingham,,,(direct),(none),(direct),User login not captured
20180829,1535541113132002,2018-08-29T12:11:53,user_engagement,1535541111935002,2018-08-29T12:11:51,,8,101797,26ba0412a6b291ec3aed55794cd0e7bb,31A7EDAD427043C0BFD2C44CE78B4293,1534943788295000,2018-08-22T14:16:28,,1220499683,IOS,,SplashViewController,auto,5970905877229776692,1196,,,,User login not captured,,,,,,,,,,,,1534943788295000,26ba0412a6b291ec3aed55794cd0e7bb,uk.co.skoda.assistant.ios,1.1.6,,1:571703561616:ios:777087d7f78ec12a,manual_install,tablet,Apple,iPad 5th gen,,"iPad6,11",IOS,11.4.1,,,en-gb,No,3600,,,Europe,United Kingdom,England,Birmingham,,,(direct),(none),(direct),User login not captured
20180829,1535541113134003,2018-08-29T12:11:53,screen_view,1535541113132003,2018-08-29T12:11:53,,8,101797,26ba0412a6b291ec3aed55794cd0e7bb,31A7EDAD427043C0BFD2C44CE78B4293,1534943788295000,2018-08-22T14:16:28,,1220499683,IOS,,RangeContentViewController,auto,5970905877229776696,,1,5970905877229776695,SkodaContentViewController,User login not captured,,,,,,,,,,,,1534943788295000,26ba0412a6b291ec3aed55794cd0e7bb,uk.co.skoda.assistant.ios,1.1.6,,1:571703561616:ios:777087d7f78ec12a,manual_install,tablet,Apple,iPad 5th gen,,"iPad6,11",IOS,11.4.1,,,en-gb,No,3600,,,Europe,United Kingdom,England,Birmingham,,,(direct),(none),(direct),User login not captured
20180829,1535541116992004,2018-08-29T12:11:56,button_press,1535541112192004,2018-08-29T12:11:52,,8,101797,26ba0412a6b291ec3aed55794cd0e7bb,31A7EDAD427043C0BFD2C44CE78B4293,1534943788295000,2018-08-22T14:16:28,,1220499683,IOS,,RangeContentViewController,app,5970905877229776696,,1,,,User login not captured,,,globalnav_compare,,,,,,,,,1534943788295000,26ba0412a6b291ec3aed55794cd0e7bb,uk.co.skoda.assistant.ios,1.1.6,,1:571703561616:ios:777087d7f78ec12a,manual_install,tablet,Apple,iPad 5th gen,,"iPad6,11",IOS,11.4.1,,,en-gb,No,3600,,,Europe,United Kingdom,England,Birmingham,,,(direct),(none),(direct),User login not captured
20180829,1535541117008005,2018-08-29T12:11:57,button_press,1535541116992005,2018-08-29T12:11:56,,8,101797,26ba0412a6b291ec3aed55794cd0e7bb,31A7EDAD427043C0BFD2C44CE78B4293,1534943788295000,2018-08-22T14:16:28,,1220499683,IOS,,RangeContentViewController,app,5970905877229776696,,1,,,User login not captured,,,compare,,,,,,,,,1534943788295000,26ba0412a6b291ec3aed55794cd0e7bb,uk.co.skoda.assistant.ios,1.1.6,,1:571703561616:ios:777087d7f78ec12a,manual_install,tablet,Apple,iPad 5th gen,,"iPad6,11",IOS,11.4.1,,,en-gb,No,3600,,,Europe,United Kingdom,England,Birmingham,,,(direct),(none),(direct),User login not captured
20180829,1535541117202007,2018-08-29T12:11:57,user_engagement,1535541113132007,2018-08-29T12:11:53,,8,101797,26ba0412a6b291ec3aed55794cd0e7bb,31A7EDAD427043C0BFD2C44CE78B4293,1534943788295000,2018-08-22T14:16:28,,1220499683,IOS,,RangeContentViewController,auto,5970905877229776696,4070,,,,User login not captured,,,,,,,,,,,,1534943788295000,26ba0412a6b291ec3aed55794cd0e7bb,uk.co.skoda.assistant.ios,1.1.6,,1:571703561616:ios:777087d7f78ec12a,manual_install,tablet,Apple,iPad 5th gen,,"iPad6,11",IOS,11.4.1,,,en-gb,No,3600,,,Europe,United Kingdom,England,Birmingham,,,(direct),(none),(direct),User login not captured
20180829,1535541117203006,2018-08-29T12:11:57,screen_view,1535541113134006,2018-08-29T12:11:53,,8,101797,26ba0412a6b291ec3aed55794cd0e7bb,31A7EDAD427043C0BFD2C44CE78B4293,1534943788295000,2018-08-22T14:16:28,,1220499683,IOS,,SkodaContentViewController,auto,5970905877229776695,,1,5970905877229776696,RangeContentViewController,User login not captured,,,,,,,,,,,,1534943788295000,26ba0412a6b291ec3aed55794cd0e7bb,uk.co.skoda.assistant.ios,1.1.6,,1:571703561616:ios:777087d7f78ec12a,manual_install,tablet,Apple,iPad 5th gen,,"iPad6,11",IOS,11.4.1,,,en-gb,No,3600,,,Europe,United Kingdom,England,Birmingham,,,(direct),(none),(direct),User login not captured
20180829,1535541117429007,2018-08-29T12:11:57,button_press,1535541117008007,2018-08-29T12:11:57,,8,101797,26ba0412a6b291ec3aed55794cd0e7bb,31A7EDAD427043C0BFD2C44CE78B4293,1534943788295000,2018-08-22T14:16:28,,1220499683,IOS,,SkodaContentViewController,app,5970905877229776695,,1,,,User login not captured,,,globalnav_presentation,,,,,,,,,1534943788295000,26ba0412a6b291ec3aed55794cd0e7bb,uk.co.skoda.assistant.ios,1.1.6,,1:571703561616:ios:777087d7f78ec12a,manual_install,tablet,Apple,iPad 5th gen,,"iPad6,11",IOS,11.4.1,,,en-gb,No,3600,,,Europe,United Kingdom,England,Birmingham,,,(direct),(none),(direct),User login not captured
20180829,1535541117437008,2018-08-29T12:11:57,button_press,1535541117429008,2018-08-29T12:11:57,,8,101797,26ba0412a6b291ec3aed55794cd0e7bb,31A7EDAD427043C0BFD2C44CE78B4293,1534943788295000,2018-08-22T14:16:28,,1220499683,IOS,,SkodaContentViewController,app,5970905877229776695,,1,,,User login not captured,,,presentation,,,,,,,,,1534943788295000,26ba0412a6b291ec3aed55794cd0e7bb,uk.co.skoda.assistant.ios,1.1.6,,1:571703561616:ios:777087d7f78ec12a,manual_install,tablet,Apple,iPad 5th gen,,"iPad6,11",IOS,11.4.1,,,en-gb,No,3600,,,Europe,United Kingdom,England,Birmingham,,,(direct),(none),(direct),User login not captured
20180829,1535541119842011,2018-08-29T12:11:59,user_engagement,1535541117202011,2018-08-29T12:11:57,,8,101797,26ba0412a6b291ec3aed55794cd0e7bb,31A7EDAD427043C0BFD2C44CE78B4293,1534943788295000,2018-08-22T14:16:28,,1220499683,IOS,,SkodaContentViewController,auto,5970905877229776695,2639,,,,User login not captured,,,,,,,,,,,,1534943788295000,26ba0412a6b291ec3aed55794cd0e7bb,uk.co.skoda.assistant.ios,1.1.6,,1:571703561616:ios:777087d7f78ec12a,manual_install,tablet,Apple,iPad 5th gen,,"iPad6,11",IOS,11.4.1,,,en-gb,No,3600,,,Europe,United Kingdom,England,Birmingham,,,(direct),(none),(direct),User login not captured
20180829,1535541119843009,2018-08-29T12:11:59,screen_view,1535541117203009,2018-08-29T12:11:57,,8,101797,26ba0412a6b291ec3aed55794cd0e7bb,31A7EDAD427043C0BFD2C44CE78B4293,1534943788295000,2018-08-22T14:16:28,,1220499683,IOS,,SkodaAlertController,auto,5970905877229776697,,1,5970905877229776695,SkodaContentViewController,User login not captured,,,,,,,,,,,,1534943788295000,26ba0412a6b291ec3aed55794cd0e7bb,uk.co.skoda.assistant.ios,1.1.6,,1:571703561616:ios:777087d7f78ec12a,manual_install,tablet,Apple,iPad 5th gen,,"iPad6,11",IOS,11.4.1,,,en-gb,No,3600,,,Europe,United Kingdom,England,Birmingham,,,(direct),(none),(direct),User login not captured
20180829,1535541121361010,2018-08-29T12:12:01,screen_view,1535541119843010,2018-08-29T12:11:59,,8,101797,26ba0412a6b291ec3aed55794cd0e7bb,31A7EDAD427043C0BFD2C44CE78B4293,1534943788295000,2018-08-22T14:16:28,,1220499683,IOS,,SkodaContentViewController,auto,5970905877229776695,,1,5970905877229776697,SkodaAlertController,User login not captured,,,,,,,,,,,,1534943788295000,26ba0412a6b291ec3aed55794cd0e7bb,uk.co.skoda.assistant.ios,1.1.6,,1:571703561616:ios:777087d7f78ec12a,manual_install,tablet,Apple,iPad 5th gen,,"iPad6,11",IOS,11.4.1,,,en-gb,No,3600,,,Europe,United Kingdom,England,Birmingham,,,(direct),(none),(direct),User login not captured
20180829,1535541121361013,2018-08-29T12:12:01,user_engagement,1535541119842013,2018-08-29T12:11:59,,8,101797,26ba0412a6b291ec3aed55794cd0e7bb,31A7EDAD427043C0BFD2C44CE78B4293,1534943788295000,2018-08-22T14:16:28,,1220499683,IOS,,SkodaAlertController,auto,5970905877229776697,1518,,,,User login not captured,,,,,,,,,,,,1534943788295000,26ba0412a6b291ec3aed55794cd0e7bb,uk.co.skoda.assistant.ios,1.1.6,,1:571703561616:ios:777087d7f78ec12a,manual_install,tablet,Apple,iPad 5th gen,,"iPad6,11",IOS,11.4.1,,,en-gb,No,3600,,,Europe,United Kingdom,England,Birmingham,,,(direct),(none),(direct),User login not captured
20180829,1535541258466000,2018-08-29T12:14:18,user_engagement,1535541121361000,2018-08-29T12:12:01,,9,120634,26ba0412a6b291ec3aed55794cd0e7bb,31A7EDAD427043C0BFD2C44CE78B4293,1534943788295000,2018-08-22T14:16:28,,1220499683,IOS,,SkodaContentViewController,auto,5970905877229776695,137105,,,,User login not captured,,,,,,,,,,,,1534943788295000,26ba0412a6b291ec3aed55794cd0e7bb,uk.co.skoda.assistant.ios,1.1.6,,1:571703561616:ios:777087d7f78ec12a,manual_install,tablet,Apple,iPad 5th gen,,"iPad6,11",IOS,11.4.1,,,en-gb,No,3600,,,Europe,United Kingdom,England,Birmingham,,,(direct),(none),(direct),User login not captured
20180829,1535541389007000,2018-08-29T12:16:29,user_engagement,1535541258466000,2018-08-29T12:14:18,,10,99630,26ba0412a6b291ec3aed55794cd0e7bb,31A7EDAD427043C0BFD2C44CE78B4293,1534943788295000,2018-08-22T14:16:28,,1220499683,IOS,,SkodaContentViewController,auto,5970905877229776695,2535,,,,User login not captured,,,,,,,,,,,,1534943788295000,26ba0412a6b291ec3aed55794cd0e7bb,uk.co.skoda.assistant.ios,1.1.6,,1:571703561616:ios:777087d7f78ec12a,manual_install,tablet,Apple,iPad 5th gen,,"iPad6,11",IOS,11.4.1,,,en-gb,No,3600,,,Europe,United Kingdom,England,Birmingham,,,(direct),(none),(direct),User login not captured
20180829,1535541389008000,2018-08-29T12:16:29,screen_view,1535541121361000,2018-08-29T12:12:01,,10,99630,26ba0412a6b291ec3aed55794cd0e7bb,31A7EDAD427043C0BFD2C44CE78B4293,1534943788295000,2018-08-22T14:16:28,,1220499683,IOS,,SkodaAlertController,auto,5970905877229776698,,1,5970905877229776695,SkodaContentViewController,User login not captured,,,,,,,,,,,,1534943788295000,26ba0412a6b291ec3aed55794cd0e7bb,uk.co.skoda.assistant.ios,1.1.6,,1:571703561616:ios:777087d7f78ec12a,manual_install,tablet,Apple,iPad 5th gen,,"iPad6,11",IOS,11.4.1,,,en-gb,No,3600,,,Europe,United Kingdom,England,Birmingham,,,(direct),(none),(direct),User login not captured
20180829,1535541390511002,2018-08-29T12:16:30,user_engagement,1535541389007002,2018-08-29T12:16:29,,10,99630,26ba0412a6b291ec3aed55794cd0e7bb,31A7EDAD427043C0BFD2C44CE78B4293,1534943788295000,2018-08-22T14:16:28,,1220499683,IOS,,SkodaAlertController,auto,5970905877229776698,1504,,,,User login not captured,,,,,,,,,,,,1534943788295000,26ba0412a6b291ec3aed55794cd0e7bb,uk.co.skoda.assistant.ios,1.1.6,,1:571703561616:ios:777087d7f78ec12a,manual_install,tablet,Apple,iPad 5th gen,,"iPad6,11",IOS,11.4.1,,,en-gb,No,3600,,,Europe,United Kingdom,England,Birmingham,,,(direct),(none),(direct),User login not captured
20180829,1535541390512001,2018-08-29T12:16:30,screen_view,1535541389008001,2018-08-29T12:16:29,,10,99630,26ba0412a6b291ec3aed55794cd0e7bb,31A7EDAD427043C0BFD2C44CE78B4293,1534943788295000,2018-08-22T14:16:28,,1220499683,IOS,,SkodaContentViewController,auto,5970905877229776695,,1,5970905877229776698,SkodaAlertController,User login not captured,,,,,,,,,,,,1534943788295000,26ba0412a6b291ec3aed55794cd0e7bb,uk.co.skoda.assistant.ios,1.1.6,,1:571703561616:ios:777087d7f78ec12a,manual_install,tablet,Apple,iPad 5th gen,,"iPad6,11",IOS,11.4.1,,,en-gb,No,3600,,,Europe,United Kingdom,England,Birmingham,,,(direct),(none),(direct),User login not captured
20180829,1535541396999004,2018-08-29T12:16:36,user_engagement,1535541390511004,2018-08-29T12:16:30,,10,99630,26ba0412a6b291ec3aed55794cd0e7bb,31A7EDAD427043C0BFD2C44CE78B4293,1534943788295000,2018-08-22T14:16:28,,1220499683,IOS,,SkodaContentViewController,auto,5970905877229776695,6487,,,,User login not captured,,,,,,,,,,,,1534943788295000,26ba0412a6b291ec3aed55794cd0e7bb,uk.co.skoda.assistant.ios,1.1.6,,1:571703561616:ios:777087d7f78ec12a,manual_install,tablet,Apple,iPad 5th gen,,"iPad6,11",IOS,11.4.1,,,en-gb,No,3600,,,Europe,United Kingdom,England,Birmingham,,,(direct),(none),(direct),User login not captured
20180829,1535547359961000,2018-08-29T13:55:59,screen_view,1535541390512000,2018-08-29T12:16:30,,11,79403,26ba0412a6b291ec3aed55794cd0e7bb,31A7EDAD427043C0BFD2C44CE78B4293,1534943788295000,2018-08-22T14:16:28,,1220499683,IOS,,SplashViewController,auto,-1426928026999878636,,1,,,User login not captured,,,,,,,,,,,,1534943788295000,26ba0412a6b291ec3aed55794cd0e7bb,uk.co.skoda.assistant.ios,1.1.6,,1:571703561616:ios:777087d7f78ec12a,manual_install,tablet,Apple,iPad 5th gen,,"iPad6,11",IOS,11.4.1,,,en-gb,No,3600,,,Europe,United Kingdom,England,Birmingham,,,(direct),(none),(direct),User login not captured
20180829,1535547360195001,2018-08-29T13:56:00,screen_view,1535547359961001,2018-08-29T13:55:59,,11,79403,26ba0412a6b291ec3aed55794cd0e7bb,31A7EDAD427043C0BFD2C44CE78B4293,1534943788295000,2018-08-22T14:16:28,,1220499683,IOS,,LoginViewController,auto,-1426928026999878635,,1,-1426928026999878636,SplashViewController,User login not captured,,,,,,,,,,,,1534943788295000,26ba0412a6b291ec3aed55794cd0e7bb,uk.co.skoda.assistant.ios,1.1.6,,1:571703561616:ios:777087d7f78ec12a,manual_install,tablet,Apple,iPad 5th gen,,"iPad6,11",IOS,11.4.1,,,en-gb,No,3600,,,Europe,United Kingdom,England,Birmingham,,,(direct),(none),(direct),User login not captured
20180829,1535547362133002,2018-08-29T13:56:02,user_engagement,1535541396999002,2018-08-29T12:16:36,,11,79403,26ba0412a6b291ec3aed55794cd0e7bb,31A7EDAD427043C0BFD2C44CE78B4293,1534943788295000,2018-08-22T14:16:28,,1220499683,IOS,,LoginViewController,auto,-1426928026999878635,2086,,,,User login not captured,,,,,,,,,,,,1534943788295000,26ba0412a6b291ec3aed55794cd0e7bb,uk.co.skoda.assistant.ios,1.1.6,,1:571703561616:ios:777087d7f78ec12a,manual_install,tablet,Apple,iPad 5th gen,,"iPad6,11",IOS,11.4.1,,,en-gb,No,3600,,,Europe,United Kingdom,England,Birmingham,,,(direct),(none),(direct),User login not captured
