event_date,event_timestamp,event_iso8601,event_name,event_previous_timestamp,event_previous_iso8601,event_value_in_usd,event_bundle_sequence_id,event_server_timestamp_offset,user_id,user_pseudo_id,user_first_touch_timestamp,user_first_touch_iso8601,user_ltv,stream_id,platform,event_dimensions,firebase_screen_class,firebase_event_origin,firebase_screen_id,engagement_time_msec,firebase_conversion,firebase_previous_id,firebase_previous_class,user_retailer,user_area,AnalyticsParameterTerm,button_name,AnalyticsParameterItemID,engine,Compared_vehicle_1,Compared_vehicle_2,update_with_analytics,previous_first_open_count,previous_app_version,Compared_vehicle_3,first_open_time,user_id,id,version,install_store,firebase_app_id,install_source,category,mobile_brand_name,mobile_model_name,mobile_marketing_name,mobile_os_hardware_model,operating_system,operating_system_version,vendor_id,advertising_id,language,is_limited_ad_tracking,time_zone_offset_seconds,browser,browser,continent,country,region,city,sub_continent,metro,name,medium,source,user_session_generated_id
20180829,1535552288834001,2018-08-29T15:18:08,AnalyticsEventLogin,1535019930948001,2018-08-23T11:25:30,,28,145931,da32f3bc62f2c2abf62680e457a110d2,D6FB27FF9E2A4784AFC7C3E80CBF2B7E,1534935558584000,2018-08-22T11:59:18,,1220499683,IOS,,SplashViewController,app,9152738656528423469,,1,,,22013,3,da32f3bc62f2c2abf62680e457a110d2,,,,,,,,,,1534935558584000,da32f3bc62f2c2abf62680e457a110d2,uk.co.skoda.assistant.ios,1.1.6,,1:571703561616:ios:777087d7f78ec12a,manual_install,tablet,Apple,iPad,,"iPad7,5",IOS,11.4.1,,,en-gb,No,3600,,,Europe,United Kingdom,England,London,,,(direct),(none),(direct),da32f3bc62f2c2abf62680e457a110d2_1
20180829,1535552288953000,2018-08-29T15:18:08,button_press,1535019948053000,2018-08-23T11:25:48,,29,145932,da32f3bc62f2c2abf62680e457a110d2,D6FB27FF9E2A4784AFC7C3E80CBF2B7E,1534935558584000,2018-08-22T11:59:18,,1220499683,IOS,,SplashViewController,app,9152738656528423469,,1,,,22013,3,,globalnav_range,,,,,,,,,1534935558584000,da32f3bc62f2c2abf62680e457a110d2,uk.co.skoda.assistant.ios,1.1.6,,1:571703561616:ios:777087d7f78ec12a,manual_install,tablet,Apple,iPad,,"iPad7,5",IOS,11.4.1,,,en-gb,No,3600,,,Europe,United Kingdom,England,London,,,(direct),(none),(direct),da32f3bc62f2c2abf62680e457a110d2_1
20180829,1535552288954001,2018-08-29T15:18:08,button_press,1535552288953001,2018-08-29T15:18:08,,29,145932,da32f3bc62f2c2abf62680e457a110d2,D6FB27FF9E2A4784AFC7C3E80CBF2B7E,1534935558584000,2018-08-22T11:59:18,,1220499683,IOS,,SplashViewController,app,9152738656528423469,,1,,,22013,3,,range,,,,,,,,,1534935558584000,da32f3bc62f2c2abf62680e457a110d2,uk.co.skoda.assistant.ios,1.1.6,,1:571703561616:ios:777087d7f78ec12a,manual_install,tablet,Apple,iPad,,"iPad7,5",IOS,11.4.1,,,en-gb,No,3600,,,Europe,United Kingdom,England,London,,,(direct),(none),(direct),da32f3bc62f2c2abf62680e457a110d2_1
20180829,1535552289714002,2018-08-29T15:18:09,screen_view,1535552288822002,2018-08-29T15:18:08,,29,145932,da32f3bc62f2c2abf62680e457a110d2,D6FB27FF9E2A4784AFC7C3E80CBF2B7E,1534935558584000,2018-08-22T11:59:18,,1220499683,IOS,,SkodaContentViewController,auto,9152738656528423471,,1,9152738656528423469,SplashViewController,22013,3,,,,,,,,,,,1534935558584000,da32f3bc62f2c2abf62680e457a110d2,uk.co.skoda.assistant.ios,1.1.6,,1:571703561616:ios:777087d7f78ec12a,manual_install,tablet,Apple,iPad,,"iPad7,5",IOS,11.4.1,,,en-gb,No,3600,,,Europe,United Kingdom,England,London,,,(direct),(none),(direct),da32f3bc62f2c2abf62680e457a110d2_1
20180829,1535552289716003,2018-08-29T15:18:09,screen_view,1535552289714003,2018-08-29T15:18:09,,29,145932,da32f3bc62f2c2abf62680e457a110d2,D6FB27FF9E2A4784AFC7C3E80CBF2B7E,1534935558584000,2018-08-22T11:59:18,,1220499683,IOS,,RangeContentViewController,auto,9152738656528423472,,1,9152738656528423471,SkodaContentViewController,22013,3,,,,,,,,,,,1534935558584000,da32f3bc62f2c2abf62680e457a110d2,uk.co.skoda.assistant.ios,1.1.6,,1:571703561616:ios:777087d7f78ec12a,manual_install,tablet,Apple,iPad,,"iPad7,5",IOS,11.4.1,,,en-gb,No,3600,,,Europe,United Kingdom,England,London,,,(direct),(none),(direct),da32f3bc62f2c2abf62680e457a110d2_1
20180829,1535552291760004,2018-08-29T15:18:11,button_press,1535552288954004,2018-08-29T15:18:08,,29,145932,da32f3bc62f2c2abf62680e457a110d2,D6FB27FF9E2A4784AFC7C3E80CBF2B7E,1534935558584000,2018-08-22T11:59:18,,1220499683,IOS,,RangeContentViewController,app,9152738656528423472,,1,,,22013,3,,globalnav_compare,,,,,,,,,1534935558584000,da32f3bc62f2c2abf62680e457a110d2,uk.co.skoda.assistant.ios,1.1.6,,1:571703561616:ios:777087d7f78ec12a,manual_install,tablet,Apple,iPad,,"iPad7,5",IOS,11.4.1,,,en-gb,No,3600,,,Europe,United Kingdom,England,London,,,(direct),(none),(direct),da32f3bc62f2c2abf62680e457a110d2_1
20180829,1535552291793005,2018-08-29T15:18:11,button_press,1535552291760005,2018-08-29T15:18:11,,29,145932,da32f3bc62f2c2abf62680e457a110d2,D6FB27FF9E2A4784AFC7C3E80CBF2B7E,1534935558584000,2018-08-22T11:59:18,,1220499683,IOS,,RangeContentViewController,app,9152738656528423472,,1,,,22013,3,,compare,,,,,,,,,1534935558584000,da32f3bc62f2c2abf62680e457a110d2,uk.co.skoda.assistant.ios,1.1.6,,1:571703561616:ios:777087d7f78ec12a,manual_install,tablet,Apple,iPad,,"iPad7,5",IOS,11.4.1,,,en-gb,No,3600,,,Europe,United Kingdom,England,London,,,(direct),(none),(direct),da32f3bc62f2c2abf62680e457a110d2_1
20180829,1535552291979006,2018-08-29T15:18:11,screen_view,1535552289716006,2018-08-29T15:18:09,,29,145932,da32f3bc62f2c2abf62680e457a110d2,D6FB27FF9E2A4784AFC7C3E80CBF2B7E,1534935558584000,2018-08-22T11:59:18,,1220499683,IOS,,SkodaContentViewController,auto,9152738656528423471,,1,9152738656528423472,RangeContentViewController,22013,3,,,,,,,,,,,1534935558584000,da32f3bc62f2c2abf62680e457a110d2,uk.co.skoda.assistant.ios,1.1.6,,1:571703561616:ios:777087d7f78ec12a,manual_install,tablet,Apple,iPad,,"iPad7,5",IOS,11.4.1,,,en-gb,No,3600,,,Europe,United Kingdom,England,London,,,(direct),(none),(direct),da32f3bc62f2c2abf62680e457a110d2_1
20180829,1535552291979006,2018-08-29T15:18:11,user_engagement,1535552288822006,2018-08-29T15:18:08,,29,145932,da32f3bc62f2c2abf62680e457a110d2,D6FB27FF9E2A4784AFC7C3E80CBF2B7E,1534935558584000,2018-08-22T11:59:18,,1220499683,IOS,,RangeContentViewController,auto,9152738656528423472,3156,,,,22013,3,,,,,,,,,,,1534935558584000,da32f3bc62f2c2abf62680e457a110d2,uk.co.skoda.assistant.ios,1.1.6,,1:571703561616:ios:777087d7f78ec12a,manual_install,tablet,Apple,iPad,,"iPad7,5",IOS,11.4.1,,,en-gb,No,3600,,,Europe,United Kingdom,England,London,,,(direct),(none),(direct),da32f3bc62f2c2abf62680e457a110d2_1
20180829,1535552296523000,2018-08-29T15:18:16,session_start,1535019938624000,2018-08-23T11:25:38,,30,131552,da32f3bc62f2c2abf62680e457a110d2,D6FB27FF9E2A4784AFC7C3E80CBF2B7E,1534935558584000,2018-08-22T11:59:18,,1220499683,IOS,,SkodaContentViewController,auto,9152738656528423471,,1,,,22013,3,,,,,,,,,,,1534935558584000,da32f3bc62f2c2abf62680e457a110d2,uk.co.skoda.assistant.ios,1.1.6,,1:571703561616:ios:777087d7f78ec12a,manual_install,tablet,Apple,iPad,,"iPad7,5",IOS,11.4.1,,,en-gb,No,3600,,,Europe,United Kingdom,England,London,,,(direct),(none),(direct),da32f3bc62f2c2abf62680e457a110d2_1
20180829,1535552327726001,2018-08-29T15:18:47,button_press,1535552291793001,2018-08-29T15:18:11,,30,131552,da32f3bc62f2c2abf62680e457a110d2,D6FB27FF9E2A4784AFC7C3E80CBF2B7E,1534935558584000,2018-08-22T11:59:18,,1220499683,IOS,,SkodaContentViewController,app,9152738656528423471,,1,,,22013,3,,compare_models,,,,,,,,,1534935558584000,da32f3bc62f2c2abf62680e457a110d2,uk.co.skoda.assistant.ios,1.1.6,,1:571703561616:ios:777087d7f78ec12a,manual_install,tablet,Apple,iPad,,"iPad7,5",IOS,11.4.1,,,en-gb,No,3600,,,Europe,United Kingdom,England,London,,,(direct),(none),(direct),da32f3bc62f2c2abf62680e457a110d2_1
20180829,1535552328282002,2018-08-29T15:18:48,user_engagement,1535552291979002,2018-08-29T15:18:11,,30,131552,da32f3bc62f2c2abf62680e457a110d2,D6FB27FF9E2A4784AFC7C3E80CBF2B7E,1534935558584000,2018-08-22T11:59:18,,1220499683,IOS,,SkodaContentViewController,auto,9152738656528423471,36303,,,,22013,3,,,,,,,,,,,1534935558584000,da32f3bc62f2c2abf62680e457a110d2,uk.co.skoda.assistant.ios,1.1.6,,1:571703561616:ios:777087d7f78ec12a,manual_install,tablet,Apple,iPad,,"iPad7,5",IOS,11.4.1,,,en-gb,No,3600,,,Europe,United Kingdom,England,London,,,(direct),(none),(direct),da32f3bc62f2c2abf62680e457a110d2_1
20180829,1535552328283002,2018-08-29T15:18:48,screen_view,1535552291979002,2018-08-29T15:18:11,,30,131552,da32f3bc62f2c2abf62680e457a110d2,D6FB27FF9E2A4784AFC7C3E80CBF2B7E,1534935558584000,2018-08-22T11:59:18,,1220499683,IOS,,ComparisonResultViewController,auto,9152738656528423473,,1,9152738656528423471,SkodaContentViewController,22013,3,,,,,,,,,,,1534935558584000,da32f3bc62f2c2abf62680e457a110d2,uk.co.skoda.assistant.ios,1.1.6,,1:571703561616:ios:777087d7f78ec12a,manual_install,tablet,Apple,iPad,,"iPad7,5",IOS,11.4.1,,,en-gb,No,3600,,,Europe,United Kingdom,England,London,,,(direct),(none),(direct),da32f3bc62f2c2abf62680e457a110d2_1
20180829,1535552329399004,2018-08-29T15:18:49,AnalyticsEventComparison,,,,30,131552,da32f3bc62f2c2abf62680e457a110d2,D6FB27FF9E2A4784AFC7C3E80CBF2B7E,1534935558584000,2018-08-22T11:59:18,,1220499683,IOS,,ComparisonResultViewController,app,9152738656528423473,,,,,22013,3,,,,,241964,218135,,,,,1534935558584000,da32f3bc62f2c2abf62680e457a110d2,uk.co.skoda.assistant.ios,1.1.6,,1:571703561616:ios:777087d7f78ec12a,manual_install,tablet,Apple,iPad,,"iPad7,5",IOS,11.4.1,,,en-gb,No,3600,,,Europe,United Kingdom,England,London,,,(direct),(none),(direct),da32f3bc62f2c2abf62680e457a110d2_1
20180829,1535552442438003,2018-08-29T15:20:42,button_press,1535552327726003,2018-08-29T15:18:47,,30,131552,da32f3bc62f2c2abf62680e457a110d2,D6FB27FF9E2A4784AFC7C3E80CBF2B7E,1534935558584000,2018-08-22T11:59:18,,1220499683,IOS,,ComparisonResultViewController,app,9152738656528423473,,1,,,22013,3,,compare_results_view_features,,,,,,,,,1534935558584000,da32f3bc62f2c2abf62680e457a110d2,uk.co.skoda.assistant.ios,1.1.6,,1:571703561616:ios:777087d7f78ec12a,manual_install,tablet,Apple,iPad,,"iPad7,5",IOS,11.4.1,,,en-gb,No,3600,,,Europe,United Kingdom,England,London,,,(direct),(none),(direct),da32f3bc62f2c2abf62680e457a110d2_1
20180829,1535552443002006,2018-08-29T15:20:43,user_engagement,1535552328282006,2018-08-29T15:18:48,,30,131552,da32f3bc62f2c2abf62680e457a110d2,D6FB27FF9E2A4784AFC7C3E80CBF2B7E,1534935558584000,2018-08-22T11:59:18,,1220499683,IOS,,ComparisonResultViewController,auto,9152738656528423473,114719,,,,22013,3,,,,,,,,,,,1534935558584000,da32f3bc62f2c2abf62680e457a110d2,uk.co.skoda.assistant.ios,1.1.6,,1:571703561616:ios:777087d7f78ec12a,manual_install,tablet,Apple,iPad,,"iPad7,5",IOS,11.4.1,,,en-gb,No,3600,,,Europe,United Kingdom,England,London,,,(direct),(none),(direct),da32f3bc62f2c2abf62680e457a110d2_1
20180829,1535552443003004,2018-08-29T15:20:43,screen_view,1535552328283004,2018-08-29T15:18:48,,30,131552,da32f3bc62f2c2abf62680e457a110d2,D6FB27FF9E2A4784AFC7C3E80CBF2B7E,1534935558584000,2018-08-22T11:59:18,,1220499683,IOS,,ComparisonFeaturesViewController,auto,9152738656528423474,,1,9152738656528423473,ComparisonResultViewController,22013,3,,,,,,,,,,,1534935558584000,da32f3bc62f2c2abf62680e457a110d2,uk.co.skoda.assistant.ios,1.1.6,,1:571703561616:ios:777087d7f78ec12a,manual_install,tablet,Apple,iPad,,"iPad7,5",IOS,11.4.1,,,en-gb,No,3600,,,Europe,United Kingdom,England,London,,,(direct),(none),(direct),da32f3bc62f2c2abf62680e457a110d2_1
20180829,1535552446763005,2018-08-29T15:20:46,screen_view,1535552443003005,2018-08-29T15:20:43,,30,131552,da32f3bc62f2c2abf62680e457a110d2,D6FB27FF9E2A4784AFC7C3E80CBF2B7E,1534935558584000,2018-08-22T11:59:18,,1220499683,IOS,,SkodaContentViewController,auto,9152738656528423471,,1,9152738656528423474,ComparisonFeaturesViewController,22013,3,,,,,,,,,,,1534935558584000,da32f3bc62f2c2abf62680e457a110d2,uk.co.skoda.assistant.ios,1.1.6,,1:571703561616:ios:777087d7f78ec12a,manual_install,tablet,Apple,iPad,,"iPad7,5",IOS,11.4.1,,,en-gb,No,3600,,,Europe,United Kingdom,England,London,,,(direct),(none),(direct),da32f3bc62f2c2abf62680e457a110d2_1
20180829,1535552446763008,2018-08-29T15:20:46,user_engagement,1535552443002008,2018-08-29T15:20:43,,30,131552,da32f3bc62f2c2abf62680e457a110d2,D6FB27FF9E2A4784AFC7C3E80CBF2B7E,1534935558584000,2018-08-22T11:59:18,,1220499683,IOS,,ComparisonFeaturesViewController,auto,9152738656528423474,3760,,,,22013,3,,,,,,,,,,,1534935558584000,da32f3bc62f2c2abf62680e457a110d2,uk.co.skoda.assistant.ios,1.1.6,,1:571703561616:ios:777087d7f78ec12a,manual_install,tablet,Apple,iPad,,"iPad7,5",IOS,11.4.1,,,en-gb,No,3600,,,Europe,United Kingdom,England,London,,,(direct),(none),(direct),da32f3bc62f2c2abf62680e457a110d2_1
20180829,1535552446766006,2018-08-29T15:20:46,screen_view,1535552446763006,2018-08-29T15:20:46,,30,131552,da32f3bc62f2c2abf62680e457a110d2,D6FB27FF9E2A4784AFC7C3E80CBF2B7E,1534935558584000,2018-08-22T11:59:18,,1220499683,IOS,,ComparisonResultViewController,auto,9152738656528423473,,1,9152738656528423471,SkodaContentViewController,22013,3,,,,,,,,,,,1534935558584000,da32f3bc62f2c2abf62680e457a110d2,uk.co.skoda.assistant.ios,1.1.6,,1:571703561616:ios:777087d7f78ec12a,manual_install,tablet,Apple,iPad,,"iPad7,5",IOS,11.4.1,,,en-gb,No,3600,,,Europe,United Kingdom,England,London,,,(direct),(none),(direct),da32f3bc62f2c2abf62680e457a110d2_1
20180829,1535552453968011,2018-08-29T15:20:53,user_engagement,1535552446763011,2018-08-29T15:20:46,,30,131552,da32f3bc62f2c2abf62680e457a110d2,D6FB27FF9E2A4784AFC7C3E80CBF2B7E,1534935558584000,2018-08-22T11:59:18,,1220499683,IOS,,ComparisonResultViewController,auto,9152738656528423473,7205,,,,22013,3,,,,,,,,,,,1534935558584000,da32f3bc62f2c2abf62680e457a110d2,uk.co.skoda.assistant.ios,1.1.6,,1:571703561616:ios:777087d7f78ec12a,manual_install,tablet,Apple,iPad,,"iPad7,5",IOS,11.4.1,,,en-gb,No,3600,,,Europe,United Kingdom,England,London,,,(direct),(none),(direct),da32f3bc62f2c2abf62680e457a110d2_1
20180829,1535552453969007,2018-08-29T15:20:53,screen_view,1535552446766007,2018-08-29T15:20:46,,30,131552,da32f3bc62f2c2abf62680e457a110d2,D6FB27FF9E2A4784AFC7C3E80CBF2B7E,1534935558584000,2018-08-22T11:59:18,,1220499683,IOS,,SkodaContentViewController,auto,9152738656528423471,,1,9152738656528423473,ComparisonResultViewController,22013,3,,,,,,,,,,,1534935558584000,da32f3bc62f2c2abf62680e457a110d2,uk.co.skoda.assistant.ios,1.1.6,,1:571703561616:ios:777087d7f78ec12a,manual_install,tablet,Apple,iPad,,"iPad7,5",IOS,11.4.1,,,en-gb,No,3600,,,Europe,United Kingdom,England,London,,,(direct),(none),(direct),da32f3bc62f2c2abf62680e457a110d2_1
20180829,1535552458174008,2018-08-29T15:20:58,button_press,1535552442438008,2018-08-29T15:20:42,,30,131552,da32f3bc62f2c2abf62680e457a110d2,D6FB27FF9E2A4784AFC7C3E80CBF2B7E,1534935558584000,2018-08-22T11:59:18,,1220499683,IOS,,SkodaContentViewController,app,9152738656528423471,,1,,,22013,3,,globalnav_range,,,,,,,,,1534935558584000,da32f3bc62f2c2abf62680e457a110d2,uk.co.skoda.assistant.ios,1.1.6,,1:571703561616:ios:777087d7f78ec12a,manual_install,tablet,Apple,iPad,,"iPad7,5",IOS,11.4.1,,,en-gb,No,3600,,,Europe,United Kingdom,England,London,,,(direct),(none),(direct),da32f3bc62f2c2abf62680e457a110d2_1
20180829,1535552458211009,2018-08-29T15:20:58,button_press,1535552458174009,2018-08-29T15:20:58,,30,131552,da32f3bc62f2c2abf62680e457a110d2,D6FB27FF9E2A4784AFC7C3E80CBF2B7E,1534935558584000,2018-08-22T11:59:18,,1220499683,IOS,,SkodaContentViewController,app,9152738656528423471,,1,,,22013,3,,range,,,,,,,,,1534935558584000,da32f3bc62f2c2abf62680e457a110d2,uk.co.skoda.assistant.ios,1.1.6,,1:571703561616:ios:777087d7f78ec12a,manual_install,tablet,Apple,iPad,,"iPad7,5",IOS,11.4.1,,,en-gb,No,3600,,,Europe,United Kingdom,England,London,,,(direct),(none),(direct),da32f3bc62f2c2abf62680e457a110d2_1
20180829,1535552458225010,2018-08-29T15:20:58,screen_view,1535552453969010,2018-08-29T15:20:53,,30,131552,da32f3bc62f2c2abf62680e457a110d2,D6FB27FF9E2A4784AFC7C3E80CBF2B7E,1534935558584000,2018-08-22T11:59:18,,1220499683,IOS,,RangeContentViewController,auto,9152738656528423472,,1,9152738656528423471,SkodaContentViewController,22013,3,,,,,,,,,,,1534935558584000,da32f3bc62f2c2abf62680e457a110d2,uk.co.skoda.assistant.ios,1.1.6,,1:571703561616:ios:777087d7f78ec12a,manual_install,tablet,Apple,iPad,,"iPad7,5",IOS,11.4.1,,,en-gb,No,3600,,,Europe,United Kingdom,England,London,,,(direct),(none),(direct),da32f3bc62f2c2abf62680e457a110d2_1
20180829,1535552458225015,2018-08-29T15:20:58,user_engagement,1535552453968015,2018-08-29T15:20:53,,30,131552,da32f3bc62f2c2abf62680e457a110d2,D6FB27FF9E2A4784AFC7C3E80CBF2B7E,1534935558584000,2018-08-22T11:59:18,,1220499683,IOS,,SkodaContentViewController,auto,9152738656528423471,4256,,,,22013,3,,,,,,,,,,,1534935558584000,da32f3bc62f2c2abf62680e457a110d2,uk.co.skoda.assistant.ios,1.1.6,,1:571703561616:ios:777087d7f78ec12a,manual_install,tablet,Apple,iPad,,"iPad7,5",IOS,11.4.1,,,en-gb,No,3600,,,Europe,United Kingdom,England,London,,,(direct),(none),(direct),da32f3bc62f2c2abf62680e457a110d2_1
20180829,1535552465917011,2018-08-29T15:21:05,button_press,1535552458211011,2018-08-29T15:20:58,,30,131552,da32f3bc62f2c2abf62680e457a110d2,D6FB27FF9E2A4784AFC7C3E80CBF2B7E,1534935558584000,2018-08-22T11:59:18,,1220499683,IOS,,RangeContentViewController,app,9152738656528423472,,1,,,22013,3,,globalnav_compare,,,,,,,,,1534935558584000,da32f3bc62f2c2abf62680e457a110d2,uk.co.skoda.assistant.ios,1.1.6,,1:571703561616:ios:777087d7f78ec12a,manual_install,tablet,Apple,iPad,,"iPad7,5",IOS,11.4.1,,,en-gb,No,3600,,,Europe,United Kingdom,England,London,,,(direct),(none),(direct),da32f3bc62f2c2abf62680e457a110d2_1
20180829,1535552465955012,2018-08-29T15:21:05,button_press,1535552465917012,2018-08-29T15:21:05,,30,131552,da32f3bc62f2c2abf62680e457a110d2,D6FB27FF9E2A4784AFC7C3E80CBF2B7E,1534935558584000,2018-08-22T11:59:18,,1220499683,IOS,,RangeContentViewController,app,9152738656528423472,,1,,,22013,3,,compare,,,,,,,,,1534935558584000,da32f3bc62f2c2abf62680e457a110d2,uk.co.skoda.assistant.ios,1.1.6,,1:571703561616:ios:777087d7f78ec12a,manual_install,tablet,Apple,iPad,,"iPad7,5",IOS,11.4.1,,,en-gb,No,3600,,,Europe,United Kingdom,England,London,,,(direct),(none),(direct),da32f3bc62f2c2abf62680e457a110d2_1
20180829,1535552465962013,2018-08-29T15:21:05,screen_view,1535552458225013,2018-08-29T15:20:58,,30,131552,da32f3bc62f2c2abf62680e457a110d2,D6FB27FF9E2A4784AFC7C3E80CBF2B7E,1534935558584000,2018-08-22T11:59:18,,1220499683,IOS,,SkodaContentViewController,auto,9152738656528423471,,1,9152738656528423472,RangeContentViewController,22013,3,,,,,,,,,,,1534935558584000,da32f3bc62f2c2abf62680e457a110d2,uk.co.skoda.assistant.ios,1.1.6,,1:571703561616:ios:777087d7f78ec12a,manual_install,tablet,Apple,iPad,,"iPad7,5",IOS,11.4.1,,,en-gb,No,3600,,,Europe,United Kingdom,England,London,,,(direct),(none),(direct),da32f3bc62f2c2abf62680e457a110d2_1
20180829,1535552465962019,2018-08-29T15:21:05,user_engagement,1535552458225019,2018-08-29T15:20:58,,30,131552,da32f3bc62f2c2abf62680e457a110d2,D6FB27FF9E2A4784AFC7C3E80CBF2B7E,1534935558584000,2018-08-22T11:59:18,,1220499683,IOS,,RangeContentViewController,auto,9152738656528423472,7736,,,,22013,3,,,,,,,,,,,1534935558584000,da32f3bc62f2c2abf62680e457a110d2,uk.co.skoda.assistant.ios,1.1.6,,1:571703561616:ios:777087d7f78ec12a,manual_install,tablet,Apple,iPad,,"iPad7,5",IOS,11.4.1,,,en-gb,No,3600,,,Europe,United Kingdom,England,London,,,(direct),(none),(direct),da32f3bc62f2c2abf62680e457a110d2_1
20180829,1535552466339014,2018-08-29T15:21:06,button_press,1535552465955014,2018-08-29T15:21:05,,30,131552,da32f3bc62f2c2abf62680e457a110d2,D6FB27FF9E2A4784AFC7C3E80CBF2B7E,1534935558584000,2018-08-22T11:59:18,,1220499683,IOS,,SkodaContentViewController,app,9152738656528423471,,1,,,22013,3,,globalnav_presentation,,,,,,,,,1534935558584000,da32f3bc62f2c2abf62680e457a110d2,uk.co.skoda.assistant.ios,1.1.6,,1:571703561616:ios:777087d7f78ec12a,manual_install,tablet,Apple,iPad,,"iPad7,5",IOS,11.4.1,,,en-gb,No,3600,,,Europe,United Kingdom,England,London,,,(direct),(none),(direct),da32f3bc62f2c2abf62680e457a110d2_1
20180829,1535552466349015,2018-08-29T15:21:06,button_press,1535552466339015,2018-08-29T15:21:06,,30,131552,da32f3bc62f2c2abf62680e457a110d2,D6FB27FF9E2A4784AFC7C3E80CBF2B7E,1534935558584000,2018-08-22T11:59:18,,1220499683,IOS,,SkodaContentViewController,app,9152738656528423471,,1,,,22013,3,,presentation,,,,,,,,,1534935558584000,da32f3bc62f2c2abf62680e457a110d2,uk.co.skoda.assistant.ios,1.1.6,,1:571703561616:ios:777087d7f78ec12a,manual_install,tablet,Apple,iPad,,"iPad7,5",IOS,11.4.1,,,en-gb,No,3600,,,Europe,United Kingdom,England,London,,,(direct),(none),(direct),da32f3bc62f2c2abf62680e457a110d2_1
20180829,1535552467199016,2018-08-29T15:21:07,button_press,1535552466349016,2018-08-29T15:21:06,,30,131552,da32f3bc62f2c2abf62680e457a110d2,D6FB27FF9E2A4784AFC7C3E80CBF2B7E,1534935558584000,2018-08-22T11:59:18,,1220499683,IOS,,SkodaContentViewController,app,9152738656528423471,,1,,,22013,3,,globalnav_links,,,,,,,,,1534935558584000,da32f3bc62f2c2abf62680e457a110d2,uk.co.skoda.assistant.ios,1.1.6,,1:571703561616:ios:777087d7f78ec12a,manual_install,tablet,Apple,iPad,,"iPad7,5",IOS,11.4.1,,,en-gb,No,3600,,,Europe,United Kingdom,England,London,,,(direct),(none),(direct),da32f3bc62f2c2abf62680e457a110d2_1
20180829,1535552467217017,2018-08-29T15:21:07,button_press,1535552467199017,2018-08-29T15:21:07,,30,131552,da32f3bc62f2c2abf62680e457a110d2,D6FB27FF9E2A4784AFC7C3E80CBF2B7E,1534935558584000,2018-08-22T11:59:18,,1220499683,IOS,,SkodaContentViewController,app,9152738656528423471,,1,,,22013,3,,links,,,,,,,,,1534935558584000,da32f3bc62f2c2abf62680e457a110d2,uk.co.skoda.assistant.ios,1.1.6,,1:571703561616:ios:777087d7f78ec12a,manual_install,tablet,Apple,iPad,,"iPad7,5",IOS,11.4.1,,,en-gb,No,3600,,,Europe,United Kingdom,England,London,,,(direct),(none),(direct),da32f3bc62f2c2abf62680e457a110d2_1
20180829,1535552469217018,2018-08-29T15:21:09,button_press,1535552467217018,2018-08-29T15:21:07,,30,131552,da32f3bc62f2c2abf62680e457a110d2,D6FB27FF9E2A4784AFC7C3E80CBF2B7E,1534935558584000,2018-08-22T11:59:18,,1220499683,IOS,,SkodaContentViewController,app,9152738656528423471,,1,,,22013,3,,globalnav_range,,,,,,,,,1534935558584000,da32f3bc62f2c2abf62680e457a110d2,uk.co.skoda.assistant.ios,1.1.6,,1:571703561616:ios:777087d7f78ec12a,manual_install,tablet,Apple,iPad,,"iPad7,5",IOS,11.4.1,,,en-gb,No,3600,,,Europe,United Kingdom,England,London,,,(direct),(none),(direct),da32f3bc62f2c2abf62680e457a110d2_1
20180829,1535552469254019,2018-08-29T15:21:09,button_press,1535552469217019,2018-08-29T15:21:09,,30,131552,da32f3bc62f2c2abf62680e457a110d2,D6FB27FF9E2A4784AFC7C3E80CBF2B7E,1534935558584000,2018-08-22T11:59:18,,1220499683,IOS,,SkodaContentViewController,app,9152738656528423471,,1,,,22013,3,,range,,,,,,,,,1534935558584000,da32f3bc62f2c2abf62680e457a110d2,uk.co.skoda.assistant.ios,1.1.6,,1:571703561616:ios:777087d7f78ec12a,manual_install,tablet,Apple,iPad,,"iPad7,5",IOS,11.4.1,,,en-gb,No,3600,,,Europe,United Kingdom,England,London,,,(direct),(none),(direct),da32f3bc62f2c2abf62680e457a110d2_1
20180829,1535552469272020,2018-08-29T15:21:09,screen_view,1535552465962020,2018-08-29T15:21:05,,30,131552,da32f3bc62f2c2abf62680e457a110d2,D6FB27FF9E2A4784AFC7C3E80CBF2B7E,1534935558584000,2018-08-22T11:59:18,,1220499683,IOS,,RangeContentViewController,auto,9152738656528423472,,1,9152738656528423471,SkodaContentViewController,22013,3,,,,,,,,,,,1534935558584000,da32f3bc62f2c2abf62680e457a110d2,uk.co.skoda.assistant.ios,1.1.6,,1:571703561616:ios:777087d7f78ec12a,manual_install,tablet,Apple,iPad,,"iPad7,5",IOS,11.4.1,,,en-gb,No,3600,,,Europe,United Kingdom,England,London,,,(direct),(none),(direct),da32f3bc62f2c2abf62680e457a110d2_1
20180829,1535552469272027,2018-08-29T15:21:09,user_engagement,1535552465962027,2018-08-29T15:21:05,,30,131552,da32f3bc62f2c2abf62680e457a110d2,D6FB27FF9E2A4784AFC7C3E80CBF2B7E,1534935558584000,2018-08-22T11:59:18,,1220499683,IOS,,SkodaContentViewController,auto,9152738656528423471,3310,,,,22013,3,,,,,,,,,,,1534935558584000,da32f3bc62f2c2abf62680e457a110d2,uk.co.skoda.assistant.ios,1.1.6,,1:571703561616:ios:777087d7f78ec12a,manual_install,tablet,Apple,iPad,,"iPad7,5",IOS,11.4.1,,,en-gb,No,3600,,,Europe,United Kingdom,England,London,,,(direct),(none),(direct),da32f3bc62f2c2abf62680e457a110d2_1
20180829,1535552470317021,2018-08-29T15:21:10,button_press,1535552469254021,2018-08-29T15:21:09,,30,131552,da32f3bc62f2c2abf62680e457a110d2,D6FB27FF9E2A4784AFC7C3E80CBF2B7E,1534935558584000,2018-08-22T11:59:18,,1220499683,IOS,,RangeContentViewController,app,9152738656528423472,,1,,,22013,3,,globalnav_links,,,,,,,,,1534935558584000,da32f3bc62f2c2abf62680e457a110d2,uk.co.skoda.assistant.ios,1.1.6,,1:571703561616:ios:777087d7f78ec12a,manual_install,tablet,Apple,iPad,,"iPad7,5",IOS,11.4.1,,,en-gb,No,3600,,,Europe,United Kingdom,England,London,,,(direct),(none),(direct),da32f3bc62f2c2abf62680e457a110d2_1
20180829,1535552470354022,2018-08-29T15:21:10,button_press,1535552470317022,2018-08-29T15:21:10,,30,131552,da32f3bc62f2c2abf62680e457a110d2,D6FB27FF9E2A4784AFC7C3E80CBF2B7E,1534935558584000,2018-08-22T11:59:18,,1220499683,IOS,,RangeContentViewController,app,9152738656528423472,,1,,,22013,3,,links,,,,,,,,,1534935558584000,da32f3bc62f2c2abf62680e457a110d2,uk.co.skoda.assistant.ios,1.1.6,,1:571703561616:ios:777087d7f78ec12a,manual_install,tablet,Apple,iPad,,"iPad7,5",IOS,11.4.1,,,en-gb,No,3600,,,Europe,United Kingdom,England,London,,,(direct),(none),(direct),da32f3bc62f2c2abf62680e457a110d2_1
20180829,1535552470362031,2018-08-29T15:21:10,user_engagement,1535552469272031,2018-08-29T15:21:09,,30,131552,da32f3bc62f2c2abf62680e457a110d2,D6FB27FF9E2A4784AFC7C3E80CBF2B7E,1534935558584000,2018-08-22T11:59:18,,1220499683,IOS,,RangeContentViewController,auto,9152738656528423472,1090,,,,22013,3,,,,,,,,,,,1534935558584000,da32f3bc62f2c2abf62680e457a110d2,uk.co.skoda.assistant.ios,1.1.6,,1:571703561616:ios:777087d7f78ec12a,manual_install,tablet,Apple,iPad,,"iPad7,5",IOS,11.4.1,,,en-gb,No,3600,,,Europe,United Kingdom,England,London,,,(direct),(none),(direct),da32f3bc62f2c2abf62680e457a110d2_1
20180829,1535552470363023,2018-08-29T15:21:10,screen_view,1535552469272023,2018-08-29T15:21:09,,30,131552,da32f3bc62f2c2abf62680e457a110d2,D6FB27FF9E2A4784AFC7C3E80CBF2B7E,1534935558584000,2018-08-22T11:59:18,,1220499683,IOS,,SkodaContentViewController,auto,9152738656528423471,,1,9152738656528423472,RangeContentViewController,22013,3,,,,,,,,,,,1534935558584000,da32f3bc62f2c2abf62680e457a110d2,uk.co.skoda.assistant.ios,1.1.6,,1:571703561616:ios:777087d7f78ec12a,manual_install,tablet,Apple,iPad,,"iPad7,5",IOS,11.4.1,,,en-gb,No,3600,,,Europe,United Kingdom,England,London,,,(direct),(none),(direct),da32f3bc62f2c2abf62680e457a110d2_1
20180829,1535552470941024,2018-08-29T15:21:10,button_press,1535552470354024,2018-08-29T15:21:10,,30,131552,da32f3bc62f2c2abf62680e457a110d2,D6FB27FF9E2A4784AFC7C3E80CBF2B7E,1534935558584000,2018-08-22T11:59:18,,1220499683,IOS,,SkodaContentViewController,app,9152738656528423471,,1,,,22013,3,,globalnav_range,,,,,,,,,1534935558584000,da32f3bc62f2c2abf62680e457a110d2,uk.co.skoda.assistant.ios,1.1.6,,1:571703561616:ios:777087d7f78ec12a,manual_install,tablet,Apple,iPad,,"iPad7,5",IOS,11.4.1,,,en-gb,No,3600,,,Europe,United Kingdom,England,London,,,(direct),(none),(direct),da32f3bc62f2c2abf62680e457a110d2_1
20180829,1535552470957025,2018-08-29T15:21:10,button_press,1535552470941025,2018-08-29T15:21:10,,30,131552,da32f3bc62f2c2abf62680e457a110d2,D6FB27FF9E2A4784AFC7C3E80CBF2B7E,1534935558584000,2018-08-22T11:59:18,,1220499683,IOS,,SkodaContentViewController,app,9152738656528423471,,1,,,22013,3,,range,,,,,,,,,1534935558584000,da32f3bc62f2c2abf62680e457a110d2,uk.co.skoda.assistant.ios,1.1.6,,1:571703561616:ios:777087d7f78ec12a,manual_install,tablet,Apple,iPad,,"iPad7,5",IOS,11.4.1,,,en-gb,No,3600,,,Europe,United Kingdom,England,London,,,(direct),(none),(direct),da32f3bc62f2c2abf62680e457a110d2_1
20180829,1535552470964026,2018-08-29T15:21:10,screen_view,1535552470363026,2018-08-29T15:21:10,,30,131552,da32f3bc62f2c2abf62680e457a110d2,D6FB27FF9E2A4784AFC7C3E80CBF2B7E,1534935558584000,2018-08-22T11:59:18,,1220499683,IOS,,RangeContentViewController,auto,9152738656528423472,,1,9152738656528423471,SkodaContentViewController,22013,3,,,,,,,,,,,1534935558584000,da32f3bc62f2c2abf62680e457a110d2,uk.co.skoda.assistant.ios,1.1.6,,1:571703561616:ios:777087d7f78ec12a,manual_install,tablet,Apple,iPad,,"iPad7,5",IOS,11.4.1,,,en-gb,No,3600,,,Europe,United Kingdom,England,London,,,(direct),(none),(direct),da32f3bc62f2c2abf62680e457a110d2_1
20180829,1535552471792027,2018-08-29T15:21:11,button_press,1535552470957027,2018-08-29T15:21:10,,30,131552,da32f3bc62f2c2abf62680e457a110d2,D6FB27FF9E2A4784AFC7C3E80CBF2B7E,1534935558584000,2018-08-22T11:59:18,,1220499683,IOS,,RangeContentViewController,app,9152738656528423472,,1,,,22013,3,,globalnav_links,,,,,,,,,1534935558584000,da32f3bc62f2c2abf62680e457a110d2,uk.co.skoda.assistant.ios,1.1.6,,1:571703561616:ios:777087d7f78ec12a,manual_install,tablet,Apple,iPad,,"iPad7,5",IOS,11.4.1,,,en-gb,No,3600,,,Europe,United Kingdom,England,London,,,(direct),(none),(direct),da32f3bc62f2c2abf62680e457a110d2_1
20180829,1535552471829028,2018-08-29T15:21:11,button_press,1535552471792028,2018-08-29T15:21:11,,30,131552,da32f3bc62f2c2abf62680e457a110d2,D6FB27FF9E2A4784AFC7C3E80CBF2B7E,1534935558584000,2018-08-22T11:59:18,,1220499683,IOS,,RangeContentViewController,app,9152738656528423472,,1,,,22013,3,,links,,,,,,,,,1534935558584000,da32f3bc62f2c2abf62680e457a110d2,uk.co.skoda.assistant.ios,1.1.6,,1:571703561616:ios:777087d7f78ec12a,manual_install,tablet,Apple,iPad,,"iPad7,5",IOS,11.4.1,,,en-gb,No,3600,,,Europe,United Kingdom,England,London,,,(direct),(none),(direct),da32f3bc62f2c2abf62680e457a110d2_1
20180829,1535552471834038,2018-08-29T15:21:11,user_engagement,1535552470362038,2018-08-29T15:21:10,,30,131552,da32f3bc62f2c2abf62680e457a110d2,D6FB27FF9E2A4784AFC7C3E80CBF2B7E,1534935558584000,2018-08-22T11:59:18,,1220499683,IOS,,RangeContentViewController,auto,9152738656528423472,1471,,,,22013,3,,,,,,,,,,,1534935558584000,da32f3bc62f2c2abf62680e457a110d2,uk.co.skoda.assistant.ios,1.1.6,,1:571703561616:ios:777087d7f78ec12a,manual_install,tablet,Apple,iPad,,"iPad7,5",IOS,11.4.1,,,en-gb,No,3600,,,Europe,United Kingdom,England,London,,,(direct),(none),(direct),da32f3bc62f2c2abf62680e457a110d2_1
20180829,1535552471835029,2018-08-29T15:21:11,screen_view,1535552470964029,2018-08-29T15:21:10,,30,131552,da32f3bc62f2c2abf62680e457a110d2,D6FB27FF9E2A4784AFC7C3E80CBF2B7E,1534935558584000,2018-08-22T11:59:18,,1220499683,IOS,,SkodaContentViewController,auto,9152738656528423471,,1,9152738656528423472,RangeContentViewController,22013,3,,,,,,,,,,,1534935558584000,da32f3bc62f2c2abf62680e457a110d2,uk.co.skoda.assistant.ios,1.1.6,,1:571703561616:ios:777087d7f78ec12a,manual_install,tablet,Apple,iPad,,"iPad7,5",IOS,11.4.1,,,en-gb,No,3600,,,Europe,United Kingdom,England,London,,,(direct),(none),(direct),da32f3bc62f2c2abf62680e457a110d2_1
20180829,1535552474308030,2018-08-29T15:21:14,button_press,1535552471829030,2018-08-29T15:21:11,,30,131552,da32f3bc62f2c2abf62680e457a110d2,D6FB27FF9E2A4784AFC7C3E80CBF2B7E,1534935558584000,2018-08-22T11:59:18,,1220499683,IOS,,SkodaContentViewController,app,9152738656528423471,,1,,,22013,3,,globalnav_range,,,,,,,,,1534935558584000,da32f3bc62f2c2abf62680e457a110d2,uk.co.skoda.assistant.ios,1.1.6,,1:571703561616:ios:777087d7f78ec12a,manual_install,tablet,Apple,iPad,,"iPad7,5",IOS,11.4.1,,,en-gb,No,3600,,,Europe,United Kingdom,England,London,,,(direct),(none),(direct),da32f3bc62f2c2abf62680e457a110d2_1
20180829,1535552474331031,2018-08-29T15:21:14,button_press,1535552474308031,2018-08-29T15:21:14,,30,131552,da32f3bc62f2c2abf62680e457a110d2,D6FB27FF9E2A4784AFC7C3E80CBF2B7E,1534935558584000,2018-08-22T11:59:18,,1220499683,IOS,,SkodaContentViewController,app,9152738656528423471,,1,,,22013,3,,range,,,,,,,,,1534935558584000,da32f3bc62f2c2abf62680e457a110d2,uk.co.skoda.assistant.ios,1.1.6,,1:571703561616:ios:777087d7f78ec12a,manual_install,tablet,Apple,iPad,,"iPad7,5",IOS,11.4.1,,,en-gb,No,3600,,,Europe,United Kingdom,England,London,,,(direct),(none),(direct),da32f3bc62f2c2abf62680e457a110d2_1
20180829,1535552474338042,2018-08-29T15:21:14,user_engagement,1535552471834042,2018-08-29T15:21:11,,30,131552,da32f3bc62f2c2abf62680e457a110d2,D6FB27FF9E2A4784AFC7C3E80CBF2B7E,1534935558584000,2018-08-22T11:59:18,,1220499683,IOS,,SkodaContentViewController,auto,9152738656528423471,2503,,,,22013,3,,,,,,,,,,,1534935558584000,da32f3bc62f2c2abf62680e457a110d2,uk.co.skoda.assistant.ios,1.1.6,,1:571703561616:ios:777087d7f78ec12a,manual_install,tablet,Apple,iPad,,"iPad7,5",IOS,11.4.1,,,en-gb,No,3600,,,Europe,United Kingdom,England,London,,,(direct),(none),(direct),da32f3bc62f2c2abf62680e457a110d2_1
20180829,1535552474339032,2018-08-29T15:21:14,screen_view,1535552471835032,2018-08-29T15:21:11,,30,131552,da32f3bc62f2c2abf62680e457a110d2,D6FB27FF9E2A4784AFC7C3E80CBF2B7E,1534935558584000,2018-08-22T11:59:18,,1220499683,IOS,,RangeContentViewController,auto,9152738656528423472,,1,9152738656528423471,SkodaContentViewController,22013,3,,,,,,,,,,,1534935558584000,da32f3bc62f2c2abf62680e457a110d2,uk.co.skoda.assistant.ios,1.1.6,,1:571703561616:ios:777087d7f78ec12a,manual_install,tablet,Apple,iPad,,"iPad7,5",IOS,11.4.1,,,en-gb,No,3600,,,Europe,United Kingdom,England,London,,,(direct),(none),(direct),da32f3bc62f2c2abf62680e457a110d2_1
20180829,1535552554661044,2018-08-29T15:22:34,user_engagement,1535552474338044,2018-08-29T15:21:14,,30,131552,da32f3bc62f2c2abf62680e457a110d2,D6FB27FF9E2A4784AFC7C3E80CBF2B7E,1534935558584000,2018-08-22T11:59:18,,1220499683,IOS,,RangeContentViewController,auto,9152738656528423472,80322,,,,22013,3,,,,,,,,,,,1534935558584000,da32f3bc62f2c2abf62680e457a110d2,uk.co.skoda.assistant.ios,1.1.6,,1:571703561616:ios:777087d7f78ec12a,manual_install,tablet,Apple,iPad,,"iPad7,5",IOS,11.4.1,,,en-gb,No,3600,,,Europe,United Kingdom,England,London,,,(direct),(none),(direct),da32f3bc62f2c2abf62680e457a110d2_1
