event_date,event_timestamp,event_iso8601,event_name,event_previous_timestamp,event_previous_iso8601,event_value_in_usd,event_bundle_sequence_id,event_server_timestamp_offset,user_id,user_pseudo_id,user_first_touch_timestamp,user_first_touch_iso8601,user_ltv,stream_id,platform,event_dimensions,firebase_screen_class,firebase_event_origin,firebase_screen_id,engagement_time_msec,firebase_conversion,firebase_previous_id,firebase_previous_class,user_retailer,user_area,AnalyticsParameterTerm,button_name,AnalyticsParameterItemID,engine,Compared_vehicle_1,Compared_vehicle_2,update_with_analytics,previous_first_open_count,previous_app_version,Compared_vehicle_3,first_open_time,user_id,id,version,install_store,firebase_app_id,install_source,category,mobile_brand_name,mobile_model_name,mobile_marketing_name,mobile_os_hardware_model,operating_system,operating_system_version,vendor_id,advertising_id,language,is_limited_ad_tracking,time_zone_offset_seconds,browser,browser,continent,country,region,city,sub_continent,metro,name,medium,source,user_session_generated_id
20180829,1535533625634001,2018-08-29T10:07:05,AnalyticsEventLogin,,,,4,109479,,12E6C1DFE1EC4F3FBD4EEE00D2C79EEB,1535286409676000,2018-08-26T13:26:49,,1220499683,IOS,,SplashViewController,app,8866720084579865575,,1,,,25049,8,27a773ed5ce9ed04a0580b749b5dda9c,,,,,,,,,,1535286409676000,,uk.co.skoda.assistant.ios,1.1.6,,1:571703561616:ios:777087d7f78ec12a,manual_install,tablet,Apple,iPad 5th gen,,"iPad6,11",IOS,11.4,,,en-gb,No,3600,,,Europe,United Kingdom,England,Birmingham,,,(direct),(none),(direct),_1
20180829,1535533626165002,2018-08-29T10:07:06,screen_view,1535533625596002,2018-08-29T10:07:05,,4,109479,,12E6C1DFE1EC4F3FBD4EEE00D2C79EEB,1535286409676000,2018-08-26T13:26:49,,1220499683,IOS,,ContentLoaderViewController,auto,8866720084579865577,,1,8866720084579865575,SplashViewController,25049,8,,,,,,,,,,,1535286409676000,,uk.co.skoda.assistant.ios,1.1.6,,1:571703561616:ios:777087d7f78ec12a,manual_install,tablet,Apple,iPad 5th gen,,"iPad6,11",IOS,11.4,,,en-gb,No,3600,,,Europe,United Kingdom,England,Birmingham,,,(direct),(none),(direct),_1
20180829,1535533643160005,2018-08-29T10:07:23,user_engagement,1535533324747005,2018-08-29T10:02:04,,1,-1567261,,A9D750AECB6B4381BE23FD8F809F088B,1535533324747000,2018-08-29T10:02:04,,1220499683,IOS,,LoginViewController,auto,-7873892803081472379,316148,,,,25049,8,,,,,,,,,,,1535533324747000,,uk.co.skoda.assistant.ios,1.1.1,,1:571703561616:ios:777087d7f78ec12a,manual_install,tablet,Apple,iPad,,"iPad7,5",IOS,11.4.1,,,en-gb,No,-25200,,,Europe,United Kingdom,England,Andover,,,(direct),(none),(direct),_1
20180829,1535533871546000,2018-08-29T10:11:11,screen_view,1535533626165000,2018-08-29T10:07:06,,5,112554,,12E6C1DFE1EC4F3FBD4EEE00D2C79EEB,1535286409676000,2018-08-26T13:26:49,,1220499683,IOS,,SplashViewController,auto,8866720084579865575,,1,8866720084579865577,ContentLoaderViewController,25049,8,,,,,,,,,,,1535286409676000,,uk.co.skoda.assistant.ios,1.1.6,,1:571703561616:ios:777087d7f78ec12a,manual_install,tablet,Apple,iPad 5th gen,,"iPad6,11",IOS,11.4,,,en-gb,No,3600,,,Europe,United Kingdom,England,Birmingham,,,(direct),(none),(direct),_1
20180829,1535533871546000,2018-08-29T10:11:11,user_engagement,1535533625595000,2018-08-29T10:07:05,,5,112554,,12E6C1DFE1EC4F3FBD4EEE00D2C79EEB,1535286409676000,2018-08-26T13:26:49,,1220499683,IOS,,ContentLoaderViewController,auto,8866720084579865577,245950,,,,25049,8,,,,,,,,,,,1535286409676000,,uk.co.skoda.assistant.ios,1.1.6,,1:571703561616:ios:777087d7f78ec12a,manual_install,tablet,Apple,iPad 5th gen,,"iPad6,11",IOS,11.4,,,en-gb,No,3600,,,Europe,United Kingdom,England,Birmingham,,,(direct),(none),(direct),_1
20180829,1535533926146006,2018-08-29T10:12:06,user_engagement,1535533643160006,2018-08-29T10:07:23,,1,-1567261,,A9D750AECB6B4381BE23FD8F809F088B,1535533324747000,2018-08-29T10:02:04,,1220499683,IOS,,LoginViewController,auto,-7873892803081472379,112640,,,,25049,8,,,,,,,,,,,1535533324747000,,uk.co.skoda.assistant.ios,1.1.1,,1:571703561616:ios:777087d7f78ec12a,manual_install,tablet,Apple,iPad,,"iPad7,5",IOS,11.4.1,,,en-gb,No,-25200,,,Europe,United Kingdom,England,Andover,,,(direct),(none),(direct),_1
20180829,1535534003519000,2018-08-29T10:13:23,app_update,,,,2,164441,,A9D750AECB6B4381BE23FD8F809F088B,1535533324747000,2018-08-29T10:02:04,,1220499683,IOS,,,auto,,,,,,25049,8,,,,,,,,,1.1.1,,1535533324747000,,uk.co.skoda.assistant.ios,1.1.6,,1:571703561616:ios:777087d7f78ec12a,manual_install,tablet,Apple,iPad,,"iPad7,5",IOS,11.4.1,,,en-gb,No,-25200,,,Europe,United Kingdom,England,Andover,,,(direct),(none),(direct),_1
20180829,1535534003651000,2018-08-29T10:13:23,screen_view,1535533325500000,2018-08-29T10:02:05,,2,164441,,A9D750AECB6B4381BE23FD8F809F088B,1535533324747000,2018-08-29T10:02:04,,1220499683,IOS,,SplashViewController,auto,7051004047525632035,,1,,,25049,8,,,,,,,,,,,1535533324747000,,uk.co.skoda.assistant.ios,1.1.6,,1:571703561616:ios:777087d7f78ec12a,manual_install,tablet,Apple,iPad,,"iPad7,5",IOS,11.4.1,,,en-gb,No,-25200,,,Europe,United Kingdom,England,Andover,,,(direct),(none),(direct),_1
20180829,1535534003733001,2018-08-29T10:13:23,screen_view,1535534003651001,2018-08-29T10:13:23,,2,164441,,A9D750AECB6B4381BE23FD8F809F088B,1535533324747000,2018-08-29T10:02:04,,1220499683,IOS,,LoginViewController,auto,7051004047525632036,,1,7051004047525632035,SplashViewController,25049,8,,,,,,,,,,,1535533324747000,,uk.co.skoda.assistant.ios,1.1.6,,1:571703561616:ios:777087d7f78ec12a,manual_install,tablet,Apple,iPad,,"iPad7,5",IOS,11.4.1,,,en-gb,No,-25200,,,Europe,United Kingdom,England,Andover,,,(direct),(none),(direct),_1
20180829,1535534043200000,2018-08-29T10:14:03,user_engagement,1535533926146000,2018-08-29T10:12:06,,3,144033,,A9D750AECB6B4381BE23FD8F809F088B,1535533324747000,2018-08-29T10:02:04,,1220499683,IOS,,LoginViewController,auto,7051004047525632036,39548,,,,25049,8,,,,,,,,,,,1535533324747000,,uk.co.skoda.assistant.ios,1.1.6,,1:571703561616:ios:777087d7f78ec12a,manual_install,tablet,Apple,iPad,,"iPad7,5",IOS,11.4.1,,,en-gb,No,-25200,,,Europe,United Kingdom,England,Andover,,,(direct),(none),(direct),_1
20180829,1535534043201000,2018-08-29T10:14:03,screen_view,1535534003733000,2018-08-29T10:13:23,,3,144033,,A9D750AECB6B4381BE23FD8F809F088B,1535533324747000,2018-08-29T10:02:04,,1220499683,IOS,,SplashViewController,auto,7051004047525632035,,1,7051004047525632036,LoginViewController,25049,8,,,,,,,,,,,1535533324747000,,uk.co.skoda.assistant.ios,1.1.6,,1:571703561616:ios:777087d7f78ec12a,manual_install,tablet,Apple,iPad,,"iPad7,5",IOS,11.4.1,,,en-gb,No,-25200,,,Europe,United Kingdom,England,Andover,,,(direct),(none),(direct),_1
