event_date,event_timestamp,event_iso8601,event_name,event_previous_timestamp,event_previous_iso8601,event_value_in_usd,event_bundle_sequence_id,event_server_timestamp_offset,user_id,user_pseudo_id,user_first_touch_timestamp,user_first_touch_iso8601,user_ltv,stream_id,platform,event_dimensions,firebase_screen_class,firebase_event_origin,firebase_screen_id,engagement_time_msec,firebase_conversion,firebase_previous_id,firebase_previous_class,user_retailer,user_area,AnalyticsParameterTerm,button_name,AnalyticsParameterItemID,engine,Compared_vehicle_1,Compared_vehicle_2,update_with_analytics,previous_first_open_count,previous_app_version,Compared_vehicle_3,first_open_time,user_id,id,version,install_store,firebase_app_id,install_source,category,mobile_brand_name,mobile_model_name,mobile_marketing_name,mobile_os_hardware_model,operating_system,operating_system_version,vendor_id,advertising_id,language,is_limited_ad_tracking,time_zone_offset_seconds,browser,browser,continent,country,region,city,sub_continent,metro,name,medium,source,user_session_generated_id
20180829,1535531803489008,2018-08-29T09:36:43,link_followed,1535286233140008,2018-08-26T13:23:53,,218,145879,6adf7dcd7358e4c15d9a44c23348678f,CD40E53301BD4F62BA2C91352C14FB4C,1534751892109000,2018-08-20T08:58:12,,1220499683,IOS,,SkodaContentViewController,app,-970542389135931735,,1,,,28007,3,ŠKODA Car Configurator,,7,,,,,,,,1534751892109000,6adf7dcd7358e4c15d9a44c23348678f,uk.co.skoda.assistant.ios,1.1.6,,1:571703561616:ios:777087d7f78ec12a,manual_install,tablet,Apple,iPad,,"iPad7,6",IOS,11.4.1,,,en-gb,No,3600,,,Europe,United Kingdom,England,Andover,,,(direct),(none),(direct),6adf7dcd7358e4c15d9a44c23348678f_1
20180829,1535532344199003,2018-08-29T09:45:44,link_followed,1534257171980003,2018-08-14T15:32:51,,76,69071,cdacf5419947b286b98cd669991f534a,D7665953F7DE47F791BFD2F71BCEC745,1534254909946000,2018-08-14T14:55:09,,1220499683,IOS,,SkodaContentViewController,app,5537654674160040721,,1,,,11111,1,Used Vehicle Locator,,4,,,,,,,,1534254909946000,cdacf5419947b286b98cd669991f534a,uk.co.skoda.assistant.ios,1.1.6,,1:571703561616:ios:777087d7f78ec12a,manual_install,tablet,Apple,iPad,,"iPad7,5",IOS,11.4.1,,,en-gb,No,-25200,,,Europe,United Kingdom,England,Birmingham,,,(direct),(none),(direct),cdacf5419947b286b98cd669991f534a_1
20180829,1535532426066006,2018-08-29T09:47:06,link_followed,1535532344199006,2018-08-29T09:45:44,,76,69071,cdacf5419947b286b98cd669991f534a,D7665953F7DE47F791BFD2F71BCEC745,1534254909946000,2018-08-14T14:55:09,,1220499683,IOS,,SkodaContentViewController,app,5537654674160040721,,1,,,11111,1,Used Vehicle Locator,,4,,,,,,,,1534254909946000,cdacf5419947b286b98cd669991f534a,uk.co.skoda.assistant.ios,1.1.6,,1:571703561616:ios:777087d7f78ec12a,manual_install,tablet,Apple,iPad,,"iPad7,5",IOS,11.4.1,,,en-gb,No,-25200,,,Europe,United Kingdom,England,Birmingham,,,(direct),(none),(direct),cdacf5419947b286b98cd669991f534a_1
20180829,1535533169010155,2018-08-29T09:59:29,link_followed,1535013831968155,2018-08-23T09:43:51,,112,305506,352133e211bbdb63baa0ef1de05a92f6,14D78D5E23C341FCA0F179A27E5652EE,1534926269410000,2018-08-22T09:24:29,,1220499683,IOS,,SkodaContentViewController,app,-4189340690112878102,,1,,,11111,1,ŠKODA Car Configurator,,7,,,,,,,,1534926269410000,352133e211bbdb63baa0ef1de05a92f6,uk.co.skoda.assistant.uat,1.1.3,,1:571703561616:ios:777087d7f78ec12a,manual_install,tablet,Apple,iPad Air 2,,"iPad5,4",IOS,11.4.1,A32BF78F-CE5A-45C8-8A8D-A28FC9819091,,en-gb,No,3600,,,Europe,United Kingdom,England,London,,,(direct),(none),(direct),352133e211bbdb63baa0ef1de05a92f6_1
20180829,1535535660156002,2018-08-29T10:41:00,link_followed,,,,223,113464,cc9c8ab3df6acfd2ca81c7bbef2e4c6a,7377B44DC66D47FE922EC1794773196F,1534866945842000,2018-08-21T16:55:45,,1220499683,IOS,,SkodaContentViewController,app,8549608140516702894,,1,,,11111,1,ŠKODA Owners,,3,,,,,,,,1534866945842000,cc9c8ab3df6acfd2ca81c7bbef2e4c6a,uk.co.skoda.assistant.uat,1.1.6,,1:571703561616:ios:777087d7f78ec12a,manual_install,tablet,Apple,iPad,,"iPad7,5",IOS,11.4,,,en-gb,No,3600,,,Europe,United Kingdom,England,Newport Pagnell,,,(direct),(none),(direct),cc9c8ab3df6acfd2ca81c7bbef2e4c6a_1
20180829,1535536325130116,2018-08-29T10:52:05,link_followed,,,,11,177643,27a773ed5ce9ed04a0580b749b5dda9c,12E6C1DFE1EC4F3FBD4EEE00D2C79EEB,1535286409676000,2018-08-26T13:26:49,,1220499683,IOS,,SkodaContentViewController,app,8866720084579865596,,1,,,25049,8,Connect Online,,11,,,,,,,,1535286409676000,27a773ed5ce9ed04a0580b749b5dda9c,uk.co.skoda.assistant.ios,1.1.6,,1:571703561616:ios:777087d7f78ec12a,manual_install,tablet,Apple,iPad 5th gen,,"iPad6,11",IOS,11.4,,,en-gb,No,3600,,,Europe,United Kingdom,England,Birmingham,,,(direct),(none),(direct),27a773ed5ce9ed04a0580b749b5dda9c_0
20180829,1535536380166001,2018-08-29T10:53:00,link_followed,1535536325130001,2018-08-29T10:52:05,,12,95773,27a773ed5ce9ed04a0580b749b5dda9c,12E6C1DFE1EC4F3FBD4EEE00D2C79EEB,1535286409676000,2018-08-26T13:26:49,,1220499683,IOS,,SkodaContentViewController,app,8866720084579865596,,1,,,25049,8,Live Tour,,5,,,,,,,,1535286409676000,27a773ed5ce9ed04a0580b749b5dda9c,uk.co.skoda.assistant.ios,1.1.6,,1:571703561616:ios:777087d7f78ec12a,manual_install,tablet,Apple,iPad 5th gen,,"iPad6,11",IOS,11.4,,,en-gb,No,3600,,,Europe,United Kingdom,England,Birmingham,,,(direct),(none),(direct),27a773ed5ce9ed04a0580b749b5dda9c_0
20180829,1535536804411000,2018-08-29T11:00:04,link_followed,1535535660156000,2018-08-29T10:41:00,,229,92444,cc9c8ab3df6acfd2ca81c7bbef2e4c6a,7377B44DC66D47FE922EC1794773196F,1534866945842000,2018-08-21T16:55:45,,1220499683,IOS,,SkodaContentViewController,app,8549608140516702894,,1,,,11111,1,ŠKODA Owners,,3,,,,,,,,1534866945842000,cc9c8ab3df6acfd2ca81c7bbef2e4c6a,uk.co.skoda.assistant.uat,1.1.6,,1:571703561616:ios:777087d7f78ec12a,manual_install,tablet,Apple,iPad,,"iPad7,5",IOS,11.4,,,en-gb,No,3600,,,Europe,United Kingdom,England,Newport Pagnell,,,(direct),(none),(direct),cc9c8ab3df6acfd2ca81c7bbef2e4c6a_1
20180829,1535540418255003,2018-08-29T12:00:18,link_followed,,,,10,759618,b8140050d3b610ff8a93bef7a6d60f0d,A9D750AECB6B4381BE23FD8F809F088B,1535533324747000,2018-08-29T10:02:04,,1220499683,IOS,,SkodaContentViewController,app,7051004047525632038,,1,,,User login not captured,,ŠKODA Car Configurator,,7,,,,,,,,1535533324747000,b8140050d3b610ff8a93bef7a6d60f0d,uk.co.skoda.assistant.ios,1.1.6,,1:571703561616:ios:777087d7f78ec12a,manual_install,tablet,Apple,iPad,,"iPad7,5",IOS,11.4.1,,,en-gb,No,3600,,,Europe,United Kingdom,England,London,,,(direct),(none),(direct),User login not captured
20180829,1535541128212003,2018-08-29T12:12:08,link_followed,,,,50,164157,3815d233c65e0ed5c46b0e210e2fe10c,A030146C3D7F4F43B80C6182F70A03C2,1534769254275000,2018-08-20T13:47:34,,1220499683,IOS,,SkodaContentViewController,app,7419981379968766815,,1,,,28007,3,ŠKODA Car Configurator,,7,,,,,,,,1534769254275000,3815d233c65e0ed5c46b0e210e2fe10c,uk.co.skoda.assistant.ios,1.1.6,,1:571703561616:ios:777087d7f78ec12a,manual_install,tablet,Apple,iPad,,"iPad7,5",IOS,11.4.1,,,en-gb,No,3600,,,Europe,United Kingdom,England,Andover,,,(direct),(none),(direct),3815d233c65e0ed5c46b0e210e2fe10c_1
20180829,1535542413860000,2018-08-29T12:33:33,link_followed,1535187731213000,2018-08-25T10:02:11,,71,135922,9801ea9bd1869c5c827ba092c9c2f678,483D696063AF449395F5A96439B79B60,1533913118902000,2018-08-10T15:58:38,,1220499683,IOS,,SkodaContentViewController,app,1670940663789272803,,1,,,28060,4,Connect Online,,11,,,,,,,,1533913118902000,9801ea9bd1869c5c827ba092c9c2f678,uk.co.skoda.assistant.ios,1.1.6,,1:571703561616:ios:777087d7f78ec12a,manual_install,tablet,Apple,iPad,,"iPad7,5",IOS,11.4.1,,,en-gb,No,3600,,,Europe,United Kingdom,England,Nottingham,,,(direct),(none),(direct),9801ea9bd1869c5c827ba092c9c2f678_1
20180829,1535542546205047,2018-08-29T12:35:46,link_followed,1535540418255047,2018-08-29T12:00:18,,10,759618,b8140050d3b610ff8a93bef7a6d60f0d,A9D750AECB6B4381BE23FD8F809F088B,1535533324747000,2018-08-29T10:02:04,,1220499683,IOS,,SkodaContentViewController,app,7051004047525632038,,1,,,User login not captured,,ŠKODA Car Configurator,,7,,,,,,,,1535533324747000,b8140050d3b610ff8a93bef7a6d60f0d,uk.co.skoda.assistant.ios,1.1.6,,1:571703561616:ios:777087d7f78ec12a,manual_install,tablet,Apple,iPad,,"iPad7,5",IOS,11.4.1,,,en-gb,No,3600,,,Europe,United Kingdom,England,London,,,(direct),(none),(direct),User login not captured
20180829,1535542666250061,2018-08-29T12:37:46,link_followed,1535542546205061,2018-08-29T12:35:46,,10,759618,b8140050d3b610ff8a93bef7a6d60f0d,A9D750AECB6B4381BE23FD8F809F088B,1535533324747000,2018-08-29T10:02:04,,1220499683,IOS,,SkodaContentViewController,app,7051004047525632038,,1,,,User login not captured,,ŠKODA Car Configurator,,7,,,,,,,,1535533324747000,b8140050d3b610ff8a93bef7a6d60f0d,uk.co.skoda.assistant.ios,1.1.6,,1:571703561616:ios:777087d7f78ec12a,manual_install,tablet,Apple,iPad,,"iPad7,5",IOS,11.4.1,,,en-gb,No,3600,,,Europe,United Kingdom,England,London,,,(direct),(none),(direct),User login not captured
20180829,1535549689606027,2018-08-29T14:34:49,link_followed,1534506131785027,2018-08-17T12:42:11,,107,2171388,96b9cae1b9cb767955a1610196bbe477,0B88BF99ABB14601BCDCA9DD19AE9559,1534348675851000,2018-08-15T16:57:55,,1220499683,IOS,,SkodaContentViewController,app,6242823001408267225,,1,,,11111,1,Live Tour,,5,,,,,,,,1534348675851000,96b9cae1b9cb767955a1610196bbe477,uk.co.skoda.assistant.ios,1.1.6,,1:571703561616:ios:777087d7f78ec12a,manual_install,tablet,Apple,iPad,,"iPad7,5",IOS,11.4.1,,,en-gb,No,-25200,,,Europe,United Kingdom,England,London,,,(direct),(none),(direct),96b9cae1b9cb767955a1610196bbe477_2
20180829,1535549723083030,2018-08-29T14:35:23,link_followed,1535549689606030,2018-08-29T14:34:49,,107,2171388,96b9cae1b9cb767955a1610196bbe477,0B88BF99ABB14601BCDCA9DD19AE9559,1534348675851000,2018-08-15T16:57:55,,1220499683,IOS,,SkodaContentViewController,app,6242823001408267225,,1,,,11111,1,Connect Online,,11,,,,,,,,1534348675851000,96b9cae1b9cb767955a1610196bbe477,uk.co.skoda.assistant.ios,1.1.6,,1:571703561616:ios:777087d7f78ec12a,manual_install,tablet,Apple,iPad,,"iPad7,5",IOS,11.4.1,,,en-gb,No,-25200,,,Europe,United Kingdom,England,London,,,(direct),(none),(direct),96b9cae1b9cb767955a1610196bbe477_2
20180829,1535549730365033,2018-08-29T14:35:30,link_followed,1535549723083033,2018-08-29T14:35:23,,107,2171388,96b9cae1b9cb767955a1610196bbe477,0B88BF99ABB14601BCDCA9DD19AE9559,1534348675851000,2018-08-15T16:57:55,,1220499683,IOS,,SkodaContentViewController,app,6242823001408267225,,1,,,11111,1,ŠKODA Finance and Offers,,10,,,,,,,,1534348675851000,96b9cae1b9cb767955a1610196bbe477,uk.co.skoda.assistant.ios,1.1.6,,1:571703561616:ios:777087d7f78ec12a,manual_install,tablet,Apple,iPad,,"iPad7,5",IOS,11.4.1,,,en-gb,No,-25200,,,Europe,United Kingdom,England,London,,,(direct),(none),(direct),96b9cae1b9cb767955a1610196bbe477_2
20180829,1535549745799036,2018-08-29T14:35:45,link_followed,1535549730365036,2018-08-29T14:35:30,,107,2171388,96b9cae1b9cb767955a1610196bbe477,0B88BF99ABB14601BCDCA9DD19AE9559,1534348675851000,2018-08-15T16:57:55,,1220499683,IOS,,SkodaContentViewController,app,6242823001408267225,,1,,,11111,1,ŠKODA Owners,,3,,,,,,,,1534348675851000,96b9cae1b9cb767955a1610196bbe477,uk.co.skoda.assistant.ios,1.1.6,,1:571703561616:ios:777087d7f78ec12a,manual_install,tablet,Apple,iPad,,"iPad7,5",IOS,11.4.1,,,en-gb,No,-25200,,,Europe,United Kingdom,England,London,,,(direct),(none),(direct),96b9cae1b9cb767955a1610196bbe477_2
20180829,1535551842258010,2018-08-29T15:10:42,link_followed,,,,8,341812,6a618b77d08300f8cb0cfb6bd619c9c9,D0E62C2A40284F8C9468C815BEB378A1,1535549278809000,2018-08-29T14:27:58,,1220499683,IOS,,SkodaContentViewController,app,-7365834083796793830,,1,,,0,0,ŠKODA Car Configurator,,7,,,,,,,,1535549278809000,6a618b77d08300f8cb0cfb6bd619c9c9,uk.co.skoda.assistant.test,1.1.7,,1:571703561616:ios:777087d7f78ec12a,manual_install,tablet,Apple,iPad 5th gen,,"iPad6,11",IOS,11.4.1,,,en-gb,No,3600,,,Europe,United Kingdom,England,Bristol,,,(direct),(none),(direct),6a618b77d08300f8cb0cfb6bd619c9c9_2
20180829,1535557541398039,2018-08-29T16:45:41,link_followed,1534951490181039,2018-08-22T16:24:50,,122,92598,5923b6e92cddb92053bd283b9bcb6730,CF72BE0F3C0C46338C1F4580FD621EF6,1533816862477000,2018-08-09T13:14:22,,1220499683,IOS,,SkodaContentViewController,app,6600130136643342844,,1,,,28060,4,Request a Fleet demo,,2,,,,,,,,1533816862477000,5923b6e92cddb92053bd283b9bcb6730,uk.co.skoda.assistant.ios,1.1.6,,1:571703561616:ios:777087d7f78ec12a,manual_install,tablet,Apple,iPad,,"iPad7,6",IOS,11.4.1,,,en-gb,No,3600,,,Europe,United Kingdom,England,Nottingham,,,(direct),(none),(direct),5923b6e92cddb92053bd283b9bcb6730_3
20180829,1535560033316008,2018-08-29T17:27:13,link_followed,1535208604532008,2018-08-25T15:50:04,,55,135259,e65ed16c595914f10b59a8d872f916b0,52A0FD435CAA428E86D603157F72F23A,1534758431647000,2018-08-20T10:47:11,,1220499683,IOS,,SkodaContentViewController,app,-5074745263819787412,,1,,,28007,3,ŠKODA Car Configurator,,7,,,,,,,,1534758431647000,e65ed16c595914f10b59a8d872f916b0,uk.co.skoda.assistant.ios,1.1.6,,1:571703561616:ios:777087d7f78ec12a,manual_install,tablet,Apple,iPad,,"iPad7,5",IOS,11.4.1,,,en-gb,No,3600,,,Europe,United Kingdom,England,Andover,,,(direct),(none),(direct),e65ed16c595914f10b59a8d872f916b0_1
20180829,1535565167141000,2018-08-29T18:52:47,link_followed,1535532426066000,2018-08-29T09:47:06,,90,-28792656032,cdacf5419947b286b98cd669991f534a,D7665953F7DE47F791BFD2F71BCEC745,1534254909946000,2018-08-14T14:55:09,,1220499683,IOS,,SkodaContentViewController,app,5537654674160040735,,1,,,11111,1,Live Tour,,5,,,,,,,,1534254909946000,cdacf5419947b286b98cd669991f534a,uk.co.skoda.assistant.ios,1.1.6,,1:571703561616:ios:777087d7f78ec12a,manual_install,tablet,Apple,iPad,,"iPad7,5",IOS,11.4.1,,,en-gb,No,-25200,,,Europe,United Kingdom,England,Birmingham,,,(direct),(none),(direct),cdacf5419947b286b98cd669991f534a_1
20180829,1535565249082003,2018-08-29T18:54:09,link_followed,1535565167141003,2018-08-29T18:52:47,,90,-28792656032,cdacf5419947b286b98cd669991f534a,D7665953F7DE47F791BFD2F71BCEC745,1534254909946000,2018-08-14T14:55:09,,1220499683,IOS,,SkodaContentViewController,app,5537654674160040735,,1,,,11111,1,Live Tour,,5,,,,,,,,1534254909946000,cdacf5419947b286b98cd669991f534a,uk.co.skoda.assistant.ios,1.1.6,,1:571703561616:ios:777087d7f78ec12a,manual_install,tablet,Apple,iPad,,"iPad7,5",IOS,11.4.1,,,en-gb,No,-25200,,,Europe,United Kingdom,England,Birmingham,,,(direct),(none),(direct),cdacf5419947b286b98cd669991f534a_1
20180829,1535565521686006,2018-08-29T18:58:41,link_followed,1535565249082006,2018-08-29T18:54:09,,90,-28792656032,cdacf5419947b286b98cd669991f534a,D7665953F7DE47F791BFD2F71BCEC745,1534254909946000,2018-08-14T14:55:09,,1220499683,IOS,,SkodaContentViewController,app,5537654674160040735,,1,,,11111,1,Live Tour,,5,,,,,,,,1534254909946000,cdacf5419947b286b98cd669991f534a,uk.co.skoda.assistant.ios,1.1.6,,1:571703561616:ios:777087d7f78ec12a,manual_install,tablet,Apple,iPad,,"iPad7,5",IOS,11.4.1,,,en-gb,No,-25200,,,Europe,United Kingdom,England,Birmingham,,,(direct),(none),(direct),cdacf5419947b286b98cd669991f534a_1
20180829,1535565864792005,2018-08-29T19:04:24,link_followed,1535565521686005,2018-08-29T18:58:41,,93,-28792645557,cdacf5419947b286b98cd669991f534a,D7665953F7DE47F791BFD2F71BCEC745,1534254909946000,2018-08-14T14:55:09,,1220499683,IOS,,SkodaContentViewController,app,5537654674160040735,,1,,,11111,1,ŠKODA Website,,1,,,,,,,,1534254909946000,cdacf5419947b286b98cd669991f534a,uk.co.skoda.assistant.ios,1.1.6,,1:571703561616:ios:777087d7f78ec12a,manual_install,tablet,Apple,iPad,,"iPad7,5",IOS,11.4.1,,,en-gb,No,-25200,,,Europe,United Kingdom,England,Birmingham,,,(direct),(none),(direct),cdacf5419947b286b98cd669991f534a_1
20180829,1535565867272008,2018-08-29T19:04:27,link_followed,1535565864792008,2018-08-29T19:04:24,,93,-28792645557,cdacf5419947b286b98cd669991f534a,D7665953F7DE47F791BFD2F71BCEC745,1534254909946000,2018-08-14T14:55:09,,1220499683,IOS,,SkodaContentViewController,app,5537654674160040735,,1,,,11111,1,ŠKODA Car Configurator,,7,,,,,,,,1534254909946000,cdacf5419947b286b98cd669991f534a,uk.co.skoda.assistant.ios,1.1.6,,1:571703561616:ios:777087d7f78ec12a,manual_install,tablet,Apple,iPad,,"iPad7,5",IOS,11.4.1,,,en-gb,No,-25200,,,Europe,United Kingdom,England,Birmingham,,,(direct),(none),(direct),cdacf5419947b286b98cd669991f534a_1
