event_date,event_timestamp,event_iso8601,event_name,event_previous_timestamp,event_previous_iso8601,event_value_in_usd,event_bundle_sequence_id,event_server_timestamp_offset,user_id,user_pseudo_id,user_first_touch_timestamp,user_first_touch_iso8601,user_ltv,stream_id,platform,event_dimensions,firebase_screen_class,firebase_event_origin,firebase_screen_id,engagement_time_msec,firebase_conversion,firebase_previous_id,firebase_previous_class,user_retailer,user_area,AnalyticsParameterTerm,button_name,AnalyticsParameterItemID,engine,Compared_vehicle_1,Compared_vehicle_2,update_with_analytics,previous_first_open_count,previous_app_version,Compared_vehicle_3,first_open_time,user_id,id,version,install_store,firebase_app_id,install_source,category,mobile_brand_name,mobile_model_name,mobile_marketing_name,mobile_os_hardware_model,operating_system,operating_system_version,vendor_id,advertising_id,language,is_limited_ad_tracking,time_zone_offset_seconds,browser,browser,continent,country,region,city,sub_continent,metro,name,medium,source,user_session_generated_id
20180829,1535531066667000,2018-08-29T09:24:26,screen_view,1535475140029000,2018-08-28T17:52:20,,213,106054,6adf7dcd7358e4c15d9a44c23348678f,CD40E53301BD4F62BA2C91352C14FB4C,1534751892109000,2018-08-20T08:58:12,,1220499683,IOS,,RangeContentViewController,auto,-970542389135931761,,1,-970542389135931802,SplashViewController,28007,3,,,,,,,,,,,1534751892109000,6adf7dcd7358e4c15d9a44c23348678f,uk.co.skoda.assistant.ios,1.1.6,,1:571703561616:ios:777087d7f78ec12a,manual_install,tablet,Apple,iPad,,"iPad7,6",IOS,11.4.1,,,en-gb,No,3600,,,Europe,United Kingdom,England,Andover,,,(direct),(none),(direct),6adf7dcd7358e4c15d9a44c23348678f_0
20180829,1535531066921001,2018-08-29T09:24:26,screen_view,1535531066667001,2018-08-29T09:24:26,,213,106054,6adf7dcd7358e4c15d9a44c23348678f,CD40E53301BD4F62BA2C91352C14FB4C,1534751892109000,2018-08-20T08:58:12,,1220499683,IOS,,LoginViewController,auto,-970542389135931760,,1,-970542389135931761,RangeContentViewController,28007,3,,,,,,,,,,,1534751892109000,6adf7dcd7358e4c15d9a44c23348678f,uk.co.skoda.assistant.ios,1.1.6,,1:571703561616:ios:777087d7f78ec12a,manual_install,tablet,Apple,iPad,,"iPad7,6",IOS,11.4.1,,,en-gb,No,3600,,,Europe,United Kingdom,England,Andover,,,(direct),(none),(direct),6adf7dcd7358e4c15d9a44c23348678f_0
20180829,1535531067180002,2018-08-29T09:24:27,screen_view,1535531066921002,2018-08-29T09:24:26,,213,106054,6adf7dcd7358e4c15d9a44c23348678f,CD40E53301BD4F62BA2C91352C14FB4C,1534751892109000,2018-08-20T08:58:12,,1220499683,IOS,,SplashViewController,auto,-970542389135931802,,1,-970542389135931760,LoginViewController,28007,3,,,,,,,,,,,1534751892109000,6adf7dcd7358e4c15d9a44c23348678f,uk.co.skoda.assistant.ios,1.1.6,,1:571703561616:ios:777087d7f78ec12a,manual_install,tablet,Apple,iPad,,"iPad7,6",IOS,11.4.1,,,en-gb,No,3600,,,Europe,United Kingdom,England,Andover,,,(direct),(none),(direct),6adf7dcd7358e4c15d9a44c23348678f_0
20180829,1535531071637003,2018-08-29T09:24:31,user_engagement,1535475140861003,2018-08-28T17:52:20,,213,106054,6adf7dcd7358e4c15d9a44c23348678f,CD40E53301BD4F62BA2C91352C14FB4C,1534751892109000,2018-08-20T08:58:12,,1220499683,IOS,,SplashViewController,auto,-970542389135931802,4971,,,,28007,3,,,,,,,,,,,1534751892109000,6adf7dcd7358e4c15d9a44c23348678f,uk.co.skoda.assistant.ios,1.1.6,,1:571703561616:ios:777087d7f78ec12a,manual_install,tablet,Apple,iPad,,"iPad7,6",IOS,11.4.1,,,en-gb,No,3600,,,Europe,United Kingdom,England,Andover,,,(direct),(none),(direct),6adf7dcd7358e4c15d9a44c23348678f_0
20180829,1535531073755003,2018-08-29T09:24:33,screen_view,1535531067180003,2018-08-29T09:24:27,,213,106054,6adf7dcd7358e4c15d9a44c23348678f,CD40E53301BD4F62BA2C91352C14FB4C,1534751892109000,2018-08-20T08:58:12,,1220499683,IOS,,LoginViewController,auto,-970542389135931759,,1,-970542389135931802,SplashViewController,28007,3,,,,,,,,,,,1534751892109000,6adf7dcd7358e4c15d9a44c23348678f,uk.co.skoda.assistant.ios,1.1.6,,1:571703561616:ios:777087d7f78ec12a,manual_install,tablet,Apple,iPad,,"iPad7,6",IOS,11.4.1,,,en-gb,No,3600,,,Europe,United Kingdom,England,Andover,,,(direct),(none),(direct),6adf7dcd7358e4c15d9a44c23348678f_0
20180829,1535531077245005,2018-08-29T09:24:37,user_engagement,1535531071637005,2018-08-29T09:24:31,,213,106054,6adf7dcd7358e4c15d9a44c23348678f,CD40E53301BD4F62BA2C91352C14FB4C,1534751892109000,2018-08-20T08:58:12,,1220499683,IOS,,LoginViewController,auto,-970542389135931759,4103,,,,28007,3,,,,,,,,,,,1534751892109000,6adf7dcd7358e4c15d9a44c23348678f,uk.co.skoda.assistant.ios,1.1.6,,1:571703561616:ios:777087d7f78ec12a,manual_install,tablet,Apple,iPad,,"iPad7,6",IOS,11.4.1,,,en-gb,No,3600,,,Europe,United Kingdom,England,Andover,,,(direct),(none),(direct),6adf7dcd7358e4c15d9a44c23348678f_0
20180829,1535531078975004,2018-08-29T09:24:38,screen_view,1535531073755004,2018-08-29T09:24:33,,213,106054,6adf7dcd7358e4c15d9a44c23348678f,CD40E53301BD4F62BA2C91352C14FB4C,1534751892109000,2018-08-20T08:58:12,,1220499683,IOS,,SplashViewController,auto,-970542389135931802,,1,-970542389135931759,LoginViewController,28007,3,,,,,,,,,,,1534751892109000,6adf7dcd7358e4c15d9a44c23348678f,uk.co.skoda.assistant.ios,1.1.6,,1:571703561616:ios:777087d7f78ec12a,manual_install,tablet,Apple,iPad,,"iPad7,6",IOS,11.4.1,,,en-gb,No,3600,,,Europe,United Kingdom,England,Andover,,,(direct),(none),(direct),6adf7dcd7358e4c15d9a44c23348678f_0
20180829,1535531079081005,2018-08-29T09:24:39,screen_view,1535531078975005,2018-08-29T09:24:38,,213,106054,6adf7dcd7358e4c15d9a44c23348678f,CD40E53301BD4F62BA2C91352C14FB4C,1534751892109000,2018-08-20T08:58:12,,1220499683,IOS,,LoginViewController,auto,-970542389135931758,,1,-970542389135931802,SplashViewController,28007,3,,,,,,,,,,,1534751892109000,6adf7dcd7358e4c15d9a44c23348678f,uk.co.skoda.assistant.ios,1.1.6,,1:571703561616:ios:777087d7f78ec12a,manual_install,tablet,Apple,iPad,,"iPad7,6",IOS,11.4.1,,,en-gb,No,3600,,,Europe,United Kingdom,England,Andover,,,(direct),(none),(direct),6adf7dcd7358e4c15d9a44c23348678f_0
20180829,1535531082119008,2018-08-29T09:24:42,user_engagement,1535531077245008,2018-08-29T09:24:37,,213,106054,6adf7dcd7358e4c15d9a44c23348678f,CD40E53301BD4F62BA2C91352C14FB4C,1534751892109000,2018-08-20T08:58:12,,1220499683,IOS,,LoginViewController,auto,-970542389135931758,3653,,,,28007,3,,,,,,,,,,,1534751892109000,6adf7dcd7358e4c15d9a44c23348678f,uk.co.skoda.assistant.ios,1.1.6,,1:571703561616:ios:777087d7f78ec12a,manual_install,tablet,Apple,iPad,,"iPad7,6",IOS,11.4.1,,,en-gb,No,3600,,,Europe,United Kingdom,England,Andover,,,(direct),(none),(direct),6adf7dcd7358e4c15d9a44c23348678f_0
20180829,1535531091375006,2018-08-29T09:24:51,screen_view,1535531079081006,2018-08-29T09:24:39,,213,106054,6adf7dcd7358e4c15d9a44c23348678f,CD40E53301BD4F62BA2C91352C14FB4C,1534751892109000,2018-08-20T08:58:12,,1220499683,IOS,,SplashViewController,auto,-970542389135931802,,1,-970542389135931758,LoginViewController,28007,3,,,,,,,,,,,1534751892109000,6adf7dcd7358e4c15d9a44c23348678f,uk.co.skoda.assistant.ios,1.1.6,,1:571703561616:ios:777087d7f78ec12a,manual_install,tablet,Apple,iPad,,"iPad7,6",IOS,11.4.1,,,en-gb,No,3600,,,Europe,United Kingdom,England,Andover,,,(direct),(none),(direct),6adf7dcd7358e4c15d9a44c23348678f_0
20180829,1535531091469007,2018-08-29T09:24:51,screen_view,1535531091375007,2018-08-29T09:24:51,,213,106054,6adf7dcd7358e4c15d9a44c23348678f,CD40E53301BD4F62BA2C91352C14FB4C,1534751892109000,2018-08-20T08:58:12,,1220499683,IOS,,LoginViewController,auto,-970542389135931757,,1,-970542389135931802,SplashViewController,28007,3,,,,,,,,,,,1534751892109000,6adf7dcd7358e4c15d9a44c23348678f,uk.co.skoda.assistant.ios,1.1.6,,1:571703561616:ios:777087d7f78ec12a,manual_install,tablet,Apple,iPad,,"iPad7,6",IOS,11.4.1,,,en-gb,No,3600,,,Europe,United Kingdom,England,Andover,,,(direct),(none),(direct),6adf7dcd7358e4c15d9a44c23348678f_0
20180829,1535531100858008,2018-08-29T09:25:00,session_start,1535473433032008,2018-08-28T17:23:53,,213,106054,6adf7dcd7358e4c15d9a44c23348678f,CD40E53301BD4F62BA2C91352C14FB4C,1534751892109000,2018-08-20T08:58:12,,1220499683,IOS,,LoginViewController,auto,-970542389135931757,,1,,,28007,3,,,,,,,,,,,1534751892109000,6adf7dcd7358e4c15d9a44c23348678f,uk.co.skoda.assistant.ios,1.1.6,,1:571703561616:ios:777087d7f78ec12a,manual_install,tablet,Apple,iPad,,"iPad7,6",IOS,11.4.1,,,en-gb,No,3600,,,Europe,United Kingdom,England,Andover,,,(direct),(none),(direct),6adf7dcd7358e4c15d9a44c23348678f_0
20180829,1535531114888012,2018-08-29T09:25:14,user_engagement,1535531082119012,2018-08-29T09:24:42,,213,106054,6adf7dcd7358e4c15d9a44c23348678f,CD40E53301BD4F62BA2C91352C14FB4C,1534751892109000,2018-08-20T08:58:12,,1220499683,IOS,,LoginViewController,auto,-970542389135931757,24022,,,,28007,3,,,,,,,,,,,1534751892109000,6adf7dcd7358e4c15d9a44c23348678f,uk.co.skoda.assistant.ios,1.1.6,,1:571703561616:ios:777087d7f78ec12a,manual_install,tablet,Apple,iPad,,"iPad7,6",IOS,11.4.1,,,en-gb,No,3600,,,Europe,United Kingdom,England,Andover,,,(direct),(none),(direct),6adf7dcd7358e4c15d9a44c23348678f_0
20180829,1535531114889009,2018-08-29T09:25:14,screen_view,1535531091469009,2018-08-29T09:24:51,,213,106054,6adf7dcd7358e4c15d9a44c23348678f,CD40E53301BD4F62BA2C91352C14FB4C,1534751892109000,2018-08-20T08:58:12,,1220499683,IOS,,SplashViewController,auto,-970542389135931802,,1,-970542389135931757,LoginViewController,28007,3,,,,,,,,,,,1534751892109000,6adf7dcd7358e4c15d9a44c23348678f,uk.co.skoda.assistant.ios,1.1.6,,1:571703561616:ios:777087d7f78ec12a,manual_install,tablet,Apple,iPad,,"iPad7,6",IOS,11.4.1,,,en-gb,No,3600,,,Europe,United Kingdom,England,Andover,,,(direct),(none),(direct),6adf7dcd7358e4c15d9a44c23348678f_0
