event_date,event_timestamp,event_iso8601,event_name,event_previous_timestamp,event_previous_iso8601,event_value_in_usd,event_bundle_sequence_id,event_server_timestamp_offset,user_id,user_pseudo_id,user_first_touch_timestamp,user_first_touch_iso8601,user_ltv,stream_id,platform,event_dimensions,firebase_screen_class,firebase_event_origin,firebase_screen_id,engagement_time_msec,firebase_conversion,firebase_previous_id,firebase_previous_class,user_retailer,user_area,AnalyticsParameterTerm,button_name,AnalyticsParameterItemID,engine,Compared_vehicle_1,Compared_vehicle_2,update_with_analytics,previous_first_open_count,previous_app_version,Compared_vehicle_3,first_open_time,user_id,id,version,install_store,firebase_app_id,install_source,category,mobile_brand_name,mobile_model_name,mobile_marketing_name,mobile_os_hardware_model,operating_system,operating_system_version,vendor_id,advertising_id,language,is_limited_ad_tracking,time_zone_offset_seconds,browser,browser,continent,country,region,city,sub_continent,metro,name,medium,source,user_session_generated_id
20180829,1535535023557001,2018-08-29T10:30:23,AnalyticsEventLogin,,,,2,61507,,005CD1EBC43740318D623F44188D5C9B,1535535008011000,2018-08-29T10:30:08,,1220499683,IOS,,SplashViewController,app,8823697641706503978,,1,,,0,0,6a618b77d08300f8cb0cfb6bd619c9c9,,,,,,,,,,1535535008011000,,uk.co.skoda.assistant.test,1.1.6,,1:571703561616:ios:777087d7f78ec12a,manual_install,tablet,Apple,iPad 5th gen,,"iPad6,11",IOS,11.4.1,,,en-gb,No,3600,,,Europe,United Kingdom,England,Bristol,,,(direct),(none),(direct),_3
20180829,1535535024103002,2018-08-29T10:30:24,screen_view,1535535023531002,2018-08-29T10:30:23,,2,61507,,005CD1EBC43740318D623F44188D5C9B,1535535008011000,2018-08-29T10:30:08,,1220499683,IOS,,ContentLoaderViewController,auto,8823697641706503980,,1,8823697641706503978,SplashViewController,0,0,,,,,,,,,,,1535535008011000,,uk.co.skoda.assistant.test,1.1.6,,1:571703561616:ios:777087d7f78ec12a,manual_install,tablet,Apple,iPad 5th gen,,"iPad6,11",IOS,11.4.1,,,en-gb,No,3600,,,Europe,United Kingdom,England,Bristol,,,(direct),(none),(direct),_3
20180829,1535535084892000,2018-08-29T10:31:24,screen_view,1535535024103000,2018-08-29T10:30:24,,3,97982,,005CD1EBC43740318D623F44188D5C9B,1535535008011000,2018-08-29T10:30:08,,1220499683,IOS,,SplashViewController,auto,8823697641706503978,,1,8823697641706503980,ContentLoaderViewController,0,0,,,,,,,,,,,1535535008011000,,uk.co.skoda.assistant.test,1.1.6,,1:571703561616:ios:777087d7f78ec12a,manual_install,tablet,Apple,iPad 5th gen,,"iPad6,11",IOS,11.4.1,,,en-gb,No,3600,,,Europe,United Kingdom,England,Bristol,,,(direct),(none),(direct),_3
20180829,1535535084892000,2018-08-29T10:31:24,user_engagement,1535535023530000,2018-08-29T10:30:23,,3,97982,,005CD1EBC43740318D623F44188D5C9B,1535535008011000,2018-08-29T10:30:08,,1220499683,IOS,,ContentLoaderViewController,auto,8823697641706503980,61362,,,,0,0,,,,,,,,,,,1535535008011000,,uk.co.skoda.assistant.test,1.1.6,,1:571703561616:ios:777087d7f78ec12a,manual_install,tablet,Apple,iPad 5th gen,,"iPad6,11",IOS,11.4.1,,,en-gb,No,3600,,,Europe,United Kingdom,England,Bristol,,,(direct),(none),(direct),_3
20180829,1535540815624000,2018-08-29T12:06:55,screen_view,1534955452902000,2018-08-22T17:30:52,,5,124165,,31A7EDAD427043C0BFD2C44CE78B4293,1534943788295000,2018-08-22T14:16:28,,1220499683,IOS,,SplashViewController,auto,5970905877229776692,,1,,,0,0,,,,,,,,,,,1534943788295000,,uk.co.skoda.assistant.ios,1.1.6,,1:571703561616:ios:777087d7f78ec12a,manual_install,tablet,Apple,iPad 5th gen,,"iPad6,11",IOS,11.4.1,,,en-gb,No,3600,,,Europe,United Kingdom,England,Birmingham,,,(direct),(none),(direct),_3
20180829,1535540815824001,2018-08-29T12:06:55,screen_view,1535540815624001,2018-08-29T12:06:55,,5,124165,,31A7EDAD427043C0BFD2C44CE78B4293,1534943788295000,2018-08-22T14:16:28,,1220499683,IOS,,LoginViewController,auto,5970905877229776693,,1,5970905877229776692,SplashViewController,0,0,,,,,,,,,,,1534943788295000,,uk.co.skoda.assistant.ios,1.1.6,,1:571703561616:ios:777087d7f78ec12a,manual_install,tablet,Apple,iPad 5th gen,,"iPad6,11",IOS,11.4.1,,,en-gb,No,3600,,,Europe,United Kingdom,England,Birmingham,,,(direct),(none),(direct),_3
20180829,1535540825691002,2018-08-29T12:07:05,session_start,1534943799540002,2018-08-22T14:16:39,,5,124165,,31A7EDAD427043C0BFD2C44CE78B4293,1534943788295000,2018-08-22T14:16:28,,1220499683,IOS,,LoginViewController,auto,5970905877229776693,,1,,,0,0,,,,,,,,,,,1534943788295000,,uk.co.skoda.assistant.ios,1.1.6,,1:571703561616:ios:777087d7f78ec12a,manual_install,tablet,Apple,iPad 5th gen,,"iPad6,11",IOS,11.4.1,,,en-gb,No,3600,,,Europe,United Kingdom,England,Birmingham,,,(direct),(none),(direct),_3
20180829,1535540855446000,2018-08-29T12:07:35,user_engagement,1534955458806000,2018-08-22T17:30:58,,6,100180,,31A7EDAD427043C0BFD2C44CE78B4293,1534943788295000,2018-08-22T14:16:28,,1220499683,IOS,,LoginViewController,auto,5970905877229776693,39757,,,,0,0,,,,,,,,,,,1534943788295000,,uk.co.skoda.assistant.ios,1.1.6,,1:571703561616:ios:777087d7f78ec12a,manual_install,tablet,Apple,iPad 5th gen,,"iPad6,11",IOS,11.4.1,,,en-gb,No,3600,,,Europe,United Kingdom,England,Birmingham,,,(direct),(none),(direct),_3
20180829,1535540855447000,2018-08-29T12:07:35,screen_view,1535540815824000,2018-08-29T12:06:55,,6,100180,,31A7EDAD427043C0BFD2C44CE78B4293,1534943788295000,2018-08-22T14:16:28,,1220499683,IOS,,SplashViewController,auto,5970905877229776692,,1,5970905877229776693,LoginViewController,0,0,,,,,,,,,,,1534943788295000,,uk.co.skoda.assistant.ios,1.1.6,,1:571703561616:ios:777087d7f78ec12a,manual_install,tablet,Apple,iPad 5th gen,,"iPad6,11",IOS,11.4.1,,,en-gb,No,3600,,,Europe,United Kingdom,England,Birmingham,,,(direct),(none),(direct),_3
