event_date,event_timestamp,event_iso8601,event_name,event_previous_timestamp,event_previous_iso8601,event_value_in_usd,event_bundle_sequence_id,event_server_timestamp_offset,user_id,user_pseudo_id,user_first_touch_timestamp,user_first_touch_iso8601,user_ltv,stream_id,platform,event_dimensions,firebase_screen_class,firebase_event_origin,firebase_screen_id,engagement_time_msec,firebase_conversion,firebase_previous_id,firebase_previous_class,user_retailer,user_area,AnalyticsParameterTerm,button_name,AnalyticsParameterItemID,engine,Compared_vehicle_1,Compared_vehicle_2,update_with_analytics,previous_first_open_count,previous_app_version,Compared_vehicle_3,first_open_time,user_id,id,version,install_store,firebase_app_id,install_source,category,mobile_brand_name,mobile_model_name,mobile_marketing_name,mobile_os_hardware_model,operating_system,operating_system_version,vendor_id,advertising_id,language,is_limited_ad_tracking,time_zone_offset_seconds,browser,browser,continent,country,region,city,sub_continent,metro,name,medium,source,user_session_generated_id
20180829,1535532084028001,2018-08-29T09:41:24,AnalyticsEventLogin,1535116891874001,2018-08-24T14:21:31,,23,66133,1b537722419fcaeeda617408f78f5d72,9BF5745711734138AD1E9DAE144722AB,1534929994251000,2018-08-22T10:26:34,,1220499683,IOS,,SplashViewController,app,8371214745814010294,,1,,,11111,1,1b537722419fcaeeda617408f78f5d72,,,,,,,,,,1534929994251000,1b537722419fcaeeda617408f78f5d72,uk.co.skoda.assistant.ios,1.1.6,,1:571703561616:ios:777087d7f78ec12a,manual_install,tablet,Apple,iPad Air 2,,"iPad5,4",IOS,11.4.1,,,en-gb,No,3600,,,Europe,United Kingdom,England,London,,,(direct),(none),(direct),1b537722419fcaeeda617408f78f5d72_1
20180829,1535532084200000,2018-08-29T09:41:24,button_press,1535116892060000,2018-08-24T14:21:32,,24,66134,1b537722419fcaeeda617408f78f5d72,9BF5745711734138AD1E9DAE144722AB,1534929994251000,2018-08-22T10:26:34,,1220499683,IOS,,SplashViewController,app,8371214745814010294,,1,,,11111,1,,globalnav_range,,,,,,,,,1534929994251000,1b537722419fcaeeda617408f78f5d72,uk.co.skoda.assistant.ios,1.1.6,,1:571703561616:ios:777087d7f78ec12a,manual_install,tablet,Apple,iPad Air 2,,"iPad5,4",IOS,11.4.1,,,en-gb,No,3600,,,Europe,United Kingdom,England,London,,,(direct),(none),(direct),1b537722419fcaeeda617408f78f5d72_1
20180829,1535532084201001,2018-08-29T09:41:24,button_press,1535532084200001,2018-08-29T09:41:24,,24,66134,1b537722419fcaeeda617408f78f5d72,9BF5745711734138AD1E9DAE144722AB,1534929994251000,2018-08-22T10:26:34,,1220499683,IOS,,SplashViewController,app,8371214745814010294,,1,,,11111,1,,range,,,,,,,,,1534929994251000,1b537722419fcaeeda617408f78f5d72,uk.co.skoda.assistant.ios,1.1.6,,1:571703561616:ios:777087d7f78ec12a,manual_install,tablet,Apple,iPad Air 2,,"iPad5,4",IOS,11.4.1,,,en-gb,No,3600,,,Europe,United Kingdom,England,London,,,(direct),(none),(direct),1b537722419fcaeeda617408f78f5d72_1
20180829,1535532085616002,2018-08-29T09:41:25,screen_view,1535532083996002,2018-08-29T09:41:23,,24,66134,1b537722419fcaeeda617408f78f5d72,9BF5745711734138AD1E9DAE144722AB,1534929994251000,2018-08-22T10:26:34,,1220499683,IOS,,SkodaContentViewController,auto,8371214745814010296,,1,8371214745814010294,SplashViewController,11111,1,,,,,,,,,,,1534929994251000,1b537722419fcaeeda617408f78f5d72,uk.co.skoda.assistant.ios,1.1.6,,1:571703561616:ios:777087d7f78ec12a,manual_install,tablet,Apple,iPad Air 2,,"iPad5,4",IOS,11.4.1,,,en-gb,No,3600,,,Europe,United Kingdom,England,London,,,(direct),(none),(direct),1b537722419fcaeeda617408f78f5d72_1
20180829,1535532085616002,2018-08-29T09:41:25,user_engagement,1535532083995002,2018-08-29T09:41:23,,24,66134,1b537722419fcaeeda617408f78f5d72,9BF5745711734138AD1E9DAE144722AB,1534929994251000,2018-08-22T10:26:34,,1220499683,IOS,,SplashViewController,auto,8371214745814010294,1620,,,,11111,1,,,,,,,,,,,1534929994251000,1b537722419fcaeeda617408f78f5d72,uk.co.skoda.assistant.ios,1.1.6,,1:571703561616:ios:777087d7f78ec12a,manual_install,tablet,Apple,iPad Air 2,,"iPad5,4",IOS,11.4.1,,,en-gb,No,3600,,,Europe,United Kingdom,England,London,,,(direct),(none),(direct),1b537722419fcaeeda617408f78f5d72_1
20180829,1535532085619003,2018-08-29T09:41:25,screen_view,1535532085616003,2018-08-29T09:41:25,,24,66134,1b537722419fcaeeda617408f78f5d72,9BF5745711734138AD1E9DAE144722AB,1534929994251000,2018-08-22T10:26:34,,1220499683,IOS,,RangeContentViewController,auto,8371214745814010297,,1,8371214745814010296,SkodaContentViewController,11111,1,,,,,,,,,,,1534929994251000,1b537722419fcaeeda617408f78f5d72,uk.co.skoda.assistant.ios,1.1.6,,1:571703561616:ios:777087d7f78ec12a,manual_install,tablet,Apple,iPad Air 2,,"iPad5,4",IOS,11.4.1,,,en-gb,No,3600,,,Europe,United Kingdom,England,London,,,(direct),(none),(direct),1b537722419fcaeeda617408f78f5d72_1
20180829,1535532090026000,2018-08-29T09:41:30,user_engagement,1535532085616000,2018-08-29T09:41:25,,25,85432,1b537722419fcaeeda617408f78f5d72,9BF5745711734138AD1E9DAE144722AB,1534929994251000,2018-08-22T10:26:34,,1220499683,IOS,,RangeContentViewController,auto,8371214745814010297,4410,,,,11111,1,,,,,,,,,,,1534929994251000,1b537722419fcaeeda617408f78f5d72,uk.co.skoda.assistant.ios,1.1.6,,1:571703561616:ios:777087d7f78ec12a,manual_install,tablet,Apple,iPad Air 2,,"iPad5,4",IOS,11.4.1,,,en-gb,No,3600,,,Europe,United Kingdom,England,London,,,(direct),(none),(direct),1b537722419fcaeeda617408f78f5d72_1
20180829,1535532093284001,2018-08-29T09:41:33,user_engagement,1535532090026001,2018-08-29T09:41:30,,25,85432,1b537722419fcaeeda617408f78f5d72,9BF5745711734138AD1E9DAE144722AB,1534929994251000,2018-08-22T10:26:34,,1220499683,IOS,,RangeContentViewController,auto,8371214745814010297,916,,,,11111,1,,,,,,,,,,,1534929994251000,1b537722419fcaeeda617408f78f5d72,uk.co.skoda.assistant.ios,1.1.6,,1:571703561616:ios:777087d7f78ec12a,manual_install,tablet,Apple,iPad Air 2,,"iPad5,4",IOS,11.4.1,,,en-gb,No,3600,,,Europe,United Kingdom,England,London,,,(direct),(none),(direct),1b537722419fcaeeda617408f78f5d72_1
20180829,1535532140579000,2018-08-29T09:42:20,user_engagement,1535532093284000,2018-08-29T09:41:33,,26,87385,1b537722419fcaeeda617408f78f5d72,9BF5745711734138AD1E9DAE144722AB,1534929994251000,2018-08-22T10:26:34,,1220499683,IOS,,RangeContentViewController,auto,8371214745814010297,7104,,,,11111,1,,,,,,,,,,,1534929994251000,1b537722419fcaeeda617408f78f5d72,uk.co.skoda.assistant.ios,1.1.6,,1:571703561616:ios:777087d7f78ec12a,manual_install,tablet,Apple,iPad Air 2,,"iPad5,4",IOS,11.4.1,,,en-gb,No,3600,,,Europe,United Kingdom,England,London,,,(direct),(none),(direct),1b537722419fcaeeda617408f78f5d72_1
20180829,1535532158995000,2018-08-29T09:42:38,session_start,1535116898637000,2018-08-24T14:21:38,,27,73398,1b537722419fcaeeda617408f78f5d72,9BF5745711734138AD1E9DAE144722AB,1534929994251000,2018-08-22T10:26:34,,1220499683,IOS,,RangeContentViewController,auto,8371214745814010297,,1,,,11111,1,,,,,,,,,,,1534929994251000,1b537722419fcaeeda617408f78f5d72,uk.co.skoda.assistant.ios,1.1.6,,1:571703561616:ios:777087d7f78ec12a,manual_install,tablet,Apple,iPad Air 2,,"iPad5,4",IOS,11.4.1,,,en-gb,No,3600,,,Europe,United Kingdom,England,London,,,(direct),(none),(direct),1b537722419fcaeeda617408f78f5d72_1
20180829,1535532168162001,2018-08-29T09:42:48,user_engagement,1535532140579001,2018-08-29T09:42:20,,27,73398,1b537722419fcaeeda617408f78f5d72,9BF5745711734138AD1E9DAE144722AB,1534929994251000,2018-08-22T10:26:34,,1220499683,IOS,,RangeContentViewController,auto,8371214745814010297,19164,,,,11111,1,,,,,,,,,,,1534929994251000,1b537722419fcaeeda617408f78f5d72,uk.co.skoda.assistant.ios,1.1.6,,1:571703561616:ios:777087d7f78ec12a,manual_install,tablet,Apple,iPad Air 2,,"iPad5,4",IOS,11.4.1,,,en-gb,No,3600,,,Europe,United Kingdom,England,London,,,(direct),(none),(direct),1b537722419fcaeeda617408f78f5d72_1
20180829,1535532176775000,2018-08-29T09:42:56,user_engagement,1535532168162000,2018-08-29T09:42:48,,28,95299,1b537722419fcaeeda617408f78f5d72,9BF5745711734138AD1E9DAE144722AB,1534929994251000,2018-08-22T10:26:34,,1220499683,IOS,,RangeContentViewController,auto,8371214745814010297,2189,,,,11111,1,,,,,,,,,,,1534929994251000,1b537722419fcaeeda617408f78f5d72,uk.co.skoda.assistant.ios,1.1.6,,1:571703561616:ios:777087d7f78ec12a,manual_install,tablet,Apple,iPad Air 2,,"iPad5,4",IOS,11.4.1,,,en-gb,No,3600,,,Europe,United Kingdom,England,London,,,(direct),(none),(direct),1b537722419fcaeeda617408f78f5d72_1
20180829,1535532225944000,2018-08-29T09:43:45,button_press,1535532084201000,2018-08-29T09:41:24,,29,133540,1b537722419fcaeeda617408f78f5d72,9BF5745711734138AD1E9DAE144722AB,1534929994251000,2018-08-22T10:26:34,,1220499683,IOS,,RangeContentViewController,app,8371214745814010297,,1,,,11111,1,,range_home_filter_open,,,,,,,,,1534929994251000,1b537722419fcaeeda617408f78f5d72,uk.co.skoda.assistant.ios,1.1.6,,1:571703561616:ios:777087d7f78ec12a,manual_install,tablet,Apple,iPad Air 2,,"iPad5,4",IOS,11.4.1,,,en-gb,No,3600,,,Europe,United Kingdom,England,London,,,(direct),(none),(direct),1b537722419fcaeeda617408f78f5d72_1
20180829,1535532228432001,2018-08-29T09:43:48,user_engagement,1535532176775001,2018-08-29T09:42:56,,29,133540,1b537722419fcaeeda617408f78f5d72,9BF5745711734138AD1E9DAE144722AB,1534929994251000,2018-08-22T10:26:34,,1220499683,IOS,,RangeContentViewController,auto,8371214745814010297,15384,,,,11111,1,,,,,,,,,,,1534929994251000,1b537722419fcaeeda617408f78f5d72,uk.co.skoda.assistant.ios,1.1.6,,1:571703561616:ios:777087d7f78ec12a,manual_install,tablet,Apple,iPad Air 2,,"iPad5,4",IOS,11.4.1,,,en-gb,No,3600,,,Europe,United Kingdom,England,London,,,(direct),(none),(direct),1b537722419fcaeeda617408f78f5d72_1
20180829,1535532245330000,2018-08-29T09:44:05,user_engagement,1535532228432000,2018-08-29T09:43:48,,30,64866,1b537722419fcaeeda617408f78f5d72,9BF5745711734138AD1E9DAE144722AB,1534929994251000,2018-08-22T10:26:34,,1220499683,IOS,,RangeContentViewController,auto,8371214745814010297,8808,,,,11111,1,,,,,,,,,,,1534929994251000,1b537722419fcaeeda617408f78f5d72,uk.co.skoda.assistant.ios,1.1.6,,1:571703561616:ios:777087d7f78ec12a,manual_install,tablet,Apple,iPad Air 2,,"iPad5,4",IOS,11.4.1,,,en-gb,No,3600,,,Europe,United Kingdom,England,London,,,(direct),(none),(direct),1b537722419fcaeeda617408f78f5d72_1
20180829,1535534123167000,2018-08-29T10:15:23,screen_view,1535470077032000,2018-08-28T16:27:57,,8,30644,1b537722419fcaeeda617408f78f5d72,D31B89327DC04B1FB78742BB37A6A6AD,1535469858649000,2018-08-28T16:24:18,,1220499683,IOS,,LoginViewController,auto,-2819967576161606680,,1,-2819967576161606681,RangeContentViewController,11111,1,,,,,,,,,,,1535469858649000,1b537722419fcaeeda617408f78f5d72,uk.co.skoda.assistant.uat,1.1.7,,1:571703561616:ios:777087d7f78ec12a,manual_install,tablet,Apple,iPad Air 2,,"iPad5,4",IOS,11.4.1,,,en-gb,No,3600,,,Europe,United Kingdom,England,London,,,(direct),(none),(direct),1b537722419fcaeeda617408f78f5d72_1
20180829,1535534123415000,2018-08-29T10:15:23,screen_view,1535534123167000,2018-08-29T10:15:23,,9,21283,1b537722419fcaeeda617408f78f5d72,D31B89327DC04B1FB78742BB37A6A6AD,1535469858649000,2018-08-28T16:24:18,,1220499683,IOS,,SplashViewController,auto,-2819967576161606685,,1,-2819967576161606680,LoginViewController,11111,1,,,,,,,,,,,1535469858649000,1b537722419fcaeeda617408f78f5d72,uk.co.skoda.assistant.uat,1.1.7,,1:571703561616:ios:777087d7f78ec12a,manual_install,tablet,Apple,iPad Air 2,,"iPad5,4",IOS,11.4.1,,,en-gb,No,3600,,,Europe,United Kingdom,England,London,,,(direct),(none),(direct),1b537722419fcaeeda617408f78f5d72_1
20180829,1535534125946000,2018-08-29T10:15:25,user_engagement,1535490457345000,2018-08-28T22:07:37,,10,101411,1b537722419fcaeeda617408f78f5d72,D31B89327DC04B1FB78742BB37A6A6AD,1535469858649000,2018-08-28T16:24:18,,1220499683,IOS,,SplashViewController,auto,-2819967576161606685,3060,,,,11111,1,,,,,,,,,,,1535469858649000,1b537722419fcaeeda617408f78f5d72,uk.co.skoda.assistant.uat,1.1.7,,1:571703561616:ios:777087d7f78ec12a,manual_install,tablet,Apple,iPad Air 2,,"iPad5,4",IOS,11.4.1,,,en-gb,No,3600,,,Europe,United Kingdom,England,London,,,(direct),(none),(direct),1b537722419fcaeeda617408f78f5d72_1
20180829,1535534131091000,2018-08-29T10:15:31,screen_view,1535534123415000,2018-08-29T10:15:23,,11,17708,1b537722419fcaeeda617408f78f5d72,D31B89327DC04B1FB78742BB37A6A6AD,1535469858649000,2018-08-28T16:24:18,,1220499683,IOS,,LoginViewController,auto,-2819967576161606679,,1,-2819967576161606685,SplashViewController,11111,1,,,,,,,,,,,1535469858649000,1b537722419fcaeeda617408f78f5d72,uk.co.skoda.assistant.uat,1.1.7,,1:571703561616:ios:777087d7f78ec12a,manual_install,tablet,Apple,iPad Air 2,,"iPad5,4",IOS,11.4.1,,,en-gb,No,3600,,,Europe,United Kingdom,England,London,,,(direct),(none),(direct),1b537722419fcaeeda617408f78f5d72_1
20180829,1535534134647001,2018-08-29T10:15:34,user_engagement,1535534125946001,2018-08-29T10:15:25,,11,17708,1b537722419fcaeeda617408f78f5d72,D31B89327DC04B1FB78742BB37A6A6AD,1535469858649000,2018-08-28T16:24:18,,1220499683,IOS,,LoginViewController,auto,-2819967576161606679,4172,,,,11111,1,,,,,,,,,,,1535469858649000,1b537722419fcaeeda617408f78f5d72,uk.co.skoda.assistant.uat,1.1.7,,1:571703561616:ios:777087d7f78ec12a,manual_install,tablet,Apple,iPad Air 2,,"iPad5,4",IOS,11.4.1,,,en-gb,No,3600,,,Europe,United Kingdom,England,London,,,(direct),(none),(direct),1b537722419fcaeeda617408f78f5d72_1
20180829,1535534137781000,2018-08-29T10:15:37,screen_view,1535534131091000,2018-08-29T10:15:31,,12,26792,1b537722419fcaeeda617408f78f5d72,D31B89327DC04B1FB78742BB37A6A6AD,1535469858649000,2018-08-28T16:24:18,,1220499683,IOS,,SplashViewController,auto,-2819967576161606685,,1,-2819967576161606679,LoginViewController,11111,1,,,,,,,,,,,1535469858649000,1b537722419fcaeeda617408f78f5d72,uk.co.skoda.assistant.uat,1.1.7,,1:571703561616:ios:777087d7f78ec12a,manual_install,tablet,Apple,iPad Air 2,,"iPad5,4",IOS,11.4.1,,,en-gb,No,3600,,,Europe,United Kingdom,England,London,,,(direct),(none),(direct),1b537722419fcaeeda617408f78f5d72_1
20180829,1535534137892001,2018-08-29T10:15:37,screen_view,1535534137781001,2018-08-29T10:15:37,,12,26792,1b537722419fcaeeda617408f78f5d72,D31B89327DC04B1FB78742BB37A6A6AD,1535469858649000,2018-08-28T16:24:18,,1220499683,IOS,,LoginViewController,auto,-2819967576161606678,,1,-2819967576161606685,SplashViewController,11111,1,,,,,,,,,,,1535469858649000,1b537722419fcaeeda617408f78f5d72,uk.co.skoda.assistant.uat,1.1.7,,1:571703561616:ios:777087d7f78ec12a,manual_install,tablet,Apple,iPad Air 2,,"iPad5,4",IOS,11.4.1,,,en-gb,No,3600,,,Europe,United Kingdom,England,London,,,(direct),(none),(direct),1b537722419fcaeeda617408f78f5d72_1
20180829,1535534140963002,2018-08-29T10:15:40,user_engagement,1535534134647002,2018-08-29T10:15:34,,12,26792,1b537722419fcaeeda617408f78f5d72,D31B89327DC04B1FB78742BB37A6A6AD,1535469858649000,2018-08-28T16:24:18,,1220499683,IOS,,LoginViewController,auto,-2819967576161606678,3691,,,,11111,1,,,,,,,,,,,1535469858649000,1b537722419fcaeeda617408f78f5d72,uk.co.skoda.assistant.uat,1.1.7,,1:571703561616:ios:777087d7f78ec12a,manual_install,tablet,Apple,iPad Air 2,,"iPad5,4",IOS,11.4.1,,,en-gb,No,3600,,,Europe,United Kingdom,England,London,,,(direct),(none),(direct),1b537722419fcaeeda617408f78f5d72_1
20180829,1535534142581000,2018-08-29T10:15:42,screen_view,1535534137892000,2018-08-29T10:15:37,,13,26114,1b537722419fcaeeda617408f78f5d72,D31B89327DC04B1FB78742BB37A6A6AD,1535469858649000,2018-08-28T16:24:18,,1220499683,IOS,,SplashViewController,auto,-2819967576161606685,,1,-2819967576161606678,LoginViewController,11111,1,,,,,,,,,,,1535469858649000,1b537722419fcaeeda617408f78f5d72,uk.co.skoda.assistant.uat,1.1.7,,1:571703561616:ios:777087d7f78ec12a,manual_install,tablet,Apple,iPad Air 2,,"iPad5,4",IOS,11.4.1,,,en-gb,No,3600,,,Europe,United Kingdom,England,London,,,(direct),(none),(direct),1b537722419fcaeeda617408f78f5d72_1
20180829,1535534142692001,2018-08-29T10:15:42,screen_view,1535534142581001,2018-08-29T10:15:42,,13,26114,1b537722419fcaeeda617408f78f5d72,D31B89327DC04B1FB78742BB37A6A6AD,1535469858649000,2018-08-28T16:24:18,,1220499683,IOS,,LoginViewController,auto,-2819967576161606677,,1,-2819967576161606685,SplashViewController,11111,1,,,,,,,,,,,1535469858649000,1b537722419fcaeeda617408f78f5d72,uk.co.skoda.assistant.uat,1.1.7,,1:571703561616:ios:777087d7f78ec12a,manual_install,tablet,Apple,iPad Air 2,,"iPad5,4",IOS,11.4.1,,,en-gb,No,3600,,,Europe,United Kingdom,England,London,,,(direct),(none),(direct),1b537722419fcaeeda617408f78f5d72_1
20180829,1535534144575002,2018-08-29T10:15:44,user_engagement,1535534140963002,2018-08-29T10:15:40,,13,26114,1b537722419fcaeeda617408f78f5d72,D31B89327DC04B1FB78742BB37A6A6AD,1535469858649000,2018-08-28T16:24:18,,1220499683,IOS,,LoginViewController,auto,-2819967576161606677,2502,,,,11111,1,,,,,,,,,,,1535469858649000,1b537722419fcaeeda617408f78f5d72,uk.co.skoda.assistant.uat,1.1.7,,1:571703561616:ios:777087d7f78ec12a,manual_install,tablet,Apple,iPad Air 2,,"iPad5,4",IOS,11.4.1,,,en-gb,No,3600,,,Europe,United Kingdom,England,London,,,(direct),(none),(direct),1b537722419fcaeeda617408f78f5d72_1
20180829,1535548256693000,2018-08-29T14:10:56,screen_view,1535534142692000,2018-08-29T10:15:42,,14,59600,1b537722419fcaeeda617408f78f5d72,D31B89327DC04B1FB78742BB37A6A6AD,1535469858649000,2018-08-28T16:24:18,,1220499683,IOS,,SplashViewController,auto,-7214799512009187805,,1,,,11111,1,,,,,,,,,,,1535469858649000,1b537722419fcaeeda617408f78f5d72,uk.co.skoda.assistant.uat,1.1.7,,1:571703561616:ios:777087d7f78ec12a,manual_install,tablet,Apple,iPad Air 2,,"iPad5,4",IOS,11.4.1,,,en-gb,No,3600,,,Europe,United Kingdom,England,London,,,(direct),(none),(direct),1b537722419fcaeeda617408f78f5d72_1
20180829,1535548256885001,2018-08-29T14:10:56,screen_view,1535548256693001,2018-08-29T14:10:56,,14,59600,1b537722419fcaeeda617408f78f5d72,D31B89327DC04B1FB78742BB37A6A6AD,1535469858649000,2018-08-28T16:24:18,,1220499683,IOS,,LoginViewController,auto,-7214799512009187804,,1,-7214799512009187805,SplashViewController,11111,1,,,,,,,,,,,1535469858649000,1b537722419fcaeeda617408f78f5d72,uk.co.skoda.assistant.uat,1.1.7,,1:571703561616:ios:777087d7f78ec12a,manual_install,tablet,Apple,iPad Air 2,,"iPad5,4",IOS,11.4.1,,,en-gb,No,3600,,,Europe,United Kingdom,England,London,,,(direct),(none),(direct),1b537722419fcaeeda617408f78f5d72_1
20180829,1535548259584002,2018-08-29T14:10:59,user_engagement,1535534144575002,2018-08-29T10:15:44,,14,59600,1b537722419fcaeeda617408f78f5d72,D31B89327DC04B1FB78742BB37A6A6AD,1535469858649000,2018-08-28T16:24:18,,1220499683,IOS,,LoginViewController,auto,-7214799512009187804,2827,,,,11111,1,,,,,,,,,,,1535469858649000,1b537722419fcaeeda617408f78f5d72,uk.co.skoda.assistant.uat,1.1.7,,1:571703561616:ios:777087d7f78ec12a,manual_install,tablet,Apple,iPad Air 2,,"iPad5,4",IOS,11.4.1,,,en-gb,No,3600,,,Europe,United Kingdom,England,London,,,(direct),(none),(direct),1b537722419fcaeeda617408f78f5d72_1
20180829,1535548262934000,2018-08-29T14:11:02,screen_view,1535548256885000,2018-08-29T14:10:56,,15,81840,1b537722419fcaeeda617408f78f5d72,D31B89327DC04B1FB78742BB37A6A6AD,1535469858649000,2018-08-28T16:24:18,,1220499683,IOS,,SplashViewController,auto,-7214799512009187805,,1,-7214799512009187804,LoginViewController,11111,1,,,,,,,,,,,1535469858649000,1b537722419fcaeeda617408f78f5d72,uk.co.skoda.assistant.uat,1.1.7,,1:571703561616:ios:777087d7f78ec12a,manual_install,tablet,Apple,iPad Air 2,,"iPad5,4",IOS,11.4.1,,,en-gb,No,3600,,,Europe,United Kingdom,England,London,,,(direct),(none),(direct),1b537722419fcaeeda617408f78f5d72_1
20180829,1535548262934000,2018-08-29T14:11:02,user_engagement,1535548259584000,2018-08-29T14:10:59,,15,81840,1b537722419fcaeeda617408f78f5d72,D31B89327DC04B1FB78742BB37A6A6AD,1535469858649000,2018-08-28T16:24:18,,1220499683,IOS,,LoginViewController,auto,-7214799512009187804,2051,,,,11111,1,,,,,,,,,,,1535469858649000,1b537722419fcaeeda617408f78f5d72,uk.co.skoda.assistant.uat,1.1.7,,1:571703561616:ios:777087d7f78ec12a,manual_install,tablet,Apple,iPad Air 2,,"iPad5,4",IOS,11.4.1,,,en-gb,No,3600,,,Europe,United Kingdom,England,London,,,(direct),(none),(direct),1b537722419fcaeeda617408f78f5d72_1
