event_date,event_timestamp,event_iso8601,event_name,event_previous_timestamp,event_previous_iso8601,event_value_in_usd,event_bundle_sequence_id,event_server_timestamp_offset,user_id,user_pseudo_id,user_first_touch_timestamp,user_first_touch_iso8601,user_ltv,stream_id,platform,event_dimensions,firebase_screen_class,firebase_event_origin,firebase_screen_id,engagement_time_msec,firebase_conversion,firebase_previous_id,firebase_previous_class,user_retailer,user_area,AnalyticsParameterTerm,button_name,AnalyticsParameterItemID,engine,Compared_vehicle_1,Compared_vehicle_2,update_with_analytics,previous_first_open_count,previous_app_version,Compared_vehicle_3,first_open_time,user_id,id,version,install_store,firebase_app_id,install_source,category,mobile_brand_name,mobile_model_name,mobile_marketing_name,mobile_os_hardware_model,operating_system,operating_system_version,vendor_id,advertising_id,language,is_limited_ad_tracking,time_zone_offset_seconds,browser,browser,continent,country,region,city,sub_continent,metro,name,medium,source,user_session_generated_id
20180829,1535530334984000,2018-08-29T09:12:14,screen_view,1535474023752000,2018-08-28T17:33:43,,211,91709,c6b535f66ecd3748583afa7e7b39bb3b,9D05C71DD0774D72B4326C0273C3570F,1533819733967000,2018-08-09T14:02:13,,1220499683,IOS,,LoginViewController,auto,964496880845775973,,1,964496880845775972,PresentationEditorViewController,28060,4,,,,,,,,,,,1533819733967000,c6b535f66ecd3748583afa7e7b39bb3b,uk.co.skoda.assistant.ios,1.1.6,,1:571703561616:ios:777087d7f78ec12a,manual_install,tablet,Apple,iPad,,"iPad7,5",IOS,11.4.1,,,en-gb,No,3600,,,Europe,United Kingdom,England,Nottingham,,,(direct),(none),(direct),c6b535f66ecd3748583afa7e7b39bb3b_0
20180829,1535530335256001,2018-08-29T09:12:15,screen_view,1535530334984001,2018-08-29T09:12:14,,211,91709,c6b535f66ecd3748583afa7e7b39bb3b,9D05C71DD0774D72B4326C0273C3570F,1533819733967000,2018-08-09T14:02:13,,1220499683,IOS,,SplashViewController,auto,964496880845775960,,1,964496880845775973,LoginViewController,28060,4,,,,,,,,,,,1533819733967000,c6b535f66ecd3748583afa7e7b39bb3b,uk.co.skoda.assistant.ios,1.1.6,,1:571703561616:ios:777087d7f78ec12a,manual_install,tablet,Apple,iPad,,"iPad7,5",IOS,11.4.1,,,en-gb,No,3600,,,Europe,United Kingdom,England,Nottingham,,,(direct),(none),(direct),c6b535f66ecd3748583afa7e7b39bb3b_0
20180829,1535530335438002,2018-08-29T09:12:15,user_engagement,1535474192504002,2018-08-28T17:36:32,,211,91709,c6b535f66ecd3748583afa7e7b39bb3b,9D05C71DD0774D72B4326C0273C3570F,1533819733967000,2018-08-09T14:02:13,,1220499683,IOS,,SplashViewController,auto,964496880845775960,701,,,,28060,4,,,,,,,,,,,1533819733967000,c6b535f66ecd3748583afa7e7b39bb3b,uk.co.skoda.assistant.ios,1.1.6,,1:571703561616:ios:777087d7f78ec12a,manual_install,tablet,Apple,iPad,,"iPad7,5",IOS,11.4.1,,,en-gb,No,3600,,,Europe,United Kingdom,England,Nottingham,,,(direct),(none),(direct),c6b535f66ecd3748583afa7e7b39bb3b_0
20180829,1535532693793002,2018-08-29T09:51:33,screen_view,1535530335256002,2018-08-29T09:12:15,,211,91709,c6b535f66ecd3748583afa7e7b39bb3b,9D05C71DD0774D72B4326C0273C3570F,1533819733967000,2018-08-09T14:02:13,,1220499683,IOS,,LoginViewController,auto,964496880845775974,,1,964496880845775960,SplashViewController,28060,4,,,,,,,,,,,1533819733967000,c6b535f66ecd3748583afa7e7b39bb3b,uk.co.skoda.assistant.ios,1.1.6,,1:571703561616:ios:777087d7f78ec12a,manual_install,tablet,Apple,iPad,,"iPad7,5",IOS,11.4.1,,,en-gb,No,3600,,,Europe,United Kingdom,England,Nottingham,,,(direct),(none),(direct),c6b535f66ecd3748583afa7e7b39bb3b_0
20180829,1535532696866004,2018-08-29T09:51:36,user_engagement,1535530335438004,2018-08-29T09:12:15,,211,91709,c6b535f66ecd3748583afa7e7b39bb3b,9D05C71DD0774D72B4326C0273C3570F,1533819733967000,2018-08-09T14:02:13,,1220499683,IOS,,LoginViewController,auto,964496880845775974,3678,,,,28060,4,,,,,,,,,,,1533819733967000,c6b535f66ecd3748583afa7e7b39bb3b,uk.co.skoda.assistant.ios,1.1.6,,1:571703561616:ios:777087d7f78ec12a,manual_install,tablet,Apple,iPad,,"iPad7,5",IOS,11.4.1,,,en-gb,No,3600,,,Europe,United Kingdom,England,Nottingham,,,(direct),(none),(direct),c6b535f66ecd3748583afa7e7b39bb3b_0
20180829,1535532698627003,2018-08-29T09:51:38,screen_view,1535532693793003,2018-08-29T09:51:33,,211,91709,c6b535f66ecd3748583afa7e7b39bb3b,9D05C71DD0774D72B4326C0273C3570F,1533819733967000,2018-08-09T14:02:13,,1220499683,IOS,,SplashViewController,auto,964496880845775960,,1,964496880845775974,LoginViewController,28060,4,,,,,,,,,,,1533819733967000,c6b535f66ecd3748583afa7e7b39bb3b,uk.co.skoda.assistant.ios,1.1.6,,1:571703561616:ios:777087d7f78ec12a,manual_install,tablet,Apple,iPad,,"iPad7,5",IOS,11.4.1,,,en-gb,No,3600,,,Europe,United Kingdom,England,Nottingham,,,(direct),(none),(direct),c6b535f66ecd3748583afa7e7b39bb3b_0
20180829,1535532698731004,2018-08-29T09:51:38,screen_view,1535532698627004,2018-08-29T09:51:38,,211,91709,c6b535f66ecd3748583afa7e7b39bb3b,9D05C71DD0774D72B4326C0273C3570F,1533819733967000,2018-08-09T14:02:13,,1220499683,IOS,,LoginViewController,auto,964496880845775975,,1,964496880845775960,SplashViewController,28060,4,,,,,,,,,,,1533819733967000,c6b535f66ecd3748583afa7e7b39bb3b,uk.co.skoda.assistant.ios,1.1.6,,1:571703561616:ios:777087d7f78ec12a,manual_install,tablet,Apple,iPad,,"iPad7,5",IOS,11.4.1,,,en-gb,No,3600,,,Europe,United Kingdom,England,Nottingham,,,(direct),(none),(direct),c6b535f66ecd3748583afa7e7b39bb3b_0
20180829,1535532702782007,2018-08-29T09:51:42,user_engagement,1535532696866007,2018-08-29T09:51:36,,211,91709,c6b535f66ecd3748583afa7e7b39bb3b,9D05C71DD0774D72B4326C0273C3570F,1533819733967000,2018-08-09T14:02:13,,1220499683,IOS,,LoginViewController,auto,964496880845775975,4667,,,,28060,4,,,,,,,,,,,1533819733967000,c6b535f66ecd3748583afa7e7b39bb3b,uk.co.skoda.assistant.ios,1.1.6,,1:571703561616:ios:777087d7f78ec12a,manual_install,tablet,Apple,iPad,,"iPad7,5",IOS,11.4.1,,,en-gb,No,3600,,,Europe,United Kingdom,England,Nottingham,,,(direct),(none),(direct),c6b535f66ecd3748583afa7e7b39bb3b_0
20180829,1535532705123005,2018-08-29T09:51:45,screen_view,1535532698731005,2018-08-29T09:51:38,,211,91709,c6b535f66ecd3748583afa7e7b39bb3b,9D05C71DD0774D72B4326C0273C3570F,1533819733967000,2018-08-09T14:02:13,,1220499683,IOS,,SplashViewController,auto,964496880845775960,,1,964496880845775975,LoginViewController,28060,4,,,,,,,,,,,1533819733967000,c6b535f66ecd3748583afa7e7b39bb3b,uk.co.skoda.assistant.ios,1.1.6,,1:571703561616:ios:777087d7f78ec12a,manual_install,tablet,Apple,iPad,,"iPad7,5",IOS,11.4.1,,,en-gb,No,3600,,,Europe,United Kingdom,England,Nottingham,,,(direct),(none),(direct),c6b535f66ecd3748583afa7e7b39bb3b_0
20180829,1535532705227006,2018-08-29T09:51:45,screen_view,1535532705123006,2018-08-29T09:51:45,,211,91709,c6b535f66ecd3748583afa7e7b39bb3b,9D05C71DD0774D72B4326C0273C3570F,1533819733967000,2018-08-09T14:02:13,,1220499683,IOS,,LoginViewController,auto,964496880845775976,,1,964496880845775960,SplashViewController,28060,4,,,,,,,,,,,1533819733967000,c6b535f66ecd3748583afa7e7b39bb3b,uk.co.skoda.assistant.ios,1.1.6,,1:571703561616:ios:777087d7f78ec12a,manual_install,tablet,Apple,iPad,,"iPad7,5",IOS,11.4.1,,,en-gb,No,3600,,,Europe,United Kingdom,England,Nottingham,,,(direct),(none),(direct),c6b535f66ecd3748583afa7e7b39bb3b_0
20180829,1535532708843010,2018-08-29T09:51:48,user_engagement,1535532702782010,2018-08-29T09:51:42,,211,91709,c6b535f66ecd3748583afa7e7b39bb3b,9D05C71DD0774D72B4326C0273C3570F,1533819733967000,2018-08-09T14:02:13,,1220499683,IOS,,LoginViewController,auto,964496880845775976,4232,,,,28060,4,,,,,,,,,,,1533819733967000,c6b535f66ecd3748583afa7e7b39bb3b,uk.co.skoda.assistant.ios,1.1.6,,1:571703561616:ios:777087d7f78ec12a,manual_install,tablet,Apple,iPad,,"iPad7,5",IOS,11.4.1,,,en-gb,No,3600,,,Europe,United Kingdom,England,Nottingham,,,(direct),(none),(direct),c6b535f66ecd3748583afa7e7b39bb3b_0
20180829,1535532711810007,2018-08-29T09:51:51,screen_view,1535532705227007,2018-08-29T09:51:45,,211,91709,c6b535f66ecd3748583afa7e7b39bb3b,9D05C71DD0774D72B4326C0273C3570F,1533819733967000,2018-08-09T14:02:13,,1220499683,IOS,,SplashViewController,auto,964496880845775960,,1,964496880845775976,LoginViewController,28060,4,,,,,,,,,,,1533819733967000,c6b535f66ecd3748583afa7e7b39bb3b,uk.co.skoda.assistant.ios,1.1.6,,1:571703561616:ios:777087d7f78ec12a,manual_install,tablet,Apple,iPad,,"iPad7,5",IOS,11.4.1,,,en-gb,No,3600,,,Europe,United Kingdom,England,Nottingham,,,(direct),(none),(direct),c6b535f66ecd3748583afa7e7b39bb3b_0
20180829,1535532711882008,2018-08-29T09:51:51,screen_view,1535532711810008,2018-08-29T09:51:51,,211,91709,c6b535f66ecd3748583afa7e7b39bb3b,9D05C71DD0774D72B4326C0273C3570F,1533819733967000,2018-08-09T14:02:13,,1220499683,IOS,,LoginViewController,auto,964496880845775977,,1,964496880845775960,SplashViewController,28060,4,,,,,,,,,,,1533819733967000,c6b535f66ecd3748583afa7e7b39bb3b,uk.co.skoda.assistant.ios,1.1.6,,1:571703561616:ios:777087d7f78ec12a,manual_install,tablet,Apple,iPad,,"iPad7,5",IOS,11.4.1,,,en-gb,No,3600,,,Europe,United Kingdom,England,Nottingham,,,(direct),(none),(direct),c6b535f66ecd3748583afa7e7b39bb3b_0
20180829,1535532716897013,2018-08-29T09:51:56,user_engagement,1535532708843013,2018-08-29T09:51:48,,211,91709,c6b535f66ecd3748583afa7e7b39bb3b,9D05C71DD0774D72B4326C0273C3570F,1533819733967000,2018-08-09T14:02:13,,1220499683,IOS,,LoginViewController,auto,964496880845775977,5593,,,,28060,4,,,,,,,,,,,1533819733967000,c6b535f66ecd3748583afa7e7b39bb3b,uk.co.skoda.assistant.ios,1.1.6,,1:571703561616:ios:777087d7f78ec12a,manual_install,tablet,Apple,iPad,,"iPad7,5",IOS,11.4.1,,,en-gb,No,3600,,,Europe,United Kingdom,England,Nottingham,,,(direct),(none),(direct),c6b535f66ecd3748583afa7e7b39bb3b_0
20180829,1535532718810009,2018-08-29T09:51:58,screen_view,1535532711882009,2018-08-29T09:51:51,,211,91709,c6b535f66ecd3748583afa7e7b39bb3b,9D05C71DD0774D72B4326C0273C3570F,1533819733967000,2018-08-09T14:02:13,,1220499683,IOS,,SplashViewController,auto,964496880845775960,,1,964496880845775977,LoginViewController,28060,4,,,,,,,,,,,1533819733967000,c6b535f66ecd3748583afa7e7b39bb3b,uk.co.skoda.assistant.ios,1.1.6,,1:571703561616:ios:777087d7f78ec12a,manual_install,tablet,Apple,iPad,,"iPad7,5",IOS,11.4.1,,,en-gb,No,3600,,,Europe,United Kingdom,England,Nottingham,,,(direct),(none),(direct),c6b535f66ecd3748583afa7e7b39bb3b_0
20180829,1535532718884010,2018-08-29T09:51:58,screen_view,1535532718810010,2018-08-29T09:51:58,,211,91709,c6b535f66ecd3748583afa7e7b39bb3b,9D05C71DD0774D72B4326C0273C3570F,1533819733967000,2018-08-09T14:02:13,,1220499683,IOS,,LoginViewController,auto,964496880845775978,,1,964496880845775960,SplashViewController,28060,4,,,,,,,,,,,1533819733967000,c6b535f66ecd3748583afa7e7b39bb3b,uk.co.skoda.assistant.ios,1.1.6,,1:571703561616:ios:777087d7f78ec12a,manual_install,tablet,Apple,iPad,,"iPad7,5",IOS,11.4.1,,,en-gb,No,3600,,,Europe,United Kingdom,England,Nottingham,,,(direct),(none),(direct),c6b535f66ecd3748583afa7e7b39bb3b_0
20180829,1535532720596016,2018-08-29T09:52:00,user_engagement,1535532716897016,2018-08-29T09:51:56,,211,91709,c6b535f66ecd3748583afa7e7b39bb3b,9D05C71DD0774D72B4326C0273C3570F,1533819733967000,2018-08-09T14:02:13,,1220499683,IOS,,LoginViewController,auto,964496880845775978,2295,,,,28060,4,,,,,,,,,,,1533819733967000,c6b535f66ecd3748583afa7e7b39bb3b,uk.co.skoda.assistant.ios,1.1.6,,1:571703561616:ios:777087d7f78ec12a,manual_install,tablet,Apple,iPad,,"iPad7,5",IOS,11.4.1,,,en-gb,No,3600,,,Europe,United Kingdom,England,Nottingham,,,(direct),(none),(direct),c6b535f66ecd3748583afa7e7b39bb3b_0
20180829,1535532747230011,2018-08-29T09:52:27,screen_view,1535532718884011,2018-08-29T09:51:58,,211,91709,c6b535f66ecd3748583afa7e7b39bb3b,9D05C71DD0774D72B4326C0273C3570F,1533819733967000,2018-08-09T14:02:13,,1220499683,IOS,,SplashViewController,auto,964496880845775960,,1,964496880845775978,LoginViewController,28060,4,,,,,,,,,,,1533819733967000,c6b535f66ecd3748583afa7e7b39bb3b,uk.co.skoda.assistant.ios,1.1.6,,1:571703561616:ios:777087d7f78ec12a,manual_install,tablet,Apple,iPad,,"iPad7,5",IOS,11.4.1,,,en-gb,No,3600,,,Europe,United Kingdom,England,Nottingham,,,(direct),(none),(direct),c6b535f66ecd3748583afa7e7b39bb3b_0
20180829,1535532747324012,2018-08-29T09:52:27,screen_view,1535532747230012,2018-08-29T09:52:27,,211,91709,c6b535f66ecd3748583afa7e7b39bb3b,9D05C71DD0774D72B4326C0273C3570F,1533819733967000,2018-08-09T14:02:13,,1220499683,IOS,,LoginViewController,auto,964496880845775979,,1,964496880845775960,SplashViewController,28060,4,,,,,,,,,,,1533819733967000,c6b535f66ecd3748583afa7e7b39bb3b,uk.co.skoda.assistant.ios,1.1.6,,1:571703561616:ios:777087d7f78ec12a,manual_install,tablet,Apple,iPad,,"iPad7,5",IOS,11.4.1,,,en-gb,No,3600,,,Europe,United Kingdom,England,Nottingham,,,(direct),(none),(direct),c6b535f66ecd3748583afa7e7b39bb3b_0
20180829,1535532750395019,2018-08-29T09:52:30,user_engagement,1535532720596019,2018-08-29T09:52:00,,211,91709,c6b535f66ecd3748583afa7e7b39bb3b,9D05C71DD0774D72B4326C0273C3570F,1533819733967000,2018-08-09T14:02:13,,1220499683,IOS,,LoginViewController,auto,964496880845775979,3673,,,,28060,4,,,,,,,,,,,1533819733967000,c6b535f66ecd3748583afa7e7b39bb3b,uk.co.skoda.assistant.ios,1.1.6,,1:571703561616:ios:777087d7f78ec12a,manual_install,tablet,Apple,iPad,,"iPad7,5",IOS,11.4.1,,,en-gb,No,3600,,,Europe,United Kingdom,England,Nottingham,,,(direct),(none),(direct),c6b535f66ecd3748583afa7e7b39bb3b_0
20180829,1535532752451013,2018-08-29T09:52:32,screen_view,1535532747324013,2018-08-29T09:52:27,,211,91709,c6b535f66ecd3748583afa7e7b39bb3b,9D05C71DD0774D72B4326C0273C3570F,1533819733967000,2018-08-09T14:02:13,,1220499683,IOS,,SplashViewController,auto,964496880845775960,,1,964496880845775979,LoginViewController,28060,4,,,,,,,,,,,1533819733967000,c6b535f66ecd3748583afa7e7b39bb3b,uk.co.skoda.assistant.ios,1.1.6,,1:571703561616:ios:777087d7f78ec12a,manual_install,tablet,Apple,iPad,,"iPad7,5",IOS,11.4.1,,,en-gb,No,3600,,,Europe,United Kingdom,England,Nottingham,,,(direct),(none),(direct),c6b535f66ecd3748583afa7e7b39bb3b_0
20180829,1535532752544014,2018-08-29T09:52:32,screen_view,1535532752451014,2018-08-29T09:52:32,,211,91709,c6b535f66ecd3748583afa7e7b39bb3b,9D05C71DD0774D72B4326C0273C3570F,1533819733967000,2018-08-09T14:02:13,,1220499683,IOS,,LoginViewController,auto,964496880845775980,,1,964496880845775960,SplashViewController,28060,4,,,,,,,,,,,1533819733967000,c6b535f66ecd3748583afa7e7b39bb3b,uk.co.skoda.assistant.ios,1.1.6,,1:571703561616:ios:777087d7f78ec12a,manual_install,tablet,Apple,iPad,,"iPad7,5",IOS,11.4.1,,,en-gb,No,3600,,,Europe,United Kingdom,England,Nottingham,,,(direct),(none),(direct),c6b535f66ecd3748583afa7e7b39bb3b_0
20180829,1535532761895015,2018-08-29T09:52:41,session_start,1535474022274015,2018-08-28T17:33:42,,211,91709,c6b535f66ecd3748583afa7e7b39bb3b,9D05C71DD0774D72B4326C0273C3570F,1533819733967000,2018-08-09T14:02:13,,1220499683,IOS,,LoginViewController,auto,964496880845775980,,1,,,28060,4,,,,,,,,,,,1533819733967000,c6b535f66ecd3748583afa7e7b39bb3b,uk.co.skoda.assistant.ios,1.1.6,,1:571703561616:ios:777087d7f78ec12a,manual_install,tablet,Apple,iPad,,"iPad7,5",IOS,11.4.1,,,en-gb,No,3600,,,Europe,United Kingdom,England,Nottingham,,,(direct),(none),(direct),c6b535f66ecd3748583afa7e7b39bb3b_0
20180829,1535532872490023,2018-08-29T09:54:32,user_engagement,1535532750395023,2018-08-29T09:52:30,,211,91709,c6b535f66ecd3748583afa7e7b39bb3b,9D05C71DD0774D72B4326C0273C3570F,1533819733967000,2018-08-09T14:02:13,,1220499683,IOS,,LoginViewController,auto,964496880845775980,120587,,,,28060,4,,,,,,,,,,,1533819733967000,c6b535f66ecd3748583afa7e7b39bb3b,uk.co.skoda.assistant.ios,1.1.6,,1:571703561616:ios:777087d7f78ec12a,manual_install,tablet,Apple,iPad,,"iPad7,5",IOS,11.4.1,,,en-gb,No,3600,,,Europe,United Kingdom,England,Nottingham,,,(direct),(none),(direct),c6b535f66ecd3748583afa7e7b39bb3b_0
20180829,1535537755984000,2018-08-29T11:15:55,user_engagement,1535532872490000,2018-08-29T09:54:32,,212,91710,c6b535f66ecd3748583afa7e7b39bb3b,9D05C71DD0774D72B4326C0273C3570F,1533819733967000,2018-08-09T14:02:13,,1220499683,IOS,,LoginViewController,auto,964496880845775980,428,,,,28060,4,,,,,,,,,,,1533819733967000,c6b535f66ecd3748583afa7e7b39bb3b,uk.co.skoda.assistant.ios,1.1.6,,1:571703561616:ios:777087d7f78ec12a,manual_install,tablet,Apple,iPad,,"iPad7,5",IOS,11.4.1,,,en-gb,No,3600,,,Europe,United Kingdom,England,Nottingham,,,(direct),(none),(direct),c6b535f66ecd3748583afa7e7b39bb3b_0
20180829,1535537757327000,2018-08-29T11:15:57,screen_view,1535532752544000,2018-08-29T09:52:32,,212,91710,c6b535f66ecd3748583afa7e7b39bb3b,9D05C71DD0774D72B4326C0273C3570F,1533819733967000,2018-08-09T14:02:13,,1220499683,IOS,,LoginViewController,auto,964496880845775981,,1,964496880845775980,LoginViewController,28060,4,,,,,,,,,,,1533819733967000,c6b535f66ecd3748583afa7e7b39bb3b,uk.co.skoda.assistant.ios,1.1.6,,1:571703561616:ios:777087d7f78ec12a,manual_install,tablet,Apple,iPad,,"iPad7,5",IOS,11.4.1,,,en-gb,No,3600,,,Europe,United Kingdom,England,Nottingham,,,(direct),(none),(direct),c6b535f66ecd3748583afa7e7b39bb3b_0
20180829,1535537757842001,2018-08-29T11:15:57,screen_view,1535537757327001,2018-08-29T11:15:57,,212,91710,c6b535f66ecd3748583afa7e7b39bb3b,9D05C71DD0774D72B4326C0273C3570F,1533819733967000,2018-08-09T14:02:13,,1220499683,IOS,,SplashViewController,auto,964496880845775960,,1,964496880845775981,LoginViewController,28060,4,,,,,,,,,,,1533819733967000,c6b535f66ecd3748583afa7e7b39bb3b,uk.co.skoda.assistant.ios,1.1.6,,1:571703561616:ios:777087d7f78ec12a,manual_install,tablet,Apple,iPad,,"iPad7,5",IOS,11.4.1,,,en-gb,No,3600,,,Europe,United Kingdom,England,Nottingham,,,(direct),(none),(direct),c6b535f66ecd3748583afa7e7b39bb3b_0
20180829,1535537757933002,2018-08-29T11:15:57,screen_view,1535537757842002,2018-08-29T11:15:57,,212,91710,c6b535f66ecd3748583afa7e7b39bb3b,9D05C71DD0774D72B4326C0273C3570F,1533819733967000,2018-08-09T14:02:13,,1220499683,IOS,,LoginViewController,auto,964496880845775982,,1,964496880845775960,SplashViewController,28060,4,,,,,,,,,,,1533819733967000,c6b535f66ecd3748583afa7e7b39bb3b,uk.co.skoda.assistant.ios,1.1.6,,1:571703561616:ios:777087d7f78ec12a,manual_install,tablet,Apple,iPad,,"iPad7,5",IOS,11.4.1,,,en-gb,No,3600,,,Europe,United Kingdom,England,Nottingham,,,(direct),(none),(direct),c6b535f66ecd3748583afa7e7b39bb3b_0
20180829,1535537762720004,2018-08-29T11:16:02,user_engagement,1535537755984004,2018-08-29T11:15:55,,212,91710,c6b535f66ecd3748583afa7e7b39bb3b,9D05C71DD0774D72B4326C0273C3570F,1533819733967000,2018-08-09T14:02:13,,1220499683,IOS,,LoginViewController,auto,964496880845775982,5393,,,,28060,4,,,,,,,,,,,1533819733967000,c6b535f66ecd3748583afa7e7b39bb3b,uk.co.skoda.assistant.ios,1.1.6,,1:571703561616:ios:777087d7f78ec12a,manual_install,tablet,Apple,iPad,,"iPad7,5",IOS,11.4.1,,,en-gb,No,3600,,,Europe,United Kingdom,England,Nottingham,,,(direct),(none),(direct),c6b535f66ecd3748583afa7e7b39bb3b_0
20180829,1535537765369003,2018-08-29T11:16:05,screen_view,1535537757933003,2018-08-29T11:15:57,,212,91710,c6b535f66ecd3748583afa7e7b39bb3b,9D05C71DD0774D72B4326C0273C3570F,1533819733967000,2018-08-09T14:02:13,,1220499683,IOS,,SplashViewController,auto,964496880845775960,,1,964496880845775982,LoginViewController,28060,4,,,,,,,,,,,1533819733967000,c6b535f66ecd3748583afa7e7b39bb3b,uk.co.skoda.assistant.ios,1.1.6,,1:571703561616:ios:777087d7f78ec12a,manual_install,tablet,Apple,iPad,,"iPad7,5",IOS,11.4.1,,,en-gb,No,3600,,,Europe,United Kingdom,England,Nottingham,,,(direct),(none),(direct),c6b535f66ecd3748583afa7e7b39bb3b_0
20180829,1535537765493004,2018-08-29T11:16:05,screen_view,1535537765369004,2018-08-29T11:16:05,,212,91710,c6b535f66ecd3748583afa7e7b39bb3b,9D05C71DD0774D72B4326C0273C3570F,1533819733967000,2018-08-09T14:02:13,,1220499683,IOS,,LoginViewController,auto,964496880845775983,,1,964496880845775960,SplashViewController,28060,4,,,,,,,,,,,1533819733967000,c6b535f66ecd3748583afa7e7b39bb3b,uk.co.skoda.assistant.ios,1.1.6,,1:571703561616:ios:777087d7f78ec12a,manual_install,tablet,Apple,iPad,,"iPad7,5",IOS,11.4.1,,,en-gb,No,3600,,,Europe,United Kingdom,England,Nottingham,,,(direct),(none),(direct),c6b535f66ecd3748583afa7e7b39bb3b_0
20180829,1535537768653007,2018-08-29T11:16:08,user_engagement,1535537762720007,2018-08-29T11:16:02,,212,91710,c6b535f66ecd3748583afa7e7b39bb3b,9D05C71DD0774D72B4326C0273C3570F,1533819733967000,2018-08-09T14:02:13,,1220499683,IOS,,LoginViewController,auto,964496880845775983,3796,,,,28060,4,,,,,,,,,,,1533819733967000,c6b535f66ecd3748583afa7e7b39bb3b,uk.co.skoda.assistant.ios,1.1.6,,1:571703561616:ios:777087d7f78ec12a,manual_install,tablet,Apple,iPad,,"iPad7,5",IOS,11.4.1,,,en-gb,No,3600,,,Europe,United Kingdom,England,Nottingham,,,(direct),(none),(direct),c6b535f66ecd3748583afa7e7b39bb3b_0
20180829,1535537796680005,2018-08-29T11:16:36,screen_view,1535537765493005,2018-08-29T11:16:05,,212,91710,c6b535f66ecd3748583afa7e7b39bb3b,9D05C71DD0774D72B4326C0273C3570F,1533819733967000,2018-08-09T14:02:13,,1220499683,IOS,,SplashViewController,auto,964496880845775960,,1,964496880845775983,LoginViewController,28060,4,,,,,,,,,,,1533819733967000,c6b535f66ecd3748583afa7e7b39bb3b,uk.co.skoda.assistant.ios,1.1.6,,1:571703561616:ios:777087d7f78ec12a,manual_install,tablet,Apple,iPad,,"iPad7,5",IOS,11.4.1,,,en-gb,No,3600,,,Europe,United Kingdom,England,Nottingham,,,(direct),(none),(direct),c6b535f66ecd3748583afa7e7b39bb3b_0
20180829,1535537796764006,2018-08-29T11:16:36,screen_view,1535537796680006,2018-08-29T11:16:36,,212,91710,c6b535f66ecd3748583afa7e7b39bb3b,9D05C71DD0774D72B4326C0273C3570F,1533819733967000,2018-08-09T14:02:13,,1220499683,IOS,,LoginViewController,auto,964496880845775984,,1,964496880845775960,SplashViewController,28060,4,,,,,,,,,,,1533819733967000,c6b535f66ecd3748583afa7e7b39bb3b,uk.co.skoda.assistant.ios,1.1.6,,1:571703561616:ios:777087d7f78ec12a,manual_install,tablet,Apple,iPad,,"iPad7,5",IOS,11.4.1,,,en-gb,No,3600,,,Europe,United Kingdom,England,Nottingham,,,(direct),(none),(direct),c6b535f66ecd3748583afa7e7b39bb3b_0
20180829,1535537806157007,2018-08-29T11:16:46,session_start,1535532761895007,2018-08-29T09:52:41,,212,91710,c6b535f66ecd3748583afa7e7b39bb3b,9D05C71DD0774D72B4326C0273C3570F,1533819733967000,2018-08-09T14:02:13,,1220499683,IOS,,LoginViewController,auto,964496880845775984,,1,,,28060,4,,,,,,,,,,,1533819733967000,c6b535f66ecd3748583afa7e7b39bb3b,uk.co.skoda.assistant.ios,1.1.6,,1:571703561616:ios:777087d7f78ec12a,manual_install,tablet,Apple,iPad,,"iPad7,5",IOS,11.4.1,,,en-gb,No,3600,,,Europe,United Kingdom,England,Nottingham,,,(direct),(none),(direct),c6b535f66ecd3748583afa7e7b39bb3b_0
20180829,1535537872148011,2018-08-29T11:17:52,user_engagement,1535537768653011,2018-08-29T11:16:08,,212,91710,c6b535f66ecd3748583afa7e7b39bb3b,9D05C71DD0774D72B4326C0273C3570F,1533819733967000,2018-08-09T14:02:13,,1220499683,IOS,,LoginViewController,auto,964496880845775984,75977,,,,28060,4,,,,,,,,,,,1533819733967000,c6b535f66ecd3748583afa7e7b39bb3b,uk.co.skoda.assistant.ios,1.1.6,,1:571703561616:ios:777087d7f78ec12a,manual_install,tablet,Apple,iPad,,"iPad7,5",IOS,11.4.1,,,en-gb,No,3600,,,Europe,United Kingdom,England,Nottingham,,,(direct),(none),(direct),c6b535f66ecd3748583afa7e7b39bb3b_0
20180829,1535537874829008,2018-08-29T11:17:54,screen_view,1535537796764008,2018-08-29T11:16:36,,212,91710,c6b535f66ecd3748583afa7e7b39bb3b,9D05C71DD0774D72B4326C0273C3570F,1533819733967000,2018-08-09T14:02:13,,1220499683,IOS,,SplashViewController,auto,964496880845775960,,1,964496880845775984,LoginViewController,28060,4,,,,,,,,,,,1533819733967000,c6b535f66ecd3748583afa7e7b39bb3b,uk.co.skoda.assistant.ios,1.1.6,,1:571703561616:ios:777087d7f78ec12a,manual_install,tablet,Apple,iPad,,"iPad7,5",IOS,11.4.1,,,en-gb,No,3600,,,Europe,United Kingdom,England,Nottingham,,,(direct),(none),(direct),c6b535f66ecd3748583afa7e7b39bb3b_0
20180829,1535537874933009,2018-08-29T11:17:54,screen_view,1535537874829009,2018-08-29T11:17:54,,212,91710,c6b535f66ecd3748583afa7e7b39bb3b,9D05C71DD0774D72B4326C0273C3570F,1533819733967000,2018-08-09T14:02:13,,1220499683,IOS,,LoginViewController,auto,964496880845775985,,1,964496880845775960,SplashViewController,28060,4,,,,,,,,,,,1533819733967000,c6b535f66ecd3748583afa7e7b39bb3b,uk.co.skoda.assistant.ios,1.1.6,,1:571703561616:ios:777087d7f78ec12a,manual_install,tablet,Apple,iPad,,"iPad7,5",IOS,11.4.1,,,en-gb,No,3600,,,Europe,United Kingdom,England,Nottingham,,,(direct),(none),(direct),c6b535f66ecd3748583afa7e7b39bb3b_0
20180829,1535537893006014,2018-08-29T11:18:13,user_engagement,1535537872148014,2018-08-29T11:17:52,,212,91710,c6b535f66ecd3748583afa7e7b39bb3b,9D05C71DD0774D72B4326C0273C3570F,1533819733967000,2018-08-09T14:02:13,,1220499683,IOS,,LoginViewController,auto,964496880845775985,18686,,,,28060,4,,,,,,,,,,,1533819733967000,c6b535f66ecd3748583afa7e7b39bb3b,uk.co.skoda.assistant.ios,1.1.6,,1:571703561616:ios:777087d7f78ec12a,manual_install,tablet,Apple,iPad,,"iPad7,5",IOS,11.4.1,,,en-gb,No,3600,,,Europe,United Kingdom,England,Nottingham,,,(direct),(none),(direct),c6b535f66ecd3748583afa7e7b39bb3b_0
20180829,1535537896918010,2018-08-29T11:18:16,screen_view,1535537874933010,2018-08-29T11:17:54,,212,91710,c6b535f66ecd3748583afa7e7b39bb3b,9D05C71DD0774D72B4326C0273C3570F,1533819733967000,2018-08-09T14:02:13,,1220499683,IOS,,SplashViewController,auto,964496880845775960,,1,964496880845775985,LoginViewController,28060,4,,,,,,,,,,,1533819733967000,c6b535f66ecd3748583afa7e7b39bb3b,uk.co.skoda.assistant.ios,1.1.6,,1:571703561616:ios:777087d7f78ec12a,manual_install,tablet,Apple,iPad,,"iPad7,5",IOS,11.4.1,,,en-gb,No,3600,,,Europe,United Kingdom,England,Nottingham,,,(direct),(none),(direct),c6b535f66ecd3748583afa7e7b39bb3b_0
20180829,1535537897023011,2018-08-29T11:18:17,screen_view,1535537896918011,2018-08-29T11:18:16,,212,91710,c6b535f66ecd3748583afa7e7b39bb3b,9D05C71DD0774D72B4326C0273C3570F,1533819733967000,2018-08-09T14:02:13,,1220499683,IOS,,LoginViewController,auto,964496880845775986,,1,964496880845775960,SplashViewController,28060,4,,,,,,,,,,,1533819733967000,c6b535f66ecd3748583afa7e7b39bb3b,uk.co.skoda.assistant.ios,1.1.6,,1:571703561616:ios:777087d7f78ec12a,manual_install,tablet,Apple,iPad,,"iPad7,5",IOS,11.4.1,,,en-gb,No,3600,,,Europe,United Kingdom,England,Nottingham,,,(direct),(none),(direct),c6b535f66ecd3748583afa7e7b39bb3b_0
20180829,1535537923602017,2018-08-29T11:18:43,user_engagement,1535537893006017,2018-08-29T11:18:13,,212,91710,c6b535f66ecd3748583afa7e7b39bb3b,9D05C71DD0774D72B4326C0273C3570F,1533819733967000,2018-08-09T14:02:13,,1220499683,IOS,,LoginViewController,auto,964496880845775986,27196,,,,28060,4,,,,,,,,,,,1533819733967000,c6b535f66ecd3748583afa7e7b39bb3b,uk.co.skoda.assistant.ios,1.1.6,,1:571703561616:ios:777087d7f78ec12a,manual_install,tablet,Apple,iPad,,"iPad7,5",IOS,11.4.1,,,en-gb,No,3600,,,Europe,United Kingdom,England,Nottingham,,,(direct),(none),(direct),c6b535f66ecd3748583afa7e7b39bb3b_0
20180829,1535537943625012,2018-08-29T11:19:03,screen_view,1535537897023012,2018-08-29T11:18:17,,212,91710,c6b535f66ecd3748583afa7e7b39bb3b,9D05C71DD0774D72B4326C0273C3570F,1533819733967000,2018-08-09T14:02:13,,1220499683,IOS,,SplashViewController,auto,964496880845775960,,1,964496880845775986,LoginViewController,28060,4,,,,,,,,,,,1533819733967000,c6b535f66ecd3748583afa7e7b39bb3b,uk.co.skoda.assistant.ios,1.1.6,,1:571703561616:ios:777087d7f78ec12a,manual_install,tablet,Apple,iPad,,"iPad7,5",IOS,11.4.1,,,en-gb,No,3600,,,Europe,United Kingdom,England,Nottingham,,,(direct),(none),(direct),c6b535f66ecd3748583afa7e7b39bb3b_0
20180829,1535537943658013,2018-08-29T11:19:03,screen_view,1535537943625013,2018-08-29T11:19:03,,212,91710,c6b535f66ecd3748583afa7e7b39bb3b,9D05C71DD0774D72B4326C0273C3570F,1533819733967000,2018-08-09T14:02:13,,1220499683,IOS,,LoginViewController,auto,964496880845775987,,1,964496880845775960,SplashViewController,28060,4,,,,,,,,,,,1533819733967000,c6b535f66ecd3748583afa7e7b39bb3b,uk.co.skoda.assistant.ios,1.1.6,,1:571703561616:ios:777087d7f78ec12a,manual_install,tablet,Apple,iPad,,"iPad7,5",IOS,11.4.1,,,en-gb,No,3600,,,Europe,United Kingdom,England,Nottingham,,,(direct),(none),(direct),c6b535f66ecd3748583afa7e7b39bb3b_0
20180829,1535537970317020,2018-08-29T11:19:30,user_engagement,1535537923602020,2018-08-29T11:18:43,,212,91710,c6b535f66ecd3748583afa7e7b39bb3b,9D05C71DD0774D72B4326C0273C3570F,1533819733967000,2018-08-09T14:02:13,,1220499683,IOS,,LoginViewController,auto,964496880845775987,27309,,,,28060,4,,,,,,,,,,,1533819733967000,c6b535f66ecd3748583afa7e7b39bb3b,uk.co.skoda.assistant.ios,1.1.6,,1:571703561616:ios:777087d7f78ec12a,manual_install,tablet,Apple,iPad,,"iPad7,5",IOS,11.4.1,,,en-gb,No,3600,,,Europe,United Kingdom,England,Nottingham,,,(direct),(none),(direct),c6b535f66ecd3748583afa7e7b39bb3b_0
20180829,1535537970318014,2018-08-29T11:19:30,screen_view,1535537943658014,2018-08-29T11:19:03,,212,91710,c6b535f66ecd3748583afa7e7b39bb3b,9D05C71DD0774D72B4326C0273C3570F,1533819733967000,2018-08-09T14:02:13,,1220499683,IOS,,SplashViewController,auto,964496880845775960,,1,964496880845775987,LoginViewController,28060,4,,,,,,,,,,,1533819733967000,c6b535f66ecd3748583afa7e7b39bb3b,uk.co.skoda.assistant.ios,1.1.6,,1:571703561616:ios:777087d7f78ec12a,manual_install,tablet,Apple,iPad,,"iPad7,5",IOS,11.4.1,,,en-gb,No,3600,,,Europe,United Kingdom,England,Nottingham,,,(direct),(none),(direct),c6b535f66ecd3748583afa7e7b39bb3b_0
