event_date,event_timestamp,event_iso8601,event_name,event_previous_timestamp,event_previous_iso8601,event_value_in_usd,event_bundle_sequence_id,event_server_timestamp_offset,user_id,user_pseudo_id,user_first_touch_timestamp,user_first_touch_iso8601,user_ltv,stream_id,platform,event_dimensions,firebase_screen_class,firebase_event_origin,firebase_screen_id,engagement_time_msec,firebase_conversion,firebase_previous_id,firebase_previous_class,user_retailer,user_area,AnalyticsParameterTerm,button_name,AnalyticsParameterItemID,engine,Compared_vehicle_1,Compared_vehicle_2,update_with_analytics,previous_first_open_count,previous_app_version,Compared_vehicle_3,first_open_time,user_id,id,version,install_store,firebase_app_id,install_source,category,mobile_brand_name,mobile_model_name,mobile_marketing_name,mobile_os_hardware_model,operating_system,operating_system_version,vendor_id,advertising_id,language,is_limited_ad_tracking,time_zone_offset_seconds,browser,browser,continent,country,region,city,sub_continent,metro,name,medium,source,user_session_generated_id
20180829,1535533534893001,2018-08-29T10:05:34,AnalyticsEventLogin,1535464381586001,2018-08-28T14:53:01,,16,34854,6a618b77d08300f8cb0cfb6bd619c9c9,122A4297CA874280B4CD2FA347C4AFEB,1535447121442000,2018-08-28T10:05:21,,1220499683,IOS,,SplashViewController,app,-276605407780152137,,1,,,0,0,6a618b77d08300f8cb0cfb6bd619c9c9,,,,,,,,,,1535447121442000,6a618b77d08300f8cb0cfb6bd619c9c9,uk.co.skoda.assistant.test,1.1.6,,1:571703561616:ios:777087d7f78ec12a,manual_install,tablet,Apple,iPad 5th gen,,"iPad6,11",IOS,11.4.1,,,en-gb,No,3600,,,Europe,United Kingdom,England,Bristol,,,(direct),(none),(direct),6a618b77d08300f8cb0cfb6bd619c9c9_1
20180829,1535533535457002,2018-08-29T10:05:35,screen_view,1535533534882002,2018-08-29T10:05:34,,16,34854,6a618b77d08300f8cb0cfb6bd619c9c9,122A4297CA874280B4CD2FA347C4AFEB,1535447121442000,2018-08-28T10:05:21,,1220499683,IOS,,ContentLoaderViewController,auto,-276605407780152135,,1,-276605407780152137,SplashViewController,0,0,,,,,,,,,,,1535447121442000,6a618b77d08300f8cb0cfb6bd619c9c9,uk.co.skoda.assistant.test,1.1.6,,1:571703561616:ios:777087d7f78ec12a,manual_install,tablet,Apple,iPad 5th gen,,"iPad6,11",IOS,11.4.1,,,en-gb,No,3600,,,Europe,United Kingdom,England,Bristol,,,(direct),(none),(direct),6a618b77d08300f8cb0cfb6bd619c9c9_1
20180829,1535533542526000,2018-08-29T10:05:42,session_start,1535459094419000,2018-08-28T13:24:54,,17,42460,6a618b77d08300f8cb0cfb6bd619c9c9,122A4297CA874280B4CD2FA347C4AFEB,1535447121442000,2018-08-28T10:05:21,,1220499683,IOS,,ContentLoaderViewController,auto,-276605407780152135,,1,,,0,0,,,,,,,,,,,1535447121442000,6a618b77d08300f8cb0cfb6bd619c9c9,uk.co.skoda.assistant.test,1.1.6,,1:571703561616:ios:777087d7f78ec12a,manual_install,tablet,Apple,iPad 5th gen,,"iPad6,11",IOS,11.4.1,,,en-gb,No,3600,,,Europe,United Kingdom,England,Bristol,,,(direct),(none),(direct),6a618b77d08300f8cb0cfb6bd619c9c9_1
20180829,1535533596190000,2018-08-29T10:06:36,screen_view,1535533535457000,2018-08-29T10:05:35,,18,87419,6a618b77d08300f8cb0cfb6bd619c9c9,122A4297CA874280B4CD2FA347C4AFEB,1535447121442000,2018-08-28T10:05:21,,1220499683,IOS,,SplashViewController,auto,-276605407780152137,,1,-276605407780152135,ContentLoaderViewController,0,0,,,,,,,,,,,1535447121442000,6a618b77d08300f8cb0cfb6bd619c9c9,uk.co.skoda.assistant.test,1.1.6,,1:571703561616:ios:777087d7f78ec12a,manual_install,tablet,Apple,iPad 5th gen,,"iPad6,11",IOS,11.4.1,,,en-gb,No,3600,,,Europe,United Kingdom,England,Bristol,,,(direct),(none),(direct),6a618b77d08300f8cb0cfb6bd619c9c9_1
20180829,1535533596190000,2018-08-29T10:06:36,user_engagement,1535533534881000,2018-08-29T10:05:34,,18,87419,6a618b77d08300f8cb0cfb6bd619c9c9,122A4297CA874280B4CD2FA347C4AFEB,1535447121442000,2018-08-28T10:05:21,,1220499683,IOS,,ContentLoaderViewController,auto,-276605407780152135,61308,,,,0,0,,,,,,,,,,,1535447121442000,6a618b77d08300f8cb0cfb6bd619c9c9,uk.co.skoda.assistant.test,1.1.6,,1:571703561616:ios:777087d7f78ec12a,manual_install,tablet,Apple,iPad 5th gen,,"iPad6,11",IOS,11.4.1,,,en-gb,No,3600,,,Europe,United Kingdom,England,Bristol,,,(direct),(none),(direct),6a618b77d08300f8cb0cfb6bd619c9c9_1
20180829,1535533596777000,2018-08-29T10:06:36,button_press,1535460326863000,2018-08-28T13:45:26,,19,87420,6a618b77d08300f8cb0cfb6bd619c9c9,122A4297CA874280B4CD2FA347C4AFEB,1535447121442000,2018-08-28T10:05:21,,1220499683,IOS,,SplashViewController,app,-276605407780152137,,1,,,0,0,,globalnav_range,,,,,,,,,1535447121442000,6a618b77d08300f8cb0cfb6bd619c9c9,uk.co.skoda.assistant.test,1.1.6,,1:571703561616:ios:777087d7f78ec12a,manual_install,tablet,Apple,iPad 5th gen,,"iPad6,11",IOS,11.4.1,,,en-gb,No,3600,,,Europe,United Kingdom,England,Bristol,,,(direct),(none),(direct),6a618b77d08300f8cb0cfb6bd619c9c9_1
20180829,1535533596777001,2018-08-29T10:06:36,button_press,1535533596777001,2018-08-29T10:06:36,,19,87420,6a618b77d08300f8cb0cfb6bd619c9c9,122A4297CA874280B4CD2FA347C4AFEB,1535447121442000,2018-08-28T10:05:21,,1220499683,IOS,,SplashViewController,app,-276605407780152137,,1,,,0,0,,range,,,,,,,,,1535447121442000,6a618b77d08300f8cb0cfb6bd619c9c9,uk.co.skoda.assistant.test,1.1.6,,1:571703561616:ios:777087d7f78ec12a,manual_install,tablet,Apple,iPad 5th gen,,"iPad6,11",IOS,11.4.1,,,en-gb,No,3600,,,Europe,United Kingdom,England,Bristol,,,(direct),(none),(direct),6a618b77d08300f8cb0cfb6bd619c9c9_1
20180829,1535533597604002,2018-08-29T10:06:37,screen_view,1535533596190002,2018-08-29T10:06:36,,19,87420,6a618b77d08300f8cb0cfb6bd619c9c9,122A4297CA874280B4CD2FA347C4AFEB,1535447121442000,2018-08-28T10:05:21,,1220499683,IOS,,SkodaContentViewController,auto,-276605407780152134,,1,-276605407780152137,SplashViewController,0,0,,,,,,,,,,,1535447121442000,6a618b77d08300f8cb0cfb6bd619c9c9,uk.co.skoda.assistant.test,1.1.6,,1:571703561616:ios:777087d7f78ec12a,manual_install,tablet,Apple,iPad 5th gen,,"iPad6,11",IOS,11.4.1,,,en-gb,No,3600,,,Europe,United Kingdom,England,Bristol,,,(direct),(none),(direct),6a618b77d08300f8cb0cfb6bd619c9c9_1
20180829,1535533597604002,2018-08-29T10:06:37,user_engagement,1535533596190002,2018-08-29T10:06:36,,19,87420,6a618b77d08300f8cb0cfb6bd619c9c9,122A4297CA874280B4CD2FA347C4AFEB,1535447121442000,2018-08-28T10:05:21,,1220499683,IOS,,SplashViewController,auto,-276605407780152137,1414,,,,0,0,,,,,,,,,,,1535447121442000,6a618b77d08300f8cb0cfb6bd619c9c9,uk.co.skoda.assistant.test,1.1.6,,1:571703561616:ios:777087d7f78ec12a,manual_install,tablet,Apple,iPad 5th gen,,"iPad6,11",IOS,11.4.1,,,en-gb,No,3600,,,Europe,United Kingdom,England,Bristol,,,(direct),(none),(direct),6a618b77d08300f8cb0cfb6bd619c9c9_1
20180829,1535533597607003,2018-08-29T10:06:37,screen_view,1535533597604003,2018-08-29T10:06:37,,19,87420,6a618b77d08300f8cb0cfb6bd619c9c9,122A4297CA874280B4CD2FA347C4AFEB,1535447121442000,2018-08-28T10:05:21,,1220499683,IOS,,RangeContentViewController,auto,-276605407780152133,,1,-276605407780152134,SkodaContentViewController,0,0,,,,,,,,,,,1535447121442000,6a618b77d08300f8cb0cfb6bd619c9c9,uk.co.skoda.assistant.test,1.1.6,,1:571703561616:ios:777087d7f78ec12a,manual_install,tablet,Apple,iPad 5th gen,,"iPad6,11",IOS,11.4.1,,,en-gb,No,3600,,,Europe,United Kingdom,England,Bristol,,,(direct),(none),(direct),6a618b77d08300f8cb0cfb6bd619c9c9_1
20180829,1535533725182000,2018-08-29T10:08:45,user_engagement,1535533597604000,2018-08-29T10:06:37,,20,51682,6a618b77d08300f8cb0cfb6bd619c9c9,122A4297CA874280B4CD2FA347C4AFEB,1535447121442000,2018-08-28T10:05:21,,1220499683,IOS,,RangeContentViewController,auto,-276605407780152133,127577,,,,0,0,,,,,,,,,,,1535447121442000,6a618b77d08300f8cb0cfb6bd619c9c9,uk.co.skoda.assistant.test,1.1.6,,1:571703561616:ios:777087d7f78ec12a,manual_install,tablet,Apple,iPad 5th gen,,"iPad6,11",IOS,11.4.1,,,en-gb,No,3600,,,Europe,United Kingdom,England,Bristol,,,(direct),(none),(direct),6a618b77d08300f8cb0cfb6bd619c9c9_1
20180829,1535533822396000,2018-08-29T10:10:22,button_press,1535533596777000,2018-08-29T10:06:36,,21,505113,6a618b77d08300f8cb0cfb6bd619c9c9,122A4297CA874280B4CD2FA347C4AFEB,1535447121442000,2018-08-28T10:05:21,,1220499683,IOS,,RangeContentViewController,app,-276605407780152133,,1,,,0,0,S,range_home_trim_select,75,,,,,,,,1535447121442000,6a618b77d08300f8cb0cfb6bd619c9c9,uk.co.skoda.assistant.test,1.1.6,,1:571703561616:ios:777087d7f78ec12a,manual_install,tablet,Apple,iPad 5th gen,,"iPad6,11",IOS,11.4.1,,,en-gb,No,3600,,,Europe,United Kingdom,England,Bristol,,,(direct),(none),(direct),6a618b77d08300f8cb0cfb6bd619c9c9_1
20180829,1535533823100001,2018-08-29T10:10:23,user_engagement,1535533725182001,2018-08-29T10:08:45,,21,505113,6a618b77d08300f8cb0cfb6bd619c9c9,122A4297CA874280B4CD2FA347C4AFEB,1535447121442000,2018-08-28T10:05:21,,1220499683,IOS,,RangeContentViewController,auto,-276605407780152133,5905,,,,0,0,,,,,,,,,,,1535447121442000,6a618b77d08300f8cb0cfb6bd619c9c9,uk.co.skoda.assistant.test,1.1.6,,1:571703561616:ios:777087d7f78ec12a,manual_install,tablet,Apple,iPad 5th gen,,"iPad6,11",IOS,11.4.1,,,en-gb,No,3600,,,Europe,United Kingdom,England,Bristol,,,(direct),(none),(direct),6a618b77d08300f8cb0cfb6bd619c9c9_1
20180829,1535533823101001,2018-08-29T10:10:23,screen_view,1535533597607001,2018-08-29T10:06:37,,21,505113,6a618b77d08300f8cb0cfb6bd619c9c9,122A4297CA874280B4CD2FA347C4AFEB,1535447121442000,2018-08-28T10:05:21,,1220499683,IOS,,TrimViewController,auto,-276605407780152132,,1,-276605407780152133,RangeContentViewController,0,0,,,,,,,,,,,1535447121442000,6a618b77d08300f8cb0cfb6bd619c9c9,uk.co.skoda.assistant.test,1.1.6,,1:571703561616:ios:777087d7f78ec12a,manual_install,tablet,Apple,iPad 5th gen,,"iPad6,11",IOS,11.4.1,,,en-gb,No,3600,,,Europe,United Kingdom,England,Bristol,,,(direct),(none),(direct),6a618b77d08300f8cb0cfb6bd619c9c9_1
20180829,1535533829848002,2018-08-29T10:10:29,button_press,1535533822396002,2018-08-29T10:10:22,,21,505113,6a618b77d08300f8cb0cfb6bd619c9c9,122A4297CA874280B4CD2FA347C4AFEB,1535447121442000,2018-08-28T10:05:21,,1220499683,IOS,,TrimViewController,app,-276605407780152132,,1,,,0,0,,trim_home_trim_dropdown_select,,,,,,,,,1535447121442000,6a618b77d08300f8cb0cfb6bd619c9c9,uk.co.skoda.assistant.test,1.1.6,,1:571703561616:ios:777087d7f78ec12a,manual_install,tablet,Apple,iPad 5th gen,,"iPad6,11",IOS,11.4.1,,,en-gb,No,3600,,,Europe,United Kingdom,England,Bristol,,,(direct),(none),(direct),6a618b77d08300f8cb0cfb6bd619c9c9_1
20180829,1535533837274003,2018-08-29T10:10:37,button_press,1535533829848003,2018-08-29T10:10:29,,21,505113,6a618b77d08300f8cb0cfb6bd619c9c9,122A4297CA874280B4CD2FA347C4AFEB,1535447121442000,2018-08-28T10:05:21,,1220499683,IOS,,TrimViewController,app,-276605407780152132,,1,,,0,0,S,trim_home_trim_select_from_dropdown,75,,,,,,,,1535447121442000,6a618b77d08300f8cb0cfb6bd619c9c9,uk.co.skoda.assistant.test,1.1.6,,1:571703561616:ios:777087d7f78ec12a,manual_install,tablet,Apple,iPad 5th gen,,"iPad6,11",IOS,11.4.1,,,en-gb,No,3600,,,Europe,United Kingdom,England,Bristol,,,(direct),(none),(direct),6a618b77d08300f8cb0cfb6bd619c9c9_1
20180829,1535533840255005,2018-08-29T10:10:40,user_engagement,1535533823100005,2018-08-29T10:10:23,,21,505113,6a618b77d08300f8cb0cfb6bd619c9c9,122A4297CA874280B4CD2FA347C4AFEB,1535447121442000,2018-08-28T10:05:21,,1220499683,IOS,,TrimViewController,auto,-276605407780152132,17155,,,,0,0,,,,,,,,,,,1535447121442000,6a618b77d08300f8cb0cfb6bd619c9c9,uk.co.skoda.assistant.test,1.1.6,,1:571703561616:ios:777087d7f78ec12a,manual_install,tablet,Apple,iPad 5th gen,,"iPad6,11",IOS,11.4.1,,,en-gb,No,3600,,,Europe,United Kingdom,England,Bristol,,,(direct),(none),(direct),6a618b77d08300f8cb0cfb6bd619c9c9_1
20180829,1535533840256004,2018-08-29T10:10:40,screen_view,1535533823101004,2018-08-29T10:10:23,,21,505113,6a618b77d08300f8cb0cfb6bd619c9c9,122A4297CA874280B4CD2FA347C4AFEB,1535447121442000,2018-08-28T10:05:21,,1220499683,IOS,,RangeContentViewController,auto,-276605407780152133,,1,-276605407780152132,TrimViewController,0,0,,,,,,,,,,,1535447121442000,6a618b77d08300f8cb0cfb6bd619c9c9,uk.co.skoda.assistant.test,1.1.6,,1:571703561616:ios:777087d7f78ec12a,manual_install,tablet,Apple,iPad 5th gen,,"iPad6,11",IOS,11.4.1,,,en-gb,No,3600,,,Europe,United Kingdom,England,Bristol,,,(direct),(none),(direct),6a618b77d08300f8cb0cfb6bd619c9c9_1
20180829,1535533842103007,2018-08-29T10:10:42,user_engagement,1535533840255007,2018-08-29T10:10:40,,21,505113,6a618b77d08300f8cb0cfb6bd619c9c9,122A4297CA874280B4CD2FA347C4AFEB,1535447121442000,2018-08-28T10:05:21,,1220499683,IOS,,RangeContentViewController,auto,-276605407780152133,1847,,,,0,0,,,,,,,,,,,1535447121442000,6a618b77d08300f8cb0cfb6bd619c9c9,uk.co.skoda.assistant.test,1.1.6,,1:571703561616:ios:777087d7f78ec12a,manual_install,tablet,Apple,iPad 5th gen,,"iPad6,11",IOS,11.4.1,,,en-gb,No,3600,,,Europe,United Kingdom,England,Bristol,,,(direct),(none),(direct),6a618b77d08300f8cb0cfb6bd619c9c9_1
20180829,1535533916182000,2018-08-29T10:11:56,screen_view,1535533840256000,2018-08-29T10:10:40,,22,100944,6a618b77d08300f8cb0cfb6bd619c9c9,122A4297CA874280B4CD2FA347C4AFEB,1535447121442000,2018-08-28T10:05:21,,1220499683,IOS,,LoginViewController,auto,-1960452987742547584,,1,,,0,0,,,,,,,,,,,1535447121442000,6a618b77d08300f8cb0cfb6bd619c9c9,uk.co.skoda.assistant.test,1.1.6,,1:571703561616:ios:777087d7f78ec12a,manual_install,tablet,Apple,iPad 5th gen,,"iPad6,11",IOS,11.4.1,,,en-gb,No,3600,,,Europe,United Kingdom,England,Bristol,,,(direct),(none),(direct),6a618b77d08300f8cb0cfb6bd619c9c9_1
20180829,1535533919318001,2018-08-29T10:11:59,user_engagement,1535533842103001,2018-08-29T10:10:42,,22,100944,6a618b77d08300f8cb0cfb6bd619c9c9,122A4297CA874280B4CD2FA347C4AFEB,1535447121442000,2018-08-28T10:05:21,,1220499683,IOS,,LoginViewController,auto,-1960452987742547584,3136,,,,0,0,,,,,,,,,,,1535447121442000,6a618b77d08300f8cb0cfb6bd619c9c9,uk.co.skoda.assistant.test,1.1.6,,1:571703561616:ios:777087d7f78ec12a,manual_install,tablet,Apple,iPad 5th gen,,"iPad6,11",IOS,11.4.1,,,en-gb,No,3600,,,Europe,United Kingdom,England,Bristol,,,(direct),(none),(direct),6a618b77d08300f8cb0cfb6bd619c9c9_1
20180829,1535533926904000,2018-08-29T10:12:06,screen_view,1535533916182000,2018-08-29T10:11:56,,23,127622,6a618b77d08300f8cb0cfb6bd619c9c9,122A4297CA874280B4CD2FA347C4AFEB,1535447121442000,2018-08-28T10:05:21,,1220499683,IOS,,SplashViewController,auto,-1960452987742547585,,1,-1960452987742547584,LoginViewController,0,0,,,,,,,,,,,1535447121442000,6a618b77d08300f8cb0cfb6bd619c9c9,uk.co.skoda.assistant.test,1.1.6,,1:571703561616:ios:777087d7f78ec12a,manual_install,tablet,Apple,iPad 5th gen,,"iPad6,11",IOS,11.4.1,,,en-gb,No,3600,,,Europe,United Kingdom,England,Bristol,,,(direct),(none),(direct),6a618b77d08300f8cb0cfb6bd619c9c9_1
20180829,1535533926904000,2018-08-29T10:12:06,user_engagement,1535533919318000,2018-08-29T10:11:59,,23,127622,6a618b77d08300f8cb0cfb6bd619c9c9,122A4297CA874280B4CD2FA347C4AFEB,1535447121442000,2018-08-28T10:05:21,,1220499683,IOS,,LoginViewController,auto,-1960452987742547584,3013,,,,0,0,,,,,,,,,,,1535447121442000,6a618b77d08300f8cb0cfb6bd619c9c9,uk.co.skoda.assistant.test,1.1.6,,1:571703561616:ios:777087d7f78ec12a,manual_install,tablet,Apple,iPad 5th gen,,"iPad6,11",IOS,11.4.1,,,en-gb,No,3600,,,Europe,United Kingdom,England,Bristol,,,(direct),(none),(direct),6a618b77d08300f8cb0cfb6bd619c9c9_1
