event_date,event_timestamp,event_iso8601,event_name,event_previous_timestamp,event_previous_iso8601,event_value_in_usd,event_bundle_sequence_id,event_server_timestamp_offset,user_id,user_pseudo_id,user_first_touch_timestamp,user_first_touch_iso8601,user_ltv,stream_id,platform,event_dimensions,firebase_screen_class,firebase_event_origin,firebase_screen_id,engagement_time_msec,firebase_conversion,firebase_previous_id,firebase_previous_class,user_retailer,user_area,AnalyticsParameterTerm,button_name,AnalyticsParameterItemID,engine,Compared_vehicle_1,Compared_vehicle_2,update_with_analytics,previous_first_open_count,previous_app_version,Compared_vehicle_3,first_open_time,user_id,id,version,install_store,firebase_app_id,install_source,category,mobile_brand_name,mobile_model_name,mobile_marketing_name,mobile_os_hardware_model,operating_system,operating_system_version,vendor_id,advertising_id,language,is_limited_ad_tracking,time_zone_offset_seconds,browser,browser,continent,country,region,city,sub_continent,metro,name,medium,source,user_session_generated_id
20180829,1535546854548001,2018-08-29T13:47:34,AnalyticsEventLogin,,,,2,105754,,DC006A2B90D34FBF94E0CC3C42B52538,1535546745206000,2018-08-29T13:45:45,,1220499683,IOS,,SplashViewController,app,3782094526264168975,,1,,,0,0,ba946113c0e08d7a4a1358ea0077a98e,,,,,,,,,,1535546745206000,,uk.co.skoda.assistant.test,1.1.7,,1:571703561616:ios:777087d7f78ec12a,manual_install,tablet,Apple,iPad Air 2,,"iPad5,4",IOS,11.4.1,,,en-gb,No,3600,,,Europe,United Kingdom,England,London,,,(direct),(none),(direct),_5
20180829,1535546855095002,2018-08-29T13:47:35,screen_view,1535546854482002,2018-08-29T13:47:34,,2,105754,,DC006A2B90D34FBF94E0CC3C42B52538,1535546745206000,2018-08-29T13:45:45,,1220499683,IOS,,ContentLoaderViewController,auto,3782094526264168977,,1,3782094526264168975,SplashViewController,0,0,,,,,,,,,,,1535546745206000,,uk.co.skoda.assistant.test,1.1.7,,1:571703561616:ios:777087d7f78ec12a,manual_install,tablet,Apple,iPad Air 2,,"iPad5,4",IOS,11.4.1,,,en-gb,No,3600,,,Europe,United Kingdom,England,London,,,(direct),(none),(direct),_5
20180829,1535546860400000,2018-08-29T13:47:40,user_engagement,1535546814992000,2018-08-29T13:46:54,,2,468724,,70D168A4C87C4120865D9DA1D95684AF,1535546814992000,2018-08-29T13:46:54,,1220499683,IOS,,LoginViewController,auto,-3167492771312255132,43120,,,,0,0,,,,,,,,,,,1535546814992000,,uk.co.skoda.assistant.uat,1.1.6,,1:571703561616:ios:777087d7f78ec12a,manual_install,tablet,Apple,iPad 5th gen,,"iPad6,11",IOS,11.4.1,,,en-gb,No,3600,,,Europe,United Kingdom,England,Bristol,,,(direct),(none),(direct),_5
20180829,1535546860401000,2018-08-29T13:47:40,screen_view,1535546815387000,2018-08-29T13:46:55,,2,468724,,70D168A4C87C4120865D9DA1D95684AF,1535546814992000,2018-08-29T13:46:54,,1220499683,IOS,,SplashViewController,auto,-3167492771312255133,,1,-3167492771312255132,LoginViewController,0,0,,,,,,,,,,,1535546814992000,,uk.co.skoda.assistant.uat,1.1.6,,1:571703561616:ios:777087d7f78ec12a,manual_install,tablet,Apple,iPad 5th gen,,"iPad6,11",IOS,11.4.1,,,en-gb,No,3600,,,Europe,United Kingdom,England,Bristol,,,(direct),(none),(direct),_5
