event_date,event_timestamp,event_iso8601,event_name,event_previous_timestamp,event_previous_iso8601,event_value_in_usd,event_bundle_sequence_id,event_server_timestamp_offset,user_id,user_pseudo_id,user_first_touch_timestamp,user_first_touch_iso8601,user_ltv,stream_id,platform,event_dimensions,firebase_screen_class,firebase_event_origin,firebase_screen_id,engagement_time_msec,firebase_conversion,firebase_previous_id,firebase_previous_class,user_retailer,user_area,AnalyticsParameterTerm,button_name,AnalyticsParameterItemID,engine,Compared_vehicle_1,Compared_vehicle_2,update_with_analytics,previous_first_open_count,previous_app_version,Compared_vehicle_3,first_open_time,user_id,id,version,install_store,firebase_app_id,install_source,category,mobile_brand_name,mobile_model_name,mobile_marketing_name,mobile_os_hardware_model,operating_system,operating_system_version,vendor_id,advertising_id,language,is_limited_ad_tracking,time_zone_offset_seconds,browser,browser,continent,country,region,city,sub_continent,metro,name,medium,source,user_session_generated_id
20180829,1535531459939027,2018-08-29T09:30:59,AnalyticsEventShare,1535473428118027,2018-08-28T17:23:48,,214,106055,6adf7dcd7358e4c15d9a44c23348678f,CD40E53301BD4F62BA2C91352C14FB4C,1534751892109000,2018-08-20T08:58:12,,1220499683,IOS,,TrimViewController,app,-970542389135931750,,1,,,28007,3,CITIGO 5 D SE 1.0 MPI 60,,5362,,,,,,,,1534751892109000,6adf7dcd7358e4c15d9a44c23348678f,uk.co.skoda.assistant.ios,1.1.6,,1:571703561616:ios:777087d7f78ec12a,manual_install,tablet,Apple,iPad,,"iPad7,6",IOS,11.4.1,,,en-gb,No,3600,,,Europe,United Kingdom,England,Andover,,,(direct),(none),(direct),6adf7dcd7358e4c15d9a44c23348678f_1
20180829,1535531727703008,2018-08-29T09:35:27,AnalyticsEventShare,1535531459939008,2018-08-29T09:30:59,,216,112658,6adf7dcd7358e4c15d9a44c23348678f,CD40E53301BD4F62BA2C91352C14FB4C,1534751892109000,2018-08-20T08:58:12,,1220499683,IOS,,TrimViewController,app,-970542389135931744,,1,,,28007,3,OCTAVIA ES vRS 2.0 TDI 18,,5179,,,,,,,,1534751892109000,6adf7dcd7358e4c15d9a44c23348678f,uk.co.skoda.assistant.ios,1.1.6,,1:571703561616:ios:777087d7f78ec12a,manual_install,tablet,Apple,iPad,,"iPad7,6",IOS,11.4.1,,,en-gb,No,3600,,,Europe,United Kingdom,England,Andover,,,(direct),(none),(direct),6adf7dcd7358e4c15d9a44c23348678f_1
20180829,1535534988207009,2018-08-29T10:29:48,AnalyticsEventShare,,,,9,113049,27a773ed5ce9ed04a0580b749b5dda9c,12E6C1DFE1EC4F3FBD4EEE00D2C79EEB,1535286409676000,2018-08-26T13:26:49,,1220499683,IOS,,TrimViewController,app,8866720084579865588,,1,,,25049,8,SUPERB HAT SE 1.4 TSI 15,,5624,,,,,,,,1535286409676000,27a773ed5ce9ed04a0580b749b5dda9c,uk.co.skoda.assistant.ios,1.1.6,,1:571703561616:ios:777087d7f78ec12a,manual_install,tablet,Apple,iPad 5th gen,,"iPad6,11",IOS,11.4,,,en-gb,No,3600,,,Europe,United Kingdom,England,Birmingham,,,(direct),(none),(direct),27a773ed5ce9ed04a0580b749b5dda9c_0
20180829,1535535001922012,2018-08-29T10:30:01,AnalyticsEventShare,1535534988207012,2018-08-29T10:29:48,,9,113049,27a773ed5ce9ed04a0580b749b5dda9c,12E6C1DFE1EC4F3FBD4EEE00D2C79EEB,1535286409676000,2018-08-26T13:26:49,,1220499683,IOS,,TrimViewController,app,8866720084579865588,,1,,,25049,8,SUPERB HAT SE 1.4 TSI 15,,5624,,,,,,,,1535286409676000,27a773ed5ce9ed04a0580b749b5dda9c,uk.co.skoda.assistant.ios,1.1.6,,1:571703561616:ios:777087d7f78ec12a,manual_install,tablet,Apple,iPad 5th gen,,"iPad6,11",IOS,11.4,,,en-gb,No,3600,,,Europe,United Kingdom,England,Birmingham,,,(direct),(none),(direct),27a773ed5ce9ed04a0580b749b5dda9c_0
20180829,1535535387785021,2018-08-29T10:36:27,AnalyticsEventShare,1535535001922021,2018-08-29T10:30:01,,9,113049,27a773ed5ce9ed04a0580b749b5dda9c,12E6C1DFE1EC4F3FBD4EEE00D2C79EEB,1535286409676000,2018-08-26T13:26:49,,1220499683,IOS,,ComparisonResultViewController,app,8866720084579865591,,1,,,25049,8,SUPERB HAT SE 1.4 TSI 15,,5624,,,,,,,,1535286409676000,27a773ed5ce9ed04a0580b749b5dda9c,uk.co.skoda.assistant.ios,1.1.6,,1:571703561616:ios:777087d7f78ec12a,manual_install,tablet,Apple,iPad 5th gen,,"iPad6,11",IOS,11.4,,,en-gb,No,3600,,,Europe,United Kingdom,England,Birmingham,,,(direct),(none),(direct),27a773ed5ce9ed04a0580b749b5dda9c_0
20180829,1535535405989030,2018-08-29T10:36:45,AnalyticsEventShare,1535535387785030,2018-08-29T10:36:27,,9,113049,27a773ed5ce9ed04a0580b749b5dda9c,12E6C1DFE1EC4F3FBD4EEE00D2C79EEB,1535286409676000,2018-08-26T13:26:49,,1220499683,IOS,,TrimViewController,app,8866720084579865588,,1,,,25049,8,SUPERB HAT SE 1.4 TSI 15,,5624,,,,,,,,1535286409676000,27a773ed5ce9ed04a0580b749b5dda9c,uk.co.skoda.assistant.ios,1.1.6,,1:571703561616:ios:777087d7f78ec12a,manual_install,tablet,Apple,iPad 5th gen,,"iPad6,11",IOS,11.4,,,en-gb,No,3600,,,Europe,United Kingdom,England,Birmingham,,,(direct),(none),(direct),27a773ed5ce9ed04a0580b749b5dda9c_0
20180829,1535535405989031,2018-08-29T10:36:45,AnalyticsEventShare,1535535405989031,2018-08-29T10:36:45,,9,113049,27a773ed5ce9ed04a0580b749b5dda9c,12E6C1DFE1EC4F3FBD4EEE00D2C79EEB,1535286409676000,2018-08-26T13:26:49,,1220499683,IOS,,TrimViewController,app,8866720084579865588,,1,,,25049,8,SUPERB HAT SE 1.4 TSI 15,,5625,,,,,,,,1535286409676000,27a773ed5ce9ed04a0580b749b5dda9c,uk.co.skoda.assistant.ios,1.1.6,,1:571703561616:ios:777087d7f78ec12a,manual_install,tablet,Apple,iPad 5th gen,,"iPad6,11",IOS,11.4,,,en-gb,No,3600,,,Europe,United Kingdom,England,Birmingham,,,(direct),(none),(direct),27a773ed5ce9ed04a0580b749b5dda9c_0
20180829,1535545414607007,2018-08-29T13:23:34,AnalyticsEventShare,1535531727703007,2018-08-29T09:35:27,,233,108640,6adf7dcd7358e4c15d9a44c23348678f,CD40E53301BD4F62BA2C91352C14FB4C,1534751892109000,2018-08-20T08:58:12,,1220499683,IOS,,TrimViewController,app,-5098327230150829043,,1,,,28007,3,KAROQ SE L 1.5 TSI 15,,5790,,,,,,,,1534751892109000,6adf7dcd7358e4c15d9a44c23348678f,uk.co.skoda.assistant.ios,1.1.6,,1:571703561616:ios:777087d7f78ec12a,manual_install,tablet,Apple,iPad,,"iPad7,6",IOS,11.4.1,,,en-gb,No,3600,,,Europe,United Kingdom,England,Andover,,,(direct),(none),(direct),6adf7dcd7358e4c15d9a44c23348678f_2
20180829,1535545545593003,2018-08-29T13:25:45,AnalyticsEventShare,1535545414607003,2018-08-29T13:23:34,,235,155106,6adf7dcd7358e4c15d9a44c23348678f,CD40E53301BD4F62BA2C91352C14FB4C,1534751892109000,2018-08-20T08:58:12,,1220499683,IOS,,TrimViewController,app,-5098327230150829043,,1,,,28007,3,KAROQ SE L 1.5 TSI 15,,5790,,,,,,,,1534751892109000,6adf7dcd7358e4c15d9a44c23348678f,uk.co.skoda.assistant.ios,1.1.6,,1:571703561616:ios:777087d7f78ec12a,manual_install,tablet,Apple,iPad,,"iPad7,6",IOS,11.4.1,,,en-gb,No,3600,,,Europe,United Kingdom,England,Andover,,,(direct),(none),(direct),6adf7dcd7358e4c15d9a44c23348678f_2
20180829,1535546959642003,2018-08-29T13:49:19,AnalyticsEventShare,,,,5,65013,7b17711799bf9e41f4114f7d998ee54e,70D168A4C87C4120865D9DA1D95684AF,1535546814992000,2018-08-29T13:46:54,,1220499683,IOS,,TrimViewController,app,-3167492771312255128,,1,,,User login not captured,,CITIGO 5 D SE 1.0 MPI 60,,6019,,,,,,,,1535546814992000,7b17711799bf9e41f4114f7d998ee54e,uk.co.skoda.assistant.uat,1.1.6,,1:571703561616:ios:777087d7f78ec12a,manual_install,tablet,Apple,iPad 5th gen,,"iPad6,11",IOS,11.4.1,,,en-gb,No,3600,,,Europe,United Kingdom,England,Bristol,,,(direct),(none),(direct),User login not captured
20180829,1535547799033023,2018-08-29T14:03:19,AnalyticsEventShare,1535020119205023,2018-08-23T11:28:39,,121,150339,edc414157e224dd8c2045f87cbb52c7b,2C9580CD92C74F0BBD053576BD11AA51,1534253270072000,2018-08-14T14:27:50,,1220499683,IOS,,TrimViewController,app,-2135305417362460751,,1,,,22013,3,KAROQ SE 1.5 TSI 15,,5802,,,,,,,,1534253270072000,edc414157e224dd8c2045f87cbb52c7b,uk.co.skoda.assistant.ios,1.1.6,,1:571703561616:ios:777087d7f78ec12a,manual_install,tablet,Apple,iPad,,"iPad7,6",IOS,11.4.1,,,en-gb,No,3600,,,Europe,United Kingdom,England,London,,,(direct),(none),(direct),edc414157e224dd8c2045f87cbb52c7b_1
20180829,1535547833782040,2018-08-29T14:03:53,AnalyticsEventShare,1535547799033040,2018-08-29T14:03:19,,121,150339,edc414157e224dd8c2045f87cbb52c7b,2C9580CD92C74F0BBD053576BD11AA51,1534253270072000,2018-08-14T14:27:50,,1220499683,IOS,,TrimViewController,app,-2135305417362460751,,1,,,22013,3,KAROQ SE 1.5 TSI 15,,5802,,,,,,,,1534253270072000,edc414157e224dd8c2045f87cbb52c7b,uk.co.skoda.assistant.ios,1.1.6,,1:571703561616:ios:777087d7f78ec12a,manual_install,tablet,Apple,iPad,,"iPad7,6",IOS,11.4.1,,,en-gb,No,3600,,,Europe,United Kingdom,England,London,,,(direct),(none),(direct),edc414157e224dd8c2045f87cbb52c7b_1
20180829,1535547883468075,2018-08-29T14:04:43,AnalyticsEventShare,1535547833782075,2018-08-29T14:03:53,,121,150339,edc414157e224dd8c2045f87cbb52c7b,2C9580CD92C74F0BBD053576BD11AA51,1534253270072000,2018-08-14T14:27:50,,1220499683,IOS,,TrimViewController,app,-2135305417362460751,,1,,,22013,3,KAROQ SE 1.5 TSI 15,,5802,,,,,,,,1534253270072000,edc414157e224dd8c2045f87cbb52c7b,uk.co.skoda.assistant.ios,1.1.6,,1:571703561616:ios:777087d7f78ec12a,manual_install,tablet,Apple,iPad,,"iPad7,6",IOS,11.4.1,,,en-gb,No,3600,,,Europe,United Kingdom,England,London,,,(direct),(none),(direct),edc414157e224dd8c2045f87cbb52c7b_1
20180829,1535547888093079,2018-08-29T14:04:48,AnalyticsEventShare,1535547883468079,2018-08-29T14:04:43,,121,150339,edc414157e224dd8c2045f87cbb52c7b,2C9580CD92C74F0BBD053576BD11AA51,1534253270072000,2018-08-14T14:27:50,,1220499683,IOS,,TrimViewController,app,-2135305417362460751,,1,,,22013,3,KAROQ SE 1.5 TSI 15,,5802,,,,,,,,1534253270072000,edc414157e224dd8c2045f87cbb52c7b,uk.co.skoda.assistant.ios,1.1.6,,1:571703561616:ios:777087d7f78ec12a,manual_install,tablet,Apple,iPad,,"iPad7,6",IOS,11.4.1,,,en-gb,No,3600,,,Europe,United Kingdom,England,London,,,(direct),(none),(direct),edc414157e224dd8c2045f87cbb52c7b_1
20180829,1535547888093080,2018-08-29T14:04:48,AnalyticsEventShare,1535547888093080,2018-08-29T14:04:48,,121,150339,edc414157e224dd8c2045f87cbb52c7b,2C9580CD92C74F0BBD053576BD11AA51,1534253270072000,2018-08-14T14:27:50,,1220499683,IOS,,TrimViewController,app,-2135305417362460751,,1,,,22013,3,KAROQ SE 1.5 TSI 15,,5803,,,,,,,,1534253270072000,edc414157e224dd8c2045f87cbb52c7b,uk.co.skoda.assistant.ios,1.1.6,,1:571703561616:ios:777087d7f78ec12a,manual_install,tablet,Apple,iPad,,"iPad7,6",IOS,11.4.1,,,en-gb,No,3600,,,Europe,United Kingdom,England,London,,,(direct),(none),(direct),edc414157e224dd8c2045f87cbb52c7b_1
20180829,1535548168358007,2018-08-29T14:09:28,AnalyticsEventShare,,,,4,114526,7b17711799bf9e41f4114f7d998ee54e,CB3FEB7091B04C28B1C346643E420CB5,1535547987173000,2018-08-29T14:06:27,,1220499683,IOS,,TrimViewController,app,8423363233382753762,,1,,,User login not captured,,CITIGO 5 D SE 1.0 MPI 60,,6019,,,,,,,,1535547987173000,7b17711799bf9e41f4114f7d998ee54e,uk.co.skoda.assistant.uat,1.1.6,,1:571703561616:ios:777087d7f78ec12a,manual_install,tablet,Apple,iPad 5th gen,,"iPad6,11",IOS,11.4.1,,,en-gb,No,3600,,,Europe,United Kingdom,England,Bristol,,,(direct),(none),(direct),User login not captured
20180829,1535551851238019,2018-08-29T15:10:51,AnalyticsEventShare,1535545545593019,2018-08-29T13:25:45,,238,141723,6adf7dcd7358e4c15d9a44c23348678f,CD40E53301BD4F62BA2C91352C14FB4C,1534751892109000,2018-08-20T08:58:12,,1220499683,IOS,,TrimViewController,app,-5098327230150829030,,1,,,28007,3,KODIAQ 7 S SE L 2.0 TDI 15,,5816,,,,,,,,1534751892109000,6adf7dcd7358e4c15d9a44c23348678f,uk.co.skoda.assistant.ios,1.1.6,,1:571703561616:ios:777087d7f78ec12a,manual_install,tablet,Apple,iPad,,"iPad7,6",IOS,11.4.1,,,en-gb,No,3600,,,Europe,United Kingdom,England,Andover,,,(direct),(none),(direct),6adf7dcd7358e4c15d9a44c23348678f_2
20180829,1535558441664020,2018-08-29T17:00:41,AnalyticsEventShare,1535551851238020,2018-08-29T15:10:51,,246,145994,6adf7dcd7358e4c15d9a44c23348678f,CD40E53301BD4F62BA2C91352C14FB4C,1534751892109000,2018-08-20T08:58:12,,1220499683,IOS,,TrimViewController,app,-5098327230150829020,,1,,,28007,3,CITIGO 5 D SE 1.0 MPI 60,,5363,,,,,,,,1534751892109000,6adf7dcd7358e4c15d9a44c23348678f,uk.co.skoda.assistant.ios,1.1.6,,1:571703561616:ios:777087d7f78ec12a,manual_install,tablet,Apple,iPad,,"iPad7,6",IOS,11.4.1,,,en-gb,No,3600,,,Europe,United Kingdom,England,Andover,,,(direct),(none),(direct),6adf7dcd7358e4c15d9a44c23348678f_2
20180829,1535558441665021,2018-08-29T17:00:41,AnalyticsEventShare,1535558441664021,2018-08-29T17:00:41,,246,145994,6adf7dcd7358e4c15d9a44c23348678f,CD40E53301BD4F62BA2C91352C14FB4C,1534751892109000,2018-08-20T08:58:12,,1220499683,IOS,,TrimViewController,app,-5098327230150829020,,1,,,28007,3,CITIGO 5 D SE L 1.0 MPI 60,,5365,,,,,,,,1534751892109000,6adf7dcd7358e4c15d9a44c23348678f,uk.co.skoda.assistant.ios,1.1.6,,1:571703561616:ios:777087d7f78ec12a,manual_install,tablet,Apple,iPad,,"iPad7,6",IOS,11.4.1,,,en-gb,No,3600,,,Europe,United Kingdom,England,Andover,,,(direct),(none),(direct),6adf7dcd7358e4c15d9a44c23348678f_2
20180829,1535558441665022,2018-08-29T17:00:41,AnalyticsEventShare,1535558441665022,2018-08-29T17:00:41,,246,145994,6adf7dcd7358e4c15d9a44c23348678f,CD40E53301BD4F62BA2C91352C14FB4C,1534751892109000,2018-08-20T08:58:12,,1220499683,IOS,,TrimViewController,app,-5098327230150829020,,1,,,28007,3,CITIGO 5 D SE L 1.0 MPI 75,,5367,,,,,,,,1534751892109000,6adf7dcd7358e4c15d9a44c23348678f,uk.co.skoda.assistant.ios,1.1.6,,1:571703561616:ios:777087d7f78ec12a,manual_install,tablet,Apple,iPad,,"iPad7,6",IOS,11.4.1,,,en-gb,No,3600,,,Europe,United Kingdom,England,Andover,,,(direct),(none),(direct),6adf7dcd7358e4c15d9a44c23348678f_2
20180829,1535564323159008,2018-08-29T18:38:43,AnalyticsEventShare,1535471707388008,2018-08-28T16:55:07,,86,-28792629460,cdacf5419947b286b98cd669991f534a,D7665953F7DE47F791BFD2F71BCEC745,1534254909946000,2018-08-14T14:55:09,,1220499683,IOS,,TrimViewController,app,5537654674160040731,,1,,,11111,1,SUPERB HAT SportLine  2.0 TSI 22,,5732,,,,,,,,1534254909946000,cdacf5419947b286b98cd669991f534a,uk.co.skoda.assistant.ios,1.1.6,,1:571703561616:ios:777087d7f78ec12a,manual_install,tablet,Apple,iPad,,"iPad7,5",IOS,11.4.1,,,en-gb,No,-25200,,,Europe,United Kingdom,England,Birmingham,,,(direct),(none),(direct),cdacf5419947b286b98cd669991f534a_1
20180829,1535575951062000,2018-08-29T21:52:31,AnalyticsEventShare,1535564323159000,2018-08-29T18:38:43,,108,-28792644918,cdacf5419947b286b98cd669991f534a,D7665953F7DE47F791BFD2F71BCEC745,1534254909946000,2018-08-14T14:55:09,,1220499683,IOS,,SkodaContentViewController,app,5537654674160040803,,1,,,11111,1,SUPERB HAT SportLine 2.0 TDI 15,,5727,,,,,,,,1534254909946000,cdacf5419947b286b98cd669991f534a,uk.co.skoda.assistant.ios,1.1.6,,1:571703561616:ios:777087d7f78ec12a,manual_install,tablet,Apple,iPad,,"iPad7,5",IOS,11.4.1,,,en-gb,No,-25200,,,Europe,United Kingdom,England,Birmingham,,,(direct),(none),(direct),cdacf5419947b286b98cd669991f534a_1
