event_date,event_timestamp,event_iso8601,event_name,event_previous_timestamp,event_previous_iso8601,event_value_in_usd,event_bundle_sequence_id,event_server_timestamp_offset,user_id,user_pseudo_id,user_first_touch_timestamp,user_first_touch_iso8601,user_ltv,stream_id,platform,event_dimensions,firebase_screen_class,firebase_event_origin,firebase_screen_id,engagement_time_msec,firebase_conversion,firebase_previous_id,firebase_previous_class,user_retailer,user_area,AnalyticsParameterTerm,button_name,AnalyticsParameterItemID,engine,Compared_vehicle_1,Compared_vehicle_2,update_with_analytics,previous_first_open_count,previous_app_version,Compared_vehicle_3,first_open_time,user_id,id,version,install_store,firebase_app_id,install_source,category,mobile_brand_name,mobile_model_name,mobile_marketing_name,mobile_os_hardware_model,operating_system,operating_system_version,vendor_id,advertising_id,language,is_limited_ad_tracking,time_zone_offset_seconds,browser,browser,continent,country,region,city,sub_continent,metro,name,medium,source,user_session_generated_id
20180829,1535554446446001,2018-08-29T15:54:06,AnalyticsEventLogin,1535537800828001,2018-08-29T11:16:40,,117,105934,5923b6e92cddb92053bd283b9bcb6730,CF72BE0F3C0C46338C1F4580FD621EF6,1533816862477000,2018-08-09T13:14:22,,1220499683,IOS,,SplashViewController,app,8066943244169021220,,1,,,28060,4,5923b6e92cddb92053bd283b9bcb6730,,,,,,,,,,1533816862477000,5923b6e92cddb92053bd283b9bcb6730,uk.co.skoda.assistant.ios,1.1.6,,1:571703561616:ios:777087d7f78ec12a,manual_install,tablet,Apple,iPad,,"iPad7,6",IOS,11.4.1,,,en-gb,No,3600,,,Europe,United Kingdom,England,Nottingham,,,(direct),(none),(direct),5923b6e92cddb92053bd283b9bcb6730_2
20180829,1535554446578000,2018-08-29T15:54:06,button_press,1535537809272000,2018-08-29T11:16:49,,118,105935,5923b6e92cddb92053bd283b9bcb6730,CF72BE0F3C0C46338C1F4580FD621EF6,1533816862477000,2018-08-09T13:14:22,,1220499683,IOS,,SplashViewController,app,8066943244169021220,,1,,,28060,4,,globalnav_range,,,,,,,,,1533816862477000,5923b6e92cddb92053bd283b9bcb6730,uk.co.skoda.assistant.ios,1.1.6,,1:571703561616:ios:777087d7f78ec12a,manual_install,tablet,Apple,iPad,,"iPad7,6",IOS,11.4.1,,,en-gb,No,3600,,,Europe,United Kingdom,England,Nottingham,,,(direct),(none),(direct),5923b6e92cddb92053bd283b9bcb6730_2
20180829,1535554446578001,2018-08-29T15:54:06,button_press,1535554446578001,2018-08-29T15:54:06,,118,105935,5923b6e92cddb92053bd283b9bcb6730,CF72BE0F3C0C46338C1F4580FD621EF6,1533816862477000,2018-08-09T13:14:22,,1220499683,IOS,,SplashViewController,app,8066943244169021220,,1,,,28060,4,,range,,,,,,,,,1533816862477000,5923b6e92cddb92053bd283b9bcb6730,uk.co.skoda.assistant.ios,1.1.6,,1:571703561616:ios:777087d7f78ec12a,manual_install,tablet,Apple,iPad,,"iPad7,6",IOS,11.4.1,,,en-gb,No,3600,,,Europe,United Kingdom,England,Nottingham,,,(direct),(none),(direct),5923b6e92cddb92053bd283b9bcb6730_2
20180829,1535554447324002,2018-08-29T15:54:07,screen_view,1535554446425002,2018-08-29T15:54:06,,118,105935,5923b6e92cddb92053bd283b9bcb6730,CF72BE0F3C0C46338C1F4580FD621EF6,1533816862477000,2018-08-09T13:14:22,,1220499683,IOS,,SkodaContentViewController,auto,8066943244169021222,,1,8066943244169021220,SplashViewController,28060,4,,,,,,,,,,,1533816862477000,5923b6e92cddb92053bd283b9bcb6730,uk.co.skoda.assistant.ios,1.1.6,,1:571703561616:ios:777087d7f78ec12a,manual_install,tablet,Apple,iPad,,"iPad7,6",IOS,11.4.1,,,en-gb,No,3600,,,Europe,United Kingdom,England,Nottingham,,,(direct),(none),(direct),5923b6e92cddb92053bd283b9bcb6730_2
20180829,1535554447326003,2018-08-29T15:54:07,screen_view,1535554447324003,2018-08-29T15:54:07,,118,105935,5923b6e92cddb92053bd283b9bcb6730,CF72BE0F3C0C46338C1F4580FD621EF6,1533816862477000,2018-08-09T13:14:22,,1220499683,IOS,,RangeContentViewController,auto,8066943244169021223,,1,8066943244169021222,SkodaContentViewController,28060,4,,,,,,,,,,,1533816862477000,5923b6e92cddb92053bd283b9bcb6730,uk.co.skoda.assistant.ios,1.1.6,,1:571703561616:ios:777087d7f78ec12a,manual_install,tablet,Apple,iPad,,"iPad7,6",IOS,11.4.1,,,en-gb,No,3600,,,Europe,United Kingdom,England,Nottingham,,,(direct),(none),(direct),5923b6e92cddb92053bd283b9bcb6730_2
20180829,1535554452414004,2018-08-29T15:54:12,button_press,1535554446578004,2018-08-29T15:54:06,,118,105935,5923b6e92cddb92053bd283b9bcb6730,CF72BE0F3C0C46338C1F4580FD621EF6,1533816862477000,2018-08-09T13:14:22,,1220499683,IOS,,RangeContentViewController,app,8066943244169021223,,1,,,28060,4,,globalnav_presentation,,,,,,,,,1533816862477000,5923b6e92cddb92053bd283b9bcb6730,uk.co.skoda.assistant.ios,1.1.6,,1:571703561616:ios:777087d7f78ec12a,manual_install,tablet,Apple,iPad,,"iPad7,6",IOS,11.4.1,,,en-gb,No,3600,,,Europe,United Kingdom,England,Nottingham,,,(direct),(none),(direct),5923b6e92cddb92053bd283b9bcb6730_2
20180829,1535554452443005,2018-08-29T15:54:12,button_press,1535554452414005,2018-08-29T15:54:12,,118,105935,5923b6e92cddb92053bd283b9bcb6730,CF72BE0F3C0C46338C1F4580FD621EF6,1533816862477000,2018-08-09T13:14:22,,1220499683,IOS,,RangeContentViewController,app,8066943244169021223,,1,,,28060,4,,presentation,,,,,,,,,1533816862477000,5923b6e92cddb92053bd283b9bcb6730,uk.co.skoda.assistant.ios,1.1.6,,1:571703561616:ios:777087d7f78ec12a,manual_install,tablet,Apple,iPad,,"iPad7,6",IOS,11.4.1,,,en-gb,No,3600,,,Europe,United Kingdom,England,Nottingham,,,(direct),(none),(direct),5923b6e92cddb92053bd283b9bcb6730_2
20180829,1535554452746006,2018-08-29T15:54:12,user_engagement,1535554446425006,2018-08-29T15:54:06,,118,105935,5923b6e92cddb92053bd283b9bcb6730,CF72BE0F3C0C46338C1F4580FD621EF6,1533816862477000,2018-08-09T13:14:22,,1220499683,IOS,,RangeContentViewController,auto,8066943244169021223,6321,,,,28060,4,,,,,,,,,,,1533816862477000,5923b6e92cddb92053bd283b9bcb6730,uk.co.skoda.assistant.ios,1.1.6,,1:571703561616:ios:777087d7f78ec12a,manual_install,tablet,Apple,iPad,,"iPad7,6",IOS,11.4.1,,,en-gb,No,3600,,,Europe,United Kingdom,England,Nottingham,,,(direct),(none),(direct),5923b6e92cddb92053bd283b9bcb6730_2
20180829,1535554452747006,2018-08-29T15:54:12,screen_view,1535554447326006,2018-08-29T15:54:07,,118,105935,5923b6e92cddb92053bd283b9bcb6730,CF72BE0F3C0C46338C1F4580FD621EF6,1533816862477000,2018-08-09T13:14:22,,1220499683,IOS,,SkodaContentViewController,auto,8066943244169021222,,1,8066943244169021223,RangeContentViewController,28060,4,,,,,,,,,,,1533816862477000,5923b6e92cddb92053bd283b9bcb6730,uk.co.skoda.assistant.ios,1.1.6,,1:571703561616:ios:777087d7f78ec12a,manual_install,tablet,Apple,iPad,,"iPad7,6",IOS,11.4.1,,,en-gb,No,3600,,,Europe,United Kingdom,England,Nottingham,,,(direct),(none),(direct),5923b6e92cddb92053bd283b9bcb6730_2
20180829,1535554464079007,2018-08-29T15:54:24,AnalyticsEventViewItem,1535537822559007,2018-08-29T11:17:02,,118,105935,5923b6e92cddb92053bd283b9bcb6730,CF72BE0F3C0C46338C1F4580FD621EF6,1533816862477000,2018-08-09T13:14:22,,1220499683,IOS,,SkodaContentViewController,app,8066943244169021222,,1,,,28060,4,,,5b339b08d1f7f937693824,,,,,,,,1533816862477000,5923b6e92cddb92053bd283b9bcb6730,uk.co.skoda.assistant.ios,1.1.6,,1:571703561616:ios:777087d7f78ec12a,manual_install,tablet,Apple,iPad,,"iPad7,6",IOS,11.4.1,,,en-gb,No,3600,,,Europe,United Kingdom,England,Nottingham,,,(direct),(none),(direct),5923b6e92cddb92053bd283b9bcb6730_2
20180829,1535554464339009,2018-08-29T15:54:24,user_engagement,1535554452746009,2018-08-29T15:54:12,,118,105935,5923b6e92cddb92053bd283b9bcb6730,CF72BE0F3C0C46338C1F4580FD621EF6,1533816862477000,2018-08-09T13:14:22,,1220499683,IOS,,SkodaContentViewController,auto,8066943244169021222,11592,,,,28060,4,,,,,,,,,,,1533816862477000,5923b6e92cddb92053bd283b9bcb6730,uk.co.skoda.assistant.ios,1.1.6,,1:571703561616:ios:777087d7f78ec12a,manual_install,tablet,Apple,iPad,,"iPad7,6",IOS,11.4.1,,,en-gb,No,3600,,,Europe,United Kingdom,England,Nottingham,,,(direct),(none),(direct),5923b6e92cddb92053bd283b9bcb6730_2
20180829,1535554464340008,2018-08-29T15:54:24,screen_view,1535554452747008,2018-08-29T15:54:12,,118,105935,5923b6e92cddb92053bd283b9bcb6730,CF72BE0F3C0C46338C1F4580FD621EF6,1533816862477000,2018-08-09T13:14:22,,1220499683,IOS,,PresentationExploreSegmentedViewController,auto,8066943244169021224,,1,8066943244169021222,SkodaContentViewController,28060,4,,,,,,,,,,,1533816862477000,5923b6e92cddb92053bd283b9bcb6730,uk.co.skoda.assistant.ios,1.1.6,,1:571703561616:ios:777087d7f78ec12a,manual_install,tablet,Apple,iPad,,"iPad7,6",IOS,11.4.1,,,en-gb,No,3600,,,Europe,United Kingdom,England,Nottingham,,,(direct),(none),(direct),5923b6e92cddb92053bd283b9bcb6730_2
20180829,1535554464742009,2018-08-29T15:54:24,screen_view,1535554464340009,2018-08-29T15:54:24,,118,105935,5923b6e92cddb92053bd283b9bcb6730,CF72BE0F3C0C46338C1F4580FD621EF6,1533816862477000,2018-08-09T13:14:22,,1220499683,IOS,,PresentationEditorViewController,auto,8066943244169021225,,1,8066943244169021224,PresentationExploreSegmentedViewController,28060,4,,,,,,,,,,,1533816862477000,5923b6e92cddb92053bd283b9bcb6730,uk.co.skoda.assistant.ios,1.1.6,,1:571703561616:ios:777087d7f78ec12a,manual_install,tablet,Apple,iPad,,"iPad7,6",IOS,11.4.1,,,en-gb,No,3600,,,Europe,United Kingdom,England,Nottingham,,,(direct),(none),(direct),5923b6e92cddb92053bd283b9bcb6730_2
20180829,1535554467751010,2018-08-29T15:54:27,button_press,1535554452443010,2018-08-29T15:54:12,,118,105935,5923b6e92cddb92053bd283b9bcb6730,CF72BE0F3C0C46338C1F4580FD621EF6,1533816862477000,2018-08-09T13:14:22,,1220499683,IOS,,PresentationEditorViewController,app,8066943244169021225,,1,,,28060,4,,presentation_home_email_presentation,,,,,,,,,1533816862477000,5923b6e92cddb92053bd283b9bcb6730,uk.co.skoda.assistant.ios,1.1.6,,1:571703561616:ios:777087d7f78ec12a,manual_install,tablet,Apple,iPad,,"iPad7,6",IOS,11.4.1,,,en-gb,No,3600,,,Europe,United Kingdom,England,Nottingham,,,(direct),(none),(direct),5923b6e92cddb92053bd283b9bcb6730_2
20180829,1535554468710011,2018-08-29T15:54:28,screen_view,1535554464742011,2018-08-29T15:54:24,,118,105935,5923b6e92cddb92053bd283b9bcb6730,CF72BE0F3C0C46338C1F4580FD621EF6,1533816862477000,2018-08-09T13:14:22,,1220499683,IOS,,MFMailComposeInternalViewController,auto,8066943244169021226,,1,8066943244169021225,PresentationEditorViewController,28060,4,,,,,,,,,,,1533816862477000,5923b6e92cddb92053bd283b9bcb6730,uk.co.skoda.assistant.ios,1.1.6,,1:571703561616:ios:777087d7f78ec12a,manual_install,tablet,Apple,iPad,,"iPad7,6",IOS,11.4.1,,,en-gb,No,3600,,,Europe,United Kingdom,England,Nottingham,,,(direct),(none),(direct),5923b6e92cddb92053bd283b9bcb6730_2
20180829,1535554468710013,2018-08-29T15:54:28,user_engagement,1535554464339013,2018-08-29T15:54:24,,118,105935,5923b6e92cddb92053bd283b9bcb6730,CF72BE0F3C0C46338C1F4580FD621EF6,1533816862477000,2018-08-09T13:14:22,,1220499683,IOS,,PresentationEditorViewController,auto,8066943244169021225,4370,,,,28060,4,,,,,,,,,,,1533816862477000,5923b6e92cddb92053bd283b9bcb6730,uk.co.skoda.assistant.ios,1.1.6,,1:571703561616:ios:777087d7f78ec12a,manual_install,tablet,Apple,iPad,,"iPad7,6",IOS,11.4.1,,,en-gb,No,3600,,,Europe,United Kingdom,England,Nottingham,,,(direct),(none),(direct),5923b6e92cddb92053bd283b9bcb6730_2
20180829,1535554496997012,2018-08-29T15:54:56,screen_view,1535554468710012,2018-08-29T15:54:28,,118,105935,5923b6e92cddb92053bd283b9bcb6730,CF72BE0F3C0C46338C1F4580FD621EF6,1533816862477000,2018-08-09T13:14:22,,1220499683,IOS,,PresentationEditorViewController,auto,8066943244169021225,,1,8066943244169021226,MFMailComposeInternalViewController,28060,4,,,,,,,,,,,1533816862477000,5923b6e92cddb92053bd283b9bcb6730,uk.co.skoda.assistant.ios,1.1.6,,1:571703561616:ios:777087d7f78ec12a,manual_install,tablet,Apple,iPad,,"iPad7,6",IOS,11.4.1,,,en-gb,No,3600,,,Europe,United Kingdom,England,Nottingham,,,(direct),(none),(direct),5923b6e92cddb92053bd283b9bcb6730_2
20180829,1535554496997015,2018-08-29T15:54:56,user_engagement,1535554468710015,2018-08-29T15:54:28,,118,105935,5923b6e92cddb92053bd283b9bcb6730,CF72BE0F3C0C46338C1F4580FD621EF6,1533816862477000,2018-08-09T13:14:22,,1220499683,IOS,,MFMailComposeInternalViewController,auto,8066943244169021226,28286,,,,28060,4,,,,,,,,,,,1533816862477000,5923b6e92cddb92053bd283b9bcb6730,uk.co.skoda.assistant.ios,1.1.6,,1:571703561616:ios:777087d7f78ec12a,manual_install,tablet,Apple,iPad,,"iPad7,6",IOS,11.4.1,,,en-gb,No,3600,,,Europe,United Kingdom,England,Nottingham,,,(direct),(none),(direct),5923b6e92cddb92053bd283b9bcb6730_2
20180829,1535554504325013,2018-08-29T15:55:04,screen_view,1535554496997013,2018-08-29T15:54:56,,118,105935,5923b6e92cddb92053bd283b9bcb6730,CF72BE0F3C0C46338C1F4580FD621EF6,1533816862477000,2018-08-09T13:14:22,,1220499683,IOS,,SkodaContentViewController,auto,8066943244169021222,,1,8066943244169021225,PresentationEditorViewController,28060,4,,,,,,,,,,,1533816862477000,5923b6e92cddb92053bd283b9bcb6730,uk.co.skoda.assistant.ios,1.1.6,,1:571703561616:ios:777087d7f78ec12a,manual_install,tablet,Apple,iPad,,"iPad7,6",IOS,11.4.1,,,en-gb,No,3600,,,Europe,United Kingdom,England,Nottingham,,,(direct),(none),(direct),5923b6e92cddb92053bd283b9bcb6730_2
20180829,1535554504325017,2018-08-29T15:55:04,user_engagement,1535554496997017,2018-08-29T15:54:56,,118,105935,5923b6e92cddb92053bd283b9bcb6730,CF72BE0F3C0C46338C1F4580FD621EF6,1533816862477000,2018-08-09T13:14:22,,1220499683,IOS,,PresentationEditorViewController,auto,8066943244169021225,7328,,,,28060,4,,,,,,,,,,,1533816862477000,5923b6e92cddb92053bd283b9bcb6730,uk.co.skoda.assistant.ios,1.1.6,,1:571703561616:ios:777087d7f78ec12a,manual_install,tablet,Apple,iPad,,"iPad7,6",IOS,11.4.1,,,en-gb,No,3600,,,Europe,United Kingdom,England,Nottingham,,,(direct),(none),(direct),5923b6e92cddb92053bd283b9bcb6730_2
20180829,1535554520959014,2018-08-29T15:55:20,AnalyticsEventViewItem,1535554464079014,2018-08-29T15:54:24,,118,105935,5923b6e92cddb92053bd283b9bcb6730,CF72BE0F3C0C46338C1F4580FD621EF6,1533816862477000,2018-08-09T13:14:22,,1220499683,IOS,,SkodaContentViewController,app,8066943244169021222,,1,,,28060,4,,,5b33e49c3b6ba468542992,,,,,,,,1533816862477000,5923b6e92cddb92053bd283b9bcb6730,uk.co.skoda.assistant.ios,1.1.6,,1:571703561616:ios:777087d7f78ec12a,manual_install,tablet,Apple,iPad,,"iPad7,6",IOS,11.4.1,,,en-gb,No,3600,,,Europe,United Kingdom,England,Nottingham,,,(direct),(none),(direct),5923b6e92cddb92053bd283b9bcb6730_2
20180829,1535554521111015,2018-08-29T15:55:21,screen_view,1535554504325015,2018-08-29T15:55:04,,118,105935,5923b6e92cddb92053bd283b9bcb6730,CF72BE0F3C0C46338C1F4580FD621EF6,1533816862477000,2018-08-09T13:14:22,,1220499683,IOS,,PresentationExploreSegmentedViewController,auto,8066943244169021227,,1,8066943244169021222,SkodaContentViewController,28060,4,,,,,,,,,,,1533816862477000,5923b6e92cddb92053bd283b9bcb6730,uk.co.skoda.assistant.ios,1.1.6,,1:571703561616:ios:777087d7f78ec12a,manual_install,tablet,Apple,iPad,,"iPad7,6",IOS,11.4.1,,,en-gb,No,3600,,,Europe,United Kingdom,England,Nottingham,,,(direct),(none),(direct),5923b6e92cddb92053bd283b9bcb6730_2
20180829,1535554521111020,2018-08-29T15:55:21,user_engagement,1535554504325020,2018-08-29T15:55:04,,118,105935,5923b6e92cddb92053bd283b9bcb6730,CF72BE0F3C0C46338C1F4580FD621EF6,1533816862477000,2018-08-09T13:14:22,,1220499683,IOS,,SkodaContentViewController,auto,8066943244169021222,16785,,,,28060,4,,,,,,,,,,,1533816862477000,5923b6e92cddb92053bd283b9bcb6730,uk.co.skoda.assistant.ios,1.1.6,,1:571703561616:ios:777087d7f78ec12a,manual_install,tablet,Apple,iPad,,"iPad7,6",IOS,11.4.1,,,en-gb,No,3600,,,Europe,United Kingdom,England,Nottingham,,,(direct),(none),(direct),5923b6e92cddb92053bd283b9bcb6730_2
20180829,1535554521613016,2018-08-29T15:55:21,screen_view,1535554521111016,2018-08-29T15:55:21,,118,105935,5923b6e92cddb92053bd283b9bcb6730,CF72BE0F3C0C46338C1F4580FD621EF6,1533816862477000,2018-08-09T13:14:22,,1220499683,IOS,,PresentationEditorViewController,auto,8066943244169021228,,1,8066943244169021227,PresentationExploreSegmentedViewController,28060,4,,,,,,,,,,,1533816862477000,5923b6e92cddb92053bd283b9bcb6730,uk.co.skoda.assistant.ios,1.1.6,,1:571703561616:ios:777087d7f78ec12a,manual_install,tablet,Apple,iPad,,"iPad7,6",IOS,11.4.1,,,en-gb,No,3600,,,Europe,United Kingdom,England,Nottingham,,,(direct),(none),(direct),5923b6e92cddb92053bd283b9bcb6730_2
20180829,1535554526125023,2018-08-29T15:55:26,user_engagement,1535554521111023,2018-08-29T15:55:21,,118,105935,5923b6e92cddb92053bd283b9bcb6730,CF72BE0F3C0C46338C1F4580FD621EF6,1533816862477000,2018-08-09T13:14:22,,1220499683,IOS,,PresentationEditorViewController,auto,8066943244169021228,5014,,,,28060,4,,,,,,,,,,,1533816862477000,5923b6e92cddb92053bd283b9bcb6730,uk.co.skoda.assistant.ios,1.1.6,,1:571703561616:ios:777087d7f78ec12a,manual_install,tablet,Apple,iPad,,"iPad7,6",IOS,11.4.1,,,en-gb,No,3600,,,Europe,United Kingdom,England,Nottingham,,,(direct),(none),(direct),5923b6e92cddb92053bd283b9bcb6730_2
20180829,1535554526126017,2018-08-29T15:55:26,screen_view,1535554521613017,2018-08-29T15:55:21,,118,105935,5923b6e92cddb92053bd283b9bcb6730,CF72BE0F3C0C46338C1F4580FD621EF6,1533816862477000,2018-08-09T13:14:22,,1220499683,IOS,,AVPlayerViewController,auto,8066943244169021229,,1,8066943244169021228,PresentationEditorViewController,28060,4,,,,,,,,,,,1533816862477000,5923b6e92cddb92053bd283b9bcb6730,uk.co.skoda.assistant.ios,1.1.6,,1:571703561616:ios:777087d7f78ec12a,manual_install,tablet,Apple,iPad,,"iPad7,6",IOS,11.4.1,,,en-gb,No,3600,,,Europe,United Kingdom,England,Nottingham,,,(direct),(none),(direct),5923b6e92cddb92053bd283b9bcb6730_2
20180829,1535554529350018,2018-08-29T15:55:29,screen_view,1535554526126018,2018-08-29T15:55:26,,118,105935,5923b6e92cddb92053bd283b9bcb6730,CF72BE0F3C0C46338C1F4580FD621EF6,1533816862477000,2018-08-09T13:14:22,,1220499683,IOS,,PresentationExploreSegmentedViewController,auto,8066943244169021227,,1,8066943244169021229,AVPlayerViewController,28060,4,,,,,,,,,,,1533816862477000,5923b6e92cddb92053bd283b9bcb6730,uk.co.skoda.assistant.ios,1.1.6,,1:571703561616:ios:777087d7f78ec12a,manual_install,tablet,Apple,iPad,,"iPad7,6",IOS,11.4.1,,,en-gb,No,3600,,,Europe,United Kingdom,England,Nottingham,,,(direct),(none),(direct),5923b6e92cddb92053bd283b9bcb6730_2
20180829,1535554529350025,2018-08-29T15:55:29,user_engagement,1535554526125025,2018-08-29T15:55:26,,118,105935,5923b6e92cddb92053bd283b9bcb6730,CF72BE0F3C0C46338C1F4580FD621EF6,1533816862477000,2018-08-09T13:14:22,,1220499683,IOS,,AVPlayerViewController,auto,8066943244169021229,3224,,,,28060,4,,,,,,,,,,,1533816862477000,5923b6e92cddb92053bd283b9bcb6730,uk.co.skoda.assistant.ios,1.1.6,,1:571703561616:ios:777087d7f78ec12a,manual_install,tablet,Apple,iPad,,"iPad7,6",IOS,11.4.1,,,en-gb,No,3600,,,Europe,United Kingdom,England,Nottingham,,,(direct),(none),(direct),5923b6e92cddb92053bd283b9bcb6730_2
20180829,1535554529772019,2018-08-29T15:55:29,screen_view,1535554529350019,2018-08-29T15:55:29,,118,105935,5923b6e92cddb92053bd283b9bcb6730,CF72BE0F3C0C46338C1F4580FD621EF6,1533816862477000,2018-08-09T13:14:22,,1220499683,IOS,,SkodaContentViewController,auto,8066943244169021222,,1,8066943244169021227,PresentationExploreSegmentedViewController,28060,4,,,,,,,,,,,1533816862477000,5923b6e92cddb92053bd283b9bcb6730,uk.co.skoda.assistant.ios,1.1.6,,1:571703561616:ios:777087d7f78ec12a,manual_install,tablet,Apple,iPad,,"iPad7,6",IOS,11.4.1,,,en-gb,No,3600,,,Europe,United Kingdom,England,Nottingham,,,(direct),(none),(direct),5923b6e92cddb92053bd283b9bcb6730_2
20180829,1535554529774020,2018-08-29T15:55:29,screen_view,1535554529772020,2018-08-29T15:55:29,,118,105935,5923b6e92cddb92053bd283b9bcb6730,CF72BE0F3C0C46338C1F4580FD621EF6,1533816862477000,2018-08-09T13:14:22,,1220499683,IOS,,PresentationEditorViewController,auto,8066943244169021228,,1,8066943244169021222,SkodaContentViewController,28060,4,,,,,,,,,,,1533816862477000,5923b6e92cddb92053bd283b9bcb6730,uk.co.skoda.assistant.ios,1.1.6,,1:571703561616:ios:777087d7f78ec12a,manual_install,tablet,Apple,iPad,,"iPad7,6",IOS,11.4.1,,,en-gb,No,3600,,,Europe,United Kingdom,England,Nottingham,,,(direct),(none),(direct),5923b6e92cddb92053bd283b9bcb6730_2
20180829,1535554532366021,2018-08-29T15:55:32,screen_view,1535554529774021,2018-08-29T15:55:29,,118,105935,5923b6e92cddb92053bd283b9bcb6730,CF72BE0F3C0C46338C1F4580FD621EF6,1533816862477000,2018-08-09T13:14:22,,1220499683,IOS,,SkodaContentViewController,auto,8066943244169021222,,1,8066943244169021228,PresentationEditorViewController,28060,4,,,,,,,,,,,1533816862477000,5923b6e92cddb92053bd283b9bcb6730,uk.co.skoda.assistant.ios,1.1.6,,1:571703561616:ios:777087d7f78ec12a,manual_install,tablet,Apple,iPad,,"iPad7,6",IOS,11.4.1,,,en-gb,No,3600,,,Europe,United Kingdom,England,Nottingham,,,(direct),(none),(direct),5923b6e92cddb92053bd283b9bcb6730_2
20180829,1535554532366029,2018-08-29T15:55:32,user_engagement,1535554529350029,2018-08-29T15:55:29,,118,105935,5923b6e92cddb92053bd283b9bcb6730,CF72BE0F3C0C46338C1F4580FD621EF6,1533816862477000,2018-08-09T13:14:22,,1220499683,IOS,,PresentationEditorViewController,auto,8066943244169021228,3015,,,,28060,4,,,,,,,,,,,1533816862477000,5923b6e92cddb92053bd283b9bcb6730,uk.co.skoda.assistant.ios,1.1.6,,1:571703561616:ios:777087d7f78ec12a,manual_install,tablet,Apple,iPad,,"iPad7,6",IOS,11.4.1,,,en-gb,No,3600,,,Europe,United Kingdom,England,Nottingham,,,(direct),(none),(direct),5923b6e92cddb92053bd283b9bcb6730_2
20180829,1535554564918031,2018-08-29T15:56:04,user_engagement,1535554532366031,2018-08-29T15:55:32,,118,105935,5923b6e92cddb92053bd283b9bcb6730,CF72BE0F3C0C46338C1F4580FD621EF6,1533816862477000,2018-08-09T13:14:22,,1220499683,IOS,,SkodaContentViewController,auto,8066943244169021222,32552,,,,28060,4,,,,,,,,,,,1533816862477000,5923b6e92cddb92053bd283b9bcb6730,uk.co.skoda.assistant.ios,1.1.6,,1:571703561616:ios:777087d7f78ec12a,manual_install,tablet,Apple,iPad,,"iPad7,6",IOS,11.4.1,,,en-gb,No,3600,,,Europe,United Kingdom,England,Nottingham,,,(direct),(none),(direct),5923b6e92cddb92053bd283b9bcb6730_2
20180829,1535557215106000,2018-08-29T16:40:15,screen_view,1535554532366000,2018-08-29T15:55:32,,119,94501,5923b6e92cddb92053bd283b9bcb6730,CF72BE0F3C0C46338C1F4580FD621EF6,1533816862477000,2018-08-09T13:14:22,,1220499683,IOS,,SplashViewController,auto,3536006075711850342,,1,,,28060,4,,,,,,,,,,,1533816862477000,5923b6e92cddb92053bd283b9bcb6730,uk.co.skoda.assistant.ios,1.1.6,,1:571703561616:ios:777087d7f78ec12a,manual_install,tablet,Apple,iPad,,"iPad7,6",IOS,11.4.1,,,en-gb,No,3600,,,Europe,United Kingdom,England,Nottingham,,,(direct),(none),(direct),5923b6e92cddb92053bd283b9bcb6730_2
20180829,1535557215376001,2018-08-29T16:40:15,screen_view,1535557215106001,2018-08-29T16:40:15,,119,94501,5923b6e92cddb92053bd283b9bcb6730,CF72BE0F3C0C46338C1F4580FD621EF6,1533816862477000,2018-08-09T13:14:22,,1220499683,IOS,,LoginViewController,auto,3536006075711850343,,1,3536006075711850342,SplashViewController,28060,4,,,,,,,,,,,1533816862477000,5923b6e92cddb92053bd283b9bcb6730,uk.co.skoda.assistant.ios,1.1.6,,1:571703561616:ios:777087d7f78ec12a,manual_install,tablet,Apple,iPad,,"iPad7,6",IOS,11.4.1,,,en-gb,No,3600,,,Europe,United Kingdom,England,Nottingham,,,(direct),(none),(direct),5923b6e92cddb92053bd283b9bcb6730_2
20180829,1535557216227002,2018-08-29T16:40:16,user_engagement,1535554564918002,2018-08-29T15:56:04,,119,94501,5923b6e92cddb92053bd283b9bcb6730,CF72BE0F3C0C46338C1F4580FD621EF6,1533816862477000,2018-08-09T13:14:22,,1220499683,IOS,,LoginViewController,auto,3536006075711850343,1093,,,,28060,4,,,,,,,,,,,1533816862477000,5923b6e92cddb92053bd283b9bcb6730,uk.co.skoda.assistant.ios,1.1.6,,1:571703561616:ios:777087d7f78ec12a,manual_install,tablet,Apple,iPad,,"iPad7,6",IOS,11.4.1,,,en-gb,No,3600,,,Europe,United Kingdom,England,Nottingham,,,(direct),(none),(direct),5923b6e92cddb92053bd283b9bcb6730_2
20180829,1535557274899000,2018-08-29T16:41:14,screen_view,1535557215376000,2018-08-29T16:40:15,,120,102433,5923b6e92cddb92053bd283b9bcb6730,CF72BE0F3C0C46338C1F4580FD621EF6,1533816862477000,2018-08-09T13:14:22,,1220499683,IOS,,LoginViewController,auto,6600130136643342843,,1,,,28060,4,,,,,,,,,,,1533816862477000,5923b6e92cddb92053bd283b9bcb6730,uk.co.skoda.assistant.ios,1.1.6,,1:571703561616:ios:777087d7f78ec12a,manual_install,tablet,Apple,iPad,,"iPad7,6",IOS,11.4.1,,,en-gb,No,3600,,,Europe,United Kingdom,England,Nottingham,,,(direct),(none),(direct),5923b6e92cddb92053bd283b9bcb6730_2
20180829,1535557279039001,2018-08-29T16:41:19,user_engagement,1535557216227001,2018-08-29T16:40:16,,120,102433,5923b6e92cddb92053bd283b9bcb6730,CF72BE0F3C0C46338C1F4580FD621EF6,1533816862477000,2018-08-09T13:14:22,,1220499683,IOS,,LoginViewController,auto,6600130136643342843,4140,,,,28060,4,,,,,,,,,,,1533816862477000,5923b6e92cddb92053bd283b9bcb6730,uk.co.skoda.assistant.ios,1.1.6,,1:571703561616:ios:777087d7f78ec12a,manual_install,tablet,Apple,iPad,,"iPad7,6",IOS,11.4.1,,,en-gb,No,3600,,,Europe,United Kingdom,England,Nottingham,,,(direct),(none),(direct),5923b6e92cddb92053bd283b9bcb6730_2
20180829,1535557283196000,2018-08-29T16:41:23,user_engagement,1535557279039000,2018-08-29T16:41:19,,121,92597,5923b6e92cddb92053bd283b9bcb6730,CF72BE0F3C0C46338C1F4580FD621EF6,1533816862477000,2018-08-09T13:14:22,,1220499683,IOS,,LoginViewController,auto,6600130136643342843,2569,,,,28060,4,,,,,,,,,,,1533816862477000,5923b6e92cddb92053bd283b9bcb6730,uk.co.skoda.assistant.ios,1.1.6,,1:571703561616:ios:777087d7f78ec12a,manual_install,tablet,Apple,iPad,,"iPad7,6",IOS,11.4.1,,,en-gb,No,3600,,,Europe,United Kingdom,England,Nottingham,,,(direct),(none),(direct),5923b6e92cddb92053bd283b9bcb6730_2
20180829,1535557283197000,2018-08-29T16:41:23,screen_view,1535557274899000,2018-08-29T16:41:14,,121,92597,5923b6e92cddb92053bd283b9bcb6730,CF72BE0F3C0C46338C1F4580FD621EF6,1533816862477000,2018-08-09T13:14:22,,1220499683,IOS,,SplashViewController,auto,6600130136643342842,,1,6600130136643342843,LoginViewController,28060,4,,,,,,,,,,,1533816862477000,5923b6e92cddb92053bd283b9bcb6730,uk.co.skoda.assistant.ios,1.1.6,,1:571703561616:ios:777087d7f78ec12a,manual_install,tablet,Apple,iPad,,"iPad7,6",IOS,11.4.1,,,en-gb,No,3600,,,Europe,United Kingdom,England,Nottingham,,,(direct),(none),(direct),5923b6e92cddb92053bd283b9bcb6730_2
