event_date,event_timestamp,event_iso8601,event_name,event_previous_timestamp,event_previous_iso8601,event_value_in_usd,event_bundle_sequence_id,event_server_timestamp_offset,user_id,user_pseudo_id,user_first_touch_timestamp,user_first_touch_iso8601,user_ltv,stream_id,platform,event_dimensions,firebase_screen_class,firebase_event_origin,firebase_screen_id,engagement_time_msec,firebase_conversion,firebase_previous_id,firebase_previous_class,user_retailer,user_area,AnalyticsParameterTerm,button_name,AnalyticsParameterItemID,engine,Compared_vehicle_1,Compared_vehicle_2,update_with_analytics,previous_first_open_count,previous_app_version,Compared_vehicle_3,first_open_time,user_id,id,version,install_store,firebase_app_id,install_source,category,mobile_brand_name,mobile_model_name,mobile_marketing_name,mobile_os_hardware_model,operating_system,operating_system_version,vendor_id,advertising_id,language,is_limited_ad_tracking,time_zone_offset_seconds,browser,browser,continent,country,region,city,sub_continent,metro,name,medium,source,user_session_generated_id
20180829,1535542915016000,2018-08-29T12:41:55,screen_view,1535134429651000,2018-08-24T19:13:49,,25,144289,c0795c1b0be2d3efe8c6cc158277dc44,F7993CD81B8D4DFEB0424CF94D2EA130,1534952797272000,2018-08-22T16:46:37,,1220499683,IOS,,LoginViewController,auto,-5426362898991794736,,1,-5426362898991794804,SkodaContentViewController,22013,3,,,,,,,,,,,1534952797272000,c0795c1b0be2d3efe8c6cc158277dc44,uk.co.skoda.assistant.ios,1.1.6,,1:571703561616:ios:777087d7f78ec12a,manual_install,tablet,Apple,iPad,,"iPad7,5",IOS,11.4.1,,,en-gb,No,3600,,,Europe,United Kingdom,England,London,,,(direct),(none),(direct),c0795c1b0be2d3efe8c6cc158277dc44_0
20180829,1535542915251000,2018-08-29T12:41:55,screen_view,1535542915016000,2018-08-29T12:41:55,,26,126247,c0795c1b0be2d3efe8c6cc158277dc44,F7993CD81B8D4DFEB0424CF94D2EA130,1534952797272000,2018-08-22T16:46:37,,1220499683,IOS,,SplashViewController,auto,-5426362898991794806,,1,-5426362898991794736,LoginViewController,22013,3,,,,,,,,,,,1534952797272000,c0795c1b0be2d3efe8c6cc158277dc44,uk.co.skoda.assistant.ios,1.1.6,,1:571703561616:ios:777087d7f78ec12a,manual_install,tablet,Apple,iPad,,"iPad7,5",IOS,11.4.1,,,en-gb,No,3600,,,Europe,United Kingdom,England,London,,,(direct),(none),(direct),c0795c1b0be2d3efe8c6cc158277dc44_0
20180829,1535542924730000,2018-08-29T12:42:04,session_start,1535131445943000,2018-08-24T18:24:05,,27,124009,c0795c1b0be2d3efe8c6cc158277dc44,F7993CD81B8D4DFEB0424CF94D2EA130,1534952797272000,2018-08-22T16:46:37,,1220499683,IOS,,SplashViewController,auto,-5426362898991794806,,1,,,22013,3,,,,,,,,,,,1534952797272000,c0795c1b0be2d3efe8c6cc158277dc44,uk.co.skoda.assistant.ios,1.1.6,,1:571703561616:ios:777087d7f78ec12a,manual_install,tablet,Apple,iPad,,"iPad7,5",IOS,11.4.1,,,en-gb,No,3600,,,Europe,United Kingdom,England,London,,,(direct),(none),(direct),c0795c1b0be2d3efe8c6cc158277dc44_0
20180829,1535542937617001,2018-08-29T12:42:17,user_engagement,1535134430489001,2018-08-24T19:13:50,,27,124009,c0795c1b0be2d3efe8c6cc158277dc44,F7993CD81B8D4DFEB0424CF94D2EA130,1534952797272000,2018-08-22T16:46:37,,1220499683,IOS,,SplashViewController,auto,-5426362898991794806,22888,,,,22013,3,,,,,,,,,,,1534952797272000,c0795c1b0be2d3efe8c6cc158277dc44,uk.co.skoda.assistant.ios,1.1.6,,1:571703561616:ios:777087d7f78ec12a,manual_install,tablet,Apple,iPad,,"iPad7,5",IOS,11.4.1,,,en-gb,No,3600,,,Europe,United Kingdom,England,London,,,(direct),(none),(direct),c0795c1b0be2d3efe8c6cc158277dc44_0
20180829,1535542943418000,2018-08-29T12:42:23,screen_view,1535542915251000,2018-08-29T12:41:55,,28,133656,c0795c1b0be2d3efe8c6cc158277dc44,F7993CD81B8D4DFEB0424CF94D2EA130,1534952797272000,2018-08-22T16:46:37,,1220499683,IOS,,LoginViewController,auto,-5426362898991794735,,1,-5426362898991794806,SplashViewController,22013,3,,,,,,,,,,,1534952797272000,c0795c1b0be2d3efe8c6cc158277dc44,uk.co.skoda.assistant.ios,1.1.6,,1:571703561616:ios:777087d7f78ec12a,manual_install,tablet,Apple,iPad,,"iPad7,5",IOS,11.4.1,,,en-gb,No,3600,,,Europe,United Kingdom,England,London,,,(direct),(none),(direct),c0795c1b0be2d3efe8c6cc158277dc44_0
20180829,1535542944261001,2018-08-29T12:42:24,user_engagement,1535542937617001,2018-08-29T12:42:17,,28,133656,c0795c1b0be2d3efe8c6cc158277dc44,F7993CD81B8D4DFEB0424CF94D2EA130,1534952797272000,2018-08-22T16:46:37,,1220499683,IOS,,LoginViewController,auto,-5426362898991794735,1456,,,,22013,3,,,,,,,,,,,1534952797272000,c0795c1b0be2d3efe8c6cc158277dc44,uk.co.skoda.assistant.ios,1.1.6,,1:571703561616:ios:777087d7f78ec12a,manual_install,tablet,Apple,iPad,,"iPad7,5",IOS,11.4.1,,,en-gb,No,3600,,,Europe,United Kingdom,England,London,,,(direct),(none),(direct),c0795c1b0be2d3efe8c6cc158277dc44_0
20180829,1535543009832000,2018-08-29T12:43:29,screen_view,1535542943418000,2018-08-29T12:42:23,,29,141701,c0795c1b0be2d3efe8c6cc158277dc44,F7993CD81B8D4DFEB0424CF94D2EA130,1534952797272000,2018-08-22T16:46:37,,1220499683,IOS,,SplashViewController,auto,-5426362898991794806,,1,-5426362898991794735,LoginViewController,22013,3,,,,,,,,,,,1534952797272000,c0795c1b0be2d3efe8c6cc158277dc44,uk.co.skoda.assistant.ios,1.1.6,,1:571703561616:ios:777087d7f78ec12a,manual_install,tablet,Apple,iPad,,"iPad7,5",IOS,11.4.1,,,en-gb,No,3600,,,Europe,United Kingdom,England,London,,,(direct),(none),(direct),c0795c1b0be2d3efe8c6cc158277dc44_0
20180829,1535543009930001,2018-08-29T12:43:29,screen_view,1535543009832001,2018-08-29T12:43:29,,29,141701,c0795c1b0be2d3efe8c6cc158277dc44,F7993CD81B8D4DFEB0424CF94D2EA130,1534952797272000,2018-08-22T16:46:37,,1220499683,IOS,,LoginViewController,auto,-5426362898991794734,,1,-5426362898991794806,SplashViewController,22013,3,,,,,,,,,,,1534952797272000,c0795c1b0be2d3efe8c6cc158277dc44,uk.co.skoda.assistant.ios,1.1.6,,1:571703561616:ios:777087d7f78ec12a,manual_install,tablet,Apple,iPad,,"iPad7,5",IOS,11.4.1,,,en-gb,No,3600,,,Europe,United Kingdom,England,London,,,(direct),(none),(direct),c0795c1b0be2d3efe8c6cc158277dc44_0
20180829,1535543013239002,2018-08-29T12:43:33,user_engagement,1535542944261002,2018-08-29T12:42:24,,29,141701,c0795c1b0be2d3efe8c6cc158277dc44,F7993CD81B8D4DFEB0424CF94D2EA130,1534952797272000,2018-08-22T16:46:37,,1220499683,IOS,,LoginViewController,auto,-5426362898991794734,3915,,,,22013,3,,,,,,,,,,,1534952797272000,c0795c1b0be2d3efe8c6cc158277dc44,uk.co.skoda.assistant.ios,1.1.6,,1:571703561616:ios:777087d7f78ec12a,manual_install,tablet,Apple,iPad,,"iPad7,5",IOS,11.4.1,,,en-gb,No,3600,,,Europe,United Kingdom,England,London,,,(direct),(none),(direct),c0795c1b0be2d3efe8c6cc158277dc44_0
20180829,1535543020922000,2018-08-29T12:43:40,screen_view,1535543009930000,2018-08-29T12:43:29,,30,135743,c0795c1b0be2d3efe8c6cc158277dc44,F7993CD81B8D4DFEB0424CF94D2EA130,1534952797272000,2018-08-22T16:46:37,,1220499683,IOS,,SplashViewController,auto,-5426362898991794806,,1,-5426362898991794734,LoginViewController,22013,3,,,,,,,,,,,1534952797272000,c0795c1b0be2d3efe8c6cc158277dc44,uk.co.skoda.assistant.ios,1.1.6,,1:571703561616:ios:777087d7f78ec12a,manual_install,tablet,Apple,iPad,,"iPad7,5",IOS,11.4.1,,,en-gb,No,3600,,,Europe,United Kingdom,England,London,,,(direct),(none),(direct),c0795c1b0be2d3efe8c6cc158277dc44_0
20180829,1535543020953001,2018-08-29T12:43:40,screen_view,1535543020922001,2018-08-29T12:43:40,,30,135743,c0795c1b0be2d3efe8c6cc158277dc44,F7993CD81B8D4DFEB0424CF94D2EA130,1534952797272000,2018-08-22T16:46:37,,1220499683,IOS,,LoginViewController,auto,-5426362898991794733,,1,-5426362898991794806,SplashViewController,22013,3,,,,,,,,,,,1534952797272000,c0795c1b0be2d3efe8c6cc158277dc44,uk.co.skoda.assistant.ios,1.1.6,,1:571703561616:ios:777087d7f78ec12a,manual_install,tablet,Apple,iPad,,"iPad7,5",IOS,11.4.1,,,en-gb,No,3600,,,Europe,United Kingdom,England,London,,,(direct),(none),(direct),c0795c1b0be2d3efe8c6cc158277dc44_0
20180829,1535543030778002,2018-08-29T12:43:50,user_engagement,1535543013239002,2018-08-29T12:43:33,,30,135743,c0795c1b0be2d3efe8c6cc158277dc44,F7993CD81B8D4DFEB0424CF94D2EA130,1534952797272000,2018-08-22T16:46:37,,1220499683,IOS,,LoginViewController,auto,-5426362898991794733,10383,,,,22013,3,,,,,,,,,,,1534952797272000,c0795c1b0be2d3efe8c6cc158277dc44,uk.co.skoda.assistant.ios,1.1.6,,1:571703561616:ios:777087d7f78ec12a,manual_install,tablet,Apple,iPad,,"iPad7,5",IOS,11.4.1,,,en-gb,No,3600,,,Europe,United Kingdom,England,London,,,(direct),(none),(direct),c0795c1b0be2d3efe8c6cc158277dc44_0
20180829,1535543033616000,2018-08-29T12:43:53,screen_view,1535543020953000,2018-08-29T12:43:40,,31,1403766,c0795c1b0be2d3efe8c6cc158277dc44,F7993CD81B8D4DFEB0424CF94D2EA130,1534952797272000,2018-08-22T16:46:37,,1220499683,IOS,,SplashViewController,auto,-5426362898991794806,,1,-5426362898991794733,LoginViewController,22013,3,,,,,,,,,,,1534952797272000,c0795c1b0be2d3efe8c6cc158277dc44,uk.co.skoda.assistant.ios,1.1.6,,1:571703561616:ios:777087d7f78ec12a,manual_install,tablet,Apple,iPad,,"iPad7,5",IOS,11.4.1,,,en-gb,No,3600,,,Europe,United Kingdom,England,London,,,(direct),(none),(direct),c0795c1b0be2d3efe8c6cc158277dc44_0
20180829,1535543033719001,2018-08-29T12:43:53,screen_view,1535543033616001,2018-08-29T12:43:53,,31,1403766,c0795c1b0be2d3efe8c6cc158277dc44,F7993CD81B8D4DFEB0424CF94D2EA130,1534952797272000,2018-08-22T16:46:37,,1220499683,IOS,,LoginViewController,auto,-5426362898991794732,,1,-5426362898991794806,SplashViewController,22013,3,,,,,,,,,,,1534952797272000,c0795c1b0be2d3efe8c6cc158277dc44,uk.co.skoda.assistant.ios,1.1.6,,1:571703561616:ios:777087d7f78ec12a,manual_install,tablet,Apple,iPad,,"iPad7,5",IOS,11.4.1,,,en-gb,No,3600,,,Europe,United Kingdom,England,London,,,(direct),(none),(direct),c0795c1b0be2d3efe8c6cc158277dc44_0
20180829,1535543072174002,2018-08-29T12:44:32,user_engagement,1535543030778002,2018-08-29T12:43:50,,31,1403766,c0795c1b0be2d3efe8c6cc158277dc44,F7993CD81B8D4DFEB0424CF94D2EA130,1534952797272000,2018-08-22T16:46:37,,1220499683,IOS,,LoginViewController,auto,-5426362898991794732,39065,,,,22013,3,,,,,,,,,,,1534952797272000,c0795c1b0be2d3efe8c6cc158277dc44,uk.co.skoda.assistant.ios,1.1.6,,1:571703561616:ios:777087d7f78ec12a,manual_install,tablet,Apple,iPad,,"iPad7,5",IOS,11.4.1,,,en-gb,No,3600,,,Europe,United Kingdom,England,London,,,(direct),(none),(direct),c0795c1b0be2d3efe8c6cc158277dc44_0
20180829,1535543072175002,2018-08-29T12:44:32,screen_view,1535543033719002,2018-08-29T12:43:53,,31,1403766,c0795c1b0be2d3efe8c6cc158277dc44,F7993CD81B8D4DFEB0424CF94D2EA130,1534952797272000,2018-08-22T16:46:37,,1220499683,IOS,,SplashViewController,auto,-5426362898991794806,,1,-5426362898991794732,LoginViewController,22013,3,,,,,,,,,,,1534952797272000,c0795c1b0be2d3efe8c6cc158277dc44,uk.co.skoda.assistant.ios,1.1.6,,1:571703561616:ios:777087d7f78ec12a,manual_install,tablet,Apple,iPad,,"iPad7,5",IOS,11.4.1,,,en-gb,No,3600,,,Europe,United Kingdom,England,London,,,(direct),(none),(direct),c0795c1b0be2d3efe8c6cc158277dc44_0
