event_date,event_timestamp,event_iso8601,event_name,event_previous_timestamp,event_previous_iso8601,event_value_in_usd,event_bundle_sequence_id,event_server_timestamp_offset,user_id,user_pseudo_id,user_first_touch_timestamp,user_first_touch_iso8601,user_ltv,stream_id,platform,event_dimensions,firebase_screen_class,firebase_event_origin,firebase_screen_id,engagement_time_msec,firebase_conversion,firebase_previous_id,firebase_previous_class,user_retailer,user_area,AnalyticsParameterTerm,button_name,AnalyticsParameterItemID,engine,Compared_vehicle_1,Compared_vehicle_2,update_with_analytics,previous_first_open_count,previous_app_version,Compared_vehicle_3,first_open_time,user_id,id,version,install_store,firebase_app_id,install_source,category,mobile_brand_name,mobile_model_name,mobile_marketing_name,mobile_os_hardware_model,operating_system,operating_system_version,vendor_id,advertising_id,language,is_limited_ad_tracking,time_zone_offset_seconds,browser,browser,continent,country,region,city,sub_continent,metro,name,medium,source,user_session_generated_id
20180829,1535537184388000,2018-08-29T11:06:24,screen_view,1535444669377000,2018-08-28T09:24:29,,36,160533,e65ed16c595914f10b59a8d872f916b0,52A0FD435CAA428E86D603157F72F23A,1534758431647000,2018-08-20T10:47:11,,1220499683,IOS,,SplashViewController,auto,-5074745263819787414,,1,,,28007,3,,,,,,,,,,,1534758431647000,e65ed16c595914f10b59a8d872f916b0,uk.co.skoda.assistant.ios,1.1.6,,1:571703561616:ios:777087d7f78ec12a,manual_install,tablet,Apple,iPad,,"iPad7,5",IOS,11.4.1,,,en-gb,No,3600,,,Europe,United Kingdom,England,Andover,,,(direct),(none),(direct),e65ed16c595914f10b59a8d872f916b0_0
20180829,1535537184648001,2018-08-29T11:06:24,screen_view,1535537184388001,2018-08-29T11:06:24,,36,160533,e65ed16c595914f10b59a8d872f916b0,52A0FD435CAA428E86D603157F72F23A,1534758431647000,2018-08-20T10:47:11,,1220499683,IOS,,LoginViewController,auto,-5074745263819787413,,1,-5074745263819787414,SplashViewController,28007,3,,,,,,,,,,,1534758431647000,e65ed16c595914f10b59a8d872f916b0,uk.co.skoda.assistant.ios,1.1.6,,1:571703561616:ios:777087d7f78ec12a,manual_install,tablet,Apple,iPad,,"iPad7,5",IOS,11.4.1,,,en-gb,No,3600,,,Europe,United Kingdom,England,Andover,,,(direct),(none),(direct),e65ed16c595914f10b59a8d872f916b0_0
20180829,1535537194435002,2018-08-29T11:06:34,session_start,1535444670883002,2018-08-28T09:24:30,,36,160533,e65ed16c595914f10b59a8d872f916b0,52A0FD435CAA428E86D603157F72F23A,1534758431647000,2018-08-20T10:47:11,,1220499683,IOS,,LoginViewController,auto,-5074745263819787413,,1,,,28007,3,,,,,,,,,,,1534758431647000,e65ed16c595914f10b59a8d872f916b0,uk.co.skoda.assistant.ios,1.1.6,,1:571703561616:ios:777087d7f78ec12a,manual_install,tablet,Apple,iPad,,"iPad7,5",IOS,11.4.1,,,en-gb,No,3600,,,Europe,United Kingdom,England,Andover,,,(direct),(none),(direct),e65ed16c595914f10b59a8d872f916b0_0
20180829,1535537196746003,2018-08-29T11:06:36,user_engagement,1535445170769003,2018-08-28T09:32:50,,36,160533,e65ed16c595914f10b59a8d872f916b0,52A0FD435CAA428E86D603157F72F23A,1534758431647000,2018-08-20T10:47:11,,1220499683,IOS,,LoginViewController,auto,-5074745263819787413,12314,,,,28007,3,,,,,,,,,,,1534758431647000,e65ed16c595914f10b59a8d872f916b0,uk.co.skoda.assistant.ios,1.1.6,,1:571703561616:ios:777087d7f78ec12a,manual_install,tablet,Apple,iPad,,"iPad7,5",IOS,11.4.1,,,en-gb,No,3600,,,Europe,United Kingdom,England,Andover,,,(direct),(none),(direct),e65ed16c595914f10b59a8d872f916b0_0
20180829,1535537196747003,2018-08-29T11:06:36,screen_view,1535537184648003,2018-08-29T11:06:24,,36,160533,e65ed16c595914f10b59a8d872f916b0,52A0FD435CAA428E86D603157F72F23A,1534758431647000,2018-08-20T10:47:11,,1220499683,IOS,,SplashViewController,auto,-5074745263819787414,,1,-5074745263819787413,LoginViewController,28007,3,,,,,,,,,,,1534758431647000,e65ed16c595914f10b59a8d872f916b0,uk.co.skoda.assistant.ios,1.1.6,,1:571703561616:ios:777087d7f78ec12a,manual_install,tablet,Apple,iPad,,"iPad7,5",IOS,11.4.1,,,en-gb,No,3600,,,Europe,United Kingdom,England,Andover,,,(direct),(none),(direct),e65ed16c595914f10b59a8d872f916b0_0
20180829,1535537196795004,2018-08-29T11:06:36,AnalyticsEventLogin,1535444668464004,2018-08-28T09:24:28,,36,160533,e65ed16c595914f10b59a8d872f916b0,52A0FD435CAA428E86D603157F72F23A,1534758431647000,2018-08-20T10:47:11,,1220499683,IOS,,SplashViewController,app,-5074745263819787414,,1,,,28007,3,e65ed16c595914f10b59a8d872f916b0,,,,,,,,,,1534758431647000,e65ed16c595914f10b59a8d872f916b0,uk.co.skoda.assistant.ios,1.1.6,,1:571703561616:ios:777087d7f78ec12a,manual_install,tablet,Apple,iPad,,"iPad7,5",IOS,11.4.1,,,en-gb,No,3600,,,Europe,United Kingdom,England,Andover,,,(direct),(none),(direct),e65ed16c595914f10b59a8d872f916b0_1
20180829,1535537196970000,2018-08-29T11:06:36,button_press,1535444668603000,2018-08-28T09:24:28,,37,160534,e65ed16c595914f10b59a8d872f916b0,52A0FD435CAA428E86D603157F72F23A,1534758431647000,2018-08-20T10:47:11,,1220499683,IOS,,SplashViewController,app,-5074745263819787414,,1,,,28007,3,,globalnav_range,,,,,,,,,1534758431647000,e65ed16c595914f10b59a8d872f916b0,uk.co.skoda.assistant.ios,1.1.6,,1:571703561616:ios:777087d7f78ec12a,manual_install,tablet,Apple,iPad,,"iPad7,5",IOS,11.4.1,,,en-gb,No,3600,,,Europe,United Kingdom,England,Andover,,,(direct),(none),(direct),e65ed16c595914f10b59a8d872f916b0_1
20180829,1535537196971001,2018-08-29T11:06:36,button_press,1535537196970001,2018-08-29T11:06:36,,37,160534,e65ed16c595914f10b59a8d872f916b0,52A0FD435CAA428E86D603157F72F23A,1534758431647000,2018-08-20T10:47:11,,1220499683,IOS,,SplashViewController,app,-5074745263819787414,,1,,,28007,3,,range,,,,,,,,,1534758431647000,e65ed16c595914f10b59a8d872f916b0,uk.co.skoda.assistant.ios,1.1.6,,1:571703561616:ios:777087d7f78ec12a,manual_install,tablet,Apple,iPad,,"iPad7,5",IOS,11.4.1,,,en-gb,No,3600,,,Europe,United Kingdom,England,Andover,,,(direct),(none),(direct),e65ed16c595914f10b59a8d872f916b0_1
20180829,1535537197727002,2018-08-29T11:06:37,screen_view,1535537196747002,2018-08-29T11:06:36,,37,160534,e65ed16c595914f10b59a8d872f916b0,52A0FD435CAA428E86D603157F72F23A,1534758431647000,2018-08-20T10:47:11,,1220499683,IOS,,SkodaContentViewController,auto,-5074745263819787412,,1,-5074745263819787414,SplashViewController,28007,3,,,,,,,,,,,1534758431647000,e65ed16c595914f10b59a8d872f916b0,uk.co.skoda.assistant.ios,1.1.6,,1:571703561616:ios:777087d7f78ec12a,manual_install,tablet,Apple,iPad,,"iPad7,5",IOS,11.4.1,,,en-gb,No,3600,,,Europe,United Kingdom,England,Andover,,,(direct),(none),(direct),e65ed16c595914f10b59a8d872f916b0_1
20180829,1535537197728003,2018-08-29T11:06:37,screen_view,1535537197727003,2018-08-29T11:06:37,,37,160534,e65ed16c595914f10b59a8d872f916b0,52A0FD435CAA428E86D603157F72F23A,1534758431647000,2018-08-20T10:47:11,,1220499683,IOS,,RangeContentViewController,auto,-5074745263819787411,,1,-5074745263819787412,SkodaContentViewController,28007,3,,,,,,,,,,,1534758431647000,e65ed16c595914f10b59a8d872f916b0,uk.co.skoda.assistant.ios,1.1.6,,1:571703561616:ios:777087d7f78ec12a,manual_install,tablet,Apple,iPad,,"iPad7,5",IOS,11.4.1,,,en-gb,No,3600,,,Europe,United Kingdom,England,Andover,,,(direct),(none),(direct),e65ed16c595914f10b59a8d872f916b0_1
20180829,1535537314452000,2018-08-29T11:08:34,user_engagement,1535537196746000,2018-08-29T11:06:36,,38,100901,e65ed16c595914f10b59a8d872f916b0,52A0FD435CAA428E86D603157F72F23A,1534758431647000,2018-08-20T10:47:11,,1220499683,IOS,,RangeContentViewController,auto,-5074745263819787411,117705,,,,28007,3,,,,,,,,,,,1534758431647000,e65ed16c595914f10b59a8d872f916b0,uk.co.skoda.assistant.ios,1.1.6,,1:571703561616:ios:777087d7f78ec12a,manual_install,tablet,Apple,iPad,,"iPad7,5",IOS,11.4.1,,,en-gb,No,3600,,,Europe,United Kingdom,England,Andover,,,(direct),(none),(direct),e65ed16c595914f10b59a8d872f916b0_1
20180829,1535541315180000,2018-08-29T12:15:15,user_engagement,1535537314452000,2018-08-29T11:08:34,,39,122019,e65ed16c595914f10b59a8d872f916b0,52A0FD435CAA428E86D603157F72F23A,1534758431647000,2018-08-20T10:47:11,,1220499683,IOS,,RangeContentViewController,auto,-5074745263819787411,4623,,,,28007,3,,,,,,,,,,,1534758431647000,e65ed16c595914f10b59a8d872f916b0,uk.co.skoda.assistant.ios,1.1.6,,1:571703561616:ios:777087d7f78ec12a,manual_install,tablet,Apple,iPad,,"iPad7,5",IOS,11.4.1,,,en-gb,No,3600,,,Europe,United Kingdom,England,Andover,,,(direct),(none),(direct),e65ed16c595914f10b59a8d872f916b0_1
20180829,1535541333592000,2018-08-29T12:15:33,session_start,1535537194435000,2018-08-29T11:06:34,,40,179180,e65ed16c595914f10b59a8d872f916b0,52A0FD435CAA428E86D603157F72F23A,1534758431647000,2018-08-20T10:47:11,,1220499683,IOS,,RangeContentViewController,auto,-5074745263819787411,,1,,,28007,3,,,,,,,,,,,1534758431647000,e65ed16c595914f10b59a8d872f916b0,uk.co.skoda.assistant.ios,1.1.6,,1:571703561616:ios:777087d7f78ec12a,manual_install,tablet,Apple,iPad,,"iPad7,5",IOS,11.4.1,,,en-gb,No,3600,,,Europe,United Kingdom,England,Andover,,,(direct),(none),(direct),e65ed16c595914f10b59a8d872f916b0_1
20180829,1535541384401000,2018-08-29T12:16:24,button_press,1535537196971000,2018-08-29T11:06:36,,41,143258,e65ed16c595914f10b59a8d872f916b0,52A0FD435CAA428E86D603157F72F23A,1534758431647000,2018-08-20T10:47:11,,1220499683,IOS,,RangeContentViewController,app,-5074745263819787411,,1,,,28007,3,,range_home_filter_open,,,,,,,,,1534758431647000,e65ed16c595914f10b59a8d872f916b0,uk.co.skoda.assistant.ios,1.1.6,,1:571703561616:ios:777087d7f78ec12a,manual_install,tablet,Apple,iPad,,"iPad7,5",IOS,11.4.1,,,en-gb,No,3600,,,Europe,United Kingdom,England,Andover,,,(direct),(none),(direct),e65ed16c595914f10b59a8d872f916b0_1
20180829,1535541573755001,2018-08-29T12:19:33,user_engagement,1535541315180001,2018-08-29T12:15:15,,41,143258,e65ed16c595914f10b59a8d872f916b0,52A0FD435CAA428E86D603157F72F23A,1534758431647000,2018-08-20T10:47:11,,1220499683,IOS,,RangeContentViewController,auto,-5074745263819787411,250163,,,,28007,3,,,,,,,,,,,1534758431647000,e65ed16c595914f10b59a8d872f916b0,uk.co.skoda.assistant.ios,1.1.6,,1:571703561616:ios:777087d7f78ec12a,manual_install,tablet,Apple,iPad,,"iPad7,5",IOS,11.4.1,,,en-gb,No,3600,,,Europe,United Kingdom,England,Andover,,,(direct),(none),(direct),e65ed16c595914f10b59a8d872f916b0_1
20180829,1535541574415000,2018-08-29T12:19:34,user_engagement,1535541573755000,2018-08-29T12:19:33,,42,121715,e65ed16c595914f10b59a8d872f916b0,52A0FD435CAA428E86D603157F72F23A,1534758431647000,2018-08-20T10:47:11,,1220499683,IOS,,RangeContentViewController,auto,-5074745263819787411,31,,,,28007,3,,,,,,,,,,,1534758431647000,e65ed16c595914f10b59a8d872f916b0,uk.co.skoda.assistant.ios,1.1.6,,1:571703561616:ios:777087d7f78ec12a,manual_install,tablet,Apple,iPad,,"iPad7,5",IOS,11.4.1,,,en-gb,No,3600,,,Europe,United Kingdom,England,Andover,,,(direct),(none),(direct),e65ed16c595914f10b59a8d872f916b0_1
20180829,1535541575712000,2018-08-29T12:19:35,user_engagement,1535541574415000,2018-08-29T12:19:34,,43,116793,e65ed16c595914f10b59a8d872f916b0,52A0FD435CAA428E86D603157F72F23A,1534758431647000,2018-08-20T10:47:11,,1220499683,IOS,,RangeContentViewController,auto,-5074745263819787411,22,,,,28007,3,,,,,,,,,,,1534758431647000,e65ed16c595914f10b59a8d872f916b0,uk.co.skoda.assistant.ios,1.1.6,,1:571703561616:ios:777087d7f78ec12a,manual_install,tablet,Apple,iPad,,"iPad7,5",IOS,11.4.1,,,en-gb,No,3600,,,Europe,United Kingdom,England,Andover,,,(direct),(none),(direct),e65ed16c595914f10b59a8d872f916b0_1
20180829,1535541589952000,2018-08-29T12:19:49,screen_view,1535537197728000,2018-08-29T11:06:37,,44,337427,e65ed16c595914f10b59a8d872f916b0,52A0FD435CAA428E86D603157F72F23A,1534758431647000,2018-08-20T10:47:11,,1220499683,IOS,,ProfileViewController,auto,-5074745263819787410,,1,-5074745263819787411,RangeContentViewController,28007,3,,,,,,,,,,,1534758431647000,e65ed16c595914f10b59a8d872f916b0,uk.co.skoda.assistant.ios,1.1.6,,1:571703561616:ios:777087d7f78ec12a,manual_install,tablet,Apple,iPad,,"iPad7,5",IOS,11.4.1,,,en-gb,No,3600,,,Europe,United Kingdom,England,Andover,,,(direct),(none),(direct),e65ed16c595914f10b59a8d872f916b0_1
20180829,1535541589952000,2018-08-29T12:19:49,user_engagement,1535541575712000,2018-08-29T12:19:35,,44,337427,e65ed16c595914f10b59a8d872f916b0,52A0FD435CAA428E86D603157F72F23A,1534758431647000,2018-08-20T10:47:11,,1220499683,IOS,,RangeContentViewController,auto,-5074745263819787411,13525,,,,28007,3,,,,,,,,,,,1534758431647000,e65ed16c595914f10b59a8d872f916b0,uk.co.skoda.assistant.ios,1.1.6,,1:571703561616:ios:777087d7f78ec12a,manual_install,tablet,Apple,iPad,,"iPad7,5",IOS,11.4.1,,,en-gb,No,3600,,,Europe,United Kingdom,England,Andover,,,(direct),(none),(direct),e65ed16c595914f10b59a8d872f916b0_1
20180829,1535541592060002,2018-08-29T12:19:52,user_engagement,1535541589952002,2018-08-29T12:19:49,,44,337427,e65ed16c595914f10b59a8d872f916b0,52A0FD435CAA428E86D603157F72F23A,1534758431647000,2018-08-20T10:47:11,,1220499683,IOS,,ProfileViewController,auto,-5074745263819787410,2108,,,,28007,3,,,,,,,,,,,1534758431647000,e65ed16c595914f10b59a8d872f916b0,uk.co.skoda.assistant.ios,1.1.6,,1:571703561616:ios:777087d7f78ec12a,manual_install,tablet,Apple,iPad,,"iPad7,5",IOS,11.4.1,,,en-gb,No,3600,,,Europe,United Kingdom,England,Andover,,,(direct),(none),(direct),e65ed16c595914f10b59a8d872f916b0_1
20180829,1535541592061001,2018-08-29T12:19:52,screen_view,1535541589952001,2018-08-29T12:19:49,,44,337427,e65ed16c595914f10b59a8d872f916b0,52A0FD435CAA428E86D603157F72F23A,1534758431647000,2018-08-20T10:47:11,,1220499683,IOS,,RangeContentViewController,auto,-5074745263819787411,,1,-5074745263819787410,ProfileViewController,28007,3,,,,,,,,,,,1534758431647000,e65ed16c595914f10b59a8d872f916b0,uk.co.skoda.assistant.ios,1.1.6,,1:571703561616:ios:777087d7f78ec12a,manual_install,tablet,Apple,iPad,,"iPad7,5",IOS,11.4.1,,,en-gb,No,3600,,,Europe,United Kingdom,England,Andover,,,(direct),(none),(direct),e65ed16c595914f10b59a8d872f916b0_1
20180829,1535541592819004,2018-08-29T12:19:52,user_engagement,1535541592060004,2018-08-29T12:19:52,,44,337427,e65ed16c595914f10b59a8d872f916b0,52A0FD435CAA428E86D603157F72F23A,1534758431647000,2018-08-20T10:47:11,,1220499683,IOS,,RangeContentViewController,auto,-5074745263819787411,759,,,,28007,3,,,,,,,,,,,1534758431647000,e65ed16c595914f10b59a8d872f916b0,uk.co.skoda.assistant.ios,1.1.6,,1:571703561616:ios:777087d7f78ec12a,manual_install,tablet,Apple,iPad,,"iPad7,5",IOS,11.4.1,,,en-gb,No,3600,,,Europe,United Kingdom,England,Andover,,,(direct),(none),(direct),e65ed16c595914f10b59a8d872f916b0_1
20180829,1535541606396000,2018-08-29T12:20:06,screen_view,1535541592061000,2018-08-29T12:19:52,,45,124627,e65ed16c595914f10b59a8d872f916b0,52A0FD435CAA428E86D603157F72F23A,1534758431647000,2018-08-20T10:47:11,,1220499683,IOS,,ProfileImageCaptureViewController,auto,-5074745263819787409,,1,-5074745263819787411,RangeContentViewController,28007,3,,,,,,,,,,,1534758431647000,e65ed16c595914f10b59a8d872f916b0,uk.co.skoda.assistant.ios,1.1.6,,1:571703561616:ios:777087d7f78ec12a,manual_install,tablet,Apple,iPad,,"iPad7,5",IOS,11.4.1,,,en-gb,No,3600,,,Europe,United Kingdom,England,Andover,,,(direct),(none),(direct),e65ed16c595914f10b59a8d872f916b0_1
20180829,1535541609006001,2018-08-29T12:20:09,user_engagement,1535541592819001,2018-08-29T12:19:52,,45,124627,e65ed16c595914f10b59a8d872f916b0,52A0FD435CAA428E86D603157F72F23A,1534758431647000,2018-08-20T10:47:11,,1220499683,IOS,,ProfileImageCaptureViewController,auto,-5074745263819787409,2610,,,,28007,3,,,,,,,,,,,1534758431647000,e65ed16c595914f10b59a8d872f916b0,uk.co.skoda.assistant.ios,1.1.6,,1:571703561616:ios:777087d7f78ec12a,manual_install,tablet,Apple,iPad,,"iPad7,5",IOS,11.4.1,,,en-gb,No,3600,,,Europe,United Kingdom,England,Andover,,,(direct),(none),(direct),e65ed16c595914f10b59a8d872f916b0_1
20180829,1535541609008001,2018-08-29T12:20:09,screen_view,1535541606396001,2018-08-29T12:20:06,,45,124627,e65ed16c595914f10b59a8d872f916b0,52A0FD435CAA428E86D603157F72F23A,1534758431647000,2018-08-20T10:47:11,,1220499683,IOS,,RangeContentViewController,auto,-5074745263819787411,,1,-5074745263819787409,ProfileImageCaptureViewController,28007,3,,,,,,,,,,,1534758431647000,e65ed16c595914f10b59a8d872f916b0,uk.co.skoda.assistant.ios,1.1.6,,1:571703561616:ios:777087d7f78ec12a,manual_install,tablet,Apple,iPad,,"iPad7,5",IOS,11.4.1,,,en-gb,No,3600,,,Europe,United Kingdom,England,Andover,,,(direct),(none),(direct),e65ed16c595914f10b59a8d872f916b0_1
20180829,1535541728718003,2018-08-29T12:22:08,user_engagement,1535541609006003,2018-08-29T12:20:09,,45,124627,e65ed16c595914f10b59a8d872f916b0,52A0FD435CAA428E86D603157F72F23A,1534758431647000,2018-08-20T10:47:11,,1220499683,IOS,,RangeContentViewController,auto,-5074745263819787411,119712,,,,28007,3,,,,,,,,,,,1534758431647000,e65ed16c595914f10b59a8d872f916b0,uk.co.skoda.assistant.ios,1.1.6,,1:571703561616:ios:777087d7f78ec12a,manual_install,tablet,Apple,iPad,,"iPad7,5",IOS,11.4.1,,,en-gb,No,3600,,,Europe,United Kingdom,England,Andover,,,(direct),(none),(direct),e65ed16c595914f10b59a8d872f916b0_1
20180829,1535542394498000,2018-08-29T12:33:14,button_press,1535541384401000,2018-08-29T12:16:24,,46,125166,e65ed16c595914f10b59a8d872f916b0,52A0FD435CAA428E86D603157F72F23A,1534758431647000,2018-08-20T10:47:11,,1220499683,IOS,,RangeContentViewController,app,-5074745263819787411,,1,,,28007,3,,globalnav_range,,,,,,,,,1534758431647000,e65ed16c595914f10b59a8d872f916b0,uk.co.skoda.assistant.ios,1.1.6,,1:571703561616:ios:777087d7f78ec12a,manual_install,tablet,Apple,iPad,,"iPad7,5",IOS,11.4.1,,,en-gb,No,3600,,,Europe,United Kingdom,England,Andover,,,(direct),(none),(direct),e65ed16c595914f10b59a8d872f916b0_1
20180829,1535542400816001,2018-08-29T12:33:20,button_press,1535542394498001,2018-08-29T12:33:14,,46,125166,e65ed16c595914f10b59a8d872f916b0,52A0FD435CAA428E86D603157F72F23A,1534758431647000,2018-08-20T10:47:11,,1220499683,IOS,,RangeContentViewController,app,-5074745263819787411,,1,,,28007,3,SE L,range_home_trim_select,41,,,,,,,,1534758431647000,e65ed16c595914f10b59a8d872f916b0,uk.co.skoda.assistant.ios,1.1.6,,1:571703561616:ios:777087d7f78ec12a,manual_install,tablet,Apple,iPad,,"iPad7,5",IOS,11.4.1,,,en-gb,No,3600,,,Europe,United Kingdom,England,Andover,,,(direct),(none),(direct),e65ed16c595914f10b59a8d872f916b0_1
20180829,1535542401738002,2018-08-29T12:33:21,user_engagement,1535541728718002,2018-08-29T12:22:08,,46,125166,e65ed16c595914f10b59a8d872f916b0,52A0FD435CAA428E86D603157F72F23A,1534758431647000,2018-08-20T10:47:11,,1220499683,IOS,,RangeContentViewController,auto,-5074745263819787411,8545,,,,28007,3,,,,,,,,,,,1534758431647000,e65ed16c595914f10b59a8d872f916b0,uk.co.skoda.assistant.ios,1.1.6,,1:571703561616:ios:777087d7f78ec12a,manual_install,tablet,Apple,iPad,,"iPad7,5",IOS,11.4.1,,,en-gb,No,3600,,,Europe,United Kingdom,England,Andover,,,(direct),(none),(direct),e65ed16c595914f10b59a8d872f916b0_1
20180829,1535542401739002,2018-08-29T12:33:21,screen_view,1535541609008002,2018-08-29T12:20:09,,46,125166,e65ed16c595914f10b59a8d872f916b0,52A0FD435CAA428E86D603157F72F23A,1534758431647000,2018-08-20T10:47:11,,1220499683,IOS,,TrimViewController,auto,-5074745263819787408,,1,-5074745263819787411,RangeContentViewController,28007,3,,,,,,,,,,,1534758431647000,e65ed16c595914f10b59a8d872f916b0,uk.co.skoda.assistant.ios,1.1.6,,1:571703561616:ios:777087d7f78ec12a,manual_install,tablet,Apple,iPad,,"iPad7,5",IOS,11.4.1,,,en-gb,No,3600,,,Europe,United Kingdom,England,Andover,,,(direct),(none),(direct),e65ed16c595914f10b59a8d872f916b0_1
20180829,1535542414334003,2018-08-29T12:33:34,button_press,1535542400816003,2018-08-29T12:33:20,,46,125166,e65ed16c595914f10b59a8d872f916b0,52A0FD435CAA428E86D603157F72F23A,1534758431647000,2018-08-20T10:47:11,,1220499683,IOS,,TrimViewController,app,-5074745263819787408,,1,,,28007,3,1.5 TSI 150PS DSG,trim_home_view_full_details,5791,,,,,,,,1534758431647000,e65ed16c595914f10b59a8d872f916b0,uk.co.skoda.assistant.ios,1.1.6,,1:571703561616:ios:777087d7f78ec12a,manual_install,tablet,Apple,iPad,,"iPad7,5",IOS,11.4.1,,,en-gb,No,3600,,,Europe,United Kingdom,England,Andover,,,(direct),(none),(direct),e65ed16c595914f10b59a8d872f916b0_1
20180829,1535542415011005,2018-08-29T12:33:35,user_engagement,1535542401738005,2018-08-29T12:33:21,,46,125166,e65ed16c595914f10b59a8d872f916b0,52A0FD435CAA428E86D603157F72F23A,1534758431647000,2018-08-20T10:47:11,,1220499683,IOS,,TrimViewController,auto,-5074745263819787408,13273,,,,28007,3,,,,,,,,,,,1534758431647000,e65ed16c595914f10b59a8d872f916b0,uk.co.skoda.assistant.ios,1.1.6,,1:571703561616:ios:777087d7f78ec12a,manual_install,tablet,Apple,iPad,,"iPad7,5",IOS,11.4.1,,,en-gb,No,3600,,,Europe,United Kingdom,England,Andover,,,(direct),(none),(direct),e65ed16c595914f10b59a8d872f916b0_1
20180829,1535542415012004,2018-08-29T12:33:35,screen_view,1535542401739004,2018-08-29T12:33:21,,46,125166,e65ed16c595914f10b59a8d872f916b0,52A0FD435CAA428E86D603157F72F23A,1534758431647000,2018-08-20T10:47:11,,1220499683,IOS,,EngineDetailsViewController,auto,-5074745263819787407,,1,-5074745263819787408,TrimViewController,28007,3,,,,,,,,,,,1534758431647000,e65ed16c595914f10b59a8d872f916b0,uk.co.skoda.assistant.ios,1.1.6,,1:571703561616:ios:777087d7f78ec12a,manual_install,tablet,Apple,iPad,,"iPad7,5",IOS,11.4.1,,,en-gb,No,3600,,,Europe,United Kingdom,England,Andover,,,(direct),(none),(direct),e65ed16c595914f10b59a8d872f916b0_1
20180829,1535542440306005,2018-08-29T12:34:00,screen_view,1535542415012005,2018-08-29T12:33:35,,46,125166,e65ed16c595914f10b59a8d872f916b0,52A0FD435CAA428E86D603157F72F23A,1534758431647000,2018-08-20T10:47:11,,1220499683,IOS,,SkodaContentViewController,auto,-5074745263819787412,,1,-5074745263819787407,EngineDetailsViewController,28007,3,,,,,,,,,,,1534758431647000,e65ed16c595914f10b59a8d872f916b0,uk.co.skoda.assistant.ios,1.1.6,,1:571703561616:ios:777087d7f78ec12a,manual_install,tablet,Apple,iPad,,"iPad7,5",IOS,11.4.1,,,en-gb,No,3600,,,Europe,United Kingdom,England,Andover,,,(direct),(none),(direct),e65ed16c595914f10b59a8d872f916b0_1
20180829,1535542440306007,2018-08-29T12:34:00,user_engagement,1535542415011007,2018-08-29T12:33:35,,46,125166,e65ed16c595914f10b59a8d872f916b0,52A0FD435CAA428E86D603157F72F23A,1534758431647000,2018-08-20T10:47:11,,1220499683,IOS,,EngineDetailsViewController,auto,-5074745263819787407,25294,,,,28007,3,,,,,,,,,,,1534758431647000,e65ed16c595914f10b59a8d872f916b0,uk.co.skoda.assistant.ios,1.1.6,,1:571703561616:ios:777087d7f78ec12a,manual_install,tablet,Apple,iPad,,"iPad7,5",IOS,11.4.1,,,en-gb,No,3600,,,Europe,United Kingdom,England,Andover,,,(direct),(none),(direct),e65ed16c595914f10b59a8d872f916b0_1
20180829,1535542440309006,2018-08-29T12:34:00,screen_view,1535542440306006,2018-08-29T12:34:00,,46,125166,e65ed16c595914f10b59a8d872f916b0,52A0FD435CAA428E86D603157F72F23A,1534758431647000,2018-08-20T10:47:11,,1220499683,IOS,,TrimViewController,auto,-5074745263819787408,,1,-5074745263819787412,SkodaContentViewController,28007,3,,,,,,,,,,,1534758431647000,e65ed16c595914f10b59a8d872f916b0,uk.co.skoda.assistant.ios,1.1.6,,1:571703561616:ios:777087d7f78ec12a,manual_install,tablet,Apple,iPad,,"iPad7,5",IOS,11.4.1,,,en-gb,No,3600,,,Europe,United Kingdom,England,Andover,,,(direct),(none),(direct),e65ed16c595914f10b59a8d872f916b0_1
20180829,1535542444602007,2018-08-29T12:34:04,button_press,1535542414334007,2018-08-29T12:33:34,,46,125166,e65ed16c595914f10b59a8d872f916b0,52A0FD435CAA428E86D603157F72F23A,1534758431647000,2018-08-20T10:47:11,,1220499683,IOS,,TrimViewController,app,-5074745263819787408,,1,,,28007,3,1.5 TSI 150PS DSG,trim_home_view_full_details,5791,,,,,,,,1534758431647000,e65ed16c595914f10b59a8d872f916b0,uk.co.skoda.assistant.ios,1.1.6,,1:571703561616:ios:777087d7f78ec12a,manual_install,tablet,Apple,iPad,,"iPad7,5",IOS,11.4.1,,,en-gb,No,3600,,,Europe,United Kingdom,England,Andover,,,(direct),(none),(direct),e65ed16c595914f10b59a8d872f916b0_1
20180829,1535542445233011,2018-08-29T12:34:05,user_engagement,1535542440306011,2018-08-29T12:34:00,,46,125166,e65ed16c595914f10b59a8d872f916b0,52A0FD435CAA428E86D603157F72F23A,1534758431647000,2018-08-20T10:47:11,,1220499683,IOS,,TrimViewController,auto,-5074745263819787408,4927,,,,28007,3,,,,,,,,,,,1534758431647000,e65ed16c595914f10b59a8d872f916b0,uk.co.skoda.assistant.ios,1.1.6,,1:571703561616:ios:777087d7f78ec12a,manual_install,tablet,Apple,iPad,,"iPad7,5",IOS,11.4.1,,,en-gb,No,3600,,,Europe,United Kingdom,England,Andover,,,(direct),(none),(direct),e65ed16c595914f10b59a8d872f916b0_1
20180829,1535542445234008,2018-08-29T12:34:05,screen_view,1535542440309008,2018-08-29T12:34:00,,46,125166,e65ed16c595914f10b59a8d872f916b0,52A0FD435CAA428E86D603157F72F23A,1534758431647000,2018-08-20T10:47:11,,1220499683,IOS,,EngineDetailsViewController,auto,-5074745263819787406,,1,-5074745263819787408,TrimViewController,28007,3,,,,,,,,,,,1534758431647000,e65ed16c595914f10b59a8d872f916b0,uk.co.skoda.assistant.ios,1.1.6,,1:571703561616:ios:777087d7f78ec12a,manual_install,tablet,Apple,iPad,,"iPad7,5",IOS,11.4.1,,,en-gb,No,3600,,,Europe,United Kingdom,England,Andover,,,(direct),(none),(direct),e65ed16c595914f10b59a8d872f916b0_1
20180829,1535542452127013,2018-08-29T12:34:12,user_engagement,1535542445233013,2018-08-29T12:34:05,,46,125166,e65ed16c595914f10b59a8d872f916b0,52A0FD435CAA428E86D603157F72F23A,1534758431647000,2018-08-20T10:47:11,,1220499683,IOS,,EngineDetailsViewController,auto,-5074745263819787406,6894,,,,28007,3,,,,,,,,,,,1534758431647000,e65ed16c595914f10b59a8d872f916b0,uk.co.skoda.assistant.ios,1.1.6,,1:571703561616:ios:777087d7f78ec12a,manual_install,tablet,Apple,iPad,,"iPad7,5",IOS,11.4.1,,,en-gb,No,3600,,,Europe,United Kingdom,England,Andover,,,(direct),(none),(direct),e65ed16c595914f10b59a8d872f916b0_1
20180829,1535542452128009,2018-08-29T12:34:12,screen_view,1535542445234009,2018-08-29T12:34:05,,46,125166,e65ed16c595914f10b59a8d872f916b0,52A0FD435CAA428E86D603157F72F23A,1534758431647000,2018-08-20T10:47:11,,1220499683,IOS,,SkodaContentViewController,auto,-5074745263819787412,,1,-5074745263819787406,EngineDetailsViewController,28007,3,,,,,,,,,,,1534758431647000,e65ed16c595914f10b59a8d872f916b0,uk.co.skoda.assistant.ios,1.1.6,,1:571703561616:ios:777087d7f78ec12a,manual_install,tablet,Apple,iPad,,"iPad7,5",IOS,11.4.1,,,en-gb,No,3600,,,Europe,United Kingdom,England,Andover,,,(direct),(none),(direct),e65ed16c595914f10b59a8d872f916b0_1
20180829,1535542452130010,2018-08-29T12:34:12,screen_view,1535542452128010,2018-08-29T12:34:12,,46,125166,e65ed16c595914f10b59a8d872f916b0,52A0FD435CAA428E86D603157F72F23A,1534758431647000,2018-08-20T10:47:11,,1220499683,IOS,,TrimViewController,auto,-5074745263819787408,,1,-5074745263819787412,SkodaContentViewController,28007,3,,,,,,,,,,,1534758431647000,e65ed16c595914f10b59a8d872f916b0,uk.co.skoda.assistant.ios,1.1.6,,1:571703561616:ios:777087d7f78ec12a,manual_install,tablet,Apple,iPad,,"iPad7,5",IOS,11.4.1,,,en-gb,No,3600,,,Europe,United Kingdom,England,Andover,,,(direct),(none),(direct),e65ed16c595914f10b59a8d872f916b0_1
20180829,1535542533098016,2018-08-29T12:35:33,user_engagement,1535542452127016,2018-08-29T12:34:12,,46,125166,e65ed16c595914f10b59a8d872f916b0,52A0FD435CAA428E86D603157F72F23A,1534758431647000,2018-08-20T10:47:11,,1220499683,IOS,,TrimViewController,auto,-5074745263819787408,80970,,,,28007,3,,,,,,,,,,,1534758431647000,e65ed16c595914f10b59a8d872f916b0,uk.co.skoda.assistant.ios,1.1.6,,1:571703561616:ios:777087d7f78ec12a,manual_install,tablet,Apple,iPad,,"iPad7,5",IOS,11.4.1,,,en-gb,No,3600,,,Europe,United Kingdom,England,Andover,,,(direct),(none),(direct),e65ed16c595914f10b59a8d872f916b0_1
20180829,1535542533099011,2018-08-29T12:35:33,screen_view,1535542452130011,2018-08-29T12:34:12,,46,125166,e65ed16c595914f10b59a8d872f916b0,52A0FD435CAA428E86D603157F72F23A,1534758431647000,2018-08-20T10:47:11,,1220499683,IOS,,RangeContentViewController,auto,-5074745263819787411,,1,-5074745263819787408,TrimViewController,28007,3,,,,,,,,,,,1534758431647000,e65ed16c595914f10b59a8d872f916b0,uk.co.skoda.assistant.ios,1.1.6,,1:571703561616:ios:777087d7f78ec12a,manual_install,tablet,Apple,iPad,,"iPad7,5",IOS,11.4.1,,,en-gb,No,3600,,,Europe,United Kingdom,England,Andover,,,(direct),(none),(direct),e65ed16c595914f10b59a8d872f916b0_1
20180829,1535542535129012,2018-08-29T12:35:35,button_press,1535542444602012,2018-08-29T12:34:04,,46,125166,e65ed16c595914f10b59a8d872f916b0,52A0FD435CAA428E86D603157F72F23A,1534758431647000,2018-08-20T10:47:11,,1220499683,IOS,,RangeContentViewController,app,-5074745263819787411,,1,,,28007,3,Edition,range_home_trim_select,38,,,,,,,,1534758431647000,e65ed16c595914f10b59a8d872f916b0,uk.co.skoda.assistant.ios,1.1.6,,1:571703561616:ios:777087d7f78ec12a,manual_install,tablet,Apple,iPad,,"iPad7,5",IOS,11.4.1,,,en-gb,No,3600,,,Europe,United Kingdom,England,Andover,,,(direct),(none),(direct),e65ed16c595914f10b59a8d872f916b0_1
20180829,1535542535789013,2018-08-29T12:35:35,screen_view,1535542533099013,2018-08-29T12:35:33,,46,125166,e65ed16c595914f10b59a8d872f916b0,52A0FD435CAA428E86D603157F72F23A,1534758431647000,2018-08-20T10:47:11,,1220499683,IOS,,TrimViewController,auto,-5074745263819787405,,1,-5074745263819787411,RangeContentViewController,28007,3,,,,,,,,,,,1534758431647000,e65ed16c595914f10b59a8d872f916b0,uk.co.skoda.assistant.ios,1.1.6,,1:571703561616:ios:777087d7f78ec12a,manual_install,tablet,Apple,iPad,,"iPad7,5",IOS,11.4.1,,,en-gb,No,3600,,,Europe,United Kingdom,England,Andover,,,(direct),(none),(direct),e65ed16c595914f10b59a8d872f916b0_1
20180829,1535542535789019,2018-08-29T12:35:35,user_engagement,1535542533098019,2018-08-29T12:35:33,,46,125166,e65ed16c595914f10b59a8d872f916b0,52A0FD435CAA428E86D603157F72F23A,1534758431647000,2018-08-20T10:47:11,,1220499683,IOS,,RangeContentViewController,auto,-5074745263819787411,2690,,,,28007,3,,,,,,,,,,,1534758431647000,e65ed16c595914f10b59a8d872f916b0,uk.co.skoda.assistant.ios,1.1.6,,1:571703561616:ios:777087d7f78ec12a,manual_install,tablet,Apple,iPad,,"iPad7,5",IOS,11.4.1,,,en-gb,No,3600,,,Europe,United Kingdom,England,Andover,,,(direct),(none),(direct),e65ed16c595914f10b59a8d872f916b0_1
20180829,1535542568407021,2018-08-29T12:36:08,user_engagement,1535542535789021,2018-08-29T12:35:35,,46,125166,e65ed16c595914f10b59a8d872f916b0,52A0FD435CAA428E86D603157F72F23A,1534758431647000,2018-08-20T10:47:11,,1220499683,IOS,,TrimViewController,auto,-5074745263819787405,32617,,,,28007,3,,,,,,,,,,,1534758431647000,e65ed16c595914f10b59a8d872f916b0,uk.co.skoda.assistant.ios,1.1.6,,1:571703561616:ios:777087d7f78ec12a,manual_install,tablet,Apple,iPad,,"iPad7,5",IOS,11.4.1,,,en-gb,No,3600,,,Europe,United Kingdom,England,Andover,,,(direct),(none),(direct),e65ed16c595914f10b59a8d872f916b0_1
20180829,1535542568408014,2018-08-29T12:36:08,screen_view,1535542535789014,2018-08-29T12:35:35,,46,125166,e65ed16c595914f10b59a8d872f916b0,52A0FD435CAA428E86D603157F72F23A,1534758431647000,2018-08-20T10:47:11,,1220499683,IOS,,RangeContentViewController,auto,-5074745263819787411,,1,-5074745263819787405,TrimViewController,28007,3,,,,,,,,,,,1534758431647000,e65ed16c595914f10b59a8d872f916b0,uk.co.skoda.assistant.ios,1.1.6,,1:571703561616:ios:777087d7f78ec12a,manual_install,tablet,Apple,iPad,,"iPad7,5",IOS,11.4.1,,,en-gb,No,3600,,,Europe,United Kingdom,England,Andover,,,(direct),(none),(direct),e65ed16c595914f10b59a8d872f916b0_1
20180829,1535542579146015,2018-08-29T12:36:19,button_press,1535542535129015,2018-08-29T12:35:35,,46,125166,e65ed16c595914f10b59a8d872f916b0,52A0FD435CAA428E86D603157F72F23A,1534758431647000,2018-08-20T10:47:11,,1220499683,IOS,,RangeContentViewController,app,-5074745263819787411,,1,,,28007,3,,globalnav_compare,,,,,,,,,1534758431647000,e65ed16c595914f10b59a8d872f916b0,uk.co.skoda.assistant.ios,1.1.6,,1:571703561616:ios:777087d7f78ec12a,manual_install,tablet,Apple,iPad,,"iPad7,5",IOS,11.4.1,,,en-gb,No,3600,,,Europe,United Kingdom,England,Andover,,,(direct),(none),(direct),e65ed16c595914f10b59a8d872f916b0_1
20180829,1535542579178016,2018-08-29T12:36:19,button_press,1535542579146016,2018-08-29T12:36:19,,46,125166,e65ed16c595914f10b59a8d872f916b0,52A0FD435CAA428E86D603157F72F23A,1534758431647000,2018-08-20T10:47:11,,1220499683,IOS,,RangeContentViewController,app,-5074745263819787411,,1,,,28007,3,,compare,,,,,,,,,1534758431647000,e65ed16c595914f10b59a8d872f916b0,uk.co.skoda.assistant.ios,1.1.6,,1:571703561616:ios:777087d7f78ec12a,manual_install,tablet,Apple,iPad,,"iPad7,5",IOS,11.4.1,,,en-gb,No,3600,,,Europe,United Kingdom,England,Andover,,,(direct),(none),(direct),e65ed16c595914f10b59a8d872f916b0_1
20180829,1535542579367025,2018-08-29T12:36:19,user_engagement,1535542568407025,2018-08-29T12:36:08,,46,125166,e65ed16c595914f10b59a8d872f916b0,52A0FD435CAA428E86D603157F72F23A,1534758431647000,2018-08-20T10:47:11,,1220499683,IOS,,RangeContentViewController,auto,-5074745263819787411,10960,,,,28007,3,,,,,,,,,,,1534758431647000,e65ed16c595914f10b59a8d872f916b0,uk.co.skoda.assistant.ios,1.1.6,,1:571703561616:ios:777087d7f78ec12a,manual_install,tablet,Apple,iPad,,"iPad7,5",IOS,11.4.1,,,en-gb,No,3600,,,Europe,United Kingdom,England,Andover,,,(direct),(none),(direct),e65ed16c595914f10b59a8d872f916b0_1
20180829,1535542579368017,2018-08-29T12:36:19,screen_view,1535542568408017,2018-08-29T12:36:08,,46,125166,e65ed16c595914f10b59a8d872f916b0,52A0FD435CAA428E86D603157F72F23A,1534758431647000,2018-08-20T10:47:11,,1220499683,IOS,,SkodaContentViewController,auto,-5074745263819787412,,1,-5074745263819787411,RangeContentViewController,28007,3,,,,,,,,,,,1534758431647000,e65ed16c595914f10b59a8d872f916b0,uk.co.skoda.assistant.ios,1.1.6,,1:571703561616:ios:777087d7f78ec12a,manual_install,tablet,Apple,iPad,,"iPad7,5",IOS,11.4.1,,,en-gb,No,3600,,,Europe,United Kingdom,England,Andover,,,(direct),(none),(direct),e65ed16c595914f10b59a8d872f916b0_1
20180829,1535542660248018,2018-08-29T12:37:40,button_press,1535542579178018,2018-08-29T12:36:19,,46,125166,e65ed16c595914f10b59a8d872f916b0,52A0FD435CAA428E86D603157F72F23A,1534758431647000,2018-08-20T10:47:11,,1220499683,IOS,,SkodaContentViewController,app,-5074745263819787412,,1,,,28007,3,,compare_models,,,,,,,,,1534758431647000,e65ed16c595914f10b59a8d872f916b0,uk.co.skoda.assistant.ios,1.1.6,,1:571703561616:ios:777087d7f78ec12a,manual_install,tablet,Apple,iPad,,"iPad7,5",IOS,11.4.1,,,en-gb,No,3600,,,Europe,United Kingdom,England,Andover,,,(direct),(none),(direct),e65ed16c595914f10b59a8d872f916b0_1
20180829,1535542660810019,2018-08-29T12:37:40,screen_view,1535542579368019,2018-08-29T12:36:19,,46,125166,e65ed16c595914f10b59a8d872f916b0,52A0FD435CAA428E86D603157F72F23A,1534758431647000,2018-08-20T10:47:11,,1220499683,IOS,,ComparisonResultViewController,auto,-5074745263819787404,,1,-5074745263819787412,SkodaContentViewController,28007,3,,,,,,,,,,,1534758431647000,e65ed16c595914f10b59a8d872f916b0,uk.co.skoda.assistant.ios,1.1.6,,1:571703561616:ios:777087d7f78ec12a,manual_install,tablet,Apple,iPad,,"iPad7,5",IOS,11.4.1,,,en-gb,No,3600,,,Europe,United Kingdom,England,Andover,,,(direct),(none),(direct),e65ed16c595914f10b59a8d872f916b0_1
20180829,1535542660810028,2018-08-29T12:37:40,user_engagement,1535542579367028,2018-08-29T12:36:19,,46,125166,e65ed16c595914f10b59a8d872f916b0,52A0FD435CAA428E86D603157F72F23A,1534758431647000,2018-08-20T10:47:11,,1220499683,IOS,,SkodaContentViewController,auto,-5074745263819787412,81442,,,,28007,3,,,,,,,,,,,1534758431647000,e65ed16c595914f10b59a8d872f916b0,uk.co.skoda.assistant.ios,1.1.6,,1:571703561616:ios:777087d7f78ec12a,manual_install,tablet,Apple,iPad,,"iPad7,5",IOS,11.4.1,,,en-gb,No,3600,,,Europe,United Kingdom,England,Andover,,,(direct),(none),(direct),e65ed16c595914f10b59a8d872f916b0_1
20180829,1535542660863030,2018-08-29T12:37:40,AnalyticsEventComparison,1535208157246030,2018-08-25T15:42:37,,46,125166,e65ed16c595914f10b59a8d872f916b0,52A0FD435CAA428E86D603157F72F23A,1534758431647000,2018-08-20T10:47:11,,1220499683,IOS,,ComparisonResultViewController,app,-5074745263819787404,,,,,28007,3,,,,,225329,225331,,,,,1534758431647000,e65ed16c595914f10b59a8d872f916b0,uk.co.skoda.assistant.ios,1.1.6,,1:571703561616:ios:777087d7f78ec12a,manual_install,tablet,Apple,iPad,,"iPad7,5",IOS,11.4.1,,,en-gb,No,3600,,,Europe,United Kingdom,England,Andover,,,(direct),(none),(direct),e65ed16c595914f10b59a8d872f916b0_1
20180829,1535542812980020,2018-08-29T12:40:12,screen_view,1535542660810020,2018-08-29T12:37:40,,46,125166,e65ed16c595914f10b59a8d872f916b0,52A0FD435CAA428E86D603157F72F23A,1534758431647000,2018-08-20T10:47:11,,1220499683,IOS,,SkodaContentViewController,auto,-5074745263819787412,,1,-5074745263819787404,ComparisonResultViewController,28007,3,,,,,,,,,,,1534758431647000,e65ed16c595914f10b59a8d872f916b0,uk.co.skoda.assistant.ios,1.1.6,,1:571703561616:ios:777087d7f78ec12a,manual_install,tablet,Apple,iPad,,"iPad7,5",IOS,11.4.1,,,en-gb,No,3600,,,Europe,United Kingdom,England,Andover,,,(direct),(none),(direct),e65ed16c595914f10b59a8d872f916b0_1
20180829,1535542812980031,2018-08-29T12:40:12,user_engagement,1535542660810031,2018-08-29T12:37:40,,46,125166,e65ed16c595914f10b59a8d872f916b0,52A0FD435CAA428E86D603157F72F23A,1534758431647000,2018-08-20T10:47:11,,1220499683,IOS,,ComparisonResultViewController,auto,-5074745263819787404,152170,,,,28007,3,,,,,,,,,,,1534758431647000,e65ed16c595914f10b59a8d872f916b0,uk.co.skoda.assistant.ios,1.1.6,,1:571703561616:ios:777087d7f78ec12a,manual_install,tablet,Apple,iPad,,"iPad7,5",IOS,11.4.1,,,en-gb,No,3600,,,Europe,United Kingdom,England,Andover,,,(direct),(none),(direct),e65ed16c595914f10b59a8d872f916b0_1
20180829,1535542818412021,2018-08-29T12:40:18,button_press,1535542660248021,2018-08-29T12:37:40,,46,125166,e65ed16c595914f10b59a8d872f916b0,52A0FD435CAA428E86D603157F72F23A,1534758431647000,2018-08-20T10:47:11,,1220499683,IOS,,SkodaContentViewController,app,-5074745263819787412,,1,,,28007,3,,globalnav_range,,,,,,,,,1534758431647000,e65ed16c595914f10b59a8d872f916b0,uk.co.skoda.assistant.ios,1.1.6,,1:571703561616:ios:777087d7f78ec12a,manual_install,tablet,Apple,iPad,,"iPad7,5",IOS,11.4.1,,,en-gb,No,3600,,,Europe,United Kingdom,England,Andover,,,(direct),(none),(direct),e65ed16c595914f10b59a8d872f916b0_1
20180829,1535542818450022,2018-08-29T12:40:18,button_press,1535542818412022,2018-08-29T12:40:18,,46,125166,e65ed16c595914f10b59a8d872f916b0,52A0FD435CAA428E86D603157F72F23A,1534758431647000,2018-08-20T10:47:11,,1220499683,IOS,,SkodaContentViewController,app,-5074745263819787412,,1,,,28007,3,,range,,,,,,,,,1534758431647000,e65ed16c595914f10b59a8d872f916b0,uk.co.skoda.assistant.ios,1.1.6,,1:571703561616:ios:777087d7f78ec12a,manual_install,tablet,Apple,iPad,,"iPad7,5",IOS,11.4.1,,,en-gb,No,3600,,,Europe,United Kingdom,England,Andover,,,(direct),(none),(direct),e65ed16c595914f10b59a8d872f916b0_1
20180829,1535542818468035,2018-08-29T12:40:18,user_engagement,1535542812980035,2018-08-29T12:40:12,,46,125166,e65ed16c595914f10b59a8d872f916b0,52A0FD435CAA428E86D603157F72F23A,1534758431647000,2018-08-20T10:47:11,,1220499683,IOS,,SkodaContentViewController,auto,-5074745263819787412,5488,,,,28007,3,,,,,,,,,,,1534758431647000,e65ed16c595914f10b59a8d872f916b0,uk.co.skoda.assistant.ios,1.1.6,,1:571703561616:ios:777087d7f78ec12a,manual_install,tablet,Apple,iPad,,"iPad7,5",IOS,11.4.1,,,en-gb,No,3600,,,Europe,United Kingdom,England,Andover,,,(direct),(none),(direct),e65ed16c595914f10b59a8d872f916b0_1
20180829,1535542818469023,2018-08-29T12:40:18,screen_view,1535542812980023,2018-08-29T12:40:12,,46,125166,e65ed16c595914f10b59a8d872f916b0,52A0FD435CAA428E86D603157F72F23A,1534758431647000,2018-08-20T10:47:11,,1220499683,IOS,,RangeContentViewController,auto,-5074745263819787411,,1,-5074745263819787412,SkodaContentViewController,28007,3,,,,,,,,,,,1534758431647000,e65ed16c595914f10b59a8d872f916b0,uk.co.skoda.assistant.ios,1.1.6,,1:571703561616:ios:777087d7f78ec12a,manual_install,tablet,Apple,iPad,,"iPad7,5",IOS,11.4.1,,,en-gb,No,3600,,,Europe,United Kingdom,England,Andover,,,(direct),(none),(direct),e65ed16c595914f10b59a8d872f916b0_1
20180829,1535542938781037,2018-08-29T12:42:18,user_engagement,1535542818468037,2018-08-29T12:40:18,,46,125166,e65ed16c595914f10b59a8d872f916b0,52A0FD435CAA428E86D603157F72F23A,1534758431647000,2018-08-20T10:47:11,,1220499683,IOS,,RangeContentViewController,auto,-5074745263819787411,120312,,,,28007,3,,,,,,,,,,,1534758431647000,e65ed16c595914f10b59a8d872f916b0,uk.co.skoda.assistant.ios,1.1.6,,1:571703561616:ios:777087d7f78ec12a,manual_install,tablet,Apple,iPad,,"iPad7,5",IOS,11.4.1,,,en-gb,No,3600,,,Europe,United Kingdom,England,Andover,,,(direct),(none),(direct),e65ed16c595914f10b59a8d872f916b0_1
20180829,1535543634773000,2018-08-29T12:53:54,user_engagement,1535542938781000,2018-08-29T12:42:18,,47,150089,e65ed16c595914f10b59a8d872f916b0,52A0FD435CAA428E86D603157F72F23A,1534758431647000,2018-08-20T10:47:11,,1220499683,IOS,,RangeContentViewController,auto,-5074745263819787411,144830,,,,28007,3,,,,,,,,,,,1534758431647000,e65ed16c595914f10b59a8d872f916b0,uk.co.skoda.assistant.ios,1.1.6,,1:571703561616:ios:777087d7f78ec12a,manual_install,tablet,Apple,iPad,,"iPad7,5",IOS,11.4.1,,,en-gb,No,3600,,,Europe,United Kingdom,England,Andover,,,(direct),(none),(direct),e65ed16c595914f10b59a8d872f916b0_1
20180829,1535544114557000,2018-08-29T13:01:54,user_engagement,1535543634773000,2018-08-29T12:53:54,,48,303846,e65ed16c595914f10b59a8d872f916b0,52A0FD435CAA428E86D603157F72F23A,1534758431647000,2018-08-20T10:47:11,,1220499683,IOS,,RangeContentViewController,auto,-5074745263819787411,1720,,,,28007,3,,,,,,,,,,,1534758431647000,e65ed16c595914f10b59a8d872f916b0,uk.co.skoda.assistant.ios,1.1.6,,1:571703561616:ios:777087d7f78ec12a,manual_install,tablet,Apple,iPad,,"iPad7,5",IOS,11.4.1,,,en-gb,No,3600,,,Europe,United Kingdom,England,Andover,,,(direct),(none),(direct),e65ed16c595914f10b59a8d872f916b0_1
20180829,1535544139113000,2018-08-29T13:02:19,button_press,1535542818450000,2018-08-29T12:40:18,,49,133296,e65ed16c595914f10b59a8d872f916b0,52A0FD435CAA428E86D603157F72F23A,1534758431647000,2018-08-20T10:47:11,,1220499683,IOS,,RangeContentViewController,app,-5074745263819787411,,1,,,28007,3,,globalnav_range,,,,,,,,,1534758431647000,e65ed16c595914f10b59a8d872f916b0,uk.co.skoda.assistant.ios,1.1.6,,1:571703561616:ios:777087d7f78ec12a,manual_install,tablet,Apple,iPad,,"iPad7,5",IOS,11.4.1,,,en-gb,No,3600,,,Europe,United Kingdom,England,Andover,,,(direct),(none),(direct),e65ed16c595914f10b59a8d872f916b0_1
20180829,1535544259473001,2018-08-29T13:04:19,user_engagement,1535544114557001,2018-08-29T13:01:54,,49,133296,e65ed16c595914f10b59a8d872f916b0,52A0FD435CAA428E86D603157F72F23A,1534758431647000,2018-08-20T10:47:11,,1220499683,IOS,,RangeContentViewController,auto,-5074745263819787411,122253,,,,28007,3,,,,,,,,,,,1534758431647000,e65ed16c595914f10b59a8d872f916b0,uk.co.skoda.assistant.ios,1.1.6,,1:571703561616:ios:777087d7f78ec12a,manual_install,tablet,Apple,iPad,,"iPad7,5",IOS,11.4.1,,,en-gb,No,3600,,,Europe,United Kingdom,England,Andover,,,(direct),(none),(direct),e65ed16c595914f10b59a8d872f916b0_1
20180829,1535544932508000,2018-08-29T13:15:32,button_press,1535544139113000,2018-08-29T13:02:19,,50,109458,e65ed16c595914f10b59a8d872f916b0,52A0FD435CAA428E86D603157F72F23A,1534758431647000,2018-08-20T10:47:11,,1220499683,IOS,,RangeContentViewController,app,-5074745263819787411,,1,,,28007,3,Edition,range_home_trim_select,74,,,,,,,,1534758431647000,e65ed16c595914f10b59a8d872f916b0,uk.co.skoda.assistant.ios,1.1.6,,1:571703561616:ios:777087d7f78ec12a,manual_install,tablet,Apple,iPad,,"iPad7,5",IOS,11.4.1,,,en-gb,No,3600,,,Europe,United Kingdom,England,Andover,,,(direct),(none),(direct),e65ed16c595914f10b59a8d872f916b0_1
20180829,1535544933360001,2018-08-29T13:15:33,screen_view,1535542818469001,2018-08-29T12:40:18,,50,109458,e65ed16c595914f10b59a8d872f916b0,52A0FD435CAA428E86D603157F72F23A,1534758431647000,2018-08-20T10:47:11,,1220499683,IOS,,SkodaContentViewController,auto,-5074745263819787412,,1,-5074745263819787411,RangeContentViewController,28007,3,,,,,,,,,,,1534758431647000,e65ed16c595914f10b59a8d872f916b0,uk.co.skoda.assistant.ios,1.1.6,,1:571703561616:ios:777087d7f78ec12a,manual_install,tablet,Apple,iPad,,"iPad7,5",IOS,11.4.1,,,en-gb,No,3600,,,Europe,United Kingdom,England,Andover,,,(direct),(none),(direct),e65ed16c595914f10b59a8d872f916b0_1
20180829,1535544933360001,2018-08-29T13:15:33,user_engagement,1535544259473001,2018-08-29T13:04:19,,50,109458,e65ed16c595914f10b59a8d872f916b0,52A0FD435CAA428E86D603157F72F23A,1534758431647000,2018-08-20T10:47:11,,1220499683,IOS,,RangeContentViewController,auto,-5074745263819787411,63223,,,,28007,3,,,,,,,,,,,1534758431647000,e65ed16c595914f10b59a8d872f916b0,uk.co.skoda.assistant.ios,1.1.6,,1:571703561616:ios:777087d7f78ec12a,manual_install,tablet,Apple,iPad,,"iPad7,5",IOS,11.4.1,,,en-gb,No,3600,,,Europe,United Kingdom,England,Andover,,,(direct),(none),(direct),e65ed16c595914f10b59a8d872f916b0_1
20180829,1535544933360002,2018-08-29T13:15:33,screen_view,1535544933360002,2018-08-29T13:15:33,,50,109458,e65ed16c595914f10b59a8d872f916b0,52A0FD435CAA428E86D603157F72F23A,1534758431647000,2018-08-20T10:47:11,,1220499683,IOS,,TrimViewController,auto,-5074745263819787403,,1,-5074745263819787412,SkodaContentViewController,28007,3,,,,,,,,,,,1534758431647000,e65ed16c595914f10b59a8d872f916b0,uk.co.skoda.assistant.ios,1.1.6,,1:571703561616:ios:777087d7f78ec12a,manual_install,tablet,Apple,iPad,,"iPad7,5",IOS,11.4.1,,,en-gb,No,3600,,,Europe,United Kingdom,England,Andover,,,(direct),(none),(direct),e65ed16c595914f10b59a8d872f916b0_1
20180829,1535544945500003,2018-08-29T13:15:45,button_press,1535544932508003,2018-08-29T13:15:32,,50,109458,e65ed16c595914f10b59a8d872f916b0,52A0FD435CAA428E86D603157F72F23A,1534758431647000,2018-08-20T10:47:11,,1220499683,IOS,,TrimViewController,app,-5074745263819787403,,1,,,28007,3,2.0 TDI 150PS 4x4 SCR,trim_home_view_full_details,5832,,,,,,,,1534758431647000,e65ed16c595914f10b59a8d872f916b0,uk.co.skoda.assistant.ios,1.1.6,,1:571703561616:ios:777087d7f78ec12a,manual_install,tablet,Apple,iPad,,"iPad7,5",IOS,11.4.1,,,en-gb,No,3600,,,Europe,United Kingdom,England,Andover,,,(direct),(none),(direct),e65ed16c595914f10b59a8d872f916b0_1
20180829,1535544946099005,2018-08-29T13:15:46,user_engagement,1535544933360005,2018-08-29T13:15:33,,50,109458,e65ed16c595914f10b59a8d872f916b0,52A0FD435CAA428E86D603157F72F23A,1534758431647000,2018-08-20T10:47:11,,1220499683,IOS,,TrimViewController,auto,-5074745263819787403,12739,,,,28007,3,,,,,,,,,,,1534758431647000,e65ed16c595914f10b59a8d872f916b0,uk.co.skoda.assistant.ios,1.1.6,,1:571703561616:ios:777087d7f78ec12a,manual_install,tablet,Apple,iPad,,"iPad7,5",IOS,11.4.1,,,en-gb,No,3600,,,Europe,United Kingdom,England,Andover,,,(direct),(none),(direct),e65ed16c595914f10b59a8d872f916b0_1
20180829,1535544946100004,2018-08-29T13:15:46,screen_view,1535544933360004,2018-08-29T13:15:33,,50,109458,e65ed16c595914f10b59a8d872f916b0,52A0FD435CAA428E86D603157F72F23A,1534758431647000,2018-08-20T10:47:11,,1220499683,IOS,,EngineDetailsViewController,auto,-5074745263819787402,,1,-5074745263819787403,TrimViewController,28007,3,,,,,,,,,,,1534758431647000,e65ed16c595914f10b59a8d872f916b0,uk.co.skoda.assistant.ios,1.1.6,,1:571703561616:ios:777087d7f78ec12a,manual_install,tablet,Apple,iPad,,"iPad7,5",IOS,11.4.1,,,en-gb,No,3600,,,Europe,United Kingdom,England,Andover,,,(direct),(none),(direct),e65ed16c595914f10b59a8d872f916b0_1
20180829,1535544972177007,2018-08-29T13:16:12,user_engagement,1535544946099007,2018-08-29T13:15:46,,50,109458,e65ed16c595914f10b59a8d872f916b0,52A0FD435CAA428E86D603157F72F23A,1534758431647000,2018-08-20T10:47:11,,1220499683,IOS,,EngineDetailsViewController,auto,-5074745263819787402,26077,,,,28007,3,,,,,,,,,,,1534758431647000,e65ed16c595914f10b59a8d872f916b0,uk.co.skoda.assistant.ios,1.1.6,,1:571703561616:ios:777087d7f78ec12a,manual_install,tablet,Apple,iPad,,"iPad7,5",IOS,11.4.1,,,en-gb,No,3600,,,Europe,United Kingdom,England,Andover,,,(direct),(none),(direct),e65ed16c595914f10b59a8d872f916b0_1
20180829,1535544972178005,2018-08-29T13:16:12,screen_view,1535544946100005,2018-08-29T13:15:46,,50,109458,e65ed16c595914f10b59a8d872f916b0,52A0FD435CAA428E86D603157F72F23A,1534758431647000,2018-08-20T10:47:11,,1220499683,IOS,,SkodaContentViewController,auto,-5074745263819787412,,1,-5074745263819787402,EngineDetailsViewController,28007,3,,,,,,,,,,,1534758431647000,e65ed16c595914f10b59a8d872f916b0,uk.co.skoda.assistant.ios,1.1.6,,1:571703561616:ios:777087d7f78ec12a,manual_install,tablet,Apple,iPad,,"iPad7,5",IOS,11.4.1,,,en-gb,No,3600,,,Europe,United Kingdom,England,Andover,,,(direct),(none),(direct),e65ed16c595914f10b59a8d872f916b0_1
20180829,1535544972179006,2018-08-29T13:16:12,screen_view,1535544972178006,2018-08-29T13:16:12,,50,109458,e65ed16c595914f10b59a8d872f916b0,52A0FD435CAA428E86D603157F72F23A,1534758431647000,2018-08-20T10:47:11,,1220499683,IOS,,TrimViewController,auto,-5074745263819787403,,1,-5074745263819787412,SkodaContentViewController,28007,3,,,,,,,,,,,1534758431647000,e65ed16c595914f10b59a8d872f916b0,uk.co.skoda.assistant.ios,1.1.6,,1:571703561616:ios:777087d7f78ec12a,manual_install,tablet,Apple,iPad,,"iPad7,5",IOS,11.4.1,,,en-gb,No,3600,,,Europe,United Kingdom,England,Andover,,,(direct),(none),(direct),e65ed16c595914f10b59a8d872f916b0_1
20180829,1535544976830007,2018-08-29T13:16:16,button_press,1535544945500007,2018-08-29T13:15:45,,50,109458,e65ed16c595914f10b59a8d872f916b0,52A0FD435CAA428E86D603157F72F23A,1534758431647000,2018-08-20T10:47:11,,1220499683,IOS,,TrimViewController,app,-5074745263819787403,,1,,,28007,3,,trim_home_trim_dropdown_select,,,,,,,,,1534758431647000,e65ed16c595914f10b59a8d872f916b0,uk.co.skoda.assistant.ios,1.1.6,,1:571703561616:ios:777087d7f78ec12a,manual_install,tablet,Apple,iPad,,"iPad7,5",IOS,11.4.1,,,en-gb,No,3600,,,Europe,United Kingdom,England,Andover,,,(direct),(none),(direct),e65ed16c595914f10b59a8d872f916b0_1
20180829,1535544978375008,2018-08-29T13:16:18,button_press,1535544976830008,2018-08-29T13:16:16,,50,109458,e65ed16c595914f10b59a8d872f916b0,52A0FD435CAA428E86D603157F72F23A,1534758431647000,2018-08-20T10:47:11,,1220499683,IOS,,TrimViewController,app,-5074745263819787403,,1,,,28007,3,,trim_home_trim_dropdown_select,,,,,,,,,1534758431647000,e65ed16c595914f10b59a8d872f916b0,uk.co.skoda.assistant.ios,1.1.6,,1:571703561616:ios:777087d7f78ec12a,manual_install,tablet,Apple,iPad,,"iPad7,5",IOS,11.4.1,,,en-gb,No,3600,,,Europe,United Kingdom,England,Andover,,,(direct),(none),(direct),e65ed16c595914f10b59a8d872f916b0_1
20180829,1535544982802009,2018-08-29T13:16:22,button_press,1535544978375009,2018-08-29T13:16:18,,50,109458,e65ed16c595914f10b59a8d872f916b0,52A0FD435CAA428E86D603157F72F23A,1534758431647000,2018-08-20T10:47:11,,1220499683,IOS,,TrimViewController,app,-5074745263819787403,,1,,,28007,3,2.0 TDI 150PS 4x4 SCR,trim_home_view_full_details,5832,,,,,,,,1534758431647000,e65ed16c595914f10b59a8d872f916b0,uk.co.skoda.assistant.ios,1.1.6,,1:571703561616:ios:777087d7f78ec12a,manual_install,tablet,Apple,iPad,,"iPad7,5",IOS,11.4.1,,,en-gb,No,3600,,,Europe,United Kingdom,England,Andover,,,(direct),(none),(direct),e65ed16c595914f10b59a8d872f916b0_1
20180829,1535544983448010,2018-08-29T13:16:23,screen_view,1535544972179010,2018-08-29T13:16:12,,50,109458,e65ed16c595914f10b59a8d872f916b0,52A0FD435CAA428E86D603157F72F23A,1534758431647000,2018-08-20T10:47:11,,1220499683,IOS,,EngineDetailsViewController,auto,-5074745263819787401,,1,-5074745263819787403,TrimViewController,28007,3,,,,,,,,,,,1534758431647000,e65ed16c595914f10b59a8d872f916b0,uk.co.skoda.assistant.ios,1.1.6,,1:571703561616:ios:777087d7f78ec12a,manual_install,tablet,Apple,iPad,,"iPad7,5",IOS,11.4.1,,,en-gb,No,3600,,,Europe,United Kingdom,England,Andover,,,(direct),(none),(direct),e65ed16c595914f10b59a8d872f916b0_1
20180829,1535544983448013,2018-08-29T13:16:23,user_engagement,1535544972177013,2018-08-29T13:16:12,,50,109458,e65ed16c595914f10b59a8d872f916b0,52A0FD435CAA428E86D603157F72F23A,1534758431647000,2018-08-20T10:47:11,,1220499683,IOS,,TrimViewController,auto,-5074745263819787403,11270,,,,28007,3,,,,,,,,,,,1534758431647000,e65ed16c595914f10b59a8d872f916b0,uk.co.skoda.assistant.ios,1.1.6,,1:571703561616:ios:777087d7f78ec12a,manual_install,tablet,Apple,iPad,,"iPad7,5",IOS,11.4.1,,,en-gb,No,3600,,,Europe,United Kingdom,England,Andover,,,(direct),(none),(direct),e65ed16c595914f10b59a8d872f916b0_1
20180829,1535545012332011,2018-08-29T13:16:52,screen_view,1535544983448011,2018-08-29T13:16:23,,50,109458,e65ed16c595914f10b59a8d872f916b0,52A0FD435CAA428E86D603157F72F23A,1534758431647000,2018-08-20T10:47:11,,1220499683,IOS,,SkodaContentViewController,auto,-5074745263819787412,,1,-5074745263819787401,EngineDetailsViewController,28007,3,,,,,,,,,,,1534758431647000,e65ed16c595914f10b59a8d872f916b0,uk.co.skoda.assistant.ios,1.1.6,,1:571703561616:ios:777087d7f78ec12a,manual_install,tablet,Apple,iPad,,"iPad7,5",IOS,11.4.1,,,en-gb,No,3600,,,Europe,United Kingdom,England,Andover,,,(direct),(none),(direct),e65ed16c595914f10b59a8d872f916b0_1
20180829,1535545012332015,2018-08-29T13:16:52,user_engagement,1535544983448015,2018-08-29T13:16:23,,50,109458,e65ed16c595914f10b59a8d872f916b0,52A0FD435CAA428E86D603157F72F23A,1534758431647000,2018-08-20T10:47:11,,1220499683,IOS,,EngineDetailsViewController,auto,-5074745263819787401,28883,,,,28007,3,,,,,,,,,,,1534758431647000,e65ed16c595914f10b59a8d872f916b0,uk.co.skoda.assistant.ios,1.1.6,,1:571703561616:ios:777087d7f78ec12a,manual_install,tablet,Apple,iPad,,"iPad7,5",IOS,11.4.1,,,en-gb,No,3600,,,Europe,United Kingdom,England,Andover,,,(direct),(none),(direct),e65ed16c595914f10b59a8d872f916b0_1
20180829,1535545012334012,2018-08-29T13:16:52,screen_view,1535545012332012,2018-08-29T13:16:52,,50,109458,e65ed16c595914f10b59a8d872f916b0,52A0FD435CAA428E86D603157F72F23A,1534758431647000,2018-08-20T10:47:11,,1220499683,IOS,,TrimViewController,auto,-5074745263819787403,,1,-5074745263819787412,SkodaContentViewController,28007,3,,,,,,,,,,,1534758431647000,e65ed16c595914f10b59a8d872f916b0,uk.co.skoda.assistant.ios,1.1.6,,1:571703561616:ios:777087d7f78ec12a,manual_install,tablet,Apple,iPad,,"iPad7,5",IOS,11.4.1,,,en-gb,No,3600,,,Europe,United Kingdom,England,Andover,,,(direct),(none),(direct),e65ed16c595914f10b59a8d872f916b0_1
20180829,1535545014194013,2018-08-29T13:16:54,button_press,1535544982802013,2018-08-29T13:16:22,,50,109458,e65ed16c595914f10b59a8d872f916b0,52A0FD435CAA428E86D603157F72F23A,1534758431647000,2018-08-20T10:47:11,,1220499683,IOS,,TrimViewController,app,-5074745263819787403,,1,,,28007,3,,trim_home_trim_dropdown_select,,,,,,,,,1534758431647000,e65ed16c595914f10b59a8d872f916b0,uk.co.skoda.assistant.ios,1.1.6,,1:571703561616:ios:777087d7f78ec12a,manual_install,tablet,Apple,iPad,,"iPad7,5",IOS,11.4.1,,,en-gb,No,3600,,,Europe,United Kingdom,England,Andover,,,(direct),(none),(direct),e65ed16c595914f10b59a8d872f916b0_1
20180829,1535545017062014,2018-08-29T13:16:57,button_press,1535545014194014,2018-08-29T13:16:54,,50,109458,e65ed16c595914f10b59a8d872f916b0,52A0FD435CAA428E86D603157F72F23A,1534758431647000,2018-08-20T10:47:11,,1220499683,IOS,,TrimViewController,app,-5074745263819787403,,1,,,28007,3,SE,trim_home_trim_select_from_dropdown,67,,,,,,,,1534758431647000,e65ed16c595914f10b59a8d872f916b0,uk.co.skoda.assistant.ios,1.1.6,,1:571703561616:ios:777087d7f78ec12a,manual_install,tablet,Apple,iPad,,"iPad7,5",IOS,11.4.1,,,en-gb,No,3600,,,Europe,United Kingdom,England,Andover,,,(direct),(none),(direct),e65ed16c595914f10b59a8d872f916b0_1
20180829,1535545020996015,2018-08-29T13:17:00,button_press,1535545017062015,2018-08-29T13:16:57,,50,109458,e65ed16c595914f10b59a8d872f916b0,52A0FD435CAA428E86D603157F72F23A,1534758431647000,2018-08-20T10:47:11,,1220499683,IOS,,TrimViewController,app,-5074745263819787403,,1,,,28007,3,1.4 TSI 150PS 4x4 DSG,trim_home_view_full_details,5389,,,,,,,,1534758431647000,e65ed16c595914f10b59a8d872f916b0,uk.co.skoda.assistant.ios,1.1.6,,1:571703561616:ios:777087d7f78ec12a,manual_install,tablet,Apple,iPad,,"iPad7,5",IOS,11.4.1,,,en-gb,No,3600,,,Europe,United Kingdom,England,Andover,,,(direct),(none),(direct),e65ed16c595914f10b59a8d872f916b0_1
20180829,1535545021634016,2018-08-29T13:17:01,screen_view,1535545012334016,2018-08-29T13:16:52,,50,109458,e65ed16c595914f10b59a8d872f916b0,52A0FD435CAA428E86D603157F72F23A,1534758431647000,2018-08-20T10:47:11,,1220499683,IOS,,EngineDetailsViewController,auto,-5074745263819787400,,1,-5074745263819787403,TrimViewController,28007,3,,,,,,,,,,,1534758431647000,e65ed16c595914f10b59a8d872f916b0,uk.co.skoda.assistant.ios,1.1.6,,1:571703561616:ios:777087d7f78ec12a,manual_install,tablet,Apple,iPad,,"iPad7,5",IOS,11.4.1,,,en-gb,No,3600,,,Europe,United Kingdom,England,Andover,,,(direct),(none),(direct),e65ed16c595914f10b59a8d872f916b0_1
20180829,1535545021634021,2018-08-29T13:17:01,user_engagement,1535545012332021,2018-08-29T13:16:52,,50,109458,e65ed16c595914f10b59a8d872f916b0,52A0FD435CAA428E86D603157F72F23A,1534758431647000,2018-08-20T10:47:11,,1220499683,IOS,,TrimViewController,auto,-5074745263819787403,9301,,,,28007,3,,,,,,,,,,,1534758431647000,e65ed16c595914f10b59a8d872f916b0,uk.co.skoda.assistant.ios,1.1.6,,1:571703561616:ios:777087d7f78ec12a,manual_install,tablet,Apple,iPad,,"iPad7,5",IOS,11.4.1,,,en-gb,No,3600,,,Europe,United Kingdom,England,Andover,,,(direct),(none),(direct),e65ed16c595914f10b59a8d872f916b0_1
20180829,1535545157119023,2018-08-29T13:19:17,user_engagement,1535545021634023,2018-08-29T13:17:01,,50,109458,e65ed16c595914f10b59a8d872f916b0,52A0FD435CAA428E86D603157F72F23A,1534758431647000,2018-08-20T10:47:11,,1220499683,IOS,,EngineDetailsViewController,auto,-5074745263819787400,135485,,,,28007,3,,,,,,,,,,,1534758431647000,e65ed16c595914f10b59a8d872f916b0,uk.co.skoda.assistant.ios,1.1.6,,1:571703561616:ios:777087d7f78ec12a,manual_install,tablet,Apple,iPad,,"iPad7,5",IOS,11.4.1,,,en-gb,No,3600,,,Europe,United Kingdom,England,Andover,,,(direct),(none),(direct),e65ed16c595914f10b59a8d872f916b0_1
20180829,1535555447834000,2018-08-29T16:10:47,user_engagement,1535545157119000,2018-08-29T13:19:17,,51,115778,e65ed16c595914f10b59a8d872f916b0,52A0FD435CAA428E86D603157F72F23A,1534758431647000,2018-08-20T10:47:11,,1220499683,IOS,,EngineDetailsViewController,auto,-5074745263819787400,1549,,,,28007,3,,,,,,,,,,,1534758431647000,e65ed16c595914f10b59a8d872f916b0,uk.co.skoda.assistant.ios,1.1.6,,1:571703561616:ios:777087d7f78ec12a,manual_install,tablet,Apple,iPad,,"iPad7,5",IOS,11.4.1,,,en-gb,No,3600,,,Europe,United Kingdom,England,Andover,,,(direct),(none),(direct),e65ed16c595914f10b59a8d872f916b0_1
20180829,1535555447835000,2018-08-29T16:10:47,screen_view,1535545021634000,2018-08-29T13:17:01,,51,115778,e65ed16c595914f10b59a8d872f916b0,52A0FD435CAA428E86D603157F72F23A,1534758431647000,2018-08-20T10:47:11,,1220499683,IOS,,SkodaContentViewController,auto,-5074745263819787412,,1,-5074745263819787400,EngineDetailsViewController,28007,3,,,,,,,,,,,1534758431647000,e65ed16c595914f10b59a8d872f916b0,uk.co.skoda.assistant.ios,1.1.6,,1:571703561616:ios:777087d7f78ec12a,manual_install,tablet,Apple,iPad,,"iPad7,5",IOS,11.4.1,,,en-gb,No,3600,,,Europe,United Kingdom,England,Andover,,,(direct),(none),(direct),e65ed16c595914f10b59a8d872f916b0_1
20180829,1535555447836001,2018-08-29T16:10:47,screen_view,1535555447835001,2018-08-29T16:10:47,,51,115778,e65ed16c595914f10b59a8d872f916b0,52A0FD435CAA428E86D603157F72F23A,1534758431647000,2018-08-20T10:47:11,,1220499683,IOS,,TrimViewController,auto,-5074745263819787403,,1,-5074745263819787412,SkodaContentViewController,28007,3,,,,,,,,,,,1534758431647000,e65ed16c595914f10b59a8d872f916b0,uk.co.skoda.assistant.ios,1.1.6,,1:571703561616:ios:777087d7f78ec12a,manual_install,tablet,Apple,iPad,,"iPad7,5",IOS,11.4.1,,,en-gb,No,3600,,,Europe,United Kingdom,England,Andover,,,(direct),(none),(direct),e65ed16c595914f10b59a8d872f916b0_1
20180829,1535555450676002,2018-08-29T16:10:50,screen_view,1535555447836002,2018-08-29T16:10:47,,51,115778,e65ed16c595914f10b59a8d872f916b0,52A0FD435CAA428E86D603157F72F23A,1534758431647000,2018-08-20T10:47:11,,1220499683,IOS,,SkodaContentViewController,auto,-5074745263819787412,,1,-5074745263819787403,TrimViewController,28007,3,,,,,,,,,,,1534758431647000,e65ed16c595914f10b59a8d872f916b0,uk.co.skoda.assistant.ios,1.1.6,,1:571703561616:ios:777087d7f78ec12a,manual_install,tablet,Apple,iPad,,"iPad7,5",IOS,11.4.1,,,en-gb,No,3600,,,Europe,United Kingdom,England,Andover,,,(direct),(none),(direct),e65ed16c595914f10b59a8d872f916b0_1
20180829,1535555450676003,2018-08-29T16:10:50,screen_view,1535555450676003,2018-08-29T16:10:50,,51,115778,e65ed16c595914f10b59a8d872f916b0,52A0FD435CAA428E86D603157F72F23A,1534758431647000,2018-08-20T10:47:11,,1220499683,IOS,,RangeContentViewController,auto,-5074745263819787411,,1,-5074745263819787412,SkodaContentViewController,28007,3,,,,,,,,,,,1534758431647000,e65ed16c595914f10b59a8d872f916b0,uk.co.skoda.assistant.ios,1.1.6,,1:571703561616:ios:777087d7f78ec12a,manual_install,tablet,Apple,iPad,,"iPad7,5",IOS,11.4.1,,,en-gb,No,3600,,,Europe,United Kingdom,England,Andover,,,(direct),(none),(direct),e65ed16c595914f10b59a8d872f916b0_1
20180829,1535555450676003,2018-08-29T16:10:50,user_engagement,1535555447834003,2018-08-29T16:10:47,,51,115778,e65ed16c595914f10b59a8d872f916b0,52A0FD435CAA428E86D603157F72F23A,1534758431647000,2018-08-20T10:47:11,,1220499683,IOS,,TrimViewController,auto,-5074745263819787403,2841,,,,28007,3,,,,,,,,,,,1534758431647000,e65ed16c595914f10b59a8d872f916b0,uk.co.skoda.assistant.ios,1.1.6,,1:571703561616:ios:777087d7f78ec12a,manual_install,tablet,Apple,iPad,,"iPad7,5",IOS,11.4.1,,,en-gb,No,3600,,,Europe,United Kingdom,England,Andover,,,(direct),(none),(direct),e65ed16c595914f10b59a8d872f916b0_1
20180829,1535555451574006,2018-08-29T16:10:51,user_engagement,1535555450676006,2018-08-29T16:10:50,,51,115778,e65ed16c595914f10b59a8d872f916b0,52A0FD435CAA428E86D603157F72F23A,1534758431647000,2018-08-20T10:47:11,,1220499683,IOS,,RangeContentViewController,auto,-5074745263819787411,898,,,,28007,3,,,,,,,,,,,1534758431647000,e65ed16c595914f10b59a8d872f916b0,uk.co.skoda.assistant.ios,1.1.6,,1:571703561616:ios:777087d7f78ec12a,manual_install,tablet,Apple,iPad,,"iPad7,5",IOS,11.4.1,,,en-gb,No,3600,,,Europe,United Kingdom,England,Andover,,,(direct),(none),(direct),e65ed16c595914f10b59a8d872f916b0_1
20180829,1535555456870000,2018-08-29T16:10:56,button_press,1535545020996000,2018-08-29T13:17:00,,52,122948,e65ed16c595914f10b59a8d872f916b0,52A0FD435CAA428E86D603157F72F23A,1534758431647000,2018-08-20T10:47:11,,1220499683,IOS,,RangeContentViewController,app,-5074745263819787411,,1,,,28007,3,,globalnav_range,,,,,,,,,1534758431647000,e65ed16c595914f10b59a8d872f916b0,uk.co.skoda.assistant.ios,1.1.6,,1:571703561616:ios:777087d7f78ec12a,manual_install,tablet,Apple,iPad,,"iPad7,5",IOS,11.4.1,,,en-gb,No,3600,,,Europe,United Kingdom,England,Andover,,,(direct),(none),(direct),e65ed16c595914f10b59a8d872f916b0_1
20180829,1535555463104001,2018-08-29T16:11:03,session_start,1535541333592001,2018-08-29T12:15:33,,52,122948,e65ed16c595914f10b59a8d872f916b0,52A0FD435CAA428E86D603157F72F23A,1534758431647000,2018-08-20T10:47:11,,1220499683,IOS,,RangeContentViewController,auto,-5074745263819787411,,1,,,28007,3,,,,,,,,,,,1534758431647000,e65ed16c595914f10b59a8d872f916b0,uk.co.skoda.assistant.ios,1.1.6,,1:571703561616:ios:777087d7f78ec12a,manual_install,tablet,Apple,iPad,,"iPad7,5",IOS,11.4.1,,,en-gb,No,3600,,,Europe,United Kingdom,England,Andover,,,(direct),(none),(direct),e65ed16c595914f10b59a8d872f916b0_1
20180829,1535555467756002,2018-08-29T16:11:07,button_press,1535555456870002,2018-08-29T16:10:56,,52,122948,e65ed16c595914f10b59a8d872f916b0,52A0FD435CAA428E86D603157F72F23A,1534758431647000,2018-08-20T10:47:11,,1220499683,IOS,,RangeContentViewController,app,-5074745263819787411,,1,,,28007,3,SE,range_home_trim_select,39,,,,,,,,1534758431647000,e65ed16c595914f10b59a8d872f916b0,uk.co.skoda.assistant.ios,1.1.6,,1:571703561616:ios:777087d7f78ec12a,manual_install,tablet,Apple,iPad,,"iPad7,5",IOS,11.4.1,,,en-gb,No,3600,,,Europe,United Kingdom,England,Andover,,,(direct),(none),(direct),e65ed16c595914f10b59a8d872f916b0_1
20180829,1535555468526003,2018-08-29T16:11:08,screen_view,1535555450676003,2018-08-29T16:10:50,,52,122948,e65ed16c595914f10b59a8d872f916b0,52A0FD435CAA428E86D603157F72F23A,1534758431647000,2018-08-20T10:47:11,,1220499683,IOS,,SkodaContentViewController,auto,-5074745263819787412,,1,-5074745263819787411,RangeContentViewController,28007,3,,,,,,,,,,,1534758431647000,e65ed16c595914f10b59a8d872f916b0,uk.co.skoda.assistant.ios,1.1.6,,1:571703561616:ios:777087d7f78ec12a,manual_install,tablet,Apple,iPad,,"iPad7,5",IOS,11.4.1,,,en-gb,No,3600,,,Europe,United Kingdom,England,Andover,,,(direct),(none),(direct),e65ed16c595914f10b59a8d872f916b0_1
20180829,1535555468526003,2018-08-29T16:11:08,user_engagement,1535555451574003,2018-08-29T16:10:51,,52,122948,e65ed16c595914f10b59a8d872f916b0,52A0FD435CAA428E86D603157F72F23A,1534758431647000,2018-08-20T10:47:11,,1220499683,IOS,,RangeContentViewController,auto,-5074745263819787411,15423,,,,28007,3,,,,,,,,,,,1534758431647000,e65ed16c595914f10b59a8d872f916b0,uk.co.skoda.assistant.ios,1.1.6,,1:571703561616:ios:777087d7f78ec12a,manual_install,tablet,Apple,iPad,,"iPad7,5",IOS,11.4.1,,,en-gb,No,3600,,,Europe,United Kingdom,England,Andover,,,(direct),(none),(direct),e65ed16c595914f10b59a8d872f916b0_1
20180829,1535555468527004,2018-08-29T16:11:08,screen_view,1535555468526004,2018-08-29T16:11:08,,52,122948,e65ed16c595914f10b59a8d872f916b0,52A0FD435CAA428E86D603157F72F23A,1534758431647000,2018-08-20T10:47:11,,1220499683,IOS,,TrimViewController,auto,-5074745263819787399,,1,-5074745263819787412,SkodaContentViewController,28007,3,,,,,,,,,,,1534758431647000,e65ed16c595914f10b59a8d872f916b0,uk.co.skoda.assistant.ios,1.1.6,,1:571703561616:ios:777087d7f78ec12a,manual_install,tablet,Apple,iPad,,"iPad7,5",IOS,11.4.1,,,en-gb,No,3600,,,Europe,United Kingdom,England,Andover,,,(direct),(none),(direct),e65ed16c595914f10b59a8d872f916b0_1
20180829,1535555493141005,2018-08-29T16:11:33,button_press,1535555467756005,2018-08-29T16:11:07,,52,122948,e65ed16c595914f10b59a8d872f916b0,52A0FD435CAA428E86D603157F72F23A,1534758431647000,2018-08-20T10:47:11,,1220499683,IOS,,TrimViewController,app,-5074745263819787399,,1,,,28007,3,,trim_home_view_interior,,,,,,,,,1534758431647000,e65ed16c595914f10b59a8d872f916b0,uk.co.skoda.assistant.ios,1.1.6,,1:571703561616:ios:777087d7f78ec12a,manual_install,tablet,Apple,iPad,,"iPad7,5",IOS,11.4.1,,,en-gb,No,3600,,,Europe,United Kingdom,England,Andover,,,(direct),(none),(direct),e65ed16c595914f10b59a8d872f916b0_1
20180829,1535555494134006,2018-08-29T16:11:34,button_press,1535555493141006,2018-08-29T16:11:33,,52,122948,e65ed16c595914f10b59a8d872f916b0,52A0FD435CAA428E86D603157F72F23A,1534758431647000,2018-08-20T10:47:11,,1220499683,IOS,,TrimViewController,app,-5074745263819787399,,1,,,28007,3,,trim_home_view_exterior,,,,,,,,,1534758431647000,e65ed16c595914f10b59a8d872f916b0,uk.co.skoda.assistant.ios,1.1.6,,1:571703561616:ios:777087d7f78ec12a,manual_install,tablet,Apple,iPad,,"iPad7,5",IOS,11.4.1,,,en-gb,No,3600,,,Europe,United Kingdom,England,Andover,,,(direct),(none),(direct),e65ed16c595914f10b59a8d872f916b0_1
20180829,1535555629818008,2018-08-29T16:13:49,user_engagement,1535555468526008,2018-08-29T16:11:08,,52,122948,e65ed16c595914f10b59a8d872f916b0,52A0FD435CAA428E86D603157F72F23A,1534758431647000,2018-08-20T10:47:11,,1220499683,IOS,,TrimViewController,auto,-5074745263819787399,161291,,,,28007,3,,,,,,,,,,,1534758431647000,e65ed16c595914f10b59a8d872f916b0,uk.co.skoda.assistant.ios,1.1.6,,1:571703561616:ios:777087d7f78ec12a,manual_install,tablet,Apple,iPad,,"iPad7,5",IOS,11.4.1,,,en-gb,No,3600,,,Europe,United Kingdom,England,Andover,,,(direct),(none),(direct),e65ed16c595914f10b59a8d872f916b0_1
20180829,1535556969628000,2018-08-29T16:36:09,button_press,1535555494134000,2018-08-29T16:11:34,,53,118473,e65ed16c595914f10b59a8d872f916b0,52A0FD435CAA428E86D603157F72F23A,1534758431647000,2018-08-20T10:47:11,,1220499683,IOS,,TrimViewController,app,-5074745263819787399,,1,,,28007,3,,globalnav_presentation,,,,,,,,,1534758431647000,e65ed16c595914f10b59a8d872f916b0,uk.co.skoda.assistant.ios,1.1.6,,1:571703561616:ios:777087d7f78ec12a,manual_install,tablet,Apple,iPad,,"iPad7,5",IOS,11.4.1,,,en-gb,No,3600,,,Europe,United Kingdom,England,Andover,,,(direct),(none),(direct),e65ed16c595914f10b59a8d872f916b0_1
20180829,1535556969646001,2018-08-29T16:36:09,button_press,1535556969628001,2018-08-29T16:36:09,,53,118473,e65ed16c595914f10b59a8d872f916b0,52A0FD435CAA428E86D603157F72F23A,1534758431647000,2018-08-20T10:47:11,,1220499683,IOS,,TrimViewController,app,-5074745263819787399,,1,,,28007,3,,presentation,,,,,,,,,1534758431647000,e65ed16c595914f10b59a8d872f916b0,uk.co.skoda.assistant.ios,1.1.6,,1:571703561616:ios:777087d7f78ec12a,manual_install,tablet,Apple,iPad,,"iPad7,5",IOS,11.4.1,,,en-gb,No,3600,,,Europe,United Kingdom,England,Andover,,,(direct),(none),(direct),e65ed16c595914f10b59a8d872f916b0_1
20180829,1535556969816002,2018-08-29T16:36:09,screen_view,1535555468527002,2018-08-29T16:11:08,,53,118473,e65ed16c595914f10b59a8d872f916b0,52A0FD435CAA428E86D603157F72F23A,1534758431647000,2018-08-20T10:47:11,,1220499683,IOS,,SkodaContentViewController,auto,-5074745263819787412,,1,-5074745263819787399,TrimViewController,28007,3,,,,,,,,,,,1534758431647000,e65ed16c595914f10b59a8d872f916b0,uk.co.skoda.assistant.ios,1.1.6,,1:571703561616:ios:777087d7f78ec12a,manual_install,tablet,Apple,iPad,,"iPad7,5",IOS,11.4.1,,,en-gb,No,3600,,,Europe,United Kingdom,England,Andover,,,(direct),(none),(direct),e65ed16c595914f10b59a8d872f916b0_1
20180829,1535556969816002,2018-08-29T16:36:09,user_engagement,1535555629818002,2018-08-29T16:13:49,,53,118473,e65ed16c595914f10b59a8d872f916b0,52A0FD435CAA428E86D603157F72F23A,1534758431647000,2018-08-20T10:47:11,,1220499683,IOS,,TrimViewController,auto,-5074745263819787399,3759,,,,28007,3,,,,,,,,,,,1534758431647000,e65ed16c595914f10b59a8d872f916b0,uk.co.skoda.assistant.ios,1.1.6,,1:571703561616:ios:777087d7f78ec12a,manual_install,tablet,Apple,iPad,,"iPad7,5",IOS,11.4.1,,,en-gb,No,3600,,,Europe,United Kingdom,England,Andover,,,(direct),(none),(direct),e65ed16c595914f10b59a8d872f916b0_1
20180829,1535556980822003,2018-08-29T16:36:20,AnalyticsEventViewItem,1535208455744003,2018-08-25T15:47:35,,53,118473,e65ed16c595914f10b59a8d872f916b0,52A0FD435CAA428E86D603157F72F23A,1534758431647000,2018-08-20T10:47:11,,1220499683,IOS,,SkodaContentViewController,app,-5074745263819787412,,1,,,28007,3,,,5b7c33035833f795331202,,,,,,,,1534758431647000,e65ed16c595914f10b59a8d872f916b0,uk.co.skoda.assistant.ios,1.1.6,,1:571703561616:ios:777087d7f78ec12a,manual_install,tablet,Apple,iPad,,"iPad7,5",IOS,11.4.1,,,en-gb,No,3600,,,Europe,United Kingdom,England,Andover,,,(direct),(none),(direct),e65ed16c595914f10b59a8d872f916b0_1
20180829,1535556981104005,2018-08-29T16:36:21,user_engagement,1535556969816005,2018-08-29T16:36:09,,53,118473,e65ed16c595914f10b59a8d872f916b0,52A0FD435CAA428E86D603157F72F23A,1534758431647000,2018-08-20T10:47:11,,1220499683,IOS,,SkodaContentViewController,auto,-5074745263819787412,11288,,,,28007,3,,,,,,,,,,,1534758431647000,e65ed16c595914f10b59a8d872f916b0,uk.co.skoda.assistant.ios,1.1.6,,1:571703561616:ios:777087d7f78ec12a,manual_install,tablet,Apple,iPad,,"iPad7,5",IOS,11.4.1,,,en-gb,No,3600,,,Europe,United Kingdom,England,Andover,,,(direct),(none),(direct),e65ed16c595914f10b59a8d872f916b0_1
20180829,1535556981105004,2018-08-29T16:36:21,screen_view,1535556969816004,2018-08-29T16:36:09,,53,118473,e65ed16c595914f10b59a8d872f916b0,52A0FD435CAA428E86D603157F72F23A,1534758431647000,2018-08-20T10:47:11,,1220499683,IOS,,PresentationExploreSegmentedViewController,auto,-5074745263819787398,,1,-5074745263819787412,SkodaContentViewController,28007,3,,,,,,,,,,,1534758431647000,e65ed16c595914f10b59a8d872f916b0,uk.co.skoda.assistant.ios,1.1.6,,1:571703561616:ios:777087d7f78ec12a,manual_install,tablet,Apple,iPad,,"iPad7,5",IOS,11.4.1,,,en-gb,No,3600,,,Europe,United Kingdom,England,Andover,,,(direct),(none),(direct),e65ed16c595914f10b59a8d872f916b0_1
20180829,1535556981505005,2018-08-29T16:36:21,screen_view,1535556981105005,2018-08-29T16:36:21,,53,118473,e65ed16c595914f10b59a8d872f916b0,52A0FD435CAA428E86D603157F72F23A,1534758431647000,2018-08-20T10:47:11,,1220499683,IOS,,PresentationEditorViewController,auto,-5074745263819787397,,1,-5074745263819787398,PresentationExploreSegmentedViewController,28007,3,,,,,,,,,,,1534758431647000,e65ed16c595914f10b59a8d872f916b0,uk.co.skoda.assistant.ios,1.1.6,,1:571703561616:ios:777087d7f78ec12a,manual_install,tablet,Apple,iPad,,"iPad7,5",IOS,11.4.1,,,en-gb,No,3600,,,Europe,United Kingdom,England,Andover,,,(direct),(none),(direct),e65ed16c595914f10b59a8d872f916b0_1
20180829,1535556996064008,2018-08-29T16:36:36,user_engagement,1535556981104008,2018-08-29T16:36:21,,53,118473,e65ed16c595914f10b59a8d872f916b0,52A0FD435CAA428E86D603157F72F23A,1534758431647000,2018-08-20T10:47:11,,1220499683,IOS,,PresentationEditorViewController,auto,-5074745263819787397,14959,,,,28007,3,,,,,,,,,,,1534758431647000,e65ed16c595914f10b59a8d872f916b0,uk.co.skoda.assistant.ios,1.1.6,,1:571703561616:ios:777087d7f78ec12a,manual_install,tablet,Apple,iPad,,"iPad7,5",IOS,11.4.1,,,en-gb,No,3600,,,Europe,United Kingdom,England,Andover,,,(direct),(none),(direct),e65ed16c595914f10b59a8d872f916b0_1
20180829,1535556996065006,2018-08-29T16:36:36,screen_view,1535556981505006,2018-08-29T16:36:21,,53,118473,e65ed16c595914f10b59a8d872f916b0,52A0FD435CAA428E86D603157F72F23A,1534758431647000,2018-08-20T10:47:11,,1220499683,IOS,,SkodaContentViewController,auto,-5074745263819787412,,1,-5074745263819787397,PresentationEditorViewController,28007,3,,,,,,,,,,,1534758431647000,e65ed16c595914f10b59a8d872f916b0,uk.co.skoda.assistant.ios,1.1.6,,1:571703561616:ios:777087d7f78ec12a,manual_install,tablet,Apple,iPad,,"iPad7,5",IOS,11.4.1,,,en-gb,No,3600,,,Europe,United Kingdom,England,Andover,,,(direct),(none),(direct),e65ed16c595914f10b59a8d872f916b0_1
20180829,1535557010762007,2018-08-29T16:36:50,button_press,1535556969646007,2018-08-29T16:36:09,,53,118473,e65ed16c595914f10b59a8d872f916b0,52A0FD435CAA428E86D603157F72F23A,1534758431647000,2018-08-20T10:47:11,,1220499683,IOS,,SkodaContentViewController,app,-5074745263819787412,,1,,,28007,3,,globalnav_range,,,,,,,,,1534758431647000,e65ed16c595914f10b59a8d872f916b0,uk.co.skoda.assistant.ios,1.1.6,,1:571703561616:ios:777087d7f78ec12a,manual_install,tablet,Apple,iPad,,"iPad7,5",IOS,11.4.1,,,en-gb,No,3600,,,Europe,United Kingdom,England,Andover,,,(direct),(none),(direct),e65ed16c595914f10b59a8d872f916b0_1
20180829,1535557010882008,2018-08-29T16:36:50,button_press,1535557010762008,2018-08-29T16:36:50,,53,118473,e65ed16c595914f10b59a8d872f916b0,52A0FD435CAA428E86D603157F72F23A,1534758431647000,2018-08-20T10:47:11,,1220499683,IOS,,SkodaContentViewController,app,-5074745263819787412,,1,,,28007,3,,range,,,,,,,,,1534758431647000,e65ed16c595914f10b59a8d872f916b0,uk.co.skoda.assistant.ios,1.1.6,,1:571703561616:ios:777087d7f78ec12a,manual_install,tablet,Apple,iPad,,"iPad7,5",IOS,11.4.1,,,en-gb,No,3600,,,Europe,United Kingdom,England,Andover,,,(direct),(none),(direct),e65ed16c595914f10b59a8d872f916b0_1
20180829,1535557010910012,2018-08-29T16:36:50,user_engagement,1535556996064012,2018-08-29T16:36:36,,53,118473,e65ed16c595914f10b59a8d872f916b0,52A0FD435CAA428E86D603157F72F23A,1534758431647000,2018-08-20T10:47:11,,1220499683,IOS,,SkodaContentViewController,auto,-5074745263819787412,14845,,,,28007,3,,,,,,,,,,,1534758431647000,e65ed16c595914f10b59a8d872f916b0,uk.co.skoda.assistant.ios,1.1.6,,1:571703561616:ios:777087d7f78ec12a,manual_install,tablet,Apple,iPad,,"iPad7,5",IOS,11.4.1,,,en-gb,No,3600,,,Europe,United Kingdom,England,Andover,,,(direct),(none),(direct),e65ed16c595914f10b59a8d872f916b0_1
20180829,1535557010911009,2018-08-29T16:36:50,screen_view,1535556996065009,2018-08-29T16:36:36,,53,118473,e65ed16c595914f10b59a8d872f916b0,52A0FD435CAA428E86D603157F72F23A,1534758431647000,2018-08-20T10:47:11,,1220499683,IOS,,TrimViewController,auto,-5074745263819787399,,1,-5074745263819787412,SkodaContentViewController,28007,3,,,,,,,,,,,1534758431647000,e65ed16c595914f10b59a8d872f916b0,uk.co.skoda.assistant.ios,1.1.6,,1:571703561616:ios:777087d7f78ec12a,manual_install,tablet,Apple,iPad,,"iPad7,5",IOS,11.4.1,,,en-gb,No,3600,,,Europe,United Kingdom,England,Andover,,,(direct),(none),(direct),e65ed16c595914f10b59a8d872f916b0_1
20180829,1535557031363010,2018-08-29T16:37:11,button_press,1535557010882010,2018-08-29T16:36:50,,53,118473,e65ed16c595914f10b59a8d872f916b0,52A0FD435CAA428E86D603157F72F23A,1534758431647000,2018-08-20T10:47:11,,1220499683,IOS,,TrimViewController,app,-5074745263819787399,,1,,,28007,3,,trim_home_view_interior,,,,,,,,,1534758431647000,e65ed16c595914f10b59a8d872f916b0,uk.co.skoda.assistant.ios,1.1.6,,1:571703561616:ios:777087d7f78ec12a,manual_install,tablet,Apple,iPad,,"iPad7,5",IOS,11.4.1,,,en-gb,No,3600,,,Europe,United Kingdom,England,Andover,,,(direct),(none),(direct),e65ed16c595914f10b59a8d872f916b0_1
20180829,1535557032938011,2018-08-29T16:37:12,button_press,1535557031363011,2018-08-29T16:37:11,,53,118473,e65ed16c595914f10b59a8d872f916b0,52A0FD435CAA428E86D603157F72F23A,1534758431647000,2018-08-20T10:47:11,,1220499683,IOS,,TrimViewController,app,-5074745263819787399,,1,,,28007,3,,trim_home_view_exterior,,,,,,,,,1534758431647000,e65ed16c595914f10b59a8d872f916b0,uk.co.skoda.assistant.ios,1.1.6,,1:571703561616:ios:777087d7f78ec12a,manual_install,tablet,Apple,iPad,,"iPad7,5",IOS,11.4.1,,,en-gb,No,3600,,,Europe,United Kingdom,England,Andover,,,(direct),(none),(direct),e65ed16c595914f10b59a8d872f916b0_1
20180829,1535557107254012,2018-08-29T16:38:27,screen_view,1535557010911012,2018-08-29T16:36:50,,53,118473,e65ed16c595914f10b59a8d872f916b0,52A0FD435CAA428E86D603157F72F23A,1534758431647000,2018-08-20T10:47:11,,1220499683,IOS,,SkodaContentViewController,auto,-5074745263819787412,,1,-5074745263819787399,TrimViewController,28007,3,,,,,,,,,,,1534758431647000,e65ed16c595914f10b59a8d872f916b0,uk.co.skoda.assistant.ios,1.1.6,,1:571703561616:ios:777087d7f78ec12a,manual_install,tablet,Apple,iPad,,"iPad7,5",IOS,11.4.1,,,en-gb,No,3600,,,Europe,United Kingdom,England,Andover,,,(direct),(none),(direct),e65ed16c595914f10b59a8d872f916b0_1
20180829,1535557107254013,2018-08-29T16:38:27,screen_view,1535557107254013,2018-08-29T16:38:27,,53,118473,e65ed16c595914f10b59a8d872f916b0,52A0FD435CAA428E86D603157F72F23A,1534758431647000,2018-08-20T10:47:11,,1220499683,IOS,,RangeContentViewController,auto,-5074745263819787411,,1,-5074745263819787412,SkodaContentViewController,28007,3,,,,,,,,,,,1534758431647000,e65ed16c595914f10b59a8d872f916b0,uk.co.skoda.assistant.ios,1.1.6,,1:571703561616:ios:777087d7f78ec12a,manual_install,tablet,Apple,iPad,,"iPad7,5",IOS,11.4.1,,,en-gb,No,3600,,,Europe,United Kingdom,England,Andover,,,(direct),(none),(direct),e65ed16c595914f10b59a8d872f916b0_1
20180829,1535557107254016,2018-08-29T16:38:27,user_engagement,1535557010910016,2018-08-29T16:36:50,,53,118473,e65ed16c595914f10b59a8d872f916b0,52A0FD435CAA428E86D603157F72F23A,1534758431647000,2018-08-20T10:47:11,,1220499683,IOS,,TrimViewController,auto,-5074745263819787399,96343,,,,28007,3,,,,,,,,,,,1534758431647000,e65ed16c595914f10b59a8d872f916b0,uk.co.skoda.assistant.ios,1.1.6,,1:571703561616:ios:777087d7f78ec12a,manual_install,tablet,Apple,iPad,,"iPad7,5",IOS,11.4.1,,,en-gb,No,3600,,,Europe,United Kingdom,England,Andover,,,(direct),(none),(direct),e65ed16c595914f10b59a8d872f916b0_1
20180829,1535557110230014,2018-08-29T16:38:30,button_press,1535557032938014,2018-08-29T16:37:12,,53,118473,e65ed16c595914f10b59a8d872f916b0,52A0FD435CAA428E86D603157F72F23A,1534758431647000,2018-08-20T10:47:11,,1220499683,IOS,,RangeContentViewController,app,-5074745263819787411,,1,,,28007,3,,range_home_filter_open,,,,,,,,,1534758431647000,e65ed16c595914f10b59a8d872f916b0,uk.co.skoda.assistant.ios,1.1.6,,1:571703561616:ios:777087d7f78ec12a,manual_install,tablet,Apple,iPad,,"iPad7,5",IOS,11.4.1,,,en-gb,No,3600,,,Europe,United Kingdom,England,Andover,,,(direct),(none),(direct),e65ed16c595914f10b59a8d872f916b0_1
20180829,1535557233447020,2018-08-29T16:40:33,user_engagement,1535557107254020,2018-08-29T16:38:27,,53,118473,e65ed16c595914f10b59a8d872f916b0,52A0FD435CAA428E86D603157F72F23A,1534758431647000,2018-08-20T10:47:11,,1220499683,IOS,,RangeContentViewController,auto,-5074745263819787411,126193,,,,28007,3,,,,,,,,,,,1534758431647000,e65ed16c595914f10b59a8d872f916b0,uk.co.skoda.assistant.ios,1.1.6,,1:571703561616:ios:777087d7f78ec12a,manual_install,tablet,Apple,iPad,,"iPad7,5",IOS,11.4.1,,,en-gb,No,3600,,,Europe,United Kingdom,England,Andover,,,(direct),(none),(direct),e65ed16c595914f10b59a8d872f916b0_1
20180829,1535559992794000,2018-08-29T17:26:32,user_engagement,1535557233447000,2018-08-29T16:40:33,,54,123855,e65ed16c595914f10b59a8d872f916b0,52A0FD435CAA428E86D603157F72F23A,1534758431647000,2018-08-20T10:47:11,,1220499683,IOS,,RangeContentViewController,auto,-5074745263819787411,1108,,,,28007,3,,,,,,,,,,,1534758431647000,e65ed16c595914f10b59a8d872f916b0,uk.co.skoda.assistant.ios,1.1.6,,1:571703561616:ios:777087d7f78ec12a,manual_install,tablet,Apple,iPad,,"iPad7,5",IOS,11.4.1,,,en-gb,No,3600,,,Europe,United Kingdom,England,Andover,,,(direct),(none),(direct),e65ed16c595914f10b59a8d872f916b0_1
20180829,1535560006850000,2018-08-29T17:26:46,button_press,1535557110230000,2018-08-29T16:38:30,,55,135259,e65ed16c595914f10b59a8d872f916b0,52A0FD435CAA428E86D603157F72F23A,1534758431647000,2018-08-20T10:47:11,,1220499683,IOS,,RangeContentViewController,app,-5074745263819787411,,1,,,28007,3,,globalnav_range,,,,,,,,,1534758431647000,e65ed16c595914f10b59a8d872f916b0,uk.co.skoda.assistant.ios,1.1.6,,1:571703561616:ios:777087d7f78ec12a,manual_install,tablet,Apple,iPad,,"iPad7,5",IOS,11.4.1,,,en-gb,No,3600,,,Europe,United Kingdom,England,Andover,,,(direct),(none),(direct),e65ed16c595914f10b59a8d872f916b0_1
20180829,1535560008096001,2018-08-29T17:26:48,session_start,1535555463104001,2018-08-29T16:11:03,,55,135259,e65ed16c595914f10b59a8d872f916b0,52A0FD435CAA428E86D603157F72F23A,1534758431647000,2018-08-20T10:47:11,,1220499683,IOS,,RangeContentViewController,auto,-5074745263819787411,,1,,,28007,3,,,,,,,,,,,1534758431647000,e65ed16c595914f10b59a8d872f916b0,uk.co.skoda.assistant.ios,1.1.6,,1:571703561616:ios:777087d7f78ec12a,manual_install,tablet,Apple,iPad,,"iPad7,5",IOS,11.4.1,,,en-gb,No,3600,,,Europe,United Kingdom,England,Andover,,,(direct),(none),(direct),e65ed16c595914f10b59a8d872f916b0_1
20180829,1535560017777002,2018-08-29T17:26:57,button_press,1535560006850002,2018-08-29T17:26:46,,55,135259,e65ed16c595914f10b59a8d872f916b0,52A0FD435CAA428E86D603157F72F23A,1534758431647000,2018-08-20T10:47:11,,1220499683,IOS,,RangeContentViewController,app,-5074745263819787411,,1,,,28007,3,SE,range_home_trim_select,39,,,,,,,,1534758431647000,e65ed16c595914f10b59a8d872f916b0,uk.co.skoda.assistant.ios,1.1.6,,1:571703561616:ios:777087d7f78ec12a,manual_install,tablet,Apple,iPad,,"iPad7,5",IOS,11.4.1,,,en-gb,No,3600,,,Europe,United Kingdom,England,Andover,,,(direct),(none),(direct),e65ed16c595914f10b59a8d872f916b0_1
20180829,1535560018610003,2018-08-29T17:26:58,user_engagement,1535559992794003,2018-08-29T17:26:32,,55,135259,e65ed16c595914f10b59a8d872f916b0,52A0FD435CAA428E86D603157F72F23A,1534758431647000,2018-08-20T10:47:11,,1220499683,IOS,,RangeContentViewController,auto,-5074745263819787411,20514,,,,28007,3,,,,,,,,,,,1534758431647000,e65ed16c595914f10b59a8d872f916b0,uk.co.skoda.assistant.ios,1.1.6,,1:571703561616:ios:777087d7f78ec12a,manual_install,tablet,Apple,iPad,,"iPad7,5",IOS,11.4.1,,,en-gb,No,3600,,,Europe,United Kingdom,England,Andover,,,(direct),(none),(direct),e65ed16c595914f10b59a8d872f916b0_1
20180829,1535560018611003,2018-08-29T17:26:58,screen_view,1535557107254003,2018-08-29T16:38:27,,55,135259,e65ed16c595914f10b59a8d872f916b0,52A0FD435CAA428E86D603157F72F23A,1534758431647000,2018-08-20T10:47:11,,1220499683,IOS,,SkodaContentViewController,auto,-5074745263819787412,,1,-5074745263819787411,RangeContentViewController,28007,3,,,,,,,,,,,1534758431647000,e65ed16c595914f10b59a8d872f916b0,uk.co.skoda.assistant.ios,1.1.6,,1:571703561616:ios:777087d7f78ec12a,manual_install,tablet,Apple,iPad,,"iPad7,5",IOS,11.4.1,,,en-gb,No,3600,,,Europe,United Kingdom,England,Andover,,,(direct),(none),(direct),e65ed16c595914f10b59a8d872f916b0_1
20180829,1535560018611004,2018-08-29T17:26:58,screen_view,1535560018611004,2018-08-29T17:26:58,,55,135259,e65ed16c595914f10b59a8d872f916b0,52A0FD435CAA428E86D603157F72F23A,1534758431647000,2018-08-20T10:47:11,,1220499683,IOS,,TrimViewController,auto,-5074745263819787396,,1,-5074745263819787412,SkodaContentViewController,28007,3,,,,,,,,,,,1534758431647000,e65ed16c595914f10b59a8d872f916b0,uk.co.skoda.assistant.ios,1.1.6,,1:571703561616:ios:777087d7f78ec12a,manual_install,tablet,Apple,iPad,,"iPad7,5",IOS,11.4.1,,,en-gb,No,3600,,,Europe,United Kingdom,England,Andover,,,(direct),(none),(direct),e65ed16c595914f10b59a8d872f916b0_1
20180829,1535560031049005,2018-08-29T17:27:11,button_press,1535560017777005,2018-08-29T17:26:57,,55,135259,e65ed16c595914f10b59a8d872f916b0,52A0FD435CAA428E86D603157F72F23A,1534758431647000,2018-08-20T10:47:11,,1220499683,IOS,,TrimViewController,app,-5074745263819787396,,1,,,28007,3,,globalnav_links,,,,,,,,,1534758431647000,e65ed16c595914f10b59a8d872f916b0,uk.co.skoda.assistant.ios,1.1.6,,1:571703561616:ios:777087d7f78ec12a,manual_install,tablet,Apple,iPad,,"iPad7,5",IOS,11.4.1,,,en-gb,No,3600,,,Europe,United Kingdom,England,Andover,,,(direct),(none),(direct),e65ed16c595914f10b59a8d872f916b0_1
20180829,1535560031078006,2018-08-29T17:27:11,button_press,1535560031049006,2018-08-29T17:27:11,,55,135259,e65ed16c595914f10b59a8d872f916b0,52A0FD435CAA428E86D603157F72F23A,1534758431647000,2018-08-20T10:47:11,,1220499683,IOS,,TrimViewController,app,-5074745263819787396,,1,,,28007,3,,links,,,,,,,,,1534758431647000,e65ed16c595914f10b59a8d872f916b0,uk.co.skoda.assistant.ios,1.1.6,,1:571703561616:ios:777087d7f78ec12a,manual_install,tablet,Apple,iPad,,"iPad7,5",IOS,11.4.1,,,en-gb,No,3600,,,Europe,United Kingdom,England,Andover,,,(direct),(none),(direct),e65ed16c595914f10b59a8d872f916b0_1
20180829,1535560031410008,2018-08-29T17:27:11,user_engagement,1535560018610008,2018-08-29T17:26:58,,55,135259,e65ed16c595914f10b59a8d872f916b0,52A0FD435CAA428E86D603157F72F23A,1534758431647000,2018-08-20T10:47:11,,1220499683,IOS,,TrimViewController,auto,-5074745263819787396,12800,,,,28007,3,,,,,,,,,,,1534758431647000,e65ed16c595914f10b59a8d872f916b0,uk.co.skoda.assistant.ios,1.1.6,,1:571703561616:ios:777087d7f78ec12a,manual_install,tablet,Apple,iPad,,"iPad7,5",IOS,11.4.1,,,en-gb,No,3600,,,Europe,United Kingdom,England,Andover,,,(direct),(none),(direct),e65ed16c595914f10b59a8d872f916b0_1
20180829,1535560031411007,2018-08-29T17:27:11,screen_view,1535560018611007,2018-08-29T17:26:58,,55,135259,e65ed16c595914f10b59a8d872f916b0,52A0FD435CAA428E86D603157F72F23A,1534758431647000,2018-08-20T10:47:11,,1220499683,IOS,,SkodaContentViewController,auto,-5074745263819787412,,1,-5074745263819787396,TrimViewController,28007,3,,,,,,,,,,,1534758431647000,e65ed16c595914f10b59a8d872f916b0,uk.co.skoda.assistant.ios,1.1.6,,1:571703561616:ios:777087d7f78ec12a,manual_install,tablet,Apple,iPad,,"iPad7,5",IOS,11.4.1,,,en-gb,No,3600,,,Europe,United Kingdom,England,Andover,,,(direct),(none),(direct),e65ed16c595914f10b59a8d872f916b0_1
20180829,1535560033316008,2018-08-29T17:27:13,link_followed,1535208604532008,2018-08-25T15:50:04,,55,135259,e65ed16c595914f10b59a8d872f916b0,52A0FD435CAA428E86D603157F72F23A,1534758431647000,2018-08-20T10:47:11,,1220499683,IOS,,SkodaContentViewController,app,-5074745263819787412,,1,,,28007,3,ŠKODA Car Configurator,,7,,,,,,,,1534758431647000,e65ed16c595914f10b59a8d872f916b0,uk.co.skoda.assistant.ios,1.1.6,,1:571703561616:ios:777087d7f78ec12a,manual_install,tablet,Apple,iPad,,"iPad7,5",IOS,11.4.1,,,en-gb,No,3600,,,Europe,United Kingdom,England,Andover,,,(direct),(none),(direct),e65ed16c595914f10b59a8d872f916b0_1
20180829,1535560033610011,2018-08-29T17:27:13,user_engagement,1535560031410011,2018-08-29T17:27:11,,55,135259,e65ed16c595914f10b59a8d872f916b0,52A0FD435CAA428E86D603157F72F23A,1534758431647000,2018-08-20T10:47:11,,1220499683,IOS,,SkodaContentViewController,auto,-5074745263819787412,2199,,,,28007,3,,,,,,,,,,,1534758431647000,e65ed16c595914f10b59a8d872f916b0,uk.co.skoda.assistant.ios,1.1.6,,1:571703561616:ios:777087d7f78ec12a,manual_install,tablet,Apple,iPad,,"iPad7,5",IOS,11.4.1,,,en-gb,No,3600,,,Europe,United Kingdom,England,Andover,,,(direct),(none),(direct),e65ed16c595914f10b59a8d872f916b0_1
20180829,1535560033611009,2018-08-29T17:27:13,screen_view,1535560031411009,2018-08-29T17:27:11,,55,135259,e65ed16c595914f10b59a8d872f916b0,52A0FD435CAA428E86D603157F72F23A,1534758431647000,2018-08-20T10:47:11,,1220499683,IOS,,SFSafariViewController,auto,-5074745263819787395,,1,-5074745263819787412,SkodaContentViewController,28007,3,,,,,,,,,,,1534758431647000,e65ed16c595914f10b59a8d872f916b0,uk.co.skoda.assistant.ios,1.1.6,,1:571703561616:ios:777087d7f78ec12a,manual_install,tablet,Apple,iPad,,"iPad7,5",IOS,11.4.1,,,en-gb,No,3600,,,Europe,United Kingdom,England,Andover,,,(direct),(none),(direct),e65ed16c595914f10b59a8d872f916b0_1
20180829,1535560096273013,2018-08-29T17:28:16,user_engagement,1535560033610013,2018-08-29T17:27:13,,55,135259,e65ed16c595914f10b59a8d872f916b0,52A0FD435CAA428E86D603157F72F23A,1534758431647000,2018-08-20T10:47:11,,1220499683,IOS,,SFSafariViewController,auto,-5074745263819787395,62662,,,,28007,3,,,,,,,,,,,1534758431647000,e65ed16c595914f10b59a8d872f916b0,uk.co.skoda.assistant.ios,1.1.6,,1:571703561616:ios:777087d7f78ec12a,manual_install,tablet,Apple,iPad,,"iPad7,5",IOS,11.4.1,,,en-gb,No,3600,,,Europe,United Kingdom,England,Andover,,,(direct),(none),(direct),e65ed16c595914f10b59a8d872f916b0_1
