event_date,event_timestamp,event_iso8601,event_name,event_previous_timestamp,event_previous_iso8601,event_value_in_usd,event_bundle_sequence_id,event_server_timestamp_offset,user_id,user_pseudo_id,user_first_touch_timestamp,user_first_touch_iso8601,user_ltv,stream_id,platform,event_dimensions,firebase_screen_class,firebase_event_origin,firebase_screen_id,engagement_time_msec,firebase_conversion,firebase_previous_id,firebase_previous_class,user_retailer,user_area,AnalyticsParameterTerm,button_name,AnalyticsParameterItemID,engine,Compared_vehicle_1,Compared_vehicle_2,update_with_analytics,previous_first_open_count,previous_app_version,Compared_vehicle_3,first_open_time,user_id,id,version,install_store,firebase_app_id,install_source,category,mobile_brand_name,mobile_model_name,mobile_marketing_name,mobile_os_hardware_model,operating_system,operating_system_version,vendor_id,advertising_id,language,is_limited_ad_tracking,time_zone_offset_seconds,browser,browser,continent,country,region,city,sub_continent,metro,name,medium,source,user_session_generated_id
20180829,1535539988916001,2018-08-29T11:53:08,AnalyticsEventLogin,1535534431938001,2018-08-29T10:20:31,,66,72145,ba946113c0e08d7a4a1358ea0077a98e,5783228E70934E968FF40707CC1971D8,1534951137328000,2018-08-22T16:18:57,,1220499683,IOS,,SplashViewController,app,5797213001127530433,,1,,,11111,1,ba946113c0e08d7a4a1358ea0077a98e,,,,,,,,,,1534951137328000,ba946113c0e08d7a4a1358ea0077a98e,uk.co.skoda.assistant.uat,1.1.7,,1:571703561616:ios:777087d7f78ec12a,manual_install,tablet,Apple,iPad Air 2,,"iPad5,4",IOS,11.4.1,,,en-gb,No,3600,,,Europe,United Kingdom,England,London,,,(direct),(none),(direct),ba946113c0e08d7a4a1358ea0077a98e_3
20180829,1535539989076000,2018-08-29T11:53:09,button_press,1535534590949000,2018-08-29T10:23:10,,67,72146,ba946113c0e08d7a4a1358ea0077a98e,5783228E70934E968FF40707CC1971D8,1534951137328000,2018-08-22T16:18:57,,1220499683,IOS,,SplashViewController,app,5797213001127530433,,1,,,11111,1,,globalnav_range,,,,,,,,,1534951137328000,ba946113c0e08d7a4a1358ea0077a98e,uk.co.skoda.assistant.uat,1.1.7,,1:571703561616:ios:777087d7f78ec12a,manual_install,tablet,Apple,iPad Air 2,,"iPad5,4",IOS,11.4.1,,,en-gb,No,3600,,,Europe,United Kingdom,England,London,,,(direct),(none),(direct),ba946113c0e08d7a4a1358ea0077a98e_3
20180829,1535539989077001,2018-08-29T11:53:09,button_press,1535539989076001,2018-08-29T11:53:09,,67,72146,ba946113c0e08d7a4a1358ea0077a98e,5783228E70934E968FF40707CC1971D8,1534951137328000,2018-08-22T16:18:57,,1220499683,IOS,,SplashViewController,app,5797213001127530433,,1,,,11111,1,,range,,,,,,,,,1534951137328000,ba946113c0e08d7a4a1358ea0077a98e,uk.co.skoda.assistant.uat,1.1.7,,1:571703561616:ios:777087d7f78ec12a,manual_install,tablet,Apple,iPad Air 2,,"iPad5,4",IOS,11.4.1,,,en-gb,No,3600,,,Europe,United Kingdom,England,London,,,(direct),(none),(direct),ba946113c0e08d7a4a1358ea0077a98e_3
20180829,1535539990239002,2018-08-29T11:53:10,user_engagement,1535539988882002,2018-08-29T11:53:08,,67,72146,ba946113c0e08d7a4a1358ea0077a98e,5783228E70934E968FF40707CC1971D8,1534951137328000,2018-08-22T16:18:57,,1220499683,IOS,,SplashViewController,auto,5797213001127530433,1356,,,,11111,1,,,,,,,,,,,1534951137328000,ba946113c0e08d7a4a1358ea0077a98e,uk.co.skoda.assistant.uat,1.1.7,,1:571703561616:ios:777087d7f78ec12a,manual_install,tablet,Apple,iPad Air 2,,"iPad5,4",IOS,11.4.1,,,en-gb,No,3600,,,Europe,United Kingdom,England,London,,,(direct),(none),(direct),ba946113c0e08d7a4a1358ea0077a98e_3
20180829,1535539990240002,2018-08-29T11:53:10,screen_view,1535539988883002,2018-08-29T11:53:08,,67,72146,ba946113c0e08d7a4a1358ea0077a98e,5783228E70934E968FF40707CC1971D8,1534951137328000,2018-08-22T16:18:57,,1220499683,IOS,,SkodaContentViewController,auto,5797213001127530435,,1,5797213001127530433,SplashViewController,11111,1,,,,,,,,,,,1534951137328000,ba946113c0e08d7a4a1358ea0077a98e,uk.co.skoda.assistant.uat,1.1.7,,1:571703561616:ios:777087d7f78ec12a,manual_install,tablet,Apple,iPad Air 2,,"iPad5,4",IOS,11.4.1,,,en-gb,No,3600,,,Europe,United Kingdom,England,London,,,(direct),(none),(direct),ba946113c0e08d7a4a1358ea0077a98e_3
20180829,1535539990242003,2018-08-29T11:53:10,screen_view,1535539990240003,2018-08-29T11:53:10,,67,72146,ba946113c0e08d7a4a1358ea0077a98e,5783228E70934E968FF40707CC1971D8,1534951137328000,2018-08-22T16:18:57,,1220499683,IOS,,RangeContentViewController,auto,5797213001127530436,,1,5797213001127530435,SkodaContentViewController,11111,1,,,,,,,,,,,1534951137328000,ba946113c0e08d7a4a1358ea0077a98e,uk.co.skoda.assistant.uat,1.1.7,,1:571703561616:ios:777087d7f78ec12a,manual_install,tablet,Apple,iPad Air 2,,"iPad5,4",IOS,11.4.1,,,en-gb,No,3600,,,Europe,United Kingdom,England,London,,,(direct),(none),(direct),ba946113c0e08d7a4a1358ea0077a98e_3
20180829,1535539995633004,2018-08-29T11:53:15,session_start,1535534322945004,2018-08-29T10:18:42,,67,72146,ba946113c0e08d7a4a1358ea0077a98e,5783228E70934E968FF40707CC1971D8,1534951137328000,2018-08-22T16:18:57,,1220499683,IOS,,RangeContentViewController,auto,5797213001127530436,,1,,,11111,1,,,,,,,,,,,1534951137328000,ba946113c0e08d7a4a1358ea0077a98e,uk.co.skoda.assistant.uat,1.1.7,,1:571703561616:ios:777087d7f78ec12a,manual_install,tablet,Apple,iPad Air 2,,"iPad5,4",IOS,11.4.1,,,en-gb,No,3600,,,Europe,United Kingdom,England,London,,,(direct),(none),(direct),ba946113c0e08d7a4a1358ea0077a98e_3
20180829,1535539995686005,2018-08-29T11:53:15,button_press,1535539989077005,2018-08-29T11:53:09,,67,72146,ba946113c0e08d7a4a1358ea0077a98e,5783228E70934E968FF40707CC1971D8,1534951137328000,2018-08-22T16:18:57,,1220499683,IOS,,RangeContentViewController,app,5797213001127530436,,1,,,11111,1,S,range_home_trim_select,75,,,,,,,,1534951137328000,ba946113c0e08d7a4a1358ea0077a98e,uk.co.skoda.assistant.uat,1.1.7,,1:571703561616:ios:777087d7f78ec12a,manual_install,tablet,Apple,iPad Air 2,,"iPad5,4",IOS,11.4.1,,,en-gb,No,3600,,,Europe,United Kingdom,England,London,,,(direct),(none),(direct),ba946113c0e08d7a4a1358ea0077a98e_3
20180829,1535539996637006,2018-08-29T11:53:16,screen_view,1535539990242006,2018-08-29T11:53:10,,67,72146,ba946113c0e08d7a4a1358ea0077a98e,5783228E70934E968FF40707CC1971D8,1534951137328000,2018-08-22T16:18:57,,1220499683,IOS,,TrimViewController,auto,5797213001127530437,,1,5797213001127530436,RangeContentViewController,11111,1,,,,,,,,,,,1534951137328000,ba946113c0e08d7a4a1358ea0077a98e,uk.co.skoda.assistant.uat,1.1.7,,1:571703561616:ios:777087d7f78ec12a,manual_install,tablet,Apple,iPad Air 2,,"iPad5,4",IOS,11.4.1,,,en-gb,No,3600,,,Europe,United Kingdom,England,London,,,(direct),(none),(direct),ba946113c0e08d7a4a1358ea0077a98e_3
20180829,1535539996637007,2018-08-29T11:53:16,user_engagement,1535539990239007,2018-08-29T11:53:10,,67,72146,ba946113c0e08d7a4a1358ea0077a98e,5783228E70934E968FF40707CC1971D8,1534951137328000,2018-08-22T16:18:57,,1220499683,IOS,,RangeContentViewController,auto,5797213001127530436,6397,,,,11111,1,,,,,,,,,,,1534951137328000,ba946113c0e08d7a4a1358ea0077a98e,uk.co.skoda.assistant.uat,1.1.7,,1:571703561616:ios:777087d7f78ec12a,manual_install,tablet,Apple,iPad Air 2,,"iPad5,4",IOS,11.4.1,,,en-gb,No,3600,,,Europe,United Kingdom,England,London,,,(direct),(none),(direct),ba946113c0e08d7a4a1358ea0077a98e_3
20180829,1535539998569007,2018-08-29T11:53:18,button_press,1535539995686007,2018-08-29T11:53:15,,67,72146,ba946113c0e08d7a4a1358ea0077a98e,5783228E70934E968FF40707CC1971D8,1534951137328000,2018-08-22T16:18:57,,1220499683,IOS,,TrimViewController,app,5797213001127530437,,1,,,11111,1,1.0 MPI 60PS GreenTech,trim_home_view_full_details,5991,,,,,,,,1534951137328000,ba946113c0e08d7a4a1358ea0077a98e,uk.co.skoda.assistant.uat,1.1.7,,1:571703561616:ios:777087d7f78ec12a,manual_install,tablet,Apple,iPad Air 2,,"iPad5,4",IOS,11.4.1,,,en-gb,No,3600,,,Europe,United Kingdom,England,London,,,(direct),(none),(direct),ba946113c0e08d7a4a1358ea0077a98e_3
20180829,1535539999240010,2018-08-29T11:53:19,user_engagement,1535539996637010,2018-08-29T11:53:16,,67,72146,ba946113c0e08d7a4a1358ea0077a98e,5783228E70934E968FF40707CC1971D8,1534951137328000,2018-08-22T16:18:57,,1220499683,IOS,,TrimViewController,auto,5797213001127530437,2603,,,,11111,1,,,,,,,,,,,1534951137328000,ba946113c0e08d7a4a1358ea0077a98e,uk.co.skoda.assistant.uat,1.1.7,,1:571703561616:ios:777087d7f78ec12a,manual_install,tablet,Apple,iPad Air 2,,"iPad5,4",IOS,11.4.1,,,en-gb,No,3600,,,Europe,United Kingdom,England,London,,,(direct),(none),(direct),ba946113c0e08d7a4a1358ea0077a98e_3
20180829,1535539999241008,2018-08-29T11:53:19,screen_view,1535539996637008,2018-08-29T11:53:16,,67,72146,ba946113c0e08d7a4a1358ea0077a98e,5783228E70934E968FF40707CC1971D8,1534951137328000,2018-08-22T16:18:57,,1220499683,IOS,,EngineDetailsViewController,auto,5797213001127530438,,1,5797213001127530437,TrimViewController,11111,1,,,,,,,,,,,1534951137328000,ba946113c0e08d7a4a1358ea0077a98e,uk.co.skoda.assistant.uat,1.1.7,,1:571703561616:ios:777087d7f78ec12a,manual_install,tablet,Apple,iPad Air 2,,"iPad5,4",IOS,11.4.1,,,en-gb,No,3600,,,Europe,United Kingdom,England,London,,,(direct),(none),(direct),ba946113c0e08d7a4a1358ea0077a98e_3
20180829,1535540003904012,2018-08-29T11:53:23,user_engagement,1535539999240012,2018-08-29T11:53:19,,67,72146,ba946113c0e08d7a4a1358ea0077a98e,5783228E70934E968FF40707CC1971D8,1534951137328000,2018-08-22T16:18:57,,1220499683,IOS,,EngineDetailsViewController,auto,5797213001127530438,4663,,,,11111,1,,,,,,,,,,,1534951137328000,ba946113c0e08d7a4a1358ea0077a98e,uk.co.skoda.assistant.uat,1.1.7,,1:571703561616:ios:777087d7f78ec12a,manual_install,tablet,Apple,iPad Air 2,,"iPad5,4",IOS,11.4.1,,,en-gb,No,3600,,,Europe,United Kingdom,England,London,,,(direct),(none),(direct),ba946113c0e08d7a4a1358ea0077a98e_3
20180829,1535540035140000,2018-08-29T11:53:55,user_engagement,1535539978611000,2018-08-29T11:52:58,,24,64831,ba946113c0e08d7a4a1358ea0077a98e,B82ADB697C2140B59BADCDEEB8509769,1535019703852000,2018-08-23T11:21:43,,1220499683,IOS,,EngineDetailsViewController,auto,-7134482481562243125,26394,,,,11111,1,,,,,,,,,,,1535019703852000,ba946113c0e08d7a4a1358ea0077a98e,uk.co.skoda.assistant.test,1.1.6,,1:571703561616:ios:777087d7f78ec12a,manual_install,tablet,Apple,iPad Air 2,,"iPad5,4",IOS,11.4.1,,,en-gb,No,3600,,,Europe,United Kingdom,England,London,,,(direct),(none),(direct),ba946113c0e08d7a4a1358ea0077a98e_3
20180829,1535540183526000,2018-08-29T11:56:23,user_engagement,1535540035140000,2018-08-29T11:53:55,,25,58856,ba946113c0e08d7a4a1358ea0077a98e,B82ADB697C2140B59BADCDEEB8509769,1535019703852000,2018-08-23T11:21:43,,1220499683,IOS,,EngineDetailsViewController,auto,-7134482481562243125,145573,,,,11111,1,,,,,,,,,,,1535019703852000,ba946113c0e08d7a4a1358ea0077a98e,uk.co.skoda.assistant.test,1.1.6,,1:571703561616:ios:777087d7f78ec12a,manual_install,tablet,Apple,iPad Air 2,,"iPad5,4",IOS,11.4.1,,,en-gb,No,3600,,,Europe,United Kingdom,England,London,,,(direct),(none),(direct),ba946113c0e08d7a4a1358ea0077a98e_3
20180829,1535540782978000,2018-08-29T12:06:22,user_engagement,1535540183526000,2018-08-29T11:56:23,,26,54063,ba946113c0e08d7a4a1358ea0077a98e,B82ADB697C2140B59BADCDEEB8509769,1535019703852000,2018-08-23T11:21:43,,1220499683,IOS,,EngineDetailsViewController,auto,-7134482481562243125,1401,,,,11111,1,,,,,,,,,,,1535019703852000,ba946113c0e08d7a4a1358ea0077a98e,uk.co.skoda.assistant.test,1.1.6,,1:571703561616:ios:777087d7f78ec12a,manual_install,tablet,Apple,iPad Air 2,,"iPad5,4",IOS,11.4.1,,,en-gb,No,3600,,,Europe,United Kingdom,England,London,,,(direct),(none),(direct),ba946113c0e08d7a4a1358ea0077a98e_3
20180829,1535540782979000,2018-08-29T12:06:22,screen_view,1535539950953000,2018-08-29T11:52:30,,26,54063,ba946113c0e08d7a4a1358ea0077a98e,B82ADB697C2140B59BADCDEEB8509769,1535019703852000,2018-08-23T11:21:43,,1220499683,IOS,,SkodaContentViewController,auto,-7134482481562243137,,1,-7134482481562243125,EngineDetailsViewController,11111,1,,,,,,,,,,,1535019703852000,ba946113c0e08d7a4a1358ea0077a98e,uk.co.skoda.assistant.test,1.1.6,,1:571703561616:ios:777087d7f78ec12a,manual_install,tablet,Apple,iPad Air 2,,"iPad5,4",IOS,11.4.1,,,en-gb,No,3600,,,Europe,United Kingdom,England,London,,,(direct),(none),(direct),ba946113c0e08d7a4a1358ea0077a98e_3
20180829,1535540782981001,2018-08-29T12:06:22,screen_view,1535540782979001,2018-08-29T12:06:22,,26,54063,ba946113c0e08d7a4a1358ea0077a98e,B82ADB697C2140B59BADCDEEB8509769,1535019703852000,2018-08-23T11:21:43,,1220499683,IOS,,TrimViewController,auto,-7134482481562243126,,1,-7134482481562243137,SkodaContentViewController,11111,1,,,,,,,,,,,1535019703852000,ba946113c0e08d7a4a1358ea0077a98e,uk.co.skoda.assistant.test,1.1.6,,1:571703561616:ios:777087d7f78ec12a,manual_install,tablet,Apple,iPad Air 2,,"iPad5,4",IOS,11.4.1,,,en-gb,No,3600,,,Europe,United Kingdom,England,London,,,(direct),(none),(direct),ba946113c0e08d7a4a1358ea0077a98e_3
20180829,1535540784776003,2018-08-29T12:06:24,user_engagement,1535540782978003,2018-08-29T12:06:22,,26,54063,ba946113c0e08d7a4a1358ea0077a98e,B82ADB697C2140B59BADCDEEB8509769,1535019703852000,2018-08-23T11:21:43,,1220499683,IOS,,TrimViewController,auto,-7134482481562243126,1797,,,,11111,1,,,,,,,,,,,1535019703852000,ba946113c0e08d7a4a1358ea0077a98e,uk.co.skoda.assistant.test,1.1.6,,1:571703561616:ios:777087d7f78ec12a,manual_install,tablet,Apple,iPad Air 2,,"iPad5,4",IOS,11.4.1,,,en-gb,No,3600,,,Europe,United Kingdom,England,London,,,(direct),(none),(direct),ba946113c0e08d7a4a1358ea0077a98e_3
20180829,1535540784777002,2018-08-29T12:06:24,screen_view,1535540782981002,2018-08-29T12:06:22,,26,54063,ba946113c0e08d7a4a1358ea0077a98e,B82ADB697C2140B59BADCDEEB8509769,1535019703852000,2018-08-23T11:21:43,,1220499683,IOS,,ProfileViewController,auto,-7134482481562243124,,1,-7134482481562243126,TrimViewController,11111,1,,,,,,,,,,,1535019703852000,ba946113c0e08d7a4a1358ea0077a98e,uk.co.skoda.assistant.test,1.1.6,,1:571703561616:ios:777087d7f78ec12a,manual_install,tablet,Apple,iPad Air 2,,"iPad5,4",IOS,11.4.1,,,en-gb,No,3600,,,Europe,United Kingdom,England,London,,,(direct),(none),(direct),ba946113c0e08d7a4a1358ea0077a98e_3
20180829,1535540807034005,2018-08-29T12:06:47,user_engagement,1535540784776005,2018-08-29T12:06:24,,26,54063,ba946113c0e08d7a4a1358ea0077a98e,B82ADB697C2140B59BADCDEEB8509769,1535019703852000,2018-08-23T11:21:43,,1220499683,IOS,,ProfileViewController,auto,-7134482481562243124,22257,,,,11111,1,,,,,,,,,,,1535019703852000,ba946113c0e08d7a4a1358ea0077a98e,uk.co.skoda.assistant.test,1.1.6,,1:571703561616:ios:777087d7f78ec12a,manual_install,tablet,Apple,iPad Air 2,,"iPad5,4",IOS,11.4.1,,,en-gb,No,3600,,,Europe,United Kingdom,England,London,,,(direct),(none),(direct),ba946113c0e08d7a4a1358ea0077a98e_3
20180829,1535540807035003,2018-08-29T12:06:47,screen_view,1535540784777003,2018-08-29T12:06:24,,26,54063,ba946113c0e08d7a4a1358ea0077a98e,B82ADB697C2140B59BADCDEEB8509769,1535019703852000,2018-08-23T11:21:43,,1220499683,IOS,,TrimViewController,auto,-7134482481562243126,,1,-7134482481562243124,ProfileViewController,11111,1,,,,,,,,,,,1535019703852000,ba946113c0e08d7a4a1358ea0077a98e,uk.co.skoda.assistant.test,1.1.6,,1:571703561616:ios:777087d7f78ec12a,manual_install,tablet,Apple,iPad Air 2,,"iPad5,4",IOS,11.4.1,,,en-gb,No,3600,,,Europe,United Kingdom,England,London,,,(direct),(none),(direct),ba946113c0e08d7a4a1358ea0077a98e_3
20180829,1535540831716007,2018-08-29T12:07:11,user_engagement,1535540807034007,2018-08-29T12:06:47,,26,54063,ba946113c0e08d7a4a1358ea0077a98e,B82ADB697C2140B59BADCDEEB8509769,1535019703852000,2018-08-23T11:21:43,,1220499683,IOS,,TrimViewController,auto,-7134482481562243126,24682,,,,11111,1,,,,,,,,,,,1535019703852000,ba946113c0e08d7a4a1358ea0077a98e,uk.co.skoda.assistant.test,1.1.6,,1:571703561616:ios:777087d7f78ec12a,manual_install,tablet,Apple,iPad Air 2,,"iPad5,4",IOS,11.4.1,,,en-gb,No,3600,,,Europe,United Kingdom,England,London,,,(direct),(none),(direct),ba946113c0e08d7a4a1358ea0077a98e_3
20180829,1535540831717004,2018-08-29T12:07:11,screen_view,1535540807035004,2018-08-29T12:06:47,,26,54063,ba946113c0e08d7a4a1358ea0077a98e,B82ADB697C2140B59BADCDEEB8509769,1535019703852000,2018-08-23T11:21:43,,1220499683,IOS,,ProfileViewController,auto,-7134482481562243123,,1,-7134482481562243126,TrimViewController,11111,1,,,,,,,,,,,1535019703852000,ba946113c0e08d7a4a1358ea0077a98e,uk.co.skoda.assistant.test,1.1.6,,1:571703561616:ios:777087d7f78ec12a,manual_install,tablet,Apple,iPad Air 2,,"iPad5,4",IOS,11.4.1,,,en-gb,No,3600,,,Europe,United Kingdom,England,London,,,(direct),(none),(direct),ba946113c0e08d7a4a1358ea0077a98e_3
20180829,1535540951506009,2018-08-29T12:09:11,user_engagement,1535540831716009,2018-08-29T12:07:11,,26,54063,ba946113c0e08d7a4a1358ea0077a98e,B82ADB697C2140B59BADCDEEB8509769,1535019703852000,2018-08-23T11:21:43,,1220499683,IOS,,ProfileViewController,auto,-7134482481562243123,119789,,,,11111,1,,,,,,,,,,,1535019703852000,ba946113c0e08d7a4a1358ea0077a98e,uk.co.skoda.assistant.test,1.1.6,,1:571703561616:ios:777087d7f78ec12a,manual_install,tablet,Apple,iPad Air 2,,"iPad5,4",IOS,11.4.1,,,en-gb,No,3600,,,Europe,United Kingdom,England,London,,,(direct),(none),(direct),ba946113c0e08d7a4a1358ea0077a98e_3
20180829,1535541899442000,2018-08-29T12:24:59,user_engagement,1535540951506000,2018-08-29T12:09:11,,27,93487,ba946113c0e08d7a4a1358ea0077a98e,B82ADB697C2140B59BADCDEEB8509769,1535019703852000,2018-08-23T11:21:43,,1220499683,IOS,,ProfileViewController,auto,-7134482481562243123,1814,,,,11111,1,,,,,,,,,,,1535019703852000,ba946113c0e08d7a4a1358ea0077a98e,uk.co.skoda.assistant.test,1.1.6,,1:571703561616:ios:777087d7f78ec12a,manual_install,tablet,Apple,iPad Air 2,,"iPad5,4",IOS,11.4.1,,,en-gb,No,3600,,,Europe,United Kingdom,England,London,,,(direct),(none),(direct),ba946113c0e08d7a4a1358ea0077a98e_3
20180829,1535541899443000,2018-08-29T12:24:59,screen_view,1535540831717000,2018-08-29T12:07:11,,27,93487,ba946113c0e08d7a4a1358ea0077a98e,B82ADB697C2140B59BADCDEEB8509769,1535019703852000,2018-08-23T11:21:43,,1220499683,IOS,,TrimViewController,auto,-7134482481562243126,,1,-7134482481562243123,ProfileViewController,11111,1,,,,,,,,,,,1535019703852000,ba946113c0e08d7a4a1358ea0077a98e,uk.co.skoda.assistant.test,1.1.6,,1:571703561616:ios:777087d7f78ec12a,manual_install,tablet,Apple,iPad Air 2,,"iPad5,4",IOS,11.4.1,,,en-gb,No,3600,,,Europe,United Kingdom,England,London,,,(direct),(none),(direct),ba946113c0e08d7a4a1358ea0077a98e_3
20180829,1535541900198001,2018-08-29T12:25:00,button_press,1535539950234001,2018-08-29T11:52:30,,27,93487,ba946113c0e08d7a4a1358ea0077a98e,B82ADB697C2140B59BADCDEEB8509769,1535019703852000,2018-08-23T11:21:43,,1220499683,IOS,,TrimViewController,app,-7134482481562243126,,1,,,11111,1,,globalnav_range,,,,,,,,,1535019703852000,ba946113c0e08d7a4a1358ea0077a98e,uk.co.skoda.assistant.test,1.1.6,,1:571703561616:ios:777087d7f78ec12a,manual_install,tablet,Apple,iPad Air 2,,"iPad5,4",IOS,11.4.1,,,en-gb,No,3600,,,Europe,United Kingdom,England,London,,,(direct),(none),(direct),ba946113c0e08d7a4a1358ea0077a98e_3
20180829,1535541900776003,2018-08-29T12:25:00,user_engagement,1535541899442003,2018-08-29T12:24:59,,27,93487,ba946113c0e08d7a4a1358ea0077a98e,B82ADB697C2140B59BADCDEEB8509769,1535019703852000,2018-08-23T11:21:43,,1220499683,IOS,,TrimViewController,auto,-7134482481562243126,1333,,,,11111,1,,,,,,,,,,,1535019703852000,ba946113c0e08d7a4a1358ea0077a98e,uk.co.skoda.assistant.test,1.1.6,,1:571703561616:ios:777087d7f78ec12a,manual_install,tablet,Apple,iPad Air 2,,"iPad5,4",IOS,11.4.1,,,en-gb,No,3600,,,Europe,United Kingdom,England,London,,,(direct),(none),(direct),ba946113c0e08d7a4a1358ea0077a98e_3
20180829,1535541900777002,2018-08-29T12:25:00,screen_view,1535541899443002,2018-08-29T12:24:59,,27,93487,ba946113c0e08d7a4a1358ea0077a98e,B82ADB697C2140B59BADCDEEB8509769,1535019703852000,2018-08-23T11:21:43,,1220499683,IOS,,RangeContentViewController,auto,-7134482481562243136,,1,-7134482481562243126,TrimViewController,11111,1,,,,,,,,,,,1535019703852000,ba946113c0e08d7a4a1358ea0077a98e,uk.co.skoda.assistant.test,1.1.6,,1:571703561616:ios:777087d7f78ec12a,manual_install,tablet,Apple,iPad Air 2,,"iPad5,4",IOS,11.4.1,,,en-gb,No,3600,,,Europe,United Kingdom,England,London,,,(direct),(none),(direct),ba946113c0e08d7a4a1358ea0077a98e_3
20180829,1535541900940003,2018-08-29T12:25:00,button_press,1535541900198003,2018-08-29T12:25:00,,27,93487,ba946113c0e08d7a4a1358ea0077a98e,B82ADB697C2140B59BADCDEEB8509769,1535019703852000,2018-08-23T11:21:43,,1220499683,IOS,,RangeContentViewController,app,-7134482481562243136,,1,,,11111,1,Monte Carlo,range_home_trim_select,79,,,,,,,,1535019703852000,ba946113c0e08d7a4a1358ea0077a98e,uk.co.skoda.assistant.test,1.1.6,,1:571703561616:ios:777087d7f78ec12a,manual_install,tablet,Apple,iPad Air 2,,"iPad5,4",IOS,11.4.1,,,en-gb,No,3600,,,Europe,United Kingdom,England,London,,,(direct),(none),(direct),ba946113c0e08d7a4a1358ea0077a98e_3
20180829,1535541900946004,2018-08-29T12:25:00,button_press,1535541900940004,2018-08-29T12:25:00,,27,93487,ba946113c0e08d7a4a1358ea0077a98e,B82ADB697C2140B59BADCDEEB8509769,1535019703852000,2018-08-23T11:21:43,,1220499683,IOS,,RangeContentViewController,app,-7134482481562243136,,1,,,11111,1,,globalnav_range,,,,,,,,,1535019703852000,ba946113c0e08d7a4a1358ea0077a98e,uk.co.skoda.assistant.test,1.1.6,,1:571703561616:ios:777087d7f78ec12a,manual_install,tablet,Apple,iPad Air 2,,"iPad5,4",IOS,11.4.1,,,en-gb,No,3600,,,Europe,United Kingdom,England,London,,,(direct),(none),(direct),ba946113c0e08d7a4a1358ea0077a98e_3
20180829,1535541901689005,2018-08-29T12:25:01,screen_view,1535541900777005,2018-08-29T12:25:00,,27,93487,ba946113c0e08d7a4a1358ea0077a98e,B82ADB697C2140B59BADCDEEB8509769,1535019703852000,2018-08-23T11:21:43,,1220499683,IOS,,TrimViewController,auto,-7134482481562243122,,1,-7134482481562243136,RangeContentViewController,11111,1,,,,,,,,,,,1535019703852000,ba946113c0e08d7a4a1358ea0077a98e,uk.co.skoda.assistant.test,1.1.6,,1:571703561616:ios:777087d7f78ec12a,manual_install,tablet,Apple,iPad Air 2,,"iPad5,4",IOS,11.4.1,,,en-gb,No,3600,,,Europe,United Kingdom,England,London,,,(direct),(none),(direct),ba946113c0e08d7a4a1358ea0077a98e_3
20180829,1535541902221008,2018-08-29T12:25:02,user_engagement,1535541900776008,2018-08-29T12:25:00,,27,93487,ba946113c0e08d7a4a1358ea0077a98e,B82ADB697C2140B59BADCDEEB8509769,1535019703852000,2018-08-23T11:21:43,,1220499683,IOS,,TrimViewController,auto,-7134482481562243122,1444,,,,11111,1,,,,,,,,,,,1535019703852000,ba946113c0e08d7a4a1358ea0077a98e,uk.co.skoda.assistant.test,1.1.6,,1:571703561616:ios:777087d7f78ec12a,manual_install,tablet,Apple,iPad Air 2,,"iPad5,4",IOS,11.4.1,,,en-gb,No,3600,,,Europe,United Kingdom,England,London,,,(direct),(none),(direct),ba946113c0e08d7a4a1358ea0077a98e_3
20180829,1535541902222006,2018-08-29T12:25:02,screen_view,1535541901689006,2018-08-29T12:25:01,,27,93487,ba946113c0e08d7a4a1358ea0077a98e,B82ADB697C2140B59BADCDEEB8509769,1535019703852000,2018-08-23T11:21:43,,1220499683,IOS,,RangeContentViewController,auto,-7134482481562243136,,1,-7134482481562243122,TrimViewController,11111,1,,,,,,,,,,,1535019703852000,ba946113c0e08d7a4a1358ea0077a98e,uk.co.skoda.assistant.test,1.1.6,,1:571703561616:ios:777087d7f78ec12a,manual_install,tablet,Apple,iPad Air 2,,"iPad5,4",IOS,11.4.1,,,en-gb,No,3600,,,Europe,United Kingdom,England,London,,,(direct),(none),(direct),ba946113c0e08d7a4a1358ea0077a98e_3
20180829,1535541902432007,2018-08-29T12:25:02,button_press,1535541900946007,2018-08-29T12:25:00,,27,93487,ba946113c0e08d7a4a1358ea0077a98e,B82ADB697C2140B59BADCDEEB8509769,1535019703852000,2018-08-23T11:21:43,,1220499683,IOS,,RangeContentViewController,app,-7134482481562243136,,1,,,11111,1,Monte Carlo,range_home_trim_select,79,,,,,,,,1535019703852000,ba946113c0e08d7a4a1358ea0077a98e,uk.co.skoda.assistant.test,1.1.6,,1:571703561616:ios:777087d7f78ec12a,manual_install,tablet,Apple,iPad Air 2,,"iPad5,4",IOS,11.4.1,,,en-gb,No,3600,,,Europe,United Kingdom,England,London,,,(direct),(none),(direct),ba946113c0e08d7a4a1358ea0077a98e_3
20180829,1535541903139008,2018-08-29T12:25:03,screen_view,1535541902222008,2018-08-29T12:25:02,,27,93487,ba946113c0e08d7a4a1358ea0077a98e,B82ADB697C2140B59BADCDEEB8509769,1535019703852000,2018-08-23T11:21:43,,1220499683,IOS,,TrimViewController,auto,-7134482481562243121,,1,-7134482481562243136,RangeContentViewController,11111,1,,,,,,,,,,,1535019703852000,ba946113c0e08d7a4a1358ea0077a98e,uk.co.skoda.assistant.test,1.1.6,,1:571703561616:ios:777087d7f78ec12a,manual_install,tablet,Apple,iPad Air 2,,"iPad5,4",IOS,11.4.1,,,en-gb,No,3600,,,Europe,United Kingdom,England,London,,,(direct),(none),(direct),ba946113c0e08d7a4a1358ea0077a98e_3
20180829,1535542045910012,2018-08-29T12:27:25,user_engagement,1535541902221012,2018-08-29T12:25:02,,27,93487,ba946113c0e08d7a4a1358ea0077a98e,B82ADB697C2140B59BADCDEEB8509769,1535019703852000,2018-08-23T11:21:43,,1220499683,IOS,,TrimViewController,auto,-7134482481562243121,143688,,,,11111,1,,,,,,,,,,,1535019703852000,ba946113c0e08d7a4a1358ea0077a98e,uk.co.skoda.assistant.test,1.1.6,,1:571703561616:ios:777087d7f78ec12a,manual_install,tablet,Apple,iPad Air 2,,"iPad5,4",IOS,11.4.1,,,en-gb,No,3600,,,Europe,United Kingdom,England,London,,,(direct),(none),(direct),ba946113c0e08d7a4a1358ea0077a98e_3
20180829,1535542379397000,2018-08-29T12:32:59,screen_view,1535541903139000,2018-08-29T12:25:03,,28,64136,ba946113c0e08d7a4a1358ea0077a98e,B82ADB697C2140B59BADCDEEB8509769,1535019703852000,2018-08-23T11:21:43,,1220499683,IOS,,SplashViewController,auto,-2141624551231545014,,1,,,11111,1,,,,,,,,,,,1535019703852000,ba946113c0e08d7a4a1358ea0077a98e,uk.co.skoda.assistant.test,1.1.6,,1:571703561616:ios:777087d7f78ec12a,manual_install,tablet,Apple,iPad Air 2,,"iPad5,4",IOS,11.4.1,,,en-gb,No,3600,,,Europe,United Kingdom,England,London,,,(direct),(none),(direct),ba946113c0e08d7a4a1358ea0077a98e_3
20180829,1535542379606001,2018-08-29T12:32:59,screen_view,1535542379397001,2018-08-29T12:32:59,,28,64136,ba946113c0e08d7a4a1358ea0077a98e,B82ADB697C2140B59BADCDEEB8509769,1535019703852000,2018-08-23T11:21:43,,1220499683,IOS,,LoginViewController,auto,-2141624551231545013,,1,-2141624551231545014,SplashViewController,11111,1,,,,,,,,,,,1535019703852000,ba946113c0e08d7a4a1358ea0077a98e,uk.co.skoda.assistant.test,1.1.6,,1:571703561616:ios:777087d7f78ec12a,manual_install,tablet,Apple,iPad Air 2,,"iPad5,4",IOS,11.4.1,,,en-gb,No,3600,,,Europe,United Kingdom,England,London,,,(direct),(none),(direct),ba946113c0e08d7a4a1358ea0077a98e_3
20180829,1535542383181002,2018-08-29T12:33:03,user_engagement,1535542045910002,2018-08-29T12:27:25,,28,64136,ba946113c0e08d7a4a1358ea0077a98e,B82ADB697C2140B59BADCDEEB8509769,1535019703852000,2018-08-23T11:21:43,,1220499683,IOS,,LoginViewController,auto,-2141624551231545013,3747,,,,11111,1,,,,,,,,,,,1535019703852000,ba946113c0e08d7a4a1358ea0077a98e,uk.co.skoda.assistant.test,1.1.6,,1:571703561616:ios:777087d7f78ec12a,manual_install,tablet,Apple,iPad Air 2,,"iPad5,4",IOS,11.4.1,,,en-gb,No,3600,,,Europe,United Kingdom,England,London,,,(direct),(none),(direct),ba946113c0e08d7a4a1358ea0077a98e_3
20180829,1535542526945000,2018-08-29T12:35:26,screen_view,1535542379606000,2018-08-29T12:32:59,,29,52531,ba946113c0e08d7a4a1358ea0077a98e,B82ADB697C2140B59BADCDEEB8509769,1535019703852000,2018-08-23T11:21:43,,1220499683,IOS,,SplashViewController,auto,-7332700297110623571,,1,,,11111,1,,,,,,,,,,,1535019703852000,ba946113c0e08d7a4a1358ea0077a98e,uk.co.skoda.assistant.test,1.1.7,,1:571703561616:ios:777087d7f78ec12a,manual_install,tablet,Apple,iPad Air 2,,"iPad5,4",IOS,11.4.1,,,en-gb,No,3600,,,Europe,United Kingdom,England,London,,,(direct),(none),(direct),ba946113c0e08d7a4a1358ea0077a98e_3
20180829,1535542526970001,2018-08-29T12:35:26,app_update,,,,29,52531,ba946113c0e08d7a4a1358ea0077a98e,B82ADB697C2140B59BADCDEEB8509769,1535019703852000,2018-08-23T11:21:43,,1220499683,IOS,,SplashViewController,auto,-7332700297110623571,,,,,11111,1,,,,,,,,,1.1.6,,1535019703852000,ba946113c0e08d7a4a1358ea0077a98e,uk.co.skoda.assistant.test,1.1.7,,1:571703561616:ios:777087d7f78ec12a,manual_install,tablet,Apple,iPad Air 2,,"iPad5,4",IOS,11.4.1,,,en-gb,No,3600,,,Europe,United Kingdom,England,London,,,(direct),(none),(direct),ba946113c0e08d7a4a1358ea0077a98e_3
20180829,1535542527141001,2018-08-29T12:35:27,screen_view,1535542526945001,2018-08-29T12:35:26,,29,52531,ba946113c0e08d7a4a1358ea0077a98e,B82ADB697C2140B59BADCDEEB8509769,1535019703852000,2018-08-23T11:21:43,,1220499683,IOS,,LoginViewController,auto,-7332700297110623570,,1,-7332700297110623571,SplashViewController,11111,1,,,,,,,,,,,1535019703852000,ba946113c0e08d7a4a1358ea0077a98e,uk.co.skoda.assistant.test,1.1.7,,1:571703561616:ios:777087d7f78ec12a,manual_install,tablet,Apple,iPad Air 2,,"iPad5,4",IOS,11.4.1,,,en-gb,No,3600,,,Europe,United Kingdom,England,London,,,(direct),(none),(direct),ba946113c0e08d7a4a1358ea0077a98e_3
20180829,1535542534856003,2018-08-29T12:35:34,user_engagement,1535542383181003,2018-08-29T12:33:03,,29,52531,ba946113c0e08d7a4a1358ea0077a98e,B82ADB697C2140B59BADCDEEB8509769,1535019703852000,2018-08-23T11:21:43,,1220499683,IOS,,LoginViewController,auto,-7332700297110623570,7885,,,,11111,1,,,,,,,,,,,1535019703852000,ba946113c0e08d7a4a1358ea0077a98e,uk.co.skoda.assistant.test,1.1.7,,1:571703561616:ios:777087d7f78ec12a,manual_install,tablet,Apple,iPad Air 2,,"iPad5,4",IOS,11.4.1,,,en-gb,No,3600,,,Europe,United Kingdom,England,London,,,(direct),(none),(direct),ba946113c0e08d7a4a1358ea0077a98e_3
20180829,1535542538964000,2018-08-29T12:35:38,user_engagement,1535542534856000,2018-08-29T12:35:34,,30,64167,ba946113c0e08d7a4a1358ea0077a98e,B82ADB697C2140B59BADCDEEB8509769,1535019703852000,2018-08-23T11:21:43,,1220499683,IOS,,LoginViewController,auto,-7332700297110623570,2807,,,,11111,1,,,,,,,,,,,1535019703852000,ba946113c0e08d7a4a1358ea0077a98e,uk.co.skoda.assistant.test,1.1.7,,1:571703561616:ios:777087d7f78ec12a,manual_install,tablet,Apple,iPad Air 2,,"iPad5,4",IOS,11.4.1,,,en-gb,No,3600,,,Europe,United Kingdom,England,London,,,(direct),(none),(direct),ba946113c0e08d7a4a1358ea0077a98e_3
20180829,1535542538965000,2018-08-29T12:35:38,screen_view,1535542527141000,2018-08-29T12:35:27,,30,64167,ba946113c0e08d7a4a1358ea0077a98e,B82ADB697C2140B59BADCDEEB8509769,1535019703852000,2018-08-23T11:21:43,,1220499683,IOS,,SplashViewController,auto,-7332700297110623571,,1,-7332700297110623570,LoginViewController,11111,1,,,,,,,,,,,1535019703852000,ba946113c0e08d7a4a1358ea0077a98e,uk.co.skoda.assistant.test,1.1.7,,1:571703561616:ios:777087d7f78ec12a,manual_install,tablet,Apple,iPad Air 2,,"iPad5,4",IOS,11.4.1,,,en-gb,No,3600,,,Europe,United Kingdom,England,London,,,(direct),(none),(direct),ba946113c0e08d7a4a1358ea0077a98e_3
