event_date,event_timestamp,event_iso8601,event_name,event_previous_timestamp,event_previous_iso8601,event_value_in_usd,event_bundle_sequence_id,event_server_timestamp_offset,user_id,user_pseudo_id,user_first_touch_timestamp,user_first_touch_iso8601,user_ltv,stream_id,platform,event_dimensions,firebase_screen_class,firebase_event_origin,firebase_screen_id,engagement_time_msec,firebase_conversion,firebase_previous_id,firebase_previous_class,user_retailer,user_area,AnalyticsParameterTerm,button_name,AnalyticsParameterItemID,engine,Compared_vehicle_1,Compared_vehicle_2,update_with_analytics,previous_first_open_count,previous_app_version,Compared_vehicle_3,first_open_time,user_id,id,version,install_store,firebase_app_id,install_source,category,mobile_brand_name,mobile_model_name,mobile_marketing_name,mobile_os_hardware_model,operating_system,operating_system_version,vendor_id,advertising_id,language,is_limited_ad_tracking,time_zone_offset_seconds,browser,browser,continent,country,region,city,sub_continent,metro,name,medium,source,user_session_generated_id
20180829,1535533926923001,2018-08-29T10:12:06,AnalyticsEventLogin,1535533534893001,2018-08-29T10:05:34,,23,127622,6a618b77d08300f8cb0cfb6bd619c9c9,122A4297CA874280B4CD2FA347C4AFEB,1535447121442000,2018-08-28T10:05:21,,1220499683,IOS,,SplashViewController,app,-1960452987742547585,,1,,,0,0,6a618b77d08300f8cb0cfb6bd619c9c9,,,,,,,,,,1535447121442000,6a618b77d08300f8cb0cfb6bd619c9c9,uk.co.skoda.assistant.test,1.1.6,,1:571703561616:ios:777087d7f78ec12a,manual_install,tablet,Apple,iPad 5th gen,,"iPad6,11",IOS,11.4.1,,,en-gb,No,3600,,,Europe,United Kingdom,England,Bristol,,,(direct),(none),(direct),6a618b77d08300f8cb0cfb6bd619c9c9_2
20180829,1535533927464002,2018-08-29T10:12:07,screen_view,1535533926904002,2018-08-29T10:12:06,,23,127622,6a618b77d08300f8cb0cfb6bd619c9c9,122A4297CA874280B4CD2FA347C4AFEB,1535447121442000,2018-08-28T10:05:21,,1220499683,IOS,,ContentLoaderViewController,auto,-1960452987742547583,,1,-1960452987742547585,SplashViewController,0,0,,,,,,,,,,,1535447121442000,6a618b77d08300f8cb0cfb6bd619c9c9,uk.co.skoda.assistant.test,1.1.6,,1:571703561616:ios:777087d7f78ec12a,manual_install,tablet,Apple,iPad 5th gen,,"iPad6,11",IOS,11.4.1,,,en-gb,No,3600,,,Europe,United Kingdom,England,Bristol,,,(direct),(none),(direct),6a618b77d08300f8cb0cfb6bd619c9c9_2
20180829,1535533986902003,2018-08-29T10:13:06,screen_view,1535533927464003,2018-08-29T10:12:07,,23,127622,6a618b77d08300f8cb0cfb6bd619c9c9,122A4297CA874280B4CD2FA347C4AFEB,1535447121442000,2018-08-28T10:05:21,,1220499683,IOS,,SplashViewController,auto,-1960452987742547585,,1,-1960452987742547583,ContentLoaderViewController,0,0,,,,,,,,,,,1535447121442000,6a618b77d08300f8cb0cfb6bd619c9c9,uk.co.skoda.assistant.test,1.1.6,,1:571703561616:ios:777087d7f78ec12a,manual_install,tablet,Apple,iPad 5th gen,,"iPad6,11",IOS,11.4.1,,,en-gb,No,3600,,,Europe,United Kingdom,England,Bristol,,,(direct),(none),(direct),6a618b77d08300f8cb0cfb6bd619c9c9_2
20180829,1535533986902004,2018-08-29T10:13:06,user_engagement,1535533926904004,2018-08-29T10:12:06,,23,127622,6a618b77d08300f8cb0cfb6bd619c9c9,122A4297CA874280B4CD2FA347C4AFEB,1535447121442000,2018-08-28T10:05:21,,1220499683,IOS,,ContentLoaderViewController,auto,-1960452987742547583,59998,,,,0,0,,,,,,,,,,,1535447121442000,6a618b77d08300f8cb0cfb6bd619c9c9,uk.co.skoda.assistant.test,1.1.6,,1:571703561616:ios:777087d7f78ec12a,manual_install,tablet,Apple,iPad 5th gen,,"iPad6,11",IOS,11.4.1,,,en-gb,No,3600,,,Europe,United Kingdom,England,Bristol,,,(direct),(none),(direct),6a618b77d08300f8cb0cfb6bd619c9c9_2
20180829,1535533987479000,2018-08-29T10:13:07,button_press,1535533837274000,2018-08-29T10:10:37,,24,127623,6a618b77d08300f8cb0cfb6bd619c9c9,122A4297CA874280B4CD2FA347C4AFEB,1535447121442000,2018-08-28T10:05:21,,1220499683,IOS,,SplashViewController,app,-1960452987742547585,,1,,,0,0,,globalnav_range,,,,,,,,,1535447121442000,6a618b77d08300f8cb0cfb6bd619c9c9,uk.co.skoda.assistant.test,1.1.6,,1:571703561616:ios:777087d7f78ec12a,manual_install,tablet,Apple,iPad 5th gen,,"iPad6,11",IOS,11.4.1,,,en-gb,No,3600,,,Europe,United Kingdom,England,Bristol,,,(direct),(none),(direct),6a618b77d08300f8cb0cfb6bd619c9c9_2
20180829,1535533987480001,2018-08-29T10:13:07,button_press,1535533987479001,2018-08-29T10:13:07,,24,127623,6a618b77d08300f8cb0cfb6bd619c9c9,122A4297CA874280B4CD2FA347C4AFEB,1535447121442000,2018-08-28T10:05:21,,1220499683,IOS,,SplashViewController,app,-1960452987742547585,,1,,,0,0,,range,,,,,,,,,1535447121442000,6a618b77d08300f8cb0cfb6bd619c9c9,uk.co.skoda.assistant.test,1.1.6,,1:571703561616:ios:777087d7f78ec12a,manual_install,tablet,Apple,iPad 5th gen,,"iPad6,11",IOS,11.4.1,,,en-gb,No,3600,,,Europe,United Kingdom,England,Bristol,,,(direct),(none),(direct),6a618b77d08300f8cb0cfb6bd619c9c9_2
20180829,1535533988297002,2018-08-29T10:13:08,screen_view,1535533986902002,2018-08-29T10:13:06,,24,127623,6a618b77d08300f8cb0cfb6bd619c9c9,122A4297CA874280B4CD2FA347C4AFEB,1535447121442000,2018-08-28T10:05:21,,1220499683,IOS,,SkodaContentViewController,auto,-1960452987742547582,,1,-1960452987742547585,SplashViewController,0,0,,,,,,,,,,,1535447121442000,6a618b77d08300f8cb0cfb6bd619c9c9,uk.co.skoda.assistant.test,1.1.6,,1:571703561616:ios:777087d7f78ec12a,manual_install,tablet,Apple,iPad 5th gen,,"iPad6,11",IOS,11.4.1,,,en-gb,No,3600,,,Europe,United Kingdom,England,Bristol,,,(direct),(none),(direct),6a618b77d08300f8cb0cfb6bd619c9c9_2
20180829,1535533988297002,2018-08-29T10:13:08,user_engagement,1535533986902002,2018-08-29T10:13:06,,24,127623,6a618b77d08300f8cb0cfb6bd619c9c9,122A4297CA874280B4CD2FA347C4AFEB,1535447121442000,2018-08-28T10:05:21,,1220499683,IOS,,SplashViewController,auto,-1960452987742547585,1394,,,,0,0,,,,,,,,,,,1535447121442000,6a618b77d08300f8cb0cfb6bd619c9c9,uk.co.skoda.assistant.test,1.1.6,,1:571703561616:ios:777087d7f78ec12a,manual_install,tablet,Apple,iPad 5th gen,,"iPad6,11",IOS,11.4.1,,,en-gb,No,3600,,,Europe,United Kingdom,England,Bristol,,,(direct),(none),(direct),6a618b77d08300f8cb0cfb6bd619c9c9_2
20180829,1535533988300003,2018-08-29T10:13:08,screen_view,1535533988297003,2018-08-29T10:13:08,,24,127623,6a618b77d08300f8cb0cfb6bd619c9c9,122A4297CA874280B4CD2FA347C4AFEB,1535447121442000,2018-08-28T10:05:21,,1220499683,IOS,,RangeContentViewController,auto,-1960452987742547581,,1,-1960452987742547582,SkodaContentViewController,0,0,,,,,,,,,,,1535447121442000,6a618b77d08300f8cb0cfb6bd619c9c9,uk.co.skoda.assistant.test,1.1.6,,1:571703561616:ios:777087d7f78ec12a,manual_install,tablet,Apple,iPad 5th gen,,"iPad6,11",IOS,11.4.1,,,en-gb,No,3600,,,Europe,United Kingdom,England,Bristol,,,(direct),(none),(direct),6a618b77d08300f8cb0cfb6bd619c9c9_2
20180829,1535534006697004,2018-08-29T10:13:26,button_press,1535533987480004,2018-08-29T10:13:07,,24,127623,6a618b77d08300f8cb0cfb6bd619c9c9,122A4297CA874280B4CD2FA347C4AFEB,1535447121442000,2018-08-28T10:05:21,,1220499683,IOS,,RangeContentViewController,app,-1960452987742547581,,1,,,0,0,S,range_home_trim_select,75,,,,,,,,1535447121442000,6a618b77d08300f8cb0cfb6bd619c9c9,uk.co.skoda.assistant.test,1.1.6,,1:571703561616:ios:777087d7f78ec12a,manual_install,tablet,Apple,iPad 5th gen,,"iPad6,11",IOS,11.4.1,,,en-gb,No,3600,,,Europe,United Kingdom,England,Bristol,,,(direct),(none),(direct),6a618b77d08300f8cb0cfb6bd619c9c9_2
20180829,1535534007433006,2018-08-29T10:13:27,user_engagement,1535533988297006,2018-08-29T10:13:08,,24,127623,6a618b77d08300f8cb0cfb6bd619c9c9,122A4297CA874280B4CD2FA347C4AFEB,1535447121442000,2018-08-28T10:05:21,,1220499683,IOS,,RangeContentViewController,auto,-1960452987742547581,19136,,,,0,0,,,,,,,,,,,1535447121442000,6a618b77d08300f8cb0cfb6bd619c9c9,uk.co.skoda.assistant.test,1.1.6,,1:571703561616:ios:777087d7f78ec12a,manual_install,tablet,Apple,iPad 5th gen,,"iPad6,11",IOS,11.4.1,,,en-gb,No,3600,,,Europe,United Kingdom,England,Bristol,,,(direct),(none),(direct),6a618b77d08300f8cb0cfb6bd619c9c9_2
20180829,1535534007434005,2018-08-29T10:13:27,screen_view,1535533988300005,2018-08-29T10:13:08,,24,127623,6a618b77d08300f8cb0cfb6bd619c9c9,122A4297CA874280B4CD2FA347C4AFEB,1535447121442000,2018-08-28T10:05:21,,1220499683,IOS,,TrimViewController,auto,-1960452987742547580,,1,-1960452987742547581,RangeContentViewController,0,0,,,,,,,,,,,1535447121442000,6a618b77d08300f8cb0cfb6bd619c9c9,uk.co.skoda.assistant.test,1.1.6,,1:571703561616:ios:777087d7f78ec12a,manual_install,tablet,Apple,iPad 5th gen,,"iPad6,11",IOS,11.4.1,,,en-gb,No,3600,,,Europe,United Kingdom,England,Bristol,,,(direct),(none),(direct),6a618b77d08300f8cb0cfb6bd619c9c9_2
20180829,1535534008868008,2018-08-29T10:13:28,user_engagement,1535534007433008,2018-08-29T10:13:27,,24,127623,6a618b77d08300f8cb0cfb6bd619c9c9,122A4297CA874280B4CD2FA347C4AFEB,1535447121442000,2018-08-28T10:05:21,,1220499683,IOS,,TrimViewController,auto,-1960452987742547580,1434,,,,0,0,,,,,,,,,,,1535447121442000,6a618b77d08300f8cb0cfb6bd619c9c9,uk.co.skoda.assistant.test,1.1.6,,1:571703561616:ios:777087d7f78ec12a,manual_install,tablet,Apple,iPad 5th gen,,"iPad6,11",IOS,11.4.1,,,en-gb,No,3600,,,Europe,United Kingdom,England,Bristol,,,(direct),(none),(direct),6a618b77d08300f8cb0cfb6bd619c9c9_2
20180829,1535534008869006,2018-08-29T10:13:28,screen_view,1535534007434006,2018-08-29T10:13:27,,24,127623,6a618b77d08300f8cb0cfb6bd619c9c9,122A4297CA874280B4CD2FA347C4AFEB,1535447121442000,2018-08-28T10:05:21,,1220499683,IOS,,RangeContentViewController,auto,-1960452987742547581,,1,-1960452987742547580,TrimViewController,0,0,,,,,,,,,,,1535447121442000,6a618b77d08300f8cb0cfb6bd619c9c9,uk.co.skoda.assistant.test,1.1.6,,1:571703561616:ios:777087d7f78ec12a,manual_install,tablet,Apple,iPad 5th gen,,"iPad6,11",IOS,11.4.1,,,en-gb,No,3600,,,Europe,United Kingdom,England,Bristol,,,(direct),(none),(direct),6a618b77d08300f8cb0cfb6bd619c9c9_2
20180829,1535534027448007,2018-08-29T10:13:47,button_press,1535534006697007,2018-08-29T10:13:26,,24,127623,6a618b77d08300f8cb0cfb6bd619c9c9,122A4297CA874280B4CD2FA347C4AFEB,1535447121442000,2018-08-28T10:05:21,,1220499683,IOS,,RangeContentViewController,app,-1960452987742547581,,1,,,0,0,S,range_home_trim_select,75,,,,,,,,1535447121442000,6a618b77d08300f8cb0cfb6bd619c9c9,uk.co.skoda.assistant.test,1.1.6,,1:571703561616:ios:777087d7f78ec12a,manual_install,tablet,Apple,iPad 5th gen,,"iPad6,11",IOS,11.4.1,,,en-gb,No,3600,,,Europe,United Kingdom,England,Bristol,,,(direct),(none),(direct),6a618b77d08300f8cb0cfb6bd619c9c9_2
20180829,1535534028108011,2018-08-29T10:13:48,user_engagement,1535534008868011,2018-08-29T10:13:28,,24,127623,6a618b77d08300f8cb0cfb6bd619c9c9,122A4297CA874280B4CD2FA347C4AFEB,1535447121442000,2018-08-28T10:05:21,,1220499683,IOS,,RangeContentViewController,auto,-1960452987742547581,19240,,,,0,0,,,,,,,,,,,1535447121442000,6a618b77d08300f8cb0cfb6bd619c9c9,uk.co.skoda.assistant.test,1.1.6,,1:571703561616:ios:777087d7f78ec12a,manual_install,tablet,Apple,iPad 5th gen,,"iPad6,11",IOS,11.4.1,,,en-gb,No,3600,,,Europe,United Kingdom,England,Bristol,,,(direct),(none),(direct),6a618b77d08300f8cb0cfb6bd619c9c9_2
20180829,1535534028109008,2018-08-29T10:13:48,screen_view,1535534008869008,2018-08-29T10:13:28,,24,127623,6a618b77d08300f8cb0cfb6bd619c9c9,122A4297CA874280B4CD2FA347C4AFEB,1535447121442000,2018-08-28T10:05:21,,1220499683,IOS,,TrimViewController,auto,-1960452987742547579,,1,-1960452987742547581,RangeContentViewController,0,0,,,,,,,,,,,1535447121442000,6a618b77d08300f8cb0cfb6bd619c9c9,uk.co.skoda.assistant.test,1.1.6,,1:571703561616:ios:777087d7f78ec12a,manual_install,tablet,Apple,iPad 5th gen,,"iPad6,11",IOS,11.4.1,,,en-gb,No,3600,,,Europe,United Kingdom,England,Bristol,,,(direct),(none),(direct),6a618b77d08300f8cb0cfb6bd619c9c9_2
20180829,1535534030263009,2018-08-29T10:13:50,button_press,1535534027448009,2018-08-29T10:13:47,,24,127623,6a618b77d08300f8cb0cfb6bd619c9c9,122A4297CA874280B4CD2FA347C4AFEB,1535447121442000,2018-08-28T10:05:21,,1220499683,IOS,,TrimViewController,app,-1960452987742547579,,1,,,0,0,1.0 MPI 60PS,trim_home_view_full_details,3198,,,,,,,,1535447121442000,6a618b77d08300f8cb0cfb6bd619c9c9,uk.co.skoda.assistant.test,1.1.6,,1:571703561616:ios:777087d7f78ec12a,manual_install,tablet,Apple,iPad 5th gen,,"iPad6,11",IOS,11.4.1,,,en-gb,No,3600,,,Europe,United Kingdom,England,Bristol,,,(direct),(none),(direct),6a618b77d08300f8cb0cfb6bd619c9c9_2
20180829,1535534030872014,2018-08-29T10:13:50,user_engagement,1535534028108014,2018-08-29T10:13:48,,24,127623,6a618b77d08300f8cb0cfb6bd619c9c9,122A4297CA874280B4CD2FA347C4AFEB,1535447121442000,2018-08-28T10:05:21,,1220499683,IOS,,TrimViewController,auto,-1960452987742547579,2763,,,,0,0,,,,,,,,,,,1535447121442000,6a618b77d08300f8cb0cfb6bd619c9c9,uk.co.skoda.assistant.test,1.1.6,,1:571703561616:ios:777087d7f78ec12a,manual_install,tablet,Apple,iPad 5th gen,,"iPad6,11",IOS,11.4.1,,,en-gb,No,3600,,,Europe,United Kingdom,England,Bristol,,,(direct),(none),(direct),6a618b77d08300f8cb0cfb6bd619c9c9_2
20180829,1535534030873010,2018-08-29T10:13:50,screen_view,1535534028109010,2018-08-29T10:13:48,,24,127623,6a618b77d08300f8cb0cfb6bd619c9c9,122A4297CA874280B4CD2FA347C4AFEB,1535447121442000,2018-08-28T10:05:21,,1220499683,IOS,,EngineDetailsViewController,auto,-1960452987742547578,,1,-1960452987742547579,TrimViewController,0,0,,,,,,,,,,,1535447121442000,6a618b77d08300f8cb0cfb6bd619c9c9,uk.co.skoda.assistant.test,1.1.6,,1:571703561616:ios:777087d7f78ec12a,manual_install,tablet,Apple,iPad 5th gen,,"iPad6,11",IOS,11.4.1,,,en-gb,No,3600,,,Europe,United Kingdom,England,Bristol,,,(direct),(none),(direct),6a618b77d08300f8cb0cfb6bd619c9c9_2
20180829,1535534121529016,2018-08-29T10:15:21,user_engagement,1535534030872016,2018-08-29T10:13:50,,24,127623,6a618b77d08300f8cb0cfb6bd619c9c9,122A4297CA874280B4CD2FA347C4AFEB,1535447121442000,2018-08-28T10:05:21,,1220499683,IOS,,EngineDetailsViewController,auto,-1960452987742547578,90656,,,,0,0,,,,,,,,,,,1535447121442000,6a618b77d08300f8cb0cfb6bd619c9c9,uk.co.skoda.assistant.test,1.1.6,,1:571703561616:ios:777087d7f78ec12a,manual_install,tablet,Apple,iPad 5th gen,,"iPad6,11",IOS,11.4.1,,,en-gb,No,3600,,,Europe,United Kingdom,England,Bristol,,,(direct),(none),(direct),6a618b77d08300f8cb0cfb6bd619c9c9_2
20180829,1535534121530011,2018-08-29T10:15:21,screen_view,1535534030873011,2018-08-29T10:13:50,,24,127623,6a618b77d08300f8cb0cfb6bd619c9c9,122A4297CA874280B4CD2FA347C4AFEB,1535447121442000,2018-08-28T10:05:21,,1220499683,IOS,,SkodaContentViewController,auto,-1960452987742547582,,1,-1960452987742547578,EngineDetailsViewController,0,0,,,,,,,,,,,1535447121442000,6a618b77d08300f8cb0cfb6bd619c9c9,uk.co.skoda.assistant.test,1.1.6,,1:571703561616:ios:777087d7f78ec12a,manual_install,tablet,Apple,iPad 5th gen,,"iPad6,11",IOS,11.4.1,,,en-gb,No,3600,,,Europe,United Kingdom,England,Bristol,,,(direct),(none),(direct),6a618b77d08300f8cb0cfb6bd619c9c9_2
20180829,1535534121533012,2018-08-29T10:15:21,screen_view,1535534121530012,2018-08-29T10:15:21,,24,127623,6a618b77d08300f8cb0cfb6bd619c9c9,122A4297CA874280B4CD2FA347C4AFEB,1535447121442000,2018-08-28T10:05:21,,1220499683,IOS,,TrimViewController,auto,-1960452987742547579,,1,-1960452987742547582,SkodaContentViewController,0,0,,,,,,,,,,,1535447121442000,6a618b77d08300f8cb0cfb6bd619c9c9,uk.co.skoda.assistant.test,1.1.6,,1:571703561616:ios:777087d7f78ec12a,manual_install,tablet,Apple,iPad 5th gen,,"iPad6,11",IOS,11.4.1,,,en-gb,No,3600,,,Europe,United Kingdom,England,Bristol,,,(direct),(none),(direct),6a618b77d08300f8cb0cfb6bd619c9c9_2
20180829,1535534404205019,2018-08-29T10:20:04,user_engagement,1535534121529019,2018-08-29T10:15:21,,24,127623,6a618b77d08300f8cb0cfb6bd619c9c9,122A4297CA874280B4CD2FA347C4AFEB,1535447121442000,2018-08-28T10:05:21,,1220499683,IOS,,TrimViewController,auto,-1960452987742547579,282675,,,,0,0,,,,,,,,,,,1535447121442000,6a618b77d08300f8cb0cfb6bd619c9c9,uk.co.skoda.assistant.test,1.1.6,,1:571703561616:ios:777087d7f78ec12a,manual_install,tablet,Apple,iPad 5th gen,,"iPad6,11",IOS,11.4.1,,,en-gb,No,3600,,,Europe,United Kingdom,England,Bristol,,,(direct),(none),(direct),6a618b77d08300f8cb0cfb6bd619c9c9_2
20180829,1535535085485000,2018-08-29T10:31:25,button_press,,,,4,97983,6a618b77d08300f8cb0cfb6bd619c9c9,005CD1EBC43740318D623F44188D5C9B,1535535008011000,2018-08-29T10:30:08,,1220499683,IOS,,SplashViewController,app,8823697641706503978,,1,,,0,0,,globalnav_range,,,,,,,,,1535535008011000,6a618b77d08300f8cb0cfb6bd619c9c9,uk.co.skoda.assistant.test,1.1.6,,1:571703561616:ios:777087d7f78ec12a,manual_install,tablet,Apple,iPad 5th gen,,"iPad6,11",IOS,11.4.1,,,en-gb,No,3600,,,Europe,United Kingdom,England,Bristol,,,(direct),(none),(direct),6a618b77d08300f8cb0cfb6bd619c9c9_2
20180829,1535535085486001,2018-08-29T10:31:25,button_press,1535535085485001,2018-08-29T10:31:25,,4,97983,6a618b77d08300f8cb0cfb6bd619c9c9,005CD1EBC43740318D623F44188D5C9B,1535535008011000,2018-08-29T10:30:08,,1220499683,IOS,,SplashViewController,app,8823697641706503978,,1,,,0,0,,range,,,,,,,,,1535535008011000,6a618b77d08300f8cb0cfb6bd619c9c9,uk.co.skoda.assistant.test,1.1.6,,1:571703561616:ios:777087d7f78ec12a,manual_install,tablet,Apple,iPad 5th gen,,"iPad6,11",IOS,11.4.1,,,en-gb,No,3600,,,Europe,United Kingdom,England,Bristol,,,(direct),(none),(direct),6a618b77d08300f8cb0cfb6bd619c9c9_2
20180829,1535535086309002,2018-08-29T10:31:26,screen_view,1535535084892002,2018-08-29T10:31:24,,4,97983,6a618b77d08300f8cb0cfb6bd619c9c9,005CD1EBC43740318D623F44188D5C9B,1535535008011000,2018-08-29T10:30:08,,1220499683,IOS,,SkodaContentViewController,auto,8823697641706503981,,1,8823697641706503978,SplashViewController,0,0,,,,,,,,,,,1535535008011000,6a618b77d08300f8cb0cfb6bd619c9c9,uk.co.skoda.assistant.test,1.1.6,,1:571703561616:ios:777087d7f78ec12a,manual_install,tablet,Apple,iPad 5th gen,,"iPad6,11",IOS,11.4.1,,,en-gb,No,3600,,,Europe,United Kingdom,England,Bristol,,,(direct),(none),(direct),6a618b77d08300f8cb0cfb6bd619c9c9_2
20180829,1535535086309002,2018-08-29T10:31:26,user_engagement,1535535084892002,2018-08-29T10:31:24,,4,97983,6a618b77d08300f8cb0cfb6bd619c9c9,005CD1EBC43740318D623F44188D5C9B,1535535008011000,2018-08-29T10:30:08,,1220499683,IOS,,SplashViewController,auto,8823697641706503978,1417,,,,0,0,,,,,,,,,,,1535535008011000,6a618b77d08300f8cb0cfb6bd619c9c9,uk.co.skoda.assistant.test,1.1.6,,1:571703561616:ios:777087d7f78ec12a,manual_install,tablet,Apple,iPad 5th gen,,"iPad6,11",IOS,11.4.1,,,en-gb,No,3600,,,Europe,United Kingdom,England,Bristol,,,(direct),(none),(direct),6a618b77d08300f8cb0cfb6bd619c9c9_2
20180829,1535535086312003,2018-08-29T10:31:26,screen_view,1535535086309003,2018-08-29T10:31:26,,4,97983,6a618b77d08300f8cb0cfb6bd619c9c9,005CD1EBC43740318D623F44188D5C9B,1535535008011000,2018-08-29T10:30:08,,1220499683,IOS,,RangeContentViewController,auto,8823697641706503982,,1,8823697641706503981,SkodaContentViewController,0,0,,,,,,,,,,,1535535008011000,6a618b77d08300f8cb0cfb6bd619c9c9,uk.co.skoda.assistant.test,1.1.6,,1:571703561616:ios:777087d7f78ec12a,manual_install,tablet,Apple,iPad 5th gen,,"iPad6,11",IOS,11.4.1,,,en-gb,No,3600,,,Europe,United Kingdom,England,Bristol,,,(direct),(none),(direct),6a618b77d08300f8cb0cfb6bd619c9c9_2
20180829,1535535093232005,2018-08-29T10:31:33,user_engagement,1535535086309005,2018-08-29T10:31:26,,4,97983,6a618b77d08300f8cb0cfb6bd619c9c9,005CD1EBC43740318D623F44188D5C9B,1535535008011000,2018-08-29T10:30:08,,1220499683,IOS,,RangeContentViewController,auto,8823697641706503982,6922,,,,0,0,,,,,,,,,,,1535535008011000,6a618b77d08300f8cb0cfb6bd619c9c9,uk.co.skoda.assistant.test,1.1.6,,1:571703561616:ios:777087d7f78ec12a,manual_install,tablet,Apple,iPad 5th gen,,"iPad6,11",IOS,11.4.1,,,en-gb,No,3600,,,Europe,United Kingdom,England,Bristol,,,(direct),(none),(direct),6a618b77d08300f8cb0cfb6bd619c9c9_2
20180829,1535535101919000,2018-08-29T10:31:41,button_press,1535535085486000,2018-08-29T10:31:25,,5,84234,6a618b77d08300f8cb0cfb6bd619c9c9,005CD1EBC43740318D623F44188D5C9B,1535535008011000,2018-08-29T10:30:08,,1220499683,IOS,,RangeContentViewController,app,8823697641706503982,,1,,,0,0,S,range_home_trim_select,75,,,,,,,,1535535008011000,6a618b77d08300f8cb0cfb6bd619c9c9,uk.co.skoda.assistant.test,1.1.6,,1:571703561616:ios:777087d7f78ec12a,manual_install,tablet,Apple,iPad 5th gen,,"iPad6,11",IOS,11.4.1,,,en-gb,No,3600,,,Europe,United Kingdom,England,Bristol,,,(direct),(none),(direct),6a618b77d08300f8cb0cfb6bd619c9c9_2
20180829,1535535102668001,2018-08-29T10:31:42,user_engagement,1535535093232001,2018-08-29T10:31:33,,5,84234,6a618b77d08300f8cb0cfb6bd619c9c9,005CD1EBC43740318D623F44188D5C9B,1535535008011000,2018-08-29T10:30:08,,1220499683,IOS,,RangeContentViewController,auto,8823697641706503982,9386,,,,0,0,,,,,,,,,,,1535535008011000,6a618b77d08300f8cb0cfb6bd619c9c9,uk.co.skoda.assistant.test,1.1.6,,1:571703561616:ios:777087d7f78ec12a,manual_install,tablet,Apple,iPad 5th gen,,"iPad6,11",IOS,11.4.1,,,en-gb,No,3600,,,Europe,United Kingdom,England,Bristol,,,(direct),(none),(direct),6a618b77d08300f8cb0cfb6bd619c9c9_2
20180829,1535535102669001,2018-08-29T10:31:42,screen_view,1535535086312001,2018-08-29T10:31:26,,5,84234,6a618b77d08300f8cb0cfb6bd619c9c9,005CD1EBC43740318D623F44188D5C9B,1535535008011000,2018-08-29T10:30:08,,1220499683,IOS,,TrimViewController,auto,8823697641706503983,,1,8823697641706503982,RangeContentViewController,0,0,,,,,,,,,,,1535535008011000,6a618b77d08300f8cb0cfb6bd619c9c9,uk.co.skoda.assistant.test,1.1.6,,1:571703561616:ios:777087d7f78ec12a,manual_install,tablet,Apple,iPad 5th gen,,"iPad6,11",IOS,11.4.1,,,en-gb,No,3600,,,Europe,United Kingdom,England,Bristol,,,(direct),(none),(direct),6a618b77d08300f8cb0cfb6bd619c9c9_2
20180829,1535535239931003,2018-08-29T10:33:59,user_engagement,1535535102668003,2018-08-29T10:31:42,,5,84234,6a618b77d08300f8cb0cfb6bd619c9c9,005CD1EBC43740318D623F44188D5C9B,1535535008011000,2018-08-29T10:30:08,,1220499683,IOS,,TrimViewController,auto,8823697641706503983,137262,,,,0,0,,,,,,,,,,,1535535008011000,6a618b77d08300f8cb0cfb6bd619c9c9,uk.co.skoda.assistant.test,1.1.6,,1:571703561616:ios:777087d7f78ec12a,manual_install,tablet,Apple,iPad 5th gen,,"iPad6,11",IOS,11.4.1,,,en-gb,No,3600,,,Europe,United Kingdom,England,Bristol,,,(direct),(none),(direct),6a618b77d08300f8cb0cfb6bd619c9c9_2
20180829,1535535418405000,2018-08-29T10:36:58,button_press,1535535101919000,2018-08-29T10:31:41,,6,76676,6a618b77d08300f8cb0cfb6bd619c9c9,005CD1EBC43740318D623F44188D5C9B,1535535008011000,2018-08-29T10:30:08,,1220499683,IOS,,TrimViewController,app,8823697641706503983,,1,,,0,0,1.0 MPI 60PS,trim_home_view_full_details,3198,,,,,,,,1535535008011000,6a618b77d08300f8cb0cfb6bd619c9c9,uk.co.skoda.assistant.test,1.1.6,,1:571703561616:ios:777087d7f78ec12a,manual_install,tablet,Apple,iPad 5th gen,,"iPad6,11",IOS,11.4.1,,,en-gb,No,3600,,,Europe,United Kingdom,England,Bristol,,,(direct),(none),(direct),6a618b77d08300f8cb0cfb6bd619c9c9_2
20180829,1535535419046001,2018-08-29T10:36:59,screen_view,1535535102669001,2018-08-29T10:31:42,,6,76676,6a618b77d08300f8cb0cfb6bd619c9c9,005CD1EBC43740318D623F44188D5C9B,1535535008011000,2018-08-29T10:30:08,,1220499683,IOS,,EngineDetailsViewController,auto,8823697641706503984,,1,8823697641706503983,TrimViewController,0,0,,,,,,,,,,,1535535008011000,6a618b77d08300f8cb0cfb6bd619c9c9,uk.co.skoda.assistant.test,1.1.6,,1:571703561616:ios:777087d7f78ec12a,manual_install,tablet,Apple,iPad 5th gen,,"iPad6,11",IOS,11.4.1,,,en-gb,No,3600,,,Europe,United Kingdom,England,Bristol,,,(direct),(none),(direct),6a618b77d08300f8cb0cfb6bd619c9c9_2
20180829,1535535419046001,2018-08-29T10:36:59,user_engagement,1535535239931001,2018-08-29T10:33:59,,6,76676,6a618b77d08300f8cb0cfb6bd619c9c9,005CD1EBC43740318D623F44188D5C9B,1535535008011000,2018-08-29T10:30:08,,1220499683,IOS,,TrimViewController,auto,8823697641706503983,4761,,,,0,0,,,,,,,,,,,1535535008011000,6a618b77d08300f8cb0cfb6bd619c9c9,uk.co.skoda.assistant.test,1.1.6,,1:571703561616:ios:777087d7f78ec12a,manual_install,tablet,Apple,iPad 5th gen,,"iPad6,11",IOS,11.4.1,,,en-gb,No,3600,,,Europe,United Kingdom,England,Bristol,,,(direct),(none),(direct),6a618b77d08300f8cb0cfb6bd619c9c9_2
20180829,1535535437514003,2018-08-29T10:37:17,user_engagement,1535535419046003,2018-08-29T10:36:59,,6,76676,6a618b77d08300f8cb0cfb6bd619c9c9,005CD1EBC43740318D623F44188D5C9B,1535535008011000,2018-08-29T10:30:08,,1220499683,IOS,,EngineDetailsViewController,auto,8823697641706503984,18468,,,,0,0,,,,,,,,,,,1535535008011000,6a618b77d08300f8cb0cfb6bd619c9c9,uk.co.skoda.assistant.test,1.1.6,,1:571703561616:ios:777087d7f78ec12a,manual_install,tablet,Apple,iPad 5th gen,,"iPad6,11",IOS,11.4.1,,,en-gb,No,3600,,,Europe,United Kingdom,England,Bristol,,,(direct),(none),(direct),6a618b77d08300f8cb0cfb6bd619c9c9_2
20180829,1535535437515002,2018-08-29T10:37:17,screen_view,1535535419046002,2018-08-29T10:36:59,,6,76676,6a618b77d08300f8cb0cfb6bd619c9c9,005CD1EBC43740318D623F44188D5C9B,1535535008011000,2018-08-29T10:30:08,,1220499683,IOS,,SkodaContentViewController,auto,8823697641706503981,,1,8823697641706503984,EngineDetailsViewController,0,0,,,,,,,,,,,1535535008011000,6a618b77d08300f8cb0cfb6bd619c9c9,uk.co.skoda.assistant.test,1.1.6,,1:571703561616:ios:777087d7f78ec12a,manual_install,tablet,Apple,iPad 5th gen,,"iPad6,11",IOS,11.4.1,,,en-gb,No,3600,,,Europe,United Kingdom,England,Bristol,,,(direct),(none),(direct),6a618b77d08300f8cb0cfb6bd619c9c9_2
20180829,1535535437517003,2018-08-29T10:37:17,screen_view,1535535437515003,2018-08-29T10:37:17,,6,76676,6a618b77d08300f8cb0cfb6bd619c9c9,005CD1EBC43740318D623F44188D5C9B,1535535008011000,2018-08-29T10:30:08,,1220499683,IOS,,TrimViewController,auto,8823697641706503983,,1,8823697641706503981,SkodaContentViewController,0,0,,,,,,,,,,,1535535008011000,6a618b77d08300f8cb0cfb6bd619c9c9,uk.co.skoda.assistant.test,1.1.6,,1:571703561616:ios:777087d7f78ec12a,manual_install,tablet,Apple,iPad 5th gen,,"iPad6,11",IOS,11.4.1,,,en-gb,No,3600,,,Europe,United Kingdom,England,Bristol,,,(direct),(none),(direct),6a618b77d08300f8cb0cfb6bd619c9c9_2
20180829,1535535443471004,2018-08-29T10:37:23,button_press,1535535418405004,2018-08-29T10:36:58,,6,76676,6a618b77d08300f8cb0cfb6bd619c9c9,005CD1EBC43740318D623F44188D5C9B,1535535008011000,2018-08-29T10:30:08,,1220499683,IOS,,TrimViewController,app,8823697641706503983,,1,,,0,0,,trim_home_trim_dropdown_select,,,,,,,,,1535535008011000,6a618b77d08300f8cb0cfb6bd619c9c9,uk.co.skoda.assistant.test,1.1.6,,1:571703561616:ios:777087d7f78ec12a,manual_install,tablet,Apple,iPad 5th gen,,"iPad6,11",IOS,11.4.1,,,en-gb,No,3600,,,Europe,United Kingdom,England,Bristol,,,(direct),(none),(direct),6a618b77d08300f8cb0cfb6bd619c9c9_2
20180829,1535535444072005,2018-08-29T10:37:24,button_press,1535535443471005,2018-08-29T10:37:23,,6,76676,6a618b77d08300f8cb0cfb6bd619c9c9,005CD1EBC43740318D623F44188D5C9B,1535535008011000,2018-08-29T10:30:08,,1220499683,IOS,,TrimViewController,app,8823697641706503983,,1,,,0,0,S,trim_home_trim_select_from_dropdown,75,,,,,,,,1535535008011000,6a618b77d08300f8cb0cfb6bd619c9c9,uk.co.skoda.assistant.test,1.1.6,,1:571703561616:ios:777087d7f78ec12a,manual_install,tablet,Apple,iPad 5th gen,,"iPad6,11",IOS,11.4.1,,,en-gb,No,3600,,,Europe,United Kingdom,England,Bristol,,,(direct),(none),(direct),6a618b77d08300f8cb0cfb6bd619c9c9_2
20180829,1535535568422000,2018-08-29T10:39:28,user_engagement,1535535437514000,2018-08-29T10:37:17,,7,80415,6a618b77d08300f8cb0cfb6bd619c9c9,005CD1EBC43740318D623F44188D5C9B,1535535008011000,2018-08-29T10:30:08,,1220499683,IOS,,TrimViewController,auto,8823697641706503983,130907,,,,0,0,,,,,,,,,,,1535535008011000,6a618b77d08300f8cb0cfb6bd619c9c9,uk.co.skoda.assistant.test,1.1.6,,1:571703561616:ios:777087d7f78ec12a,manual_install,tablet,Apple,iPad 5th gen,,"iPad6,11",IOS,11.4.1,,,en-gb,No,3600,,,Europe,United Kingdom,England,Bristol,,,(direct),(none),(direct),6a618b77d08300f8cb0cfb6bd619c9c9_2
20180829,1535535640149000,2018-08-29T10:40:40,button_press,1535535444072000,2018-08-29T10:37:24,,8,76628,6a618b77d08300f8cb0cfb6bd619c9c9,005CD1EBC43740318D623F44188D5C9B,1535535008011000,2018-08-29T10:30:08,,1220499683,IOS,,TrimViewController,app,8823697641706503983,,1,,,0,0,1.0 MPI 60PS,trim_home_view_full_details,3198,,,,,,,,1535535008011000,6a618b77d08300f8cb0cfb6bd619c9c9,uk.co.skoda.assistant.test,1.1.6,,1:571703561616:ios:777087d7f78ec12a,manual_install,tablet,Apple,iPad 5th gen,,"iPad6,11",IOS,11.4.1,,,en-gb,No,3600,,,Europe,United Kingdom,England,Bristol,,,(direct),(none),(direct),6a618b77d08300f8cb0cfb6bd619c9c9_2
20180829,1535535640754001,2018-08-29T10:40:40,screen_view,1535535437517001,2018-08-29T10:37:17,,8,76628,6a618b77d08300f8cb0cfb6bd619c9c9,005CD1EBC43740318D623F44188D5C9B,1535535008011000,2018-08-29T10:30:08,,1220499683,IOS,,EngineDetailsViewController,auto,8823697641706503985,,1,8823697641706503983,TrimViewController,0,0,,,,,,,,,,,1535535008011000,6a618b77d08300f8cb0cfb6bd619c9c9,uk.co.skoda.assistant.test,1.1.6,,1:571703561616:ios:777087d7f78ec12a,manual_install,tablet,Apple,iPad 5th gen,,"iPad6,11",IOS,11.4.1,,,en-gb,No,3600,,,Europe,United Kingdom,England,Bristol,,,(direct),(none),(direct),6a618b77d08300f8cb0cfb6bd619c9c9_2
20180829,1535535640754001,2018-08-29T10:40:40,user_engagement,1535535568422001,2018-08-29T10:39:28,,8,76628,6a618b77d08300f8cb0cfb6bd619c9c9,005CD1EBC43740318D623F44188D5C9B,1535535008011000,2018-08-29T10:30:08,,1220499683,IOS,,TrimViewController,auto,8823697641706503983,4877,,,,0,0,,,,,,,,,,,1535535008011000,6a618b77d08300f8cb0cfb6bd619c9c9,uk.co.skoda.assistant.test,1.1.6,,1:571703561616:ios:777087d7f78ec12a,manual_install,tablet,Apple,iPad 5th gen,,"iPad6,11",IOS,11.4.1,,,en-gb,No,3600,,,Europe,United Kingdom,England,Bristol,,,(direct),(none),(direct),6a618b77d08300f8cb0cfb6bd619c9c9_2
20180829,1535535877203003,2018-08-29T10:44:37,user_engagement,1535535640754003,2018-08-29T10:40:40,,8,76628,6a618b77d08300f8cb0cfb6bd619c9c9,005CD1EBC43740318D623F44188D5C9B,1535535008011000,2018-08-29T10:30:08,,1220499683,IOS,,EngineDetailsViewController,auto,8823697641706503985,236448,,,,0,0,,,,,,,,,,,1535535008011000,6a618b77d08300f8cb0cfb6bd619c9c9,uk.co.skoda.assistant.test,1.1.6,,1:571703561616:ios:777087d7f78ec12a,manual_install,tablet,Apple,iPad 5th gen,,"iPad6,11",IOS,11.4.1,,,en-gb,No,3600,,,Europe,United Kingdom,England,Bristol,,,(direct),(none),(direct),6a618b77d08300f8cb0cfb6bd619c9c9_2
20180829,1535535990088000,2018-08-29T10:46:30,screen_view,1535535640754000,2018-08-29T10:40:40,,9,76015,6a618b77d08300f8cb0cfb6bd619c9c9,005CD1EBC43740318D623F44188D5C9B,1535535008011000,2018-08-29T10:30:08,,1220499683,IOS,,SkodaContentViewController,auto,8823697641706503981,,1,8823697641706503985,EngineDetailsViewController,0,0,,,,,,,,,,,1535535008011000,6a618b77d08300f8cb0cfb6bd619c9c9,uk.co.skoda.assistant.test,1.1.6,,1:571703561616:ios:777087d7f78ec12a,manual_install,tablet,Apple,iPad 5th gen,,"iPad6,11",IOS,11.4.1,,,en-gb,No,3600,,,Europe,United Kingdom,England,Bristol,,,(direct),(none),(direct),6a618b77d08300f8cb0cfb6bd619c9c9_2
20180829,1535535990088000,2018-08-29T10:46:30,user_engagement,1535535877203000,2018-08-29T10:44:37,,9,76015,6a618b77d08300f8cb0cfb6bd619c9c9,005CD1EBC43740318D623F44188D5C9B,1535535008011000,2018-08-29T10:30:08,,1220499683,IOS,,EngineDetailsViewController,auto,8823697641706503985,3007,,,,0,0,,,,,,,,,,,1535535008011000,6a618b77d08300f8cb0cfb6bd619c9c9,uk.co.skoda.assistant.test,1.1.6,,1:571703561616:ios:777087d7f78ec12a,manual_install,tablet,Apple,iPad 5th gen,,"iPad6,11",IOS,11.4.1,,,en-gb,No,3600,,,Europe,United Kingdom,England,Bristol,,,(direct),(none),(direct),6a618b77d08300f8cb0cfb6bd619c9c9_2
20180829,1535535990091001,2018-08-29T10:46:30,screen_view,1535535990088001,2018-08-29T10:46:30,,9,76015,6a618b77d08300f8cb0cfb6bd619c9c9,005CD1EBC43740318D623F44188D5C9B,1535535008011000,2018-08-29T10:30:08,,1220499683,IOS,,TrimViewController,auto,8823697641706503983,,1,8823697641706503981,SkodaContentViewController,0,0,,,,,,,,,,,1535535008011000,6a618b77d08300f8cb0cfb6bd619c9c9,uk.co.skoda.assistant.test,1.1.6,,1:571703561616:ios:777087d7f78ec12a,manual_install,tablet,Apple,iPad 5th gen,,"iPad6,11",IOS,11.4.1,,,en-gb,No,3600,,,Europe,United Kingdom,England,Bristol,,,(direct),(none),(direct),6a618b77d08300f8cb0cfb6bd619c9c9_2
20180829,1535535991416003,2018-08-29T10:46:31,user_engagement,1535535990088003,2018-08-29T10:46:30,,9,76015,6a618b77d08300f8cb0cfb6bd619c9c9,005CD1EBC43740318D623F44188D5C9B,1535535008011000,2018-08-29T10:30:08,,1220499683,IOS,,TrimViewController,auto,8823697641706503983,1327,,,,0,0,,,,,,,,,,,1535535008011000,6a618b77d08300f8cb0cfb6bd619c9c9,uk.co.skoda.assistant.test,1.1.6,,1:571703561616:ios:777087d7f78ec12a,manual_install,tablet,Apple,iPad 5th gen,,"iPad6,11",IOS,11.4.1,,,en-gb,No,3600,,,Europe,United Kingdom,England,Bristol,,,(direct),(none),(direct),6a618b77d08300f8cb0cfb6bd619c9c9_2
20180829,1535549370316000,2018-08-29T14:29:30,button_press,,,,4,138368,6a618b77d08300f8cb0cfb6bd619c9c9,D0E62C2A40284F8C9468C815BEB378A1,1535549278809000,2018-08-29T14:27:58,,1220499683,IOS,,SplashViewController,app,-7365834083796793833,,1,,,0,0,,globalnav_range,,,,,,,,,1535549278809000,6a618b77d08300f8cb0cfb6bd619c9c9,uk.co.skoda.assistant.test,1.1.7,,1:571703561616:ios:777087d7f78ec12a,manual_install,tablet,Apple,iPad 5th gen,,"iPad6,11",IOS,11.4.1,,,en-gb,No,3600,,,Europe,United Kingdom,England,Bristol,,,(direct),(none),(direct),6a618b77d08300f8cb0cfb6bd619c9c9_2
20180829,1535549370316001,2018-08-29T14:29:30,button_press,1535549370316001,2018-08-29T14:29:30,,4,138368,6a618b77d08300f8cb0cfb6bd619c9c9,D0E62C2A40284F8C9468C815BEB378A1,1535549278809000,2018-08-29T14:27:58,,1220499683,IOS,,SplashViewController,app,-7365834083796793833,,1,,,0,0,,range,,,,,,,,,1535549278809000,6a618b77d08300f8cb0cfb6bd619c9c9,uk.co.skoda.assistant.test,1.1.7,,1:571703561616:ios:777087d7f78ec12a,manual_install,tablet,Apple,iPad 5th gen,,"iPad6,11",IOS,11.4.1,,,en-gb,No,3600,,,Europe,United Kingdom,England,Bristol,,,(direct),(none),(direct),6a618b77d08300f8cb0cfb6bd619c9c9_2
20180829,1535549371125002,2018-08-29T14:29:31,screen_view,1535549369732002,2018-08-29T14:29:29,,4,138368,6a618b77d08300f8cb0cfb6bd619c9c9,D0E62C2A40284F8C9468C815BEB378A1,1535549278809000,2018-08-29T14:27:58,,1220499683,IOS,,SkodaContentViewController,auto,-7365834083796793830,,1,-7365834083796793833,SplashViewController,0,0,,,,,,,,,,,1535549278809000,6a618b77d08300f8cb0cfb6bd619c9c9,uk.co.skoda.assistant.test,1.1.7,,1:571703561616:ios:777087d7f78ec12a,manual_install,tablet,Apple,iPad 5th gen,,"iPad6,11",IOS,11.4.1,,,en-gb,No,3600,,,Europe,United Kingdom,England,Bristol,,,(direct),(none),(direct),6a618b77d08300f8cb0cfb6bd619c9c9_2
20180829,1535549371125002,2018-08-29T14:29:31,user_engagement,1535549369731002,2018-08-29T14:29:29,,4,138368,6a618b77d08300f8cb0cfb6bd619c9c9,D0E62C2A40284F8C9468C815BEB378A1,1535549278809000,2018-08-29T14:27:58,,1220499683,IOS,,SplashViewController,auto,-7365834083796793833,1393,,,,0,0,,,,,,,,,,,1535549278809000,6a618b77d08300f8cb0cfb6bd619c9c9,uk.co.skoda.assistant.test,1.1.7,,1:571703561616:ios:777087d7f78ec12a,manual_install,tablet,Apple,iPad 5th gen,,"iPad6,11",IOS,11.4.1,,,en-gb,No,3600,,,Europe,United Kingdom,England,Bristol,,,(direct),(none),(direct),6a618b77d08300f8cb0cfb6bd619c9c9_2
20180829,1535549371129003,2018-08-29T14:29:31,screen_view,1535549371125003,2018-08-29T14:29:31,,4,138368,6a618b77d08300f8cb0cfb6bd619c9c9,D0E62C2A40284F8C9468C815BEB378A1,1535549278809000,2018-08-29T14:27:58,,1220499683,IOS,,RangeContentViewController,auto,-7365834083796793829,,1,-7365834083796793830,SkodaContentViewController,0,0,,,,,,,,,,,1535549278809000,6a618b77d08300f8cb0cfb6bd619c9c9,uk.co.skoda.assistant.test,1.1.7,,1:571703561616:ios:777087d7f78ec12a,manual_install,tablet,Apple,iPad 5th gen,,"iPad6,11",IOS,11.4.1,,,en-gb,No,3600,,,Europe,United Kingdom,England,Bristol,,,(direct),(none),(direct),6a618b77d08300f8cb0cfb6bd619c9c9_2
20180829,1535549421765000,2018-08-29T14:30:21,button_press,1535549370316000,2018-08-29T14:29:30,,5,82824,6a618b77d08300f8cb0cfb6bd619c9c9,D0E62C2A40284F8C9468C815BEB378A1,1535549278809000,2018-08-29T14:27:58,,1220499683,IOS,,RangeContentViewController,app,-7365834083796793829,,1,,,0,0,S,range_home_trim_select,75,,,,,,,,1535549278809000,6a618b77d08300f8cb0cfb6bd619c9c9,uk.co.skoda.assistant.test,1.1.7,,1:571703561616:ios:777087d7f78ec12a,manual_install,tablet,Apple,iPad 5th gen,,"iPad6,11",IOS,11.4.1,,,en-gb,No,3600,,,Europe,United Kingdom,England,Bristol,,,(direct),(none),(direct),6a618b77d08300f8cb0cfb6bd619c9c9_2
20180829,1535549422473001,2018-08-29T14:30:22,screen_view,1535549371129001,2018-08-29T14:29:31,,5,82824,6a618b77d08300f8cb0cfb6bd619c9c9,D0E62C2A40284F8C9468C815BEB378A1,1535549278809000,2018-08-29T14:27:58,,1220499683,IOS,,TrimViewController,auto,-7365834083796793828,,1,-7365834083796793829,RangeContentViewController,0,0,,,,,,,,,,,1535549278809000,6a618b77d08300f8cb0cfb6bd619c9c9,uk.co.skoda.assistant.test,1.1.7,,1:571703561616:ios:777087d7f78ec12a,manual_install,tablet,Apple,iPad 5th gen,,"iPad6,11",IOS,11.4.1,,,en-gb,No,3600,,,Europe,United Kingdom,England,Bristol,,,(direct),(none),(direct),6a618b77d08300f8cb0cfb6bd619c9c9_2
20180829,1535549422473001,2018-08-29T14:30:22,user_engagement,1535549371125001,2018-08-29T14:29:31,,5,82824,6a618b77d08300f8cb0cfb6bd619c9c9,D0E62C2A40284F8C9468C815BEB378A1,1535549278809000,2018-08-29T14:27:58,,1220499683,IOS,,RangeContentViewController,auto,-7365834083796793829,51348,,,,0,0,,,,,,,,,,,1535549278809000,6a618b77d08300f8cb0cfb6bd619c9c9,uk.co.skoda.assistant.test,1.1.7,,1:571703561616:ios:777087d7f78ec12a,manual_install,tablet,Apple,iPad 5th gen,,"iPad6,11",IOS,11.4.1,,,en-gb,No,3600,,,Europe,United Kingdom,England,Bristol,,,(direct),(none),(direct),6a618b77d08300f8cb0cfb6bd619c9c9_2
20180829,1535549683726003,2018-08-29T14:34:43,user_engagement,1535549422473003,2018-08-29T14:30:22,,5,82824,6a618b77d08300f8cb0cfb6bd619c9c9,D0E62C2A40284F8C9468C815BEB378A1,1535549278809000,2018-08-29T14:27:58,,1220499683,IOS,,TrimViewController,auto,-7365834083796793828,261252,,,,0,0,,,,,,,,,,,1535549278809000,6a618b77d08300f8cb0cfb6bd619c9c9,uk.co.skoda.assistant.test,1.1.7,,1:571703561616:ios:777087d7f78ec12a,manual_install,tablet,Apple,iPad 5th gen,,"iPad6,11",IOS,11.4.1,,,en-gb,No,3600,,,Europe,United Kingdom,England,Bristol,,,(direct),(none),(direct),6a618b77d08300f8cb0cfb6bd619c9c9_2
20180829,1535549892201000,2018-08-29T14:38:12,user_engagement,1535549683726000,2018-08-29T14:34:43,,6,70048,6a618b77d08300f8cb0cfb6bd619c9c9,D0E62C2A40284F8C9468C815BEB378A1,1535549278809000,2018-08-29T14:27:58,,1220499683,IOS,,TrimViewController,auto,-7365834083796793828,1252,,,,0,0,,,,,,,,,,,1535549278809000,6a618b77d08300f8cb0cfb6bd619c9c9,uk.co.skoda.assistant.test,1.1.7,,1:571703561616:ios:777087d7f78ec12a,manual_install,tablet,Apple,iPad 5th gen,,"iPad6,11",IOS,11.4.1,,,en-gb,No,3600,,,Europe,United Kingdom,England,Bristol,,,(direct),(none),(direct),6a618b77d08300f8cb0cfb6bd619c9c9_2
20180829,1535549892202000,2018-08-29T14:38:12,screen_view,1535549422473000,2018-08-29T14:30:22,,6,70048,6a618b77d08300f8cb0cfb6bd619c9c9,D0E62C2A40284F8C9468C815BEB378A1,1535549278809000,2018-08-29T14:27:58,,1220499683,IOS,,RangeContentViewController,auto,-7365834083796793829,,1,-7365834083796793828,TrimViewController,0,0,,,,,,,,,,,1535549278809000,6a618b77d08300f8cb0cfb6bd619c9c9,uk.co.skoda.assistant.test,1.1.7,,1:571703561616:ios:777087d7f78ec12a,manual_install,tablet,Apple,iPad 5th gen,,"iPad6,11",IOS,11.4.1,,,en-gb,No,3600,,,Europe,United Kingdom,England,Bristol,,,(direct),(none),(direct),6a618b77d08300f8cb0cfb6bd619c9c9_2
20180829,1535549892526001,2018-08-29T14:38:12,button_press,1535549421765001,2018-08-29T14:30:21,,6,70048,6a618b77d08300f8cb0cfb6bd619c9c9,D0E62C2A40284F8C9468C815BEB378A1,1535549278809000,2018-08-29T14:27:58,,1220499683,IOS,,RangeContentViewController,app,-7365834083796793829,,1,,,0,0,S,range_home_trim_select,75,,,,,,,,1535549278809000,6a618b77d08300f8cb0cfb6bd619c9c9,uk.co.skoda.assistant.test,1.1.7,,1:571703561616:ios:777087d7f78ec12a,manual_install,tablet,Apple,iPad 5th gen,,"iPad6,11",IOS,11.4.1,,,en-gb,No,3600,,,Europe,United Kingdom,England,Bristol,,,(direct),(none),(direct),6a618b77d08300f8cb0cfb6bd619c9c9_2
20180829,1535549893405003,2018-08-29T14:38:13,user_engagement,1535549892201003,2018-08-29T14:38:12,,6,70048,6a618b77d08300f8cb0cfb6bd619c9c9,D0E62C2A40284F8C9468C815BEB378A1,1535549278809000,2018-08-29T14:27:58,,1220499683,IOS,,RangeContentViewController,auto,-7365834083796793829,1204,,,,0,0,,,,,,,,,,,1535549278809000,6a618b77d08300f8cb0cfb6bd619c9c9,uk.co.skoda.assistant.test,1.1.7,,1:571703561616:ios:777087d7f78ec12a,manual_install,tablet,Apple,iPad 5th gen,,"iPad6,11",IOS,11.4.1,,,en-gb,No,3600,,,Europe,United Kingdom,England,Bristol,,,(direct),(none),(direct),6a618b77d08300f8cb0cfb6bd619c9c9_2
20180829,1535549893406002,2018-08-29T14:38:13,screen_view,1535549892202002,2018-08-29T14:38:12,,6,70048,6a618b77d08300f8cb0cfb6bd619c9c9,D0E62C2A40284F8C9468C815BEB378A1,1535549278809000,2018-08-29T14:27:58,,1220499683,IOS,,TrimViewController,auto,-7365834083796793827,,1,-7365834083796793829,RangeContentViewController,0,0,,,,,,,,,,,1535549278809000,6a618b77d08300f8cb0cfb6bd619c9c9,uk.co.skoda.assistant.test,1.1.7,,1:571703561616:ios:777087d7f78ec12a,manual_install,tablet,Apple,iPad 5th gen,,"iPad6,11",IOS,11.4.1,,,en-gb,No,3600,,,Europe,United Kingdom,England,Bristol,,,(direct),(none),(direct),6a618b77d08300f8cb0cfb6bd619c9c9_2
20180829,1535549894359003,2018-08-29T14:38:14,button_press,1535549892526003,2018-08-29T14:38:12,,6,70048,6a618b77d08300f8cb0cfb6bd619c9c9,D0E62C2A40284F8C9468C815BEB378A1,1535549278809000,2018-08-29T14:27:58,,1220499683,IOS,,TrimViewController,app,-7365834083796793827,,1,,,0,0,1.0 MPI 60PS,trim_home_view_full_details,3198,,,,,,,,1535549278809000,6a618b77d08300f8cb0cfb6bd619c9c9,uk.co.skoda.assistant.test,1.1.7,,1:571703561616:ios:777087d7f78ec12a,manual_install,tablet,Apple,iPad 5th gen,,"iPad6,11",IOS,11.4.1,,,en-gb,No,3600,,,Europe,United Kingdom,England,Bristol,,,(direct),(none),(direct),6a618b77d08300f8cb0cfb6bd619c9c9_2
20180829,1535549894980006,2018-08-29T14:38:14,user_engagement,1535549893405006,2018-08-29T14:38:13,,6,70048,6a618b77d08300f8cb0cfb6bd619c9c9,D0E62C2A40284F8C9468C815BEB378A1,1535549278809000,2018-08-29T14:27:58,,1220499683,IOS,,TrimViewController,auto,-7365834083796793827,1574,,,,0,0,,,,,,,,,,,1535549278809000,6a618b77d08300f8cb0cfb6bd619c9c9,uk.co.skoda.assistant.test,1.1.7,,1:571703561616:ios:777087d7f78ec12a,manual_install,tablet,Apple,iPad 5th gen,,"iPad6,11",IOS,11.4.1,,,en-gb,No,3600,,,Europe,United Kingdom,England,Bristol,,,(direct),(none),(direct),6a618b77d08300f8cb0cfb6bd619c9c9_2
20180829,1535549894981004,2018-08-29T14:38:14,screen_view,1535549893406004,2018-08-29T14:38:13,,6,70048,6a618b77d08300f8cb0cfb6bd619c9c9,D0E62C2A40284F8C9468C815BEB378A1,1535549278809000,2018-08-29T14:27:58,,1220499683,IOS,,EngineDetailsViewController,auto,-7365834083796793826,,1,-7365834083796793827,TrimViewController,0,0,,,,,,,,,,,1535549278809000,6a618b77d08300f8cb0cfb6bd619c9c9,uk.co.skoda.assistant.test,1.1.7,,1:571703561616:ios:777087d7f78ec12a,manual_install,tablet,Apple,iPad 5th gen,,"iPad6,11",IOS,11.4.1,,,en-gb,No,3600,,,Europe,United Kingdom,England,Bristol,,,(direct),(none),(direct),6a618b77d08300f8cb0cfb6bd619c9c9_2
20180829,1535550015464008,2018-08-29T14:40:15,user_engagement,1535549894980008,2018-08-29T14:38:14,,6,70048,6a618b77d08300f8cb0cfb6bd619c9c9,D0E62C2A40284F8C9468C815BEB378A1,1535549278809000,2018-08-29T14:27:58,,1220499683,IOS,,EngineDetailsViewController,auto,-7365834083796793826,120484,,,,0,0,,,,,,,,,,,1535549278809000,6a618b77d08300f8cb0cfb6bd619c9c9,uk.co.skoda.assistant.test,1.1.7,,1:571703561616:ios:777087d7f78ec12a,manual_install,tablet,Apple,iPad 5th gen,,"iPad6,11",IOS,11.4.1,,,en-gb,No,3600,,,Europe,United Kingdom,England,Bristol,,,(direct),(none),(direct),6a618b77d08300f8cb0cfb6bd619c9c9_2
20180829,1535551233190000,2018-08-29T15:00:33,user_engagement,1535550015464000,2018-08-29T14:40:15,,7,61436,6a618b77d08300f8cb0cfb6bd619c9c9,D0E62C2A40284F8C9468C815BEB378A1,1535549278809000,2018-08-29T14:27:58,,1220499683,IOS,,EngineDetailsViewController,auto,-7365834083796793826,1265,,,,0,0,,,,,,,,,,,1535549278809000,6a618b77d08300f8cb0cfb6bd619c9c9,uk.co.skoda.assistant.test,1.1.7,,1:571703561616:ios:777087d7f78ec12a,manual_install,tablet,Apple,iPad 5th gen,,"iPad6,11",IOS,11.4.1,,,en-gb,No,3600,,,Europe,United Kingdom,England,Bristol,,,(direct),(none),(direct),6a618b77d08300f8cb0cfb6bd619c9c9_2
20180829,1535551233191000,2018-08-29T15:00:33,screen_view,1535549894981000,2018-08-29T14:38:14,,7,61436,6a618b77d08300f8cb0cfb6bd619c9c9,D0E62C2A40284F8C9468C815BEB378A1,1535549278809000,2018-08-29T14:27:58,,1220499683,IOS,,SkodaContentViewController,auto,-7365834083796793830,,1,-7365834083796793826,EngineDetailsViewController,0,0,,,,,,,,,,,1535549278809000,6a618b77d08300f8cb0cfb6bd619c9c9,uk.co.skoda.assistant.test,1.1.7,,1:571703561616:ios:777087d7f78ec12a,manual_install,tablet,Apple,iPad 5th gen,,"iPad6,11",IOS,11.4.1,,,en-gb,No,3600,,,Europe,United Kingdom,England,Bristol,,,(direct),(none),(direct),6a618b77d08300f8cb0cfb6bd619c9c9_2
20180829,1535551233194001,2018-08-29T15:00:33,screen_view,1535551233191001,2018-08-29T15:00:33,,7,61436,6a618b77d08300f8cb0cfb6bd619c9c9,D0E62C2A40284F8C9468C815BEB378A1,1535549278809000,2018-08-29T14:27:58,,1220499683,IOS,,TrimViewController,auto,-7365834083796793827,,1,-7365834083796793830,SkodaContentViewController,0,0,,,,,,,,,,,1535549278809000,6a618b77d08300f8cb0cfb6bd619c9c9,uk.co.skoda.assistant.test,1.1.7,,1:571703561616:ios:777087d7f78ec12a,manual_install,tablet,Apple,iPad 5th gen,,"iPad6,11",IOS,11.4.1,,,en-gb,No,3600,,,Europe,United Kingdom,England,Bristol,,,(direct),(none),(direct),6a618b77d08300f8cb0cfb6bd619c9c9_2
20180829,1535551354295003,2018-08-29T15:02:34,user_engagement,1535551233190003,2018-08-29T15:00:33,,7,61436,6a618b77d08300f8cb0cfb6bd619c9c9,D0E62C2A40284F8C9468C815BEB378A1,1535549278809000,2018-08-29T14:27:58,,1220499683,IOS,,TrimViewController,auto,-7365834083796793827,121105,,,,0,0,,,,,,,,,,,1535549278809000,6a618b77d08300f8cb0cfb6bd619c9c9,uk.co.skoda.assistant.test,1.1.7,,1:571703561616:ios:777087d7f78ec12a,manual_install,tablet,Apple,iPad 5th gen,,"iPad6,11",IOS,11.4.1,,,en-gb,No,3600,,,Europe,United Kingdom,England,Bristol,,,(direct),(none),(direct),6a618b77d08300f8cb0cfb6bd619c9c9_2
20180829,1535551808093000,2018-08-29T15:10:08,user_engagement,1535551354295000,2018-08-29T15:02:34,,8,341812,6a618b77d08300f8cb0cfb6bd619c9c9,D0E62C2A40284F8C9468C815BEB378A1,1535549278809000,2018-08-29T14:27:58,,1220499683,IOS,,TrimViewController,auto,-7365834083796793827,11009,,,,0,0,,,,,,,,,,,1535549278809000,6a618b77d08300f8cb0cfb6bd619c9c9,uk.co.skoda.assistant.test,1.1.7,,1:571703561616:ios:777087d7f78ec12a,manual_install,tablet,Apple,iPad 5th gen,,"iPad6,11",IOS,11.4.1,,,en-gb,No,3600,,,Europe,United Kingdom,England,Bristol,,,(direct),(none),(direct),6a618b77d08300f8cb0cfb6bd619c9c9_2
20180829,1535551808094000,2018-08-29T15:10:08,screen_view,1535551233194000,2018-08-29T15:00:33,,8,341812,6a618b77d08300f8cb0cfb6bd619c9c9,D0E62C2A40284F8C9468C815BEB378A1,1535549278809000,2018-08-29T14:27:58,,1220499683,IOS,,RangeContentViewController,auto,-7365834083796793829,,1,-7365834083796793827,TrimViewController,0,0,,,,,,,,,,,1535549278809000,6a618b77d08300f8cb0cfb6bd619c9c9,uk.co.skoda.assistant.test,1.1.7,,1:571703561616:ios:777087d7f78ec12a,manual_install,tablet,Apple,iPad 5th gen,,"iPad6,11",IOS,11.4.1,,,en-gb,No,3600,,,Europe,United Kingdom,England,Bristol,,,(direct),(none),(direct),6a618b77d08300f8cb0cfb6bd619c9c9_2
20180829,1535551839706001,2018-08-29T15:10:39,button_press,1535549894359001,2018-08-29T14:38:14,,8,341812,6a618b77d08300f8cb0cfb6bd619c9c9,D0E62C2A40284F8C9468C815BEB378A1,1535549278809000,2018-08-29T14:27:58,,1220499683,IOS,,RangeContentViewController,app,-7365834083796793829,,1,,,0,0,S,range_home_trim_select,21,,,,,,,,1535549278809000,6a618b77d08300f8cb0cfb6bd619c9c9,uk.co.skoda.assistant.test,1.1.7,,1:571703561616:ios:777087d7f78ec12a,manual_install,tablet,Apple,iPad 5th gen,,"iPad6,11",IOS,11.4.1,,,en-gb,No,3600,,,Europe,United Kingdom,England,Bristol,,,(direct),(none),(direct),6a618b77d08300f8cb0cfb6bd619c9c9_2
20180829,1535551840427002,2018-08-29T15:10:40,screen_view,1535551808094002,2018-08-29T15:10:08,,8,341812,6a618b77d08300f8cb0cfb6bd619c9c9,D0E62C2A40284F8C9468C815BEB378A1,1535549278809000,2018-08-29T14:27:58,,1220499683,IOS,,TrimViewController,auto,-7365834083796793825,,1,-7365834083796793829,RangeContentViewController,0,0,,,,,,,,,,,1535549278809000,6a618b77d08300f8cb0cfb6bd619c9c9,uk.co.skoda.assistant.test,1.1.7,,1:571703561616:ios:777087d7f78ec12a,manual_install,tablet,Apple,iPad 5th gen,,"iPad6,11",IOS,11.4.1,,,en-gb,No,3600,,,Europe,United Kingdom,England,Bristol,,,(direct),(none),(direct),6a618b77d08300f8cb0cfb6bd619c9c9_2
20180829,1535551840427003,2018-08-29T15:10:40,user_engagement,1535551808093003,2018-08-29T15:10:08,,8,341812,6a618b77d08300f8cb0cfb6bd619c9c9,D0E62C2A40284F8C9468C815BEB378A1,1535549278809000,2018-08-29T14:27:58,,1220499683,IOS,,RangeContentViewController,auto,-7365834083796793829,32333,,,,0,0,,,,,,,,,,,1535549278809000,6a618b77d08300f8cb0cfb6bd619c9c9,uk.co.skoda.assistant.test,1.1.7,,1:571703561616:ios:777087d7f78ec12a,manual_install,tablet,Apple,iPad 5th gen,,"iPad6,11",IOS,11.4.1,,,en-gb,No,3600,,,Europe,United Kingdom,England,Bristol,,,(direct),(none),(direct),6a618b77d08300f8cb0cfb6bd619c9c9_2
20180829,1535551840622003,2018-08-29T15:10:40,button_press,1535551839706003,2018-08-29T15:10:39,,8,341812,6a618b77d08300f8cb0cfb6bd619c9c9,D0E62C2A40284F8C9468C815BEB378A1,1535549278809000,2018-08-29T14:27:58,,1220499683,IOS,,TrimViewController,app,-7365834083796793825,,1,,,0,0,,globalnav_compare,,,,,,,,,1535549278809000,6a618b77d08300f8cb0cfb6bd619c9c9,uk.co.skoda.assistant.test,1.1.7,,1:571703561616:ios:777087d7f78ec12a,manual_install,tablet,Apple,iPad 5th gen,,"iPad6,11",IOS,11.4.1,,,en-gb,No,3600,,,Europe,United Kingdom,England,Bristol,,,(direct),(none),(direct),6a618b77d08300f8cb0cfb6bd619c9c9_2
20180829,1535551840634004,2018-08-29T15:10:40,button_press,1535551840622004,2018-08-29T15:10:40,,8,341812,6a618b77d08300f8cb0cfb6bd619c9c9,D0E62C2A40284F8C9468C815BEB378A1,1535549278809000,2018-08-29T14:27:58,,1220499683,IOS,,TrimViewController,app,-7365834083796793825,,1,,,0,0,,compare,,,,,,,,,1535549278809000,6a618b77d08300f8cb0cfb6bd619c9c9,uk.co.skoda.assistant.test,1.1.7,,1:571703561616:ios:777087d7f78ec12a,manual_install,tablet,Apple,iPad 5th gen,,"iPad6,11",IOS,11.4.1,,,en-gb,No,3600,,,Europe,United Kingdom,England,Bristol,,,(direct),(none),(direct),6a618b77d08300f8cb0cfb6bd619c9c9_2
20180829,1535551840786005,2018-08-29T15:10:40,screen_view,1535551840427005,2018-08-29T15:10:40,,8,341812,6a618b77d08300f8cb0cfb6bd619c9c9,D0E62C2A40284F8C9468C815BEB378A1,1535549278809000,2018-08-29T14:27:58,,1220499683,IOS,,SkodaContentViewController,auto,-7365834083796793830,,1,-7365834083796793825,TrimViewController,0,0,,,,,,,,,,,1535549278809000,6a618b77d08300f8cb0cfb6bd619c9c9,uk.co.skoda.assistant.test,1.1.7,,1:571703561616:ios:777087d7f78ec12a,manual_install,tablet,Apple,iPad 5th gen,,"iPad6,11",IOS,11.4.1,,,en-gb,No,3600,,,Europe,United Kingdom,England,Bristol,,,(direct),(none),(direct),6a618b77d08300f8cb0cfb6bd619c9c9_2
20180829,1535551841010006,2018-08-29T15:10:41,button_press,1535551840634006,2018-08-29T15:10:40,,8,341812,6a618b77d08300f8cb0cfb6bd619c9c9,D0E62C2A40284F8C9468C815BEB378A1,1535549278809000,2018-08-29T14:27:58,,1220499683,IOS,,SkodaContentViewController,app,-7365834083796793830,,1,,,0,0,,globalnav_presentation,,,,,,,,,1535549278809000,6a618b77d08300f8cb0cfb6bd619c9c9,uk.co.skoda.assistant.test,1.1.7,,1:571703561616:ios:777087d7f78ec12a,manual_install,tablet,Apple,iPad 5th gen,,"iPad6,11",IOS,11.4.1,,,en-gb,No,3600,,,Europe,United Kingdom,England,Bristol,,,(direct),(none),(direct),6a618b77d08300f8cb0cfb6bd619c9c9_2
20180829,1535551841017007,2018-08-29T15:10:41,button_press,1535551841010007,2018-08-29T15:10:41,,8,341812,6a618b77d08300f8cb0cfb6bd619c9c9,D0E62C2A40284F8C9468C815BEB378A1,1535549278809000,2018-08-29T14:27:58,,1220499683,IOS,,SkodaContentViewController,app,-7365834083796793830,,1,,,0,0,,presentation,,,,,,,,,1535549278809000,6a618b77d08300f8cb0cfb6bd619c9c9,uk.co.skoda.assistant.test,1.1.7,,1:571703561616:ios:777087d7f78ec12a,manual_install,tablet,Apple,iPad 5th gen,,"iPad6,11",IOS,11.4.1,,,en-gb,No,3600,,,Europe,United Kingdom,England,Bristol,,,(direct),(none),(direct),6a618b77d08300f8cb0cfb6bd619c9c9_2
20180829,1535551841364008,2018-08-29T15:10:41,button_press,1535551841017008,2018-08-29T15:10:41,,8,341812,6a618b77d08300f8cb0cfb6bd619c9c9,D0E62C2A40284F8C9468C815BEB378A1,1535549278809000,2018-08-29T14:27:58,,1220499683,IOS,,SkodaContentViewController,app,-7365834083796793830,,1,,,0,0,,globalnav_links,,,,,,,,,1535549278809000,6a618b77d08300f8cb0cfb6bd619c9c9,uk.co.skoda.assistant.test,1.1.7,,1:571703561616:ios:777087d7f78ec12a,manual_install,tablet,Apple,iPad 5th gen,,"iPad6,11",IOS,11.4.1,,,en-gb,No,3600,,,Europe,United Kingdom,England,Bristol,,,(direct),(none),(direct),6a618b77d08300f8cb0cfb6bd619c9c9_2
20180829,1535551841368009,2018-08-29T15:10:41,button_press,1535551841364009,2018-08-29T15:10:41,,8,341812,6a618b77d08300f8cb0cfb6bd619c9c9,D0E62C2A40284F8C9468C815BEB378A1,1535549278809000,2018-08-29T14:27:58,,1220499683,IOS,,SkodaContentViewController,app,-7365834083796793830,,1,,,0,0,,links,,,,,,,,,1535549278809000,6a618b77d08300f8cb0cfb6bd619c9c9,uk.co.skoda.assistant.test,1.1.7,,1:571703561616:ios:777087d7f78ec12a,manual_install,tablet,Apple,iPad 5th gen,,"iPad6,11",IOS,11.4.1,,,en-gb,No,3600,,,Europe,United Kingdom,England,Bristol,,,(direct),(none),(direct),6a618b77d08300f8cb0cfb6bd619c9c9_2
20180829,1535551842258010,2018-08-29T15:10:42,link_followed,,,,8,341812,6a618b77d08300f8cb0cfb6bd619c9c9,D0E62C2A40284F8C9468C815BEB378A1,1535549278809000,2018-08-29T14:27:58,,1220499683,IOS,,SkodaContentViewController,app,-7365834083796793830,,1,,,0,0,ŠKODA Car Configurator,,7,,,,,,,,1535549278809000,6a618b77d08300f8cb0cfb6bd619c9c9,uk.co.skoda.assistant.test,1.1.7,,1:571703561616:ios:777087d7f78ec12a,manual_install,tablet,Apple,iPad 5th gen,,"iPad6,11",IOS,11.4.1,,,en-gb,No,3600,,,Europe,United Kingdom,England,Bristol,,,(direct),(none),(direct),6a618b77d08300f8cb0cfb6bd619c9c9_2
20180829,1535551842474013,2018-08-29T15:10:42,user_engagement,1535551840427013,2018-08-29T15:10:40,,8,341812,6a618b77d08300f8cb0cfb6bd619c9c9,D0E62C2A40284F8C9468C815BEB378A1,1535549278809000,2018-08-29T14:27:58,,1220499683,IOS,,SkodaContentViewController,auto,-7365834083796793830,2047,,,,0,0,,,,,,,,,,,1535549278809000,6a618b77d08300f8cb0cfb6bd619c9c9,uk.co.skoda.assistant.test,1.1.7,,1:571703561616:ios:777087d7f78ec12a,manual_install,tablet,Apple,iPad 5th gen,,"iPad6,11",IOS,11.4.1,,,en-gb,No,3600,,,Europe,United Kingdom,England,Bristol,,,(direct),(none),(direct),6a618b77d08300f8cb0cfb6bd619c9c9_2
20180829,1535551842475011,2018-08-29T15:10:42,screen_view,1535551840786011,2018-08-29T15:10:40,,8,341812,6a618b77d08300f8cb0cfb6bd619c9c9,D0E62C2A40284F8C9468C815BEB378A1,1535549278809000,2018-08-29T14:27:58,,1220499683,IOS,,SFSafariViewController,auto,-7365834083796793824,,1,-7365834083796793830,SkodaContentViewController,0,0,,,,,,,,,,,1535549278809000,6a618b77d08300f8cb0cfb6bd619c9c9,uk.co.skoda.assistant.test,1.1.7,,1:571703561616:ios:777087d7f78ec12a,manual_install,tablet,Apple,iPad 5th gen,,"iPad6,11",IOS,11.4.1,,,en-gb,No,3600,,,Europe,United Kingdom,England,Bristol,,,(direct),(none),(direct),6a618b77d08300f8cb0cfb6bd619c9c9_2
20180829,1535551843673012,2018-08-29T15:10:43,screen_view,1535551842475012,2018-08-29T15:10:42,,8,341812,6a618b77d08300f8cb0cfb6bd619c9c9,D0E62C2A40284F8C9468C815BEB378A1,1535549278809000,2018-08-29T14:27:58,,1220499683,IOS,,SkodaContentViewController,auto,-7365834083796793830,,1,-7365834083796793824,SFSafariViewController,0,0,,,,,,,,,,,1535549278809000,6a618b77d08300f8cb0cfb6bd619c9c9,uk.co.skoda.assistant.test,1.1.7,,1:571703561616:ios:777087d7f78ec12a,manual_install,tablet,Apple,iPad 5th gen,,"iPad6,11",IOS,11.4.1,,,en-gb,No,3600,,,Europe,United Kingdom,England,Bristol,,,(direct),(none),(direct),6a618b77d08300f8cb0cfb6bd619c9c9_2
20180829,1535551843673015,2018-08-29T15:10:43,user_engagement,1535551842474015,2018-08-29T15:10:42,,8,341812,6a618b77d08300f8cb0cfb6bd619c9c9,D0E62C2A40284F8C9468C815BEB378A1,1535549278809000,2018-08-29T14:27:58,,1220499683,IOS,,SFSafariViewController,auto,-7365834083796793824,1198,,,,0,0,,,,,,,,,,,1535549278809000,6a618b77d08300f8cb0cfb6bd619c9c9,uk.co.skoda.assistant.test,1.1.7,,1:571703561616:ios:777087d7f78ec12a,manual_install,tablet,Apple,iPad 5th gen,,"iPad6,11",IOS,11.4.1,,,en-gb,No,3600,,,Europe,United Kingdom,England,Bristol,,,(direct),(none),(direct),6a618b77d08300f8cb0cfb6bd619c9c9_2
20180829,1535551845125013,2018-08-29T15:10:45,button_press,1535551841368013,2018-08-29T15:10:41,,8,341812,6a618b77d08300f8cb0cfb6bd619c9c9,D0E62C2A40284F8C9468C815BEB378A1,1535549278809000,2018-08-29T14:27:58,,1220499683,IOS,,SkodaContentViewController,app,-7365834083796793830,,1,,,0,0,,globalnav_range,,,,,,,,,1535549278809000,6a618b77d08300f8cb0cfb6bd619c9c9,uk.co.skoda.assistant.test,1.1.7,,1:571703561616:ios:777087d7f78ec12a,manual_install,tablet,Apple,iPad 5th gen,,"iPad6,11",IOS,11.4.1,,,en-gb,No,3600,,,Europe,United Kingdom,England,Bristol,,,(direct),(none),(direct),6a618b77d08300f8cb0cfb6bd619c9c9_2
20180829,1535551845220014,2018-08-29T15:10:45,button_press,1535551845125014,2018-08-29T15:10:45,,8,341812,6a618b77d08300f8cb0cfb6bd619c9c9,D0E62C2A40284F8C9468C815BEB378A1,1535549278809000,2018-08-29T14:27:58,,1220499683,IOS,,SkodaContentViewController,app,-7365834083796793830,,1,,,0,0,,range,,,,,,,,,1535549278809000,6a618b77d08300f8cb0cfb6bd619c9c9,uk.co.skoda.assistant.test,1.1.7,,1:571703561616:ios:777087d7f78ec12a,manual_install,tablet,Apple,iPad 5th gen,,"iPad6,11",IOS,11.4.1,,,en-gb,No,3600,,,Europe,United Kingdom,England,Bristol,,,(direct),(none),(direct),6a618b77d08300f8cb0cfb6bd619c9c9_2
20180829,1535551845244019,2018-08-29T15:10:45,user_engagement,1535551843673019,2018-08-29T15:10:43,,8,341812,6a618b77d08300f8cb0cfb6bd619c9c9,D0E62C2A40284F8C9468C815BEB378A1,1535549278809000,2018-08-29T14:27:58,,1220499683,IOS,,SkodaContentViewController,auto,-7365834083796793830,1571,,,,0,0,,,,,,,,,,,1535549278809000,6a618b77d08300f8cb0cfb6bd619c9c9,uk.co.skoda.assistant.test,1.1.7,,1:571703561616:ios:777087d7f78ec12a,manual_install,tablet,Apple,iPad 5th gen,,"iPad6,11",IOS,11.4.1,,,en-gb,No,3600,,,Europe,United Kingdom,England,Bristol,,,(direct),(none),(direct),6a618b77d08300f8cb0cfb6bd619c9c9_2
20180829,1535551845245015,2018-08-29T15:10:45,screen_view,1535551843673015,2018-08-29T15:10:43,,8,341812,6a618b77d08300f8cb0cfb6bd619c9c9,D0E62C2A40284F8C9468C815BEB378A1,1535549278809000,2018-08-29T14:27:58,,1220499683,IOS,,TrimViewController,auto,-7365834083796793825,,1,-7365834083796793830,SkodaContentViewController,0,0,,,,,,,,,,,1535549278809000,6a618b77d08300f8cb0cfb6bd619c9c9,uk.co.skoda.assistant.test,1.1.7,,1:571703561616:ios:777087d7f78ec12a,manual_install,tablet,Apple,iPad 5th gen,,"iPad6,11",IOS,11.4.1,,,en-gb,No,3600,,,Europe,United Kingdom,England,Bristol,,,(direct),(none),(direct),6a618b77d08300f8cb0cfb6bd619c9c9_2
20180829,1535551848240016,2018-08-29T15:10:48,screen_view,1535551845245016,2018-08-29T15:10:45,,8,341812,6a618b77d08300f8cb0cfb6bd619c9c9,D0E62C2A40284F8C9468C815BEB378A1,1535549278809000,2018-08-29T14:27:58,,1220499683,IOS,,SkodaContentViewController,auto,-7365834083796793830,,1,-7365834083796793825,TrimViewController,0,0,,,,,,,,,,,1535549278809000,6a618b77d08300f8cb0cfb6bd619c9c9,uk.co.skoda.assistant.test,1.1.7,,1:571703561616:ios:777087d7f78ec12a,manual_install,tablet,Apple,iPad 5th gen,,"iPad6,11",IOS,11.4.1,,,en-gb,No,3600,,,Europe,United Kingdom,England,Bristol,,,(direct),(none),(direct),6a618b77d08300f8cb0cfb6bd619c9c9_2
20180829,1535551848240021,2018-08-29T15:10:48,user_engagement,1535551845244021,2018-08-29T15:10:45,,8,341812,6a618b77d08300f8cb0cfb6bd619c9c9,D0E62C2A40284F8C9468C815BEB378A1,1535549278809000,2018-08-29T14:27:58,,1220499683,IOS,,TrimViewController,auto,-7365834083796793825,2995,,,,0,0,,,,,,,,,,,1535549278809000,6a618b77d08300f8cb0cfb6bd619c9c9,uk.co.skoda.assistant.test,1.1.7,,1:571703561616:ios:777087d7f78ec12a,manual_install,tablet,Apple,iPad 5th gen,,"iPad6,11",IOS,11.4.1,,,en-gb,No,3600,,,Europe,United Kingdom,England,Bristol,,,(direct),(none),(direct),6a618b77d08300f8cb0cfb6bd619c9c9_2
20180829,1535551848241017,2018-08-29T15:10:48,screen_view,1535551848240017,2018-08-29T15:10:48,,8,341812,6a618b77d08300f8cb0cfb6bd619c9c9,D0E62C2A40284F8C9468C815BEB378A1,1535549278809000,2018-08-29T14:27:58,,1220499683,IOS,,RangeContentViewController,auto,-7365834083796793829,,1,-7365834083796793830,SkodaContentViewController,0,0,,,,,,,,,,,1535549278809000,6a618b77d08300f8cb0cfb6bd619c9c9,uk.co.skoda.assistant.test,1.1.7,,1:571703561616:ios:777087d7f78ec12a,manual_install,tablet,Apple,iPad 5th gen,,"iPad6,11",IOS,11.4.1,,,en-gb,No,3600,,,Europe,United Kingdom,England,Bristol,,,(direct),(none),(direct),6a618b77d08300f8cb0cfb6bd619c9c9_2
20180829,1535551890164018,2018-08-29T15:11:30,button_press,1535551845220018,2018-08-29T15:10:45,,8,341812,6a618b77d08300f8cb0cfb6bd619c9c9,D0E62C2A40284F8C9468C815BEB378A1,1535549278809000,2018-08-29T14:27:58,,1220499683,IOS,,RangeContentViewController,app,-7365834083796793829,,1,,,0,0,,globalnav_compare,,,,,,,,,1535549278809000,6a618b77d08300f8cb0cfb6bd619c9c9,uk.co.skoda.assistant.test,1.1.7,,1:571703561616:ios:777087d7f78ec12a,manual_install,tablet,Apple,iPad 5th gen,,"iPad6,11",IOS,11.4.1,,,en-gb,No,3600,,,Europe,United Kingdom,England,Bristol,,,(direct),(none),(direct),6a618b77d08300f8cb0cfb6bd619c9c9_2
20180829,1535551890184019,2018-08-29T15:11:30,button_press,1535551890164019,2018-08-29T15:11:30,,8,341812,6a618b77d08300f8cb0cfb6bd619c9c9,D0E62C2A40284F8C9468C815BEB378A1,1535549278809000,2018-08-29T14:27:58,,1220499683,IOS,,RangeContentViewController,app,-7365834083796793829,,1,,,0,0,,compare,,,,,,,,,1535549278809000,6a618b77d08300f8cb0cfb6bd619c9c9,uk.co.skoda.assistant.test,1.1.7,,1:571703561616:ios:777087d7f78ec12a,manual_install,tablet,Apple,iPad 5th gen,,"iPad6,11",IOS,11.4.1,,,en-gb,No,3600,,,Europe,United Kingdom,England,Bristol,,,(direct),(none),(direct),6a618b77d08300f8cb0cfb6bd619c9c9_2
20180829,1535551890189020,2018-08-29T15:11:30,screen_view,1535551848241020,2018-08-29T15:10:48,,8,341812,6a618b77d08300f8cb0cfb6bd619c9c9,D0E62C2A40284F8C9468C815BEB378A1,1535549278809000,2018-08-29T14:27:58,,1220499683,IOS,,SkodaContentViewController,auto,-7365834083796793830,,1,-7365834083796793829,RangeContentViewController,0,0,,,,,,,,,,,1535549278809000,6a618b77d08300f8cb0cfb6bd619c9c9,uk.co.skoda.assistant.test,1.1.7,,1:571703561616:ios:777087d7f78ec12a,manual_install,tablet,Apple,iPad 5th gen,,"iPad6,11",IOS,11.4.1,,,en-gb,No,3600,,,Europe,United Kingdom,England,Bristol,,,(direct),(none),(direct),6a618b77d08300f8cb0cfb6bd619c9c9_2
20180829,1535551890189026,2018-08-29T15:11:30,user_engagement,1535551848240026,2018-08-29T15:10:48,,8,341812,6a618b77d08300f8cb0cfb6bd619c9c9,D0E62C2A40284F8C9468C815BEB378A1,1535549278809000,2018-08-29T14:27:58,,1220499683,IOS,,RangeContentViewController,auto,-7365834083796793829,41948,,,,0,0,,,,,,,,,,,1535549278809000,6a618b77d08300f8cb0cfb6bd619c9c9,uk.co.skoda.assistant.test,1.1.7,,1:571703561616:ios:777087d7f78ec12a,manual_install,tablet,Apple,iPad 5th gen,,"iPad6,11",IOS,11.4.1,,,en-gb,No,3600,,,Europe,United Kingdom,England,Bristol,,,(direct),(none),(direct),6a618b77d08300f8cb0cfb6bd619c9c9_2
20180829,1535551890911021,2018-08-29T15:11:30,button_press,1535551890184021,2018-08-29T15:11:30,,8,341812,6a618b77d08300f8cb0cfb6bd619c9c9,D0E62C2A40284F8C9468C815BEB378A1,1535549278809000,2018-08-29T14:27:58,,1220499683,IOS,,SkodaContentViewController,app,-7365834083796793830,,1,,,0,0,,globalnav_presentation,,,,,,,,,1535549278809000,6a618b77d08300f8cb0cfb6bd619c9c9,uk.co.skoda.assistant.test,1.1.7,,1:571703561616:ios:777087d7f78ec12a,manual_install,tablet,Apple,iPad 5th gen,,"iPad6,11",IOS,11.4.1,,,en-gb,No,3600,,,Europe,United Kingdom,England,Bristol,,,(direct),(none),(direct),6a618b77d08300f8cb0cfb6bd619c9c9_2
20180829,1535551890939022,2018-08-29T15:11:30,button_press,1535551890911022,2018-08-29T15:11:30,,8,341812,6a618b77d08300f8cb0cfb6bd619c9c9,D0E62C2A40284F8C9468C815BEB378A1,1535549278809000,2018-08-29T14:27:58,,1220499683,IOS,,SkodaContentViewController,app,-7365834083796793830,,1,,,0,0,,presentation,,,,,,,,,1535549278809000,6a618b77d08300f8cb0cfb6bd619c9c9,uk.co.skoda.assistant.test,1.1.7,,1:571703561616:ios:777087d7f78ec12a,manual_install,tablet,Apple,iPad 5th gen,,"iPad6,11",IOS,11.4.1,,,en-gb,No,3600,,,Europe,United Kingdom,England,Bristol,,,(direct),(none),(direct),6a618b77d08300f8cb0cfb6bd619c9c9_2
20180829,1535551891259023,2018-08-29T15:11:31,button_press,1535551890939023,2018-08-29T15:11:30,,8,341812,6a618b77d08300f8cb0cfb6bd619c9c9,D0E62C2A40284F8C9468C815BEB378A1,1535549278809000,2018-08-29T14:27:58,,1220499683,IOS,,SkodaContentViewController,app,-7365834083796793830,,1,,,0,0,,globalnav_links,,,,,,,,,1535549278809000,6a618b77d08300f8cb0cfb6bd619c9c9,uk.co.skoda.assistant.test,1.1.7,,1:571703561616:ios:777087d7f78ec12a,manual_install,tablet,Apple,iPad 5th gen,,"iPad6,11",IOS,11.4.1,,,en-gb,No,3600,,,Europe,United Kingdom,England,Bristol,,,(direct),(none),(direct),6a618b77d08300f8cb0cfb6bd619c9c9_2
20180829,1535551891273024,2018-08-29T15:11:31,button_press,1535551891259024,2018-08-29T15:11:31,,8,341812,6a618b77d08300f8cb0cfb6bd619c9c9,D0E62C2A40284F8C9468C815BEB378A1,1535549278809000,2018-08-29T14:27:58,,1220499683,IOS,,SkodaContentViewController,app,-7365834083796793830,,1,,,0,0,,links,,,,,,,,,1535549278809000,6a618b77d08300f8cb0cfb6bd619c9c9,uk.co.skoda.assistant.test,1.1.7,,1:571703561616:ios:777087d7f78ec12a,manual_install,tablet,Apple,iPad 5th gen,,"iPad6,11",IOS,11.4.1,,,en-gb,No,3600,,,Europe,United Kingdom,England,Bristol,,,(direct),(none),(direct),6a618b77d08300f8cb0cfb6bd619c9c9_2
20180829,1535551892711025,2018-08-29T15:11:32,button_press,1535551891273025,2018-08-29T15:11:31,,8,341812,6a618b77d08300f8cb0cfb6bd619c9c9,D0E62C2A40284F8C9468C815BEB378A1,1535549278809000,2018-08-29T14:27:58,,1220499683,IOS,,SkodaContentViewController,app,-7365834083796793830,,1,,,0,0,,globalnav_compare,,,,,,,,,1535549278809000,6a618b77d08300f8cb0cfb6bd619c9c9,uk.co.skoda.assistant.test,1.1.7,,1:571703561616:ios:777087d7f78ec12a,manual_install,tablet,Apple,iPad 5th gen,,"iPad6,11",IOS,11.4.1,,,en-gb,No,3600,,,Europe,United Kingdom,England,Bristol,,,(direct),(none),(direct),6a618b77d08300f8cb0cfb6bd619c9c9_2
20180829,1535551892727026,2018-08-29T15:11:32,button_press,1535551892711026,2018-08-29T15:11:32,,8,341812,6a618b77d08300f8cb0cfb6bd619c9c9,D0E62C2A40284F8C9468C815BEB378A1,1535549278809000,2018-08-29T14:27:58,,1220499683,IOS,,SkodaContentViewController,app,-7365834083796793830,,1,,,0,0,,compare,,,,,,,,,1535549278809000,6a618b77d08300f8cb0cfb6bd619c9c9,uk.co.skoda.assistant.test,1.1.7,,1:571703561616:ios:777087d7f78ec12a,manual_install,tablet,Apple,iPad 5th gen,,"iPad6,11",IOS,11.4.1,,,en-gb,No,3600,,,Europe,United Kingdom,England,Bristol,,,(direct),(none),(direct),6a618b77d08300f8cb0cfb6bd619c9c9_2
20180829,1535551893690027,2018-08-29T15:11:33,button_press,1535551892727027,2018-08-29T15:11:32,,8,341812,6a618b77d08300f8cb0cfb6bd619c9c9,D0E62C2A40284F8C9468C815BEB378A1,1535549278809000,2018-08-29T14:27:58,,1220499683,IOS,,SkodaContentViewController,app,-7365834083796793830,,1,,,0,0,,globalnav_range,,,,,,,,,1535549278809000,6a618b77d08300f8cb0cfb6bd619c9c9,uk.co.skoda.assistant.test,1.1.7,,1:571703561616:ios:777087d7f78ec12a,manual_install,tablet,Apple,iPad 5th gen,,"iPad6,11",IOS,11.4.1,,,en-gb,No,3600,,,Europe,United Kingdom,England,Bristol,,,(direct),(none),(direct),6a618b77d08300f8cb0cfb6bd619c9c9_2
20180829,1535551893700028,2018-08-29T15:11:33,button_press,1535551893690028,2018-08-29T15:11:33,,8,341812,6a618b77d08300f8cb0cfb6bd619c9c9,D0E62C2A40284F8C9468C815BEB378A1,1535549278809000,2018-08-29T14:27:58,,1220499683,IOS,,SkodaContentViewController,app,-7365834083796793830,,1,,,0,0,,range,,,,,,,,,1535549278809000,6a618b77d08300f8cb0cfb6bd619c9c9,uk.co.skoda.assistant.test,1.1.7,,1:571703561616:ios:777087d7f78ec12a,manual_install,tablet,Apple,iPad 5th gen,,"iPad6,11",IOS,11.4.1,,,en-gb,No,3600,,,Europe,United Kingdom,England,Bristol,,,(direct),(none),(direct),6a618b77d08300f8cb0cfb6bd619c9c9_2
20180829,1535551893710029,2018-08-29T15:11:33,screen_view,1535551890189029,2018-08-29T15:11:30,,8,341812,6a618b77d08300f8cb0cfb6bd619c9c9,D0E62C2A40284F8C9468C815BEB378A1,1535549278809000,2018-08-29T14:27:58,,1220499683,IOS,,RangeContentViewController,auto,-7365834083796793829,,1,-7365834083796793830,SkodaContentViewController,0,0,,,,,,,,,,,1535549278809000,6a618b77d08300f8cb0cfb6bd619c9c9,uk.co.skoda.assistant.test,1.1.7,,1:571703561616:ios:777087d7f78ec12a,manual_install,tablet,Apple,iPad 5th gen,,"iPad6,11",IOS,11.4.1,,,en-gb,No,3600,,,Europe,United Kingdom,England,Bristol,,,(direct),(none),(direct),6a618b77d08300f8cb0cfb6bd619c9c9_2
20180829,1535551893710036,2018-08-29T15:11:33,user_engagement,1535551890189036,2018-08-29T15:11:30,,8,341812,6a618b77d08300f8cb0cfb6bd619c9c9,D0E62C2A40284F8C9468C815BEB378A1,1535549278809000,2018-08-29T14:27:58,,1220499683,IOS,,SkodaContentViewController,auto,-7365834083796793830,3521,,,,0,0,,,,,,,,,,,1535549278809000,6a618b77d08300f8cb0cfb6bd619c9c9,uk.co.skoda.assistant.test,1.1.7,,1:571703561616:ios:777087d7f78ec12a,manual_install,tablet,Apple,iPad 5th gen,,"iPad6,11",IOS,11.4.1,,,en-gb,No,3600,,,Europe,United Kingdom,England,Bristol,,,(direct),(none),(direct),6a618b77d08300f8cb0cfb6bd619c9c9_2
20180829,1535551962030030,2018-08-29T15:12:42,button_press,1535551893700030,2018-08-29T15:11:33,,8,341812,6a618b77d08300f8cb0cfb6bd619c9c9,D0E62C2A40284F8C9468C815BEB378A1,1535549278809000,2018-08-29T14:27:58,,1220499683,IOS,,RangeContentViewController,app,-7365834083796793829,,1,,,0,0,S,range_home_trim_select,75,,,,,,,,1535549278809000,6a618b77d08300f8cb0cfb6bd619c9c9,uk.co.skoda.assistant.test,1.1.7,,1:571703561616:ios:777087d7f78ec12a,manual_install,tablet,Apple,iPad 5th gen,,"iPad6,11",IOS,11.4.1,,,en-gb,No,3600,,,Europe,United Kingdom,England,Bristol,,,(direct),(none),(direct),6a618b77d08300f8cb0cfb6bd619c9c9_2
20180829,1535551962697039,2018-08-29T15:12:42,user_engagement,1535551893710039,2018-08-29T15:11:33,,8,341812,6a618b77d08300f8cb0cfb6bd619c9c9,D0E62C2A40284F8C9468C815BEB378A1,1535549278809000,2018-08-29T14:27:58,,1220499683,IOS,,RangeContentViewController,auto,-7365834083796793829,68987,,,,0,0,,,,,,,,,,,1535549278809000,6a618b77d08300f8cb0cfb6bd619c9c9,uk.co.skoda.assistant.test,1.1.7,,1:571703561616:ios:777087d7f78ec12a,manual_install,tablet,Apple,iPad 5th gen,,"iPad6,11",IOS,11.4.1,,,en-gb,No,3600,,,Europe,United Kingdom,England,Bristol,,,(direct),(none),(direct),6a618b77d08300f8cb0cfb6bd619c9c9_2
20180829,1535551962698031,2018-08-29T15:12:42,screen_view,1535551893710031,2018-08-29T15:11:33,,8,341812,6a618b77d08300f8cb0cfb6bd619c9c9,D0E62C2A40284F8C9468C815BEB378A1,1535549278809000,2018-08-29T14:27:58,,1220499683,IOS,,SkodaContentViewController,auto,-7365834083796793830,,1,-7365834083796793829,RangeContentViewController,0,0,,,,,,,,,,,1535549278809000,6a618b77d08300f8cb0cfb6bd619c9c9,uk.co.skoda.assistant.test,1.1.7,,1:571703561616:ios:777087d7f78ec12a,manual_install,tablet,Apple,iPad 5th gen,,"iPad6,11",IOS,11.4.1,,,en-gb,No,3600,,,Europe,United Kingdom,England,Bristol,,,(direct),(none),(direct),6a618b77d08300f8cb0cfb6bd619c9c9_2
20180829,1535551962698032,2018-08-29T15:12:42,screen_view,1535551962698032,2018-08-29T15:12:42,,8,341812,6a618b77d08300f8cb0cfb6bd619c9c9,D0E62C2A40284F8C9468C815BEB378A1,1535549278809000,2018-08-29T14:27:58,,1220499683,IOS,,TrimViewController,auto,-7365834083796793823,,1,-7365834083796793830,SkodaContentViewController,0,0,,,,,,,,,,,1535549278809000,6a618b77d08300f8cb0cfb6bd619c9c9,uk.co.skoda.assistant.test,1.1.7,,1:571703561616:ios:777087d7f78ec12a,manual_install,tablet,Apple,iPad 5th gen,,"iPad6,11",IOS,11.4.1,,,en-gb,No,3600,,,Europe,United Kingdom,England,Bristol,,,(direct),(none),(direct),6a618b77d08300f8cb0cfb6bd619c9c9_2
20180829,1535552082321042,2018-08-29T15:14:42,user_engagement,1535551962697042,2018-08-29T15:12:42,,8,341812,6a618b77d08300f8cb0cfb6bd619c9c9,D0E62C2A40284F8C9468C815BEB378A1,1535549278809000,2018-08-29T14:27:58,,1220499683,IOS,,TrimViewController,auto,-7365834083796793823,119623,,,,0,0,,,,,,,,,,,1535549278809000,6a618b77d08300f8cb0cfb6bd619c9c9,uk.co.skoda.assistant.test,1.1.7,,1:571703561616:ios:777087d7f78ec12a,manual_install,tablet,Apple,iPad 5th gen,,"iPad6,11",IOS,11.4.1,,,en-gb,No,3600,,,Europe,United Kingdom,England,Bristol,,,(direct),(none),(direct),6a618b77d08300f8cb0cfb6bd619c9c9_2
20180829,1535552163520000,2018-08-29T15:16:03,button_press,1535551962030000,2018-08-29T15:12:42,,9,389370,6a618b77d08300f8cb0cfb6bd619c9c9,D0E62C2A40284F8C9468C815BEB378A1,1535549278809000,2018-08-29T14:27:58,,1220499683,IOS,,TrimViewController,app,-7365834083796793823,,1,,,0,0,1.0 MPI 60PS,trim_home_view_full_details,3198,,,,,,,,1535549278809000,6a618b77d08300f8cb0cfb6bd619c9c9,uk.co.skoda.assistant.test,1.1.7,,1:571703561616:ios:777087d7f78ec12a,manual_install,tablet,Apple,iPad 5th gen,,"iPad6,11",IOS,11.4.1,,,en-gb,No,3600,,,Europe,United Kingdom,England,Bristol,,,(direct),(none),(direct),6a618b77d08300f8cb0cfb6bd619c9c9_2
20180829,1535552164166001,2018-08-29T15:16:04,user_engagement,1535552082321001,2018-08-29T15:14:42,,9,389370,6a618b77d08300f8cb0cfb6bd619c9c9,D0E62C2A40284F8C9468C815BEB378A1,1535549278809000,2018-08-29T14:27:58,,1220499683,IOS,,TrimViewController,auto,-7365834083796793823,15485,,,,0,0,,,,,,,,,,,1535549278809000,6a618b77d08300f8cb0cfb6bd619c9c9,uk.co.skoda.assistant.test,1.1.7,,1:571703561616:ios:777087d7f78ec12a,manual_install,tablet,Apple,iPad 5th gen,,"iPad6,11",IOS,11.4.1,,,en-gb,No,3600,,,Europe,United Kingdom,England,Bristol,,,(direct),(none),(direct),6a618b77d08300f8cb0cfb6bd619c9c9_2
20180829,1535552164167001,2018-08-29T15:16:04,screen_view,1535551962698001,2018-08-29T15:12:42,,9,389370,6a618b77d08300f8cb0cfb6bd619c9c9,D0E62C2A40284F8C9468C815BEB378A1,1535549278809000,2018-08-29T14:27:58,,1220499683,IOS,,EngineDetailsViewController,auto,-7365834083796793822,,1,-7365834083796793823,TrimViewController,0,0,,,,,,,,,,,1535549278809000,6a618b77d08300f8cb0cfb6bd619c9c9,uk.co.skoda.assistant.test,1.1.7,,1:571703561616:ios:777087d7f78ec12a,manual_install,tablet,Apple,iPad 5th gen,,"iPad6,11",IOS,11.4.1,,,en-gb,No,3600,,,Europe,United Kingdom,England,Bristol,,,(direct),(none),(direct),6a618b77d08300f8cb0cfb6bd619c9c9_2
20180829,1535552250449003,2018-08-29T15:17:30,user_engagement,1535552164166003,2018-08-29T15:16:04,,9,389370,6a618b77d08300f8cb0cfb6bd619c9c9,D0E62C2A40284F8C9468C815BEB378A1,1535549278809000,2018-08-29T14:27:58,,1220499683,IOS,,EngineDetailsViewController,auto,-7365834083796793822,86282,,,,0,0,,,,,,,,,,,1535549278809000,6a618b77d08300f8cb0cfb6bd619c9c9,uk.co.skoda.assistant.test,1.1.7,,1:571703561616:ios:777087d7f78ec12a,manual_install,tablet,Apple,iPad 5th gen,,"iPad6,11",IOS,11.4.1,,,en-gb,No,3600,,,Europe,United Kingdom,England,Bristol,,,(direct),(none),(direct),6a618b77d08300f8cb0cfb6bd619c9c9_2
20180829,1535552250450002,2018-08-29T15:17:30,screen_view,1535552164167002,2018-08-29T15:16:04,,9,389370,6a618b77d08300f8cb0cfb6bd619c9c9,D0E62C2A40284F8C9468C815BEB378A1,1535549278809000,2018-08-29T14:27:58,,1220499683,IOS,,SkodaContentViewController,auto,-7365834083796793830,,1,-7365834083796793822,EngineDetailsViewController,0,0,,,,,,,,,,,1535549278809000,6a618b77d08300f8cb0cfb6bd619c9c9,uk.co.skoda.assistant.test,1.1.7,,1:571703561616:ios:777087d7f78ec12a,manual_install,tablet,Apple,iPad 5th gen,,"iPad6,11",IOS,11.4.1,,,en-gb,No,3600,,,Europe,United Kingdom,England,Bristol,,,(direct),(none),(direct),6a618b77d08300f8cb0cfb6bd619c9c9_2
20180829,1535552250452003,2018-08-29T15:17:30,screen_view,1535552250450003,2018-08-29T15:17:30,,9,389370,6a618b77d08300f8cb0cfb6bd619c9c9,D0E62C2A40284F8C9468C815BEB378A1,1535549278809000,2018-08-29T14:27:58,,1220499683,IOS,,TrimViewController,auto,-7365834083796793823,,1,-7365834083796793830,SkodaContentViewController,0,0,,,,,,,,,,,1535549278809000,6a618b77d08300f8cb0cfb6bd619c9c9,uk.co.skoda.assistant.test,1.1.7,,1:571703561616:ios:777087d7f78ec12a,manual_install,tablet,Apple,iPad 5th gen,,"iPad6,11",IOS,11.4.1,,,en-gb,No,3600,,,Europe,United Kingdom,England,Bristol,,,(direct),(none),(direct),6a618b77d08300f8cb0cfb6bd619c9c9_2
20180829,1535552370202006,2018-08-29T15:19:30,user_engagement,1535552250449006,2018-08-29T15:17:30,,9,389370,6a618b77d08300f8cb0cfb6bd619c9c9,D0E62C2A40284F8C9468C815BEB378A1,1535549278809000,2018-08-29T14:27:58,,1220499683,IOS,,TrimViewController,auto,-7365834083796793823,119753,,,,0,0,,,,,,,,,,,1535549278809000,6a618b77d08300f8cb0cfb6bd619c9c9,uk.co.skoda.assistant.test,1.1.7,,1:571703561616:ios:777087d7f78ec12a,manual_install,tablet,Apple,iPad 5th gen,,"iPad6,11",IOS,11.4.1,,,en-gb,No,3600,,,Europe,United Kingdom,England,Bristol,,,(direct),(none),(direct),6a618b77d08300f8cb0cfb6bd619c9c9_2
20180829,1535552939265000,2018-08-29T15:28:59,user_engagement,1535552370202000,2018-08-29T15:19:30,,10,45833,6a618b77d08300f8cb0cfb6bd619c9c9,D0E62C2A40284F8C9468C815BEB378A1,1535549278809000,2018-08-29T14:27:58,,1220499683,IOS,,TrimViewController,auto,-7365834083796793823,140698,,,,0,0,,,,,,,,,,,1535549278809000,6a618b77d08300f8cb0cfb6bd619c9c9,uk.co.skoda.assistant.test,1.1.7,,1:571703561616:ios:777087d7f78ec12a,manual_install,tablet,Apple,iPad 5th gen,,"iPad6,11",IOS,11.4.1,,,en-gb,No,3600,,,Europe,United Kingdom,England,Bristol,,,(direct),(none),(direct),6a618b77d08300f8cb0cfb6bd619c9c9_2
20180829,1535553652172000,2018-08-29T15:40:52,user_engagement,1535552939265000,2018-08-29T15:28:59,,11,65108,6a618b77d08300f8cb0cfb6bd619c9c9,D0E62C2A40284F8C9468C815BEB378A1,1535549278809000,2018-08-29T14:27:58,,1220499683,IOS,,TrimViewController,auto,-7365834083796793823,91087,,,,0,0,,,,,,,,,,,1535549278809000,6a618b77d08300f8cb0cfb6bd619c9c9,uk.co.skoda.assistant.test,1.1.7,,1:571703561616:ios:777087d7f78ec12a,manual_install,tablet,Apple,iPad 5th gen,,"iPad6,11",IOS,11.4.1,,,en-gb,No,3600,,,Europe,United Kingdom,England,Bristol,,,(direct),(none),(direct),6a618b77d08300f8cb0cfb6bd619c9c9_2
20180829,1535553652173000,2018-08-29T15:40:52,screen_view,1535552250452000,2018-08-29T15:17:30,,11,65108,6a618b77d08300f8cb0cfb6bd619c9c9,D0E62C2A40284F8C9468C815BEB378A1,1535549278809000,2018-08-29T14:27:58,,1220499683,IOS,,SkodaContentViewController,auto,-7365834083796793830,,1,-7365834083796793823,TrimViewController,0,0,,,,,,,,,,,1535549278809000,6a618b77d08300f8cb0cfb6bd619c9c9,uk.co.skoda.assistant.test,1.1.7,,1:571703561616:ios:777087d7f78ec12a,manual_install,tablet,Apple,iPad 5th gen,,"iPad6,11",IOS,11.4.1,,,en-gb,No,3600,,,Europe,United Kingdom,England,Bristol,,,(direct),(none),(direct),6a618b77d08300f8cb0cfb6bd619c9c9_2
20180829,1535553652173001,2018-08-29T15:40:52,screen_view,1535553652173001,2018-08-29T15:40:52,,11,65108,6a618b77d08300f8cb0cfb6bd619c9c9,D0E62C2A40284F8C9468C815BEB378A1,1535549278809000,2018-08-29T14:27:58,,1220499683,IOS,,RangeContentViewController,auto,-7365834083796793829,,1,-7365834083796793830,SkodaContentViewController,0,0,,,,,,,,,,,1535549278809000,6a618b77d08300f8cb0cfb6bd619c9c9,uk.co.skoda.assistant.test,1.1.7,,1:571703561616:ios:777087d7f78ec12a,manual_install,tablet,Apple,iPad 5th gen,,"iPad6,11",IOS,11.4.1,,,en-gb,No,3600,,,Europe,United Kingdom,England,Bristol,,,(direct),(none),(direct),6a618b77d08300f8cb0cfb6bd619c9c9_2
20180829,1535553771985003,2018-08-29T15:42:51,user_engagement,1535553652172003,2018-08-29T15:40:52,,11,65108,6a618b77d08300f8cb0cfb6bd619c9c9,D0E62C2A40284F8C9468C815BEB378A1,1535549278809000,2018-08-29T14:27:58,,1220499683,IOS,,RangeContentViewController,auto,-7365834083796793829,119813,,,,0,0,,,,,,,,,,,1535549278809000,6a618b77d08300f8cb0cfb6bd619c9c9,uk.co.skoda.assistant.test,1.1.7,,1:571703561616:ios:777087d7f78ec12a,manual_install,tablet,Apple,iPad 5th gen,,"iPad6,11",IOS,11.4.1,,,en-gb,No,3600,,,Europe,United Kingdom,England,Bristol,,,(direct),(none),(direct),6a618b77d08300f8cb0cfb6bd619c9c9_2
20180829,1535557492294000,2018-08-29T16:44:52,button_press,1535552163520000,2018-08-29T15:16:03,,12,77989,6a618b77d08300f8cb0cfb6bd619c9c9,D0E62C2A40284F8C9468C815BEB378A1,1535549278809000,2018-08-29T14:27:58,,1220499683,IOS,,RangeContentViewController,app,-7365834083796793829,,1,,,0,0,SE Technology,range_home_trim_select,43,,,,,,,,1535549278809000,6a618b77d08300f8cb0cfb6bd619c9c9,uk.co.skoda.assistant.test,1.1.7,,1:571703561616:ios:777087d7f78ec12a,manual_install,tablet,Apple,iPad 5th gen,,"iPad6,11",IOS,11.4.1,,,en-gb,No,3600,,,Europe,United Kingdom,England,Bristol,,,(direct),(none),(direct),6a618b77d08300f8cb0cfb6bd619c9c9_2
20180829,1535557493049001,2018-08-29T16:44:53,screen_view,1535553652173001,2018-08-29T15:40:52,,12,77989,6a618b77d08300f8cb0cfb6bd619c9c9,D0E62C2A40284F8C9468C815BEB378A1,1535549278809000,2018-08-29T14:27:58,,1220499683,IOS,,SkodaContentViewController,auto,-7365834083796793830,,1,-7365834083796793829,RangeContentViewController,0,0,,,,,,,,,,,1535549278809000,6a618b77d08300f8cb0cfb6bd619c9c9,uk.co.skoda.assistant.test,1.1.7,,1:571703561616:ios:777087d7f78ec12a,manual_install,tablet,Apple,iPad 5th gen,,"iPad6,11",IOS,11.4.1,,,en-gb,No,3600,,,Europe,United Kingdom,England,Bristol,,,(direct),(none),(direct),6a618b77d08300f8cb0cfb6bd619c9c9_2
20180829,1535557493049001,2018-08-29T16:44:53,user_engagement,1535553771985001,2018-08-29T15:42:51,,12,77989,6a618b77d08300f8cb0cfb6bd619c9c9,D0E62C2A40284F8C9468C815BEB378A1,1535549278809000,2018-08-29T14:27:58,,1220499683,IOS,,RangeContentViewController,auto,-7365834083796793829,4976,,,,0,0,,,,,,,,,,,1535549278809000,6a618b77d08300f8cb0cfb6bd619c9c9,uk.co.skoda.assistant.test,1.1.7,,1:571703561616:ios:777087d7f78ec12a,manual_install,tablet,Apple,iPad 5th gen,,"iPad6,11",IOS,11.4.1,,,en-gb,No,3600,,,Europe,United Kingdom,England,Bristol,,,(direct),(none),(direct),6a618b77d08300f8cb0cfb6bd619c9c9_2
20180829,1535557493050002,2018-08-29T16:44:53,screen_view,1535557493049002,2018-08-29T16:44:53,,12,77989,6a618b77d08300f8cb0cfb6bd619c9c9,D0E62C2A40284F8C9468C815BEB378A1,1535549278809000,2018-08-29T14:27:58,,1220499683,IOS,,TrimViewController,auto,-7365834083796793821,,1,-7365834083796793830,SkodaContentViewController,0,0,,,,,,,,,,,1535549278809000,6a618b77d08300f8cb0cfb6bd619c9c9,uk.co.skoda.assistant.test,1.1.7,,1:571703561616:ios:777087d7f78ec12a,manual_install,tablet,Apple,iPad 5th gen,,"iPad6,11",IOS,11.4.1,,,en-gb,No,3600,,,Europe,United Kingdom,England,Bristol,,,(direct),(none),(direct),6a618b77d08300f8cb0cfb6bd619c9c9_2
20180829,1535557498073003,2018-08-29T16:44:58,session_start,1535549290745003,2018-08-29T14:28:10,,12,77989,6a618b77d08300f8cb0cfb6bd619c9c9,D0E62C2A40284F8C9468C815BEB378A1,1535549278809000,2018-08-29T14:27:58,,1220499683,IOS,,TrimViewController,auto,-7365834083796793821,,1,,,0,0,,,,,,,,,,,1535549278809000,6a618b77d08300f8cb0cfb6bd619c9c9,uk.co.skoda.assistant.test,1.1.7,,1:571703561616:ios:777087d7f78ec12a,manual_install,tablet,Apple,iPad 5th gen,,"iPad6,11",IOS,11.4.1,,,en-gb,No,3600,,,Europe,United Kingdom,England,Bristol,,,(direct),(none),(direct),6a618b77d08300f8cb0cfb6bd619c9c9_2
20180829,1535557613061000,2018-08-29T16:46:53,user_engagement,1535557493049000,2018-08-29T16:44:53,,13,81112,6a618b77d08300f8cb0cfb6bd619c9c9,D0E62C2A40284F8C9468C815BEB378A1,1535549278809000,2018-08-29T14:27:58,,1220499683,IOS,,TrimViewController,auto,-7365834083796793821,120012,,,,0,0,,,,,,,,,,,1535549278809000,6a618b77d08300f8cb0cfb6bd619c9c9,uk.co.skoda.assistant.test,1.1.7,,1:571703561616:ios:777087d7f78ec12a,manual_install,tablet,Apple,iPad 5th gen,,"iPad6,11",IOS,11.4.1,,,en-gb,No,3600,,,Europe,United Kingdom,England,Bristol,,,(direct),(none),(direct),6a618b77d08300f8cb0cfb6bd619c9c9_2
20180829,1535557972838001,2018-08-29T16:52:52,user_engagement,1535557613061001,2018-08-29T16:46:53,,13,81112,6a618b77d08300f8cb0cfb6bd619c9c9,D0E62C2A40284F8C9468C815BEB378A1,1535549278809000,2018-08-29T14:27:58,,1220499683,IOS,,TrimViewController,auto,-7365834083796793821,120311,,,,0,0,,,,,,,,,,,1535549278809000,6a618b77d08300f8cb0cfb6bd619c9c9,uk.co.skoda.assistant.test,1.1.7,,1:571703561616:ios:777087d7f78ec12a,manual_install,tablet,Apple,iPad 5th gen,,"iPad6,11",IOS,11.4.1,,,en-gb,No,3600,,,Europe,United Kingdom,England,Bristol,,,(direct),(none),(direct),6a618b77d08300f8cb0cfb6bd619c9c9_2
20180829,1535558715932000,2018-08-29T17:05:15,user_engagement,1535557972838000,2018-08-29T16:52:52,,14,1131579,6a618b77d08300f8cb0cfb6bd619c9c9,D0E62C2A40284F8C9468C815BEB378A1,1535549278809000,2018-08-29T14:27:58,,1220499683,IOS,,TrimViewController,auto,-7365834083796793821,1554,,,,0,0,,,,,,,,,,,1535549278809000,6a618b77d08300f8cb0cfb6bd619c9c9,uk.co.skoda.assistant.test,1.1.7,,1:571703561616:ios:777087d7f78ec12a,manual_install,tablet,Apple,iPad 5th gen,,"iPad6,11",IOS,11.4.1,,,en-gb,No,3600,,,Europe,United Kingdom,England,Bristol,,,(direct),(none),(direct),6a618b77d08300f8cb0cfb6bd619c9c9_2
