event_date,event_timestamp,event_iso8601,event_name,event_previous_timestamp,event_previous_iso8601,event_value_in_usd,event_bundle_sequence_id,event_server_timestamp_offset,user_id,user_pseudo_id,user_first_touch_timestamp,user_first_touch_iso8601,user_ltv,stream_id,platform,event_dimensions,firebase_screen_class,firebase_event_origin,firebase_screen_id,engagement_time_msec,firebase_conversion,firebase_previous_id,firebase_previous_class,user_retailer,user_area,AnalyticsParameterTerm,button_name,AnalyticsParameterItemID,engine,Compared_vehicle_1,Compared_vehicle_2,update_with_analytics,previous_first_open_count,previous_app_version,Compared_vehicle_3,first_open_time,user_id,id,version,install_store,firebase_app_id,install_source,category,mobile_brand_name,mobile_model_name,mobile_marketing_name,mobile_os_hardware_model,operating_system,operating_system_version,vendor_id,advertising_id,language,is_limited_ad_tracking,time_zone_offset_seconds,browser,browser,continent,country,region,city,sub_continent,metro,name,medium,source,user_session_generated_id
20180829,1535542754118001,2018-08-29T12:39:14,AnalyticsEventLogin,1535542539005001,2018-08-29T12:35:39,,33,57363,ba946113c0e08d7a4a1358ea0077a98e,B82ADB697C2140B59BADCDEEB8509769,1535019703852000,2018-08-23T11:21:43,,1220499683,IOS,,SplashViewController,app,8610847210683230280,,1,,,0,0,ba946113c0e08d7a4a1358ea0077a98e,,,,,,,,,,1535019703852000,ba946113c0e08d7a4a1358ea0077a98e,uk.co.skoda.assistant.test,1.1.7,,1:571703561616:ios:777087d7f78ec12a,manual_install,tablet,Apple,iPad Air 2,,"iPad5,4",IOS,11.4.1,,,en-gb,No,3600,,,Europe,United Kingdom,England,London,,,(direct),(none),(direct),ba946113c0e08d7a4a1358ea0077a98e_5
20180829,1535542754675002,2018-08-29T12:39:14,screen_view,1535542754086002,2018-08-29T12:39:14,,33,57363,ba946113c0e08d7a4a1358ea0077a98e,B82ADB697C2140B59BADCDEEB8509769,1535019703852000,2018-08-23T11:21:43,,1220499683,IOS,,ContentLoaderViewController,auto,8610847210683230282,,1,8610847210683230280,SplashViewController,0,0,,,,,,,,,,,1535019703852000,ba946113c0e08d7a4a1358ea0077a98e,uk.co.skoda.assistant.test,1.1.7,,1:571703561616:ios:777087d7f78ec12a,manual_install,tablet,Apple,iPad Air 2,,"iPad5,4",IOS,11.4.1,,,en-gb,No,3600,,,Europe,United Kingdom,England,London,,,(direct),(none),(direct),ba946113c0e08d7a4a1358ea0077a98e_5
20180829,1535542770526000,2018-08-29T12:39:30,screen_view,1535542754675000,2018-08-29T12:39:14,,34,57364,ba946113c0e08d7a4a1358ea0077a98e,B82ADB697C2140B59BADCDEEB8509769,1535019703852000,2018-08-23T11:21:43,,1220499683,IOS,,SplashViewController,auto,8417064327492935145,,1,,,0,0,,,,,,,,,,,1535019703852000,ba946113c0e08d7a4a1358ea0077a98e,uk.co.skoda.assistant.test,1.1.7,,1:571703561616:ios:777087d7f78ec12a,manual_install,tablet,Apple,iPad Air 2,,"iPad5,4",IOS,11.4.1,,,en-gb,No,3600,,,Europe,United Kingdom,England,London,,,(direct),(none),(direct),ba946113c0e08d7a4a1358ea0077a98e_5
20180829,1535542770737001,2018-08-29T12:39:30,screen_view,1535542770526001,2018-08-29T12:39:30,,34,57364,ba946113c0e08d7a4a1358ea0077a98e,B82ADB697C2140B59BADCDEEB8509769,1535019703852000,2018-08-23T11:21:43,,1220499683,IOS,,LoginViewController,auto,8417064327492935146,,1,8417064327492935145,SplashViewController,0,0,,,,,,,,,,,1535019703852000,ba946113c0e08d7a4a1358ea0077a98e,uk.co.skoda.assistant.test,1.1.7,,1:571703561616:ios:777087d7f78ec12a,manual_install,tablet,Apple,iPad Air 2,,"iPad5,4",IOS,11.4.1,,,en-gb,No,3600,,,Europe,United Kingdom,England,London,,,(direct),(none),(direct),ba946113c0e08d7a4a1358ea0077a98e_5
20180829,1535542781573002,2018-08-29T12:39:41,user_engagement,1535542754086002,2018-08-29T12:39:14,,34,57364,ba946113c0e08d7a4a1358ea0077a98e,B82ADB697C2140B59BADCDEEB8509769,1535019703852000,2018-08-23T11:21:43,,1220499683,IOS,,LoginViewController,auto,8417064327492935146,10992,,,,0,0,,,,,,,,,,,1535019703852000,ba946113c0e08d7a4a1358ea0077a98e,uk.co.skoda.assistant.test,1.1.7,,1:571703561616:ios:777087d7f78ec12a,manual_install,tablet,Apple,iPad Air 2,,"iPad5,4",IOS,11.4.1,,,en-gb,No,3600,,,Europe,United Kingdom,England,London,,,(direct),(none),(direct),ba946113c0e08d7a4a1358ea0077a98e_5
20180829,1535542786554000,2018-08-29T12:39:46,user_engagement,1535542781573000,2018-08-29T12:39:41,,35,237610,ba946113c0e08d7a4a1358ea0077a98e,B82ADB697C2140B59BADCDEEB8509769,1535019703852000,2018-08-23T11:21:43,,1220499683,IOS,,LoginViewController,auto,8417064327492935146,3809,,,,0,0,,,,,,,,,,,1535019703852000,ba946113c0e08d7a4a1358ea0077a98e,uk.co.skoda.assistant.test,1.1.7,,1:571703561616:ios:777087d7f78ec12a,manual_install,tablet,Apple,iPad Air 2,,"iPad5,4",IOS,11.4.1,,,en-gb,No,3600,,,Europe,United Kingdom,England,London,,,(direct),(none),(direct),ba946113c0e08d7a4a1358ea0077a98e_5
20180829,1535542786555000,2018-08-29T12:39:46,screen_view,1535542770737000,2018-08-29T12:39:30,,35,237610,ba946113c0e08d7a4a1358ea0077a98e,B82ADB697C2140B59BADCDEEB8509769,1535019703852000,2018-08-23T11:21:43,,1220499683,IOS,,SplashViewController,auto,8417064327492935145,,1,8417064327492935146,LoginViewController,0,0,,,,,,,,,,,1535019703852000,ba946113c0e08d7a4a1358ea0077a98e,uk.co.skoda.assistant.test,1.1.7,,1:571703561616:ios:777087d7f78ec12a,manual_install,tablet,Apple,iPad Air 2,,"iPad5,4",IOS,11.4.1,,,en-gb,No,3600,,,Europe,United Kingdom,England,London,,,(direct),(none),(direct),ba946113c0e08d7a4a1358ea0077a98e_5
