event_date,event_timestamp,event_iso8601,event_name,event_previous_timestamp,event_previous_iso8601,event_value_in_usd,event_bundle_sequence_id,event_server_timestamp_offset,user_id,user_pseudo_id,user_first_touch_timestamp,user_first_touch_iso8601,user_ltv,stream_id,platform,event_dimensions,firebase_screen_class,firebase_event_origin,firebase_screen_id,engagement_time_msec,firebase_conversion,firebase_previous_id,firebase_previous_class,user_retailer,user_area,AnalyticsParameterTerm,button_name,AnalyticsParameterItemID,engine,Compared_vehicle_1,Compared_vehicle_2,update_with_analytics,previous_first_open_count,previous_app_version,Compared_vehicle_3,first_open_time,user_id,id,version,install_store,firebase_app_id,install_source,category,mobile_brand_name,mobile_model_name,mobile_marketing_name,mobile_os_hardware_model,operating_system,operating_system_version,vendor_id,advertising_id,language,is_limited_ad_tracking,time_zone_offset_seconds,browser,browser,continent,country,region,city,sub_continent,metro,name,medium,source,user_session_generated_id
20180829,1535547099907001,2018-08-29T13:51:39,AnalyticsEventLogin,1535546854548001,2018-08-29T13:47:34,,7,100824,ba946113c0e08d7a4a1358ea0077a98e,DC006A2B90D34FBF94E0CC3C42B52538,1535546745206000,2018-08-29T13:45:45,,1220499683,IOS,,SplashViewController,app,4466858389555777243,,1,,,0,0,ba946113c0e08d7a4a1358ea0077a98e,,,,,,,,,,1535546745206000,ba946113c0e08d7a4a1358ea0077a98e,uk.co.skoda.assistant.test,1.1.7,,1:571703561616:ios:777087d7f78ec12a,manual_install,tablet,Apple,iPad Air 2,,"iPad5,4",IOS,11.4.1,,,en-gb,No,3600,,,Europe,United Kingdom,England,London,,,(direct),(none),(direct),ba946113c0e08d7a4a1358ea0077a98e_7
20180829,1535547100460002,2018-08-29T13:51:40,screen_view,1535547099872002,2018-08-29T13:51:39,,7,100824,ba946113c0e08d7a4a1358ea0077a98e,DC006A2B90D34FBF94E0CC3C42B52538,1535546745206000,2018-08-29T13:45:45,,1220499683,IOS,,ContentLoaderViewController,auto,4466858389555777245,,1,4466858389555777243,SplashViewController,0,0,,,,,,,,,,,1535546745206000,ba946113c0e08d7a4a1358ea0077a98e,uk.co.skoda.assistant.test,1.1.7,,1:571703561616:ios:777087d7f78ec12a,manual_install,tablet,Apple,iPad Air 2,,"iPad5,4",IOS,11.4.1,,,en-gb,No,3600,,,Europe,United Kingdom,England,London,,,(direct),(none),(direct),ba946113c0e08d7a4a1358ea0077a98e_7
20180829,1535547170881004,2018-08-29T13:52:50,user_engagement,1535547099871004,2018-08-29T13:51:39,,7,100824,ba946113c0e08d7a4a1358ea0077a98e,DC006A2B90D34FBF94E0CC3C42B52538,1535546745206000,2018-08-29T13:45:45,,1220499683,IOS,,ContentLoaderViewController,auto,4466858389555777245,71010,,,,0,0,,,,,,,,,,,1535546745206000,ba946113c0e08d7a4a1358ea0077a98e,uk.co.skoda.assistant.test,1.1.7,,1:571703561616:ios:777087d7f78ec12a,manual_install,tablet,Apple,iPad Air 2,,"iPad5,4",IOS,11.4.1,,,en-gb,No,3600,,,Europe,United Kingdom,England,London,,,(direct),(none),(direct),ba946113c0e08d7a4a1358ea0077a98e_7
20180829,1535547170882003,2018-08-29T13:52:50,screen_view,1535547100460003,2018-08-29T13:51:40,,7,100824,ba946113c0e08d7a4a1358ea0077a98e,DC006A2B90D34FBF94E0CC3C42B52538,1535546745206000,2018-08-29T13:45:45,,1220499683,IOS,,SplashViewController,auto,4466858389555777243,,1,4466858389555777245,ContentLoaderViewController,0,0,,,,,,,,,,,1535546745206000,ba946113c0e08d7a4a1358ea0077a98e,uk.co.skoda.assistant.test,1.1.7,,1:571703561616:ios:777087d7f78ec12a,manual_install,tablet,Apple,iPad Air 2,,"iPad5,4",IOS,11.4.1,,,en-gb,No,3600,,,Europe,United Kingdom,England,London,,,(direct),(none),(direct),ba946113c0e08d7a4a1358ea0077a98e_7
20180829,1535547171935000,2018-08-29T13:52:51,button_press,1535547033565000,2018-08-29T13:50:33,,8,100825,ba946113c0e08d7a4a1358ea0077a98e,DC006A2B90D34FBF94E0CC3C42B52538,1535546745206000,2018-08-29T13:45:45,,1220499683,IOS,,SplashViewController,app,4466858389555777243,,1,,,0,0,,globalnav_range,,,,,,,,,1535546745206000,ba946113c0e08d7a4a1358ea0077a98e,uk.co.skoda.assistant.test,1.1.7,,1:571703561616:ios:777087d7f78ec12a,manual_install,tablet,Apple,iPad Air 2,,"iPad5,4",IOS,11.4.1,,,en-gb,No,3600,,,Europe,United Kingdom,England,London,,,(direct),(none),(direct),ba946113c0e08d7a4a1358ea0077a98e_7
20180829,1535547171936001,2018-08-29T13:52:51,button_press,1535547171935001,2018-08-29T13:52:51,,8,100825,ba946113c0e08d7a4a1358ea0077a98e,DC006A2B90D34FBF94E0CC3C42B52538,1535546745206000,2018-08-29T13:45:45,,1220499683,IOS,,SplashViewController,app,4466858389555777243,,1,,,0,0,,range,,,,,,,,,1535546745206000,ba946113c0e08d7a4a1358ea0077a98e,uk.co.skoda.assistant.test,1.1.7,,1:571703561616:ios:777087d7f78ec12a,manual_install,tablet,Apple,iPad Air 2,,"iPad5,4",IOS,11.4.1,,,en-gb,No,3600,,,Europe,United Kingdom,England,London,,,(direct),(none),(direct),ba946113c0e08d7a4a1358ea0077a98e_7
20180829,1535547172941002,2018-08-29T13:52:52,user_engagement,1535547170881002,2018-08-29T13:52:50,,8,100825,ba946113c0e08d7a4a1358ea0077a98e,DC006A2B90D34FBF94E0CC3C42B52538,1535546745206000,2018-08-29T13:45:45,,1220499683,IOS,,SplashViewController,auto,4466858389555777243,2059,,,,0,0,,,,,,,,,,,1535546745206000,ba946113c0e08d7a4a1358ea0077a98e,uk.co.skoda.assistant.test,1.1.7,,1:571703561616:ios:777087d7f78ec12a,manual_install,tablet,Apple,iPad Air 2,,"iPad5,4",IOS,11.4.1,,,en-gb,No,3600,,,Europe,United Kingdom,England,London,,,(direct),(none),(direct),ba946113c0e08d7a4a1358ea0077a98e_7
20180829,1535547172942002,2018-08-29T13:52:52,screen_view,1535547170882002,2018-08-29T13:52:50,,8,100825,ba946113c0e08d7a4a1358ea0077a98e,DC006A2B90D34FBF94E0CC3C42B52538,1535546745206000,2018-08-29T13:45:45,,1220499683,IOS,,SkodaContentViewController,auto,4466858389555777246,,1,4466858389555777243,SplashViewController,0,0,,,,,,,,,,,1535546745206000,ba946113c0e08d7a4a1358ea0077a98e,uk.co.skoda.assistant.test,1.1.7,,1:571703561616:ios:777087d7f78ec12a,manual_install,tablet,Apple,iPad Air 2,,"iPad5,4",IOS,11.4.1,,,en-gb,No,3600,,,Europe,United Kingdom,England,London,,,(direct),(none),(direct),ba946113c0e08d7a4a1358ea0077a98e_7
20180829,1535547172945003,2018-08-29T13:52:52,screen_view,1535547172942003,2018-08-29T13:52:52,,8,100825,ba946113c0e08d7a4a1358ea0077a98e,DC006A2B90D34FBF94E0CC3C42B52538,1535546745206000,2018-08-29T13:45:45,,1220499683,IOS,,RangeContentViewController,auto,4466858389555777247,,1,4466858389555777246,SkodaContentViewController,0,0,,,,,,,,,,,1535546745206000,ba946113c0e08d7a4a1358ea0077a98e,uk.co.skoda.assistant.test,1.1.7,,1:571703561616:ios:777087d7f78ec12a,manual_install,tablet,Apple,iPad Air 2,,"iPad5,4",IOS,11.4.1,,,en-gb,No,3600,,,Europe,United Kingdom,England,London,,,(direct),(none),(direct),ba946113c0e08d7a4a1358ea0077a98e_7
20180829,1535547666989000,2018-08-29T14:01:06,button_press,1535547171936000,2018-08-29T13:52:51,,9,100826,ba946113c0e08d7a4a1358ea0077a98e,DC006A2B90D34FBF94E0CC3C42B52538,1535546745206000,2018-08-29T13:45:45,,1220499683,IOS,,RangeContentViewController,app,4466858389555777247,,1,,,0,0,S,range_home_trim_select,75,,,,,,,,1535546745206000,ba946113c0e08d7a4a1358ea0077a98e,uk.co.skoda.assistant.test,1.1.7,,1:571703561616:ios:777087d7f78ec12a,manual_install,tablet,Apple,iPad Air 2,,"iPad5,4",IOS,11.4.1,,,en-gb,No,3600,,,Europe,United Kingdom,England,London,,,(direct),(none),(direct),ba946113c0e08d7a4a1358ea0077a98e_7
20180829,1535547667740001,2018-08-29T14:01:07,screen_view,1535547172945001,2018-08-29T13:52:52,,9,100826,ba946113c0e08d7a4a1358ea0077a98e,DC006A2B90D34FBF94E0CC3C42B52538,1535546745206000,2018-08-29T13:45:45,,1220499683,IOS,,TrimViewController,auto,4466858389555777248,,1,4466858389555777247,RangeContentViewController,0,0,,,,,,,,,,,1535546745206000,ba946113c0e08d7a4a1358ea0077a98e,uk.co.skoda.assistant.test,1.1.7,,1:571703561616:ios:777087d7f78ec12a,manual_install,tablet,Apple,iPad Air 2,,"iPad5,4",IOS,11.4.1,,,en-gb,No,3600,,,Europe,United Kingdom,England,London,,,(direct),(none),(direct),ba946113c0e08d7a4a1358ea0077a98e_7
20180829,1535547667740001,2018-08-29T14:01:07,user_engagement,1535547172941001,2018-08-29T13:52:52,,9,100826,ba946113c0e08d7a4a1358ea0077a98e,DC006A2B90D34FBF94E0CC3C42B52538,1535546745206000,2018-08-29T13:45:45,,1220499683,IOS,,RangeContentViewController,auto,4466858389555777247,494798,,,,0,0,,,,,,,,,,,1535546745206000,ba946113c0e08d7a4a1358ea0077a98e,uk.co.skoda.assistant.test,1.1.7,,1:571703561616:ios:777087d7f78ec12a,manual_install,tablet,Apple,iPad Air 2,,"iPad5,4",IOS,11.4.1,,,en-gb,No,3600,,,Europe,United Kingdom,England,London,,,(direct),(none),(direct),ba946113c0e08d7a4a1358ea0077a98e_7
20180829,1535547676786002,2018-08-29T14:01:16,button_press,1535547666989002,2018-08-29T14:01:06,,9,100826,ba946113c0e08d7a4a1358ea0077a98e,DC006A2B90D34FBF94E0CC3C42B52538,1535546745206000,2018-08-29T13:45:45,,1220499683,IOS,,TrimViewController,app,4466858389555777248,,1,,,0,0,,trim_home_trim_dropdown_select,,,,,,,,,1535546745206000,ba946113c0e08d7a4a1358ea0077a98e,uk.co.skoda.assistant.test,1.1.7,,1:571703561616:ios:777087d7f78ec12a,manual_install,tablet,Apple,iPad Air 2,,"iPad5,4",IOS,11.4.1,,,en-gb,No,3600,,,Europe,United Kingdom,England,London,,,(direct),(none),(direct),ba946113c0e08d7a4a1358ea0077a98e_7
20180829,1535547677447003,2018-08-29T14:01:17,button_press,1535547676786003,2018-08-29T14:01:16,,9,100826,ba946113c0e08d7a4a1358ea0077a98e,DC006A2B90D34FBF94E0CC3C42B52538,1535546745206000,2018-08-29T13:45:45,,1220499683,IOS,,TrimViewController,app,4466858389555777248,,1,,,0,0,SE,trim_home_trim_select_from_dropdown,76,,,,,,,,1535546745206000,ba946113c0e08d7a4a1358ea0077a98e,uk.co.skoda.assistant.test,1.1.7,,1:571703561616:ios:777087d7f78ec12a,manual_install,tablet,Apple,iPad Air 2,,"iPad5,4",IOS,11.4.1,,,en-gb,No,3600,,,Europe,United Kingdom,England,London,,,(direct),(none),(direct),ba946113c0e08d7a4a1358ea0077a98e_7
20180829,1535547679710004,2018-08-29T14:01:19,button_press,1535547677447004,2018-08-29T14:01:17,,9,100826,ba946113c0e08d7a4a1358ea0077a98e,DC006A2B90D34FBF94E0CC3C42B52538,1535546745206000,2018-08-29T13:45:45,,1220499683,IOS,,TrimViewController,app,4466858389555777248,,1,,,0,0,,trim_home_trim_dropdown_select,,,,,,,,,1535546745206000,ba946113c0e08d7a4a1358ea0077a98e,uk.co.skoda.assistant.test,1.1.7,,1:571703561616:ios:777087d7f78ec12a,manual_install,tablet,Apple,iPad Air 2,,"iPad5,4",IOS,11.4.1,,,en-gb,No,3600,,,Europe,United Kingdom,England,London,,,(direct),(none),(direct),ba946113c0e08d7a4a1358ea0077a98e_7
20180829,1535547680188005,2018-08-29T14:01:20,button_press,1535547679710005,2018-08-29T14:01:19,,9,100826,ba946113c0e08d7a4a1358ea0077a98e,DC006A2B90D34FBF94E0CC3C42B52538,1535546745206000,2018-08-29T13:45:45,,1220499683,IOS,,TrimViewController,app,4466858389555777248,,1,,,0,0,S,trim_home_trim_select_from_dropdown,75,,,,,,,,1535546745206000,ba946113c0e08d7a4a1358ea0077a98e,uk.co.skoda.assistant.test,1.1.7,,1:571703561616:ios:777087d7f78ec12a,manual_install,tablet,Apple,iPad Air 2,,"iPad5,4",IOS,11.4.1,,,en-gb,No,3600,,,Europe,United Kingdom,England,London,,,(direct),(none),(direct),ba946113c0e08d7a4a1358ea0077a98e_7
20180829,1535547728624000,2018-08-29T14:02:08,screen_view,1535547667740000,2018-08-29T14:01:07,,10,100827,ba946113c0e08d7a4a1358ea0077a98e,DC006A2B90D34FBF94E0CC3C42B52538,1535546745206000,2018-08-29T13:45:45,,1220499683,IOS,,SplashViewController,auto,-2568797053873353533,,1,,,0,0,,,,,,,,,,,1535546745206000,ba946113c0e08d7a4a1358ea0077a98e,uk.co.skoda.assistant.test,1.1.7,,1:571703561616:ios:777087d7f78ec12a,manual_install,tablet,Apple,iPad Air 2,,"iPad5,4",IOS,11.4.1,,,en-gb,No,3600,,,Europe,United Kingdom,England,London,,,(direct),(none),(direct),ba946113c0e08d7a4a1358ea0077a98e_7
20180829,1535547728822001,2018-08-29T14:02:08,screen_view,1535547728624001,2018-08-29T14:02:08,,10,100827,ba946113c0e08d7a4a1358ea0077a98e,DC006A2B90D34FBF94E0CC3C42B52538,1535546745206000,2018-08-29T13:45:45,,1220499683,IOS,,LoginViewController,auto,-2568797053873353532,,1,-2568797053873353533,SplashViewController,0,0,,,,,,,,,,,1535546745206000,ba946113c0e08d7a4a1358ea0077a98e,uk.co.skoda.assistant.test,1.1.7,,1:571703561616:ios:777087d7f78ec12a,manual_install,tablet,Apple,iPad Air 2,,"iPad5,4",IOS,11.4.1,,,en-gb,No,3600,,,Europe,United Kingdom,England,London,,,(direct),(none),(direct),ba946113c0e08d7a4a1358ea0077a98e_7
20180829,1535547745370002,2018-08-29T14:02:25,user_engagement,1535547667740002,2018-08-29T14:01:07,,10,100827,ba946113c0e08d7a4a1358ea0077a98e,DC006A2B90D34FBF94E0CC3C42B52538,1535546745206000,2018-08-29T13:45:45,,1220499683,IOS,,LoginViewController,auto,-2568797053873353532,16714,,,,0,0,,,,,,,,,,,1535546745206000,ba946113c0e08d7a4a1358ea0077a98e,uk.co.skoda.assistant.test,1.1.7,,1:571703561616:ios:777087d7f78ec12a,manual_install,tablet,Apple,iPad Air 2,,"iPad5,4",IOS,11.4.1,,,en-gb,No,3600,,,Europe,United Kingdom,England,London,,,(direct),(none),(direct),ba946113c0e08d7a4a1358ea0077a98e_7
20180829,1535547749559000,2018-08-29T14:02:29,user_engagement,1535547745370000,2018-08-29T14:02:25,,11,67563,ba946113c0e08d7a4a1358ea0077a98e,DC006A2B90D34FBF94E0CC3C42B52538,1535546745206000,2018-08-29T13:45:45,,1220499683,IOS,,LoginViewController,auto,-2568797053873353532,2870,,,,0,0,,,,,,,,,,,1535546745206000,ba946113c0e08d7a4a1358ea0077a98e,uk.co.skoda.assistant.test,1.1.7,,1:571703561616:ios:777087d7f78ec12a,manual_install,tablet,Apple,iPad Air 2,,"iPad5,4",IOS,11.4.1,,,en-gb,No,3600,,,Europe,United Kingdom,England,London,,,(direct),(none),(direct),ba946113c0e08d7a4a1358ea0077a98e_7
20180829,1535547749560000,2018-08-29T14:02:29,screen_view,1535547728822000,2018-08-29T14:02:08,,11,67563,ba946113c0e08d7a4a1358ea0077a98e,DC006A2B90D34FBF94E0CC3C42B52538,1535546745206000,2018-08-29T13:45:45,,1220499683,IOS,,SplashViewController,auto,-2568797053873353533,,1,-2568797053873353532,LoginViewController,0,0,,,,,,,,,,,1535546745206000,ba946113c0e08d7a4a1358ea0077a98e,uk.co.skoda.assistant.test,1.1.7,,1:571703561616:ios:777087d7f78ec12a,manual_install,tablet,Apple,iPad Air 2,,"iPad5,4",IOS,11.4.1,,,en-gb,No,3600,,,Europe,United Kingdom,England,London,,,(direct),(none),(direct),ba946113c0e08d7a4a1358ea0077a98e_7
