event_date,event_timestamp,event_iso8601,event_name,event_previous_timestamp,event_previous_iso8601,event_value_in_usd,event_bundle_sequence_id,event_server_timestamp_offset,user_id,user_pseudo_id,user_first_touch_timestamp,user_first_touch_iso8601,user_ltv,stream_id,platform,event_dimensions,firebase_screen_class,firebase_event_origin,firebase_screen_id,engagement_time_msec,firebase_conversion,firebase_previous_id,firebase_previous_class,user_retailer,user_area,AnalyticsParameterTerm,button_name,AnalyticsParameterItemID,engine,Compared_vehicle_1,Compared_vehicle_2,update_with_analytics,previous_first_open_count,previous_app_version,Compared_vehicle_3,first_open_time,user_id,id,version,install_store,firebase_app_id,install_source,category,mobile_brand_name,mobile_model_name,mobile_marketing_name,mobile_os_hardware_model,operating_system,operating_system_version,vendor_id,advertising_id,language,is_limited_ad_tracking,time_zone_offset_seconds,browser,browser,continent,country,region,city,sub_continent,metro,name,medium,source,user_session_generated_id
20180829,1535537788683000,2018-08-29T11:16:28,screen_view,1535441538340000,2018-08-28T08:32:18,,110,276448,5923b6e92cddb92053bd283b9bcb6730,CF72BE0F3C0C46338C1F4580FD621EF6,1533816862477000,2018-08-09T13:14:22,,1220499683,IOS,,SplashViewController,auto,5370564723095293801,,1,,,28060,4,,,,,,,,,,,1533816862477000,5923b6e92cddb92053bd283b9bcb6730,uk.co.skoda.assistant.ios,1.1.6,,1:571703561616:ios:777087d7f78ec12a,manual_install,tablet,Apple,iPad,,"iPad7,6",IOS,11.4.1,,,en-gb,No,3600,,,Europe,United Kingdom,England,Nottingham,,,(direct),(none),(direct),5923b6e92cddb92053bd283b9bcb6730_0
20180829,1535537788925001,2018-08-29T11:16:28,screen_view,1535537788683001,2018-08-29T11:16:28,,110,276448,5923b6e92cddb92053bd283b9bcb6730,CF72BE0F3C0C46338C1F4580FD621EF6,1533816862477000,2018-08-09T13:14:22,,1220499683,IOS,,LoginViewController,auto,5370564723095293802,,1,5370564723095293801,SplashViewController,28060,4,,,,,,,,,,,1533816862477000,5923b6e92cddb92053bd283b9bcb6730,uk.co.skoda.assistant.ios,1.1.6,,1:571703561616:ios:777087d7f78ec12a,manual_install,tablet,Apple,iPad,,"iPad7,6",IOS,11.4.1,,,en-gb,No,3600,,,Europe,United Kingdom,England,Nottingham,,,(direct),(none),(direct),5923b6e92cddb92053bd283b9bcb6730_0
20180829,1535537794274002,2018-08-29T11:16:34,user_engagement,1535441553553002,2018-08-28T08:32:33,,110,276448,5923b6e92cddb92053bd283b9bcb6730,CF72BE0F3C0C46338C1F4580FD621EF6,1533816862477000,2018-08-09T13:14:22,,1220499683,IOS,,LoginViewController,auto,5370564723095293802,5562,,,,28060,4,,,,,,,,,,,1533816862477000,5923b6e92cddb92053bd283b9bcb6730,uk.co.skoda.assistant.ios,1.1.6,,1:571703561616:ios:777087d7f78ec12a,manual_install,tablet,Apple,iPad,,"iPad7,6",IOS,11.4.1,,,en-gb,No,3600,,,Europe,United Kingdom,England,Nottingham,,,(direct),(none),(direct),5923b6e92cddb92053bd283b9bcb6730_0
20180829,1535537800812000,2018-08-29T11:16:40,screen_view,1535537788925000,2018-08-29T11:16:28,,111,390143,5923b6e92cddb92053bd283b9bcb6730,CF72BE0F3C0C46338C1F4580FD621EF6,1533816862477000,2018-08-09T13:14:22,,1220499683,IOS,,SplashViewController,auto,5370564723095293801,,1,5370564723095293802,LoginViewController,28060,4,,,,,,,,,,,1533816862477000,5923b6e92cddb92053bd283b9bcb6730,uk.co.skoda.assistant.ios,1.1.6,,1:571703561616:ios:777087d7f78ec12a,manual_install,tablet,Apple,iPad,,"iPad7,6",IOS,11.4.1,,,en-gb,No,3600,,,Europe,United Kingdom,England,Nottingham,,,(direct),(none),(direct),5923b6e92cddb92053bd283b9bcb6730_0
20180829,1535537800812000,2018-08-29T11:16:40,user_engagement,1535537794274000,2018-08-29T11:16:34,,111,390143,5923b6e92cddb92053bd283b9bcb6730,CF72BE0F3C0C46338C1F4580FD621EF6,1533816862477000,2018-08-09T13:14:22,,1220499683,IOS,,LoginViewController,auto,5370564723095293802,4025,,,,28060,4,,,,,,,,,,,1533816862477000,5923b6e92cddb92053bd283b9bcb6730,uk.co.skoda.assistant.ios,1.1.6,,1:571703561616:ios:777087d7f78ec12a,manual_install,tablet,Apple,iPad,,"iPad7,6",IOS,11.4.1,,,en-gb,No,3600,,,Europe,United Kingdom,England,Nottingham,,,(direct),(none),(direct),5923b6e92cddb92053bd283b9bcb6730_0
