event_date,event_timestamp,event_iso8601,event_name,event_previous_timestamp,event_previous_iso8601,event_value_in_usd,event_bundle_sequence_id,event_server_timestamp_offset,user_id,user_pseudo_id,user_first_touch_timestamp,user_first_touch_iso8601,user_ltv,stream_id,platform,event_dimensions,firebase_screen_class,firebase_event_origin,firebase_screen_id,engagement_time_msec,firebase_conversion,firebase_previous_id,firebase_previous_class,user_retailer,user_area,AnalyticsParameterTerm,button_name,AnalyticsParameterItemID,engine,Compared_vehicle_1,Compared_vehicle_2,update_with_analytics,previous_first_open_count,previous_app_version,Compared_vehicle_3,first_open_time,user_id,id,version,install_store,firebase_app_id,install_source,category,mobile_brand_name,mobile_model_name,mobile_marketing_name,mobile_os_hardware_model,operating_system,operating_system_version,vendor_id,advertising_id,language,is_limited_ad_tracking,time_zone_offset_seconds,browser,browser,continent,country,region,city,sub_continent,metro,name,medium,source,user_session_generated_id
20180829,1535537252322003,2018-08-29T11:07:32,AnalyticsEventLogin,1535533625634003,2018-08-29T10:07:05,,16,70236,27a773ed5ce9ed04a0580b749b5dda9c,12E6C1DFE1EC4F3FBD4EEE00D2C79EEB,1535286409676000,2018-08-26T13:26:49,,1220499683,IOS,,SplashViewController,app,91144493130371399,,1,,,25049,8,27a773ed5ce9ed04a0580b749b5dda9c,,,,,,,,,,1535286409676000,27a773ed5ce9ed04a0580b749b5dda9c,uk.co.skoda.assistant.ios,1.1.6,,1:571703561616:ios:777087d7f78ec12a,manual_install,tablet,Apple,iPad 5th gen,,"iPad6,11",IOS,11.4,,,en-gb,No,3600,,,Europe,United Kingdom,England,Birmingham,,,(direct),(none),(direct),27a773ed5ce9ed04a0580b749b5dda9c_1
20180829,1535537252466000,2018-08-29T11:07:32,button_press,1535537171176000,2018-08-29T11:06:11,,17,70237,27a773ed5ce9ed04a0580b749b5dda9c,12E6C1DFE1EC4F3FBD4EEE00D2C79EEB,1535286409676000,2018-08-26T13:26:49,,1220499683,IOS,,SplashViewController,app,91144493130371399,,1,,,25049,8,,globalnav_range,,,,,,,,,1535286409676000,27a773ed5ce9ed04a0580b749b5dda9c,uk.co.skoda.assistant.ios,1.1.6,,1:571703561616:ios:777087d7f78ec12a,manual_install,tablet,Apple,iPad 5th gen,,"iPad6,11",IOS,11.4,,,en-gb,No,3600,,,Europe,United Kingdom,England,Birmingham,,,(direct),(none),(direct),27a773ed5ce9ed04a0580b749b5dda9c_1
20180829,1535537252466001,2018-08-29T11:07:32,button_press,1535537252466001,2018-08-29T11:07:32,,17,70237,27a773ed5ce9ed04a0580b749b5dda9c,12E6C1DFE1EC4F3FBD4EEE00D2C79EEB,1535286409676000,2018-08-26T13:26:49,,1220499683,IOS,,SplashViewController,app,91144493130371399,,1,,,25049,8,,range,,,,,,,,,1535286409676000,27a773ed5ce9ed04a0580b749b5dda9c,uk.co.skoda.assistant.ios,1.1.6,,1:571703561616:ios:777087d7f78ec12a,manual_install,tablet,Apple,iPad 5th gen,,"iPad6,11",IOS,11.4,,,en-gb,No,3600,,,Europe,United Kingdom,England,Birmingham,,,(direct),(none),(direct),27a773ed5ce9ed04a0580b749b5dda9c_1
20180829,1535537253358002,2018-08-29T11:07:33,user_engagement,1535537252285002,2018-08-29T11:07:32,,17,70237,27a773ed5ce9ed04a0580b749b5dda9c,12E6C1DFE1EC4F3FBD4EEE00D2C79EEB,1535286409676000,2018-08-26T13:26:49,,1220499683,IOS,,SplashViewController,auto,91144493130371399,1073,,,,25049,8,,,,,,,,,,,1535286409676000,27a773ed5ce9ed04a0580b749b5dda9c,uk.co.skoda.assistant.ios,1.1.6,,1:571703561616:ios:777087d7f78ec12a,manual_install,tablet,Apple,iPad 5th gen,,"iPad6,11",IOS,11.4,,,en-gb,No,3600,,,Europe,United Kingdom,England,Birmingham,,,(direct),(none),(direct),27a773ed5ce9ed04a0580b749b5dda9c_1
20180829,1535537253359002,2018-08-29T11:07:33,screen_view,1535537252286002,2018-08-29T11:07:32,,17,70237,27a773ed5ce9ed04a0580b749b5dda9c,12E6C1DFE1EC4F3FBD4EEE00D2C79EEB,1535286409676000,2018-08-26T13:26:49,,1220499683,IOS,,SkodaContentViewController,auto,91144493130371401,,1,91144493130371399,SplashViewController,25049,8,,,,,,,,,,,1535286409676000,27a773ed5ce9ed04a0580b749b5dda9c,uk.co.skoda.assistant.ios,1.1.6,,1:571703561616:ios:777087d7f78ec12a,manual_install,tablet,Apple,iPad 5th gen,,"iPad6,11",IOS,11.4,,,en-gb,No,3600,,,Europe,United Kingdom,England,Birmingham,,,(direct),(none),(direct),27a773ed5ce9ed04a0580b749b5dda9c_1
20180829,1535537253360003,2018-08-29T11:07:33,screen_view,1535537253359003,2018-08-29T11:07:33,,17,70237,27a773ed5ce9ed04a0580b749b5dda9c,12E6C1DFE1EC4F3FBD4EEE00D2C79EEB,1535286409676000,2018-08-26T13:26:49,,1220499683,IOS,,RangeContentViewController,auto,91144493130371402,,1,91144493130371401,SkodaContentViewController,25049,8,,,,,,,,,,,1535286409676000,27a773ed5ce9ed04a0580b749b5dda9c,uk.co.skoda.assistant.ios,1.1.6,,1:571703561616:ios:777087d7f78ec12a,manual_install,tablet,Apple,iPad 5th gen,,"iPad6,11",IOS,11.4,,,en-gb,No,3600,,,Europe,United Kingdom,England,Birmingham,,,(direct),(none),(direct),27a773ed5ce9ed04a0580b749b5dda9c_1
20180829,1535537260546004,2018-08-29T11:07:40,button_press,1535537252466004,2018-08-29T11:07:32,,17,70237,27a773ed5ce9ed04a0580b749b5dda9c,12E6C1DFE1EC4F3FBD4EEE00D2C79EEB,1535286409676000,2018-08-26T13:26:49,,1220499683,IOS,,RangeContentViewController,app,91144493130371402,,1,,,25049,8,,globalnav_compare,,,,,,,,,1535286409676000,27a773ed5ce9ed04a0580b749b5dda9c,uk.co.skoda.assistant.ios,1.1.6,,1:571703561616:ios:777087d7f78ec12a,manual_install,tablet,Apple,iPad 5th gen,,"iPad6,11",IOS,11.4,,,en-gb,No,3600,,,Europe,United Kingdom,England,Birmingham,,,(direct),(none),(direct),27a773ed5ce9ed04a0580b749b5dda9c_1
20180829,1535537260566005,2018-08-29T11:07:40,button_press,1535537260546005,2018-08-29T11:07:40,,17,70237,27a773ed5ce9ed04a0580b749b5dda9c,12E6C1DFE1EC4F3FBD4EEE00D2C79EEB,1535286409676000,2018-08-26T13:26:49,,1220499683,IOS,,RangeContentViewController,app,91144493130371402,,1,,,25049,8,,compare,,,,,,,,,1535286409676000,27a773ed5ce9ed04a0580b749b5dda9c,uk.co.skoda.assistant.ios,1.1.6,,1:571703561616:ios:777087d7f78ec12a,manual_install,tablet,Apple,iPad 5th gen,,"iPad6,11",IOS,11.4,,,en-gb,No,3600,,,Europe,United Kingdom,England,Birmingham,,,(direct),(none),(direct),27a773ed5ce9ed04a0580b749b5dda9c_1
20180829,1535537260733007,2018-08-29T11:07:40,user_engagement,1535537253358007,2018-08-29T11:07:33,,17,70237,27a773ed5ce9ed04a0580b749b5dda9c,12E6C1DFE1EC4F3FBD4EEE00D2C79EEB,1535286409676000,2018-08-26T13:26:49,,1220499683,IOS,,RangeContentViewController,auto,91144493130371402,7374,,,,25049,8,,,,,,,,,,,1535286409676000,27a773ed5ce9ed04a0580b749b5dda9c,uk.co.skoda.assistant.ios,1.1.6,,1:571703561616:ios:777087d7f78ec12a,manual_install,tablet,Apple,iPad 5th gen,,"iPad6,11",IOS,11.4,,,en-gb,No,3600,,,Europe,United Kingdom,England,Birmingham,,,(direct),(none),(direct),27a773ed5ce9ed04a0580b749b5dda9c_1
20180829,1535537260734006,2018-08-29T11:07:40,screen_view,1535537253360006,2018-08-29T11:07:33,,17,70237,27a773ed5ce9ed04a0580b749b5dda9c,12E6C1DFE1EC4F3FBD4EEE00D2C79EEB,1535286409676000,2018-08-26T13:26:49,,1220499683,IOS,,SkodaContentViewController,auto,91144493130371401,,1,91144493130371402,RangeContentViewController,25049,8,,,,,,,,,,,1535286409676000,27a773ed5ce9ed04a0580b749b5dda9c,uk.co.skoda.assistant.ios,1.1.6,,1:571703561616:ios:777087d7f78ec12a,manual_install,tablet,Apple,iPad 5th gen,,"iPad6,11",IOS,11.4,,,en-gb,No,3600,,,Europe,United Kingdom,England,Birmingham,,,(direct),(none),(direct),27a773ed5ce9ed04a0580b749b5dda9c_1
20180829,1535537261793007,2018-08-29T11:07:41,button_press,1535537260566007,2018-08-29T11:07:40,,17,70237,27a773ed5ce9ed04a0580b749b5dda9c,12E6C1DFE1EC4F3FBD4EEE00D2C79EEB,1535286409676000,2018-08-26T13:26:49,,1220499683,IOS,,SkodaContentViewController,app,91144493130371401,,1,,,25049,8,,globalnav_range,,,,,,,,,1535286409676000,27a773ed5ce9ed04a0580b749b5dda9c,uk.co.skoda.assistant.ios,1.1.6,,1:571703561616:ios:777087d7f78ec12a,manual_install,tablet,Apple,iPad 5th gen,,"iPad6,11",IOS,11.4,,,en-gb,No,3600,,,Europe,United Kingdom,England,Birmingham,,,(direct),(none),(direct),27a773ed5ce9ed04a0580b749b5dda9c_1
20180829,1535537261815008,2018-08-29T11:07:41,button_press,1535537261793008,2018-08-29T11:07:41,,17,70237,27a773ed5ce9ed04a0580b749b5dda9c,12E6C1DFE1EC4F3FBD4EEE00D2C79EEB,1535286409676000,2018-08-26T13:26:49,,1220499683,IOS,,SkodaContentViewController,app,91144493130371401,,1,,,25049,8,,range,,,,,,,,,1535286409676000,27a773ed5ce9ed04a0580b749b5dda9c,uk.co.skoda.assistant.ios,1.1.6,,1:571703561616:ios:777087d7f78ec12a,manual_install,tablet,Apple,iPad 5th gen,,"iPad6,11",IOS,11.4,,,en-gb,No,3600,,,Europe,United Kingdom,England,Birmingham,,,(direct),(none),(direct),27a773ed5ce9ed04a0580b749b5dda9c_1
20180829,1535537261827009,2018-08-29T11:07:41,screen_view,1535537260734009,2018-08-29T11:07:40,,17,70237,27a773ed5ce9ed04a0580b749b5dda9c,12E6C1DFE1EC4F3FBD4EEE00D2C79EEB,1535286409676000,2018-08-26T13:26:49,,1220499683,IOS,,RangeContentViewController,auto,91144493130371402,,1,91144493130371401,SkodaContentViewController,25049,8,,,,,,,,,,,1535286409676000,27a773ed5ce9ed04a0580b749b5dda9c,uk.co.skoda.assistant.ios,1.1.6,,1:571703561616:ios:777087d7f78ec12a,manual_install,tablet,Apple,iPad 5th gen,,"iPad6,11",IOS,11.4,,,en-gb,No,3600,,,Europe,United Kingdom,England,Birmingham,,,(direct),(none),(direct),27a773ed5ce9ed04a0580b749b5dda9c_1
20180829,1535537261827011,2018-08-29T11:07:41,user_engagement,1535537260733011,2018-08-29T11:07:40,,17,70237,27a773ed5ce9ed04a0580b749b5dda9c,12E6C1DFE1EC4F3FBD4EEE00D2C79EEB,1535286409676000,2018-08-26T13:26:49,,1220499683,IOS,,SkodaContentViewController,auto,91144493130371401,1093,,,,25049,8,,,,,,,,,,,1535286409676000,27a773ed5ce9ed04a0580b749b5dda9c,uk.co.skoda.assistant.ios,1.1.6,,1:571703561616:ios:777087d7f78ec12a,manual_install,tablet,Apple,iPad 5th gen,,"iPad6,11",IOS,11.4,,,en-gb,No,3600,,,Europe,United Kingdom,England,Birmingham,,,(direct),(none),(direct),27a773ed5ce9ed04a0580b749b5dda9c_1
20180829,1535537392121013,2018-08-29T11:09:52,user_engagement,1535537261827013,2018-08-29T11:07:41,,17,70237,27a773ed5ce9ed04a0580b749b5dda9c,12E6C1DFE1EC4F3FBD4EEE00D2C79EEB,1535286409676000,2018-08-26T13:26:49,,1220499683,IOS,,RangeContentViewController,auto,91144493130371402,130294,,,,25049,8,,,,,,,,,,,1535286409676000,27a773ed5ce9ed04a0580b749b5dda9c,uk.co.skoda.assistant.ios,1.1.6,,1:571703561616:ios:777087d7f78ec12a,manual_install,tablet,Apple,iPad 5th gen,,"iPad6,11",IOS,11.4,,,en-gb,No,3600,,,Europe,United Kingdom,England,Birmingham,,,(direct),(none),(direct),27a773ed5ce9ed04a0580b749b5dda9c_1
20180829,1535544325997000,2018-08-29T13:05:25,user_engagement,1535537392121000,2018-08-29T11:09:52,,18,52465,27a773ed5ce9ed04a0580b749b5dda9c,12E6C1DFE1EC4F3FBD4EEE00D2C79EEB,1535286409676000,2018-08-26T13:26:49,,1220499683,IOS,,RangeContentViewController,auto,91144493130371402,562,,,,25049,8,,,,,,,,,,,1535286409676000,27a773ed5ce9ed04a0580b749b5dda9c,uk.co.skoda.assistant.ios,1.1.6,,1:571703561616:ios:777087d7f78ec12a,manual_install,tablet,Apple,iPad 5th gen,,"iPad6,11",IOS,11.4,,,en-gb,No,3600,,,Europe,United Kingdom,England,Birmingham,,,(direct),(none),(direct),27a773ed5ce9ed04a0580b749b5dda9c_1
20180829,1535547778020000,2018-08-29T14:02:58,button_press,1535537261815000,2018-08-29T11:07:41,,19,52466,27a773ed5ce9ed04a0580b749b5dda9c,12E6C1DFE1EC4F3FBD4EEE00D2C79EEB,1535286409676000,2018-08-26T13:26:49,,1220499683,IOS,,RangeContentViewController,app,91144493130371402,,1,,,25049,8,,globalnav_compare,,,,,,,,,1535286409676000,27a773ed5ce9ed04a0580b749b5dda9c,uk.co.skoda.assistant.ios,1.1.6,,1:571703561616:ios:777087d7f78ec12a,manual_install,tablet,Apple,iPad 5th gen,,"iPad6,11",IOS,11.4,,,en-gb,No,3600,,,Europe,United Kingdom,England,Birmingham,,,(direct),(none),(direct),27a773ed5ce9ed04a0580b749b5dda9c_1
20180829,1535547778052001,2018-08-29T14:02:58,button_press,1535547778020001,2018-08-29T14:02:58,,19,52466,27a773ed5ce9ed04a0580b749b5dda9c,12E6C1DFE1EC4F3FBD4EEE00D2C79EEB,1535286409676000,2018-08-26T13:26:49,,1220499683,IOS,,RangeContentViewController,app,91144493130371402,,1,,,25049,8,,compare,,,,,,,,,1535286409676000,27a773ed5ce9ed04a0580b749b5dda9c,uk.co.skoda.assistant.ios,1.1.6,,1:571703561616:ios:777087d7f78ec12a,manual_install,tablet,Apple,iPad 5th gen,,"iPad6,11",IOS,11.4,,,en-gb,No,3600,,,Europe,United Kingdom,England,Birmingham,,,(direct),(none),(direct),27a773ed5ce9ed04a0580b749b5dda9c_1
20180829,1535547778068002,2018-08-29T14:02:58,user_engagement,1535544325997002,2018-08-29T13:05:25,,19,52466,27a773ed5ce9ed04a0580b749b5dda9c,12E6C1DFE1EC4F3FBD4EEE00D2C79EEB,1535286409676000,2018-08-26T13:26:49,,1220499683,IOS,,RangeContentViewController,auto,91144493130371402,1202,,,,25049,8,,,,,,,,,,,1535286409676000,27a773ed5ce9ed04a0580b749b5dda9c,uk.co.skoda.assistant.ios,1.1.6,,1:571703561616:ios:777087d7f78ec12a,manual_install,tablet,Apple,iPad 5th gen,,"iPad6,11",IOS,11.4,,,en-gb,No,3600,,,Europe,United Kingdom,England,Birmingham,,,(direct),(none),(direct),27a773ed5ce9ed04a0580b749b5dda9c_1
20180829,1535547778069002,2018-08-29T14:02:58,screen_view,1535537261827002,2018-08-29T11:07:41,,19,52466,27a773ed5ce9ed04a0580b749b5dda9c,12E6C1DFE1EC4F3FBD4EEE00D2C79EEB,1535286409676000,2018-08-26T13:26:49,,1220499683,IOS,,SkodaContentViewController,auto,91144493130371401,,1,91144493130371402,RangeContentViewController,25049,8,,,,,,,,,,,1535286409676000,27a773ed5ce9ed04a0580b749b5dda9c,uk.co.skoda.assistant.ios,1.1.6,,1:571703561616:ios:777087d7f78ec12a,manual_install,tablet,Apple,iPad 5th gen,,"iPad6,11",IOS,11.4,,,en-gb,No,3600,,,Europe,United Kingdom,England,Birmingham,,,(direct),(none),(direct),27a773ed5ce9ed04a0580b749b5dda9c_1
20180829,1535547786867003,2018-08-29T14:03:06,session_start,1535533586315003,2018-08-29T10:06:26,,19,52466,27a773ed5ce9ed04a0580b749b5dda9c,12E6C1DFE1EC4F3FBD4EEE00D2C79EEB,1535286409676000,2018-08-26T13:26:49,,1220499683,IOS,,SkodaContentViewController,auto,91144493130371401,,1,,,25049,8,,,,,,,,,,,1535286409676000,27a773ed5ce9ed04a0580b749b5dda9c,uk.co.skoda.assistant.ios,1.1.6,,1:571703561616:ios:777087d7f78ec12a,manual_install,tablet,Apple,iPad 5th gen,,"iPad6,11",IOS,11.4,,,en-gb,No,3600,,,Europe,United Kingdom,England,Birmingham,,,(direct),(none),(direct),27a773ed5ce9ed04a0580b749b5dda9c_1
20180829,1535547825395004,2018-08-29T14:03:45,button_press,1535547778052004,2018-08-29T14:02:58,,19,52466,27a773ed5ce9ed04a0580b749b5dda9c,12E6C1DFE1EC4F3FBD4EEE00D2C79EEB,1535286409676000,2018-08-26T13:26:49,,1220499683,IOS,,SkodaContentViewController,app,91144493130371401,,1,,,25049,8,,compare_models,,,,,,,,,1535286409676000,27a773ed5ce9ed04a0580b749b5dda9c,uk.co.skoda.assistant.ios,1.1.6,,1:571703561616:ios:777087d7f78ec12a,manual_install,tablet,Apple,iPad 5th gen,,"iPad6,11",IOS,11.4,,,en-gb,No,3600,,,Europe,United Kingdom,England,Birmingham,,,(direct),(none),(direct),27a773ed5ce9ed04a0580b749b5dda9c_1
20180829,1535547825971006,2018-08-29T14:03:45,user_engagement,1535547778068006,2018-08-29T14:02:58,,19,52466,27a773ed5ce9ed04a0580b749b5dda9c,12E6C1DFE1EC4F3FBD4EEE00D2C79EEB,1535286409676000,2018-08-26T13:26:49,,1220499683,IOS,,SkodaContentViewController,auto,91144493130371401,47903,,,,25049,8,,,,,,,,,,,1535286409676000,27a773ed5ce9ed04a0580b749b5dda9c,uk.co.skoda.assistant.ios,1.1.6,,1:571703561616:ios:777087d7f78ec12a,manual_install,tablet,Apple,iPad 5th gen,,"iPad6,11",IOS,11.4,,,en-gb,No,3600,,,Europe,United Kingdom,England,Birmingham,,,(direct),(none),(direct),27a773ed5ce9ed04a0580b749b5dda9c_1
20180829,1535547825972005,2018-08-29T14:03:45,screen_view,1535547778069005,2018-08-29T14:02:58,,19,52466,27a773ed5ce9ed04a0580b749b5dda9c,12E6C1DFE1EC4F3FBD4EEE00D2C79EEB,1535286409676000,2018-08-26T13:26:49,,1220499683,IOS,,ComparisonResultViewController,auto,91144493130371403,,1,91144493130371401,SkodaContentViewController,25049,8,,,,,,,,,,,1535286409676000,27a773ed5ce9ed04a0580b749b5dda9c,uk.co.skoda.assistant.ios,1.1.6,,1:571703561616:ios:777087d7f78ec12a,manual_install,tablet,Apple,iPad 5th gen,,"iPad6,11",IOS,11.4,,,en-gb,No,3600,,,Europe,United Kingdom,England,Birmingham,,,(direct),(none),(direct),27a773ed5ce9ed04a0580b749b5dda9c_1
20180829,1535547826721008,2018-08-29T14:03:46,AnalyticsEventComparison,1535535073617008,2018-08-29T10:31:13,,19,52466,27a773ed5ce9ed04a0580b749b5dda9c,12E6C1DFE1EC4F3FBD4EEE00D2C79EEB,1535286409676000,2018-08-26T13:26:49,,1220499683,IOS,,ComparisonResultViewController,app,91144493130371403,,,,,25049,8,,,,,225329,229855,,,,,1535286409676000,27a773ed5ce9ed04a0580b749b5dda9c,uk.co.skoda.assistant.ios,1.1.6,,1:571703561616:ios:777087d7f78ec12a,manual_install,tablet,Apple,iPad 5th gen,,"iPad6,11",IOS,11.4,,,en-gb,No,3600,,,Europe,United Kingdom,England,Birmingham,,,(direct),(none),(direct),27a773ed5ce9ed04a0580b749b5dda9c_1
20180829,1535547878865006,2018-08-29T14:04:38,button_press,1535547825395006,2018-08-29T14:03:45,,19,52466,27a773ed5ce9ed04a0580b749b5dda9c,12E6C1DFE1EC4F3FBD4EEE00D2C79EEB,1535286409676000,2018-08-26T13:26:49,,1220499683,IOS,,ComparisonResultViewController,app,91144493130371403,,1,,,25049,8,,compare_results_refine,,,,,,,,,1535286409676000,27a773ed5ce9ed04a0580b749b5dda9c,uk.co.skoda.assistant.ios,1.1.6,,1:571703561616:ios:777087d7f78ec12a,manual_install,tablet,Apple,iPad 5th gen,,"iPad6,11",IOS,11.4,,,en-gb,No,3600,,,Europe,United Kingdom,England,Birmingham,,,(direct),(none),(direct),27a773ed5ce9ed04a0580b749b5dda9c_1
20180829,1535547881809010,2018-08-29T14:04:41,user_engagement,1535547825971010,2018-08-29T14:03:45,,19,52466,27a773ed5ce9ed04a0580b749b5dda9c,12E6C1DFE1EC4F3FBD4EEE00D2C79EEB,1535286409676000,2018-08-26T13:26:49,,1220499683,IOS,,ComparisonResultViewController,auto,91144493130371403,55837,,,,25049,8,,,,,,,,,,,1535286409676000,27a773ed5ce9ed04a0580b749b5dda9c,uk.co.skoda.assistant.ios,1.1.6,,1:571703561616:ios:777087d7f78ec12a,manual_install,tablet,Apple,iPad 5th gen,,"iPad6,11",IOS,11.4,,,en-gb,No,3600,,,Europe,United Kingdom,England,Birmingham,,,(direct),(none),(direct),27a773ed5ce9ed04a0580b749b5dda9c_1
20180829,1535547881810007,2018-08-29T14:04:41,screen_view,1535547825972007,2018-08-29T14:03:45,,19,52466,27a773ed5ce9ed04a0580b749b5dda9c,12E6C1DFE1EC4F3FBD4EEE00D2C79EEB,1535286409676000,2018-08-26T13:26:49,,1220499683,IOS,,SkodaContentViewController,auto,91144493130371401,,1,91144493130371403,ComparisonResultViewController,25049,8,,,,,,,,,,,1535286409676000,27a773ed5ce9ed04a0580b749b5dda9c,uk.co.skoda.assistant.ios,1.1.6,,1:571703561616:ios:777087d7f78ec12a,manual_install,tablet,Apple,iPad 5th gen,,"iPad6,11",IOS,11.4,,,en-gb,No,3600,,,Europe,United Kingdom,England,Birmingham,,,(direct),(none),(direct),27a773ed5ce9ed04a0580b749b5dda9c_1
20180829,1535547906261008,2018-08-29T14:05:06,button_press,1535547878865008,2018-08-29T14:04:38,,19,52466,27a773ed5ce9ed04a0580b749b5dda9c,12E6C1DFE1EC4F3FBD4EEE00D2C79EEB,1535286409676000,2018-08-26T13:26:49,,1220499683,IOS,,SkodaContentViewController,app,91144493130371401,,1,,,25049,8,,compare_models,,,,,,,,,1535286409676000,27a773ed5ce9ed04a0580b749b5dda9c,uk.co.skoda.assistant.ios,1.1.6,,1:571703561616:ios:777087d7f78ec12a,manual_install,tablet,Apple,iPad 5th gen,,"iPad6,11",IOS,11.4,,,en-gb,No,3600,,,Europe,United Kingdom,England,Birmingham,,,(direct),(none),(direct),27a773ed5ce9ed04a0580b749b5dda9c_1
20180829,1535547906791013,2018-08-29T14:05:06,user_engagement,1535547881809013,2018-08-29T14:04:41,,19,52466,27a773ed5ce9ed04a0580b749b5dda9c,12E6C1DFE1EC4F3FBD4EEE00D2C79EEB,1535286409676000,2018-08-26T13:26:49,,1220499683,IOS,,SkodaContentViewController,auto,91144493130371401,24982,,,,25049,8,,,,,,,,,,,1535286409676000,27a773ed5ce9ed04a0580b749b5dda9c,uk.co.skoda.assistant.ios,1.1.6,,1:571703561616:ios:777087d7f78ec12a,manual_install,tablet,Apple,iPad 5th gen,,"iPad6,11",IOS,11.4,,,en-gb,No,3600,,,Europe,United Kingdom,England,Birmingham,,,(direct),(none),(direct),27a773ed5ce9ed04a0580b749b5dda9c_1
20180829,1535547906792009,2018-08-29T14:05:06,screen_view,1535547881810009,2018-08-29T14:04:41,,19,52466,27a773ed5ce9ed04a0580b749b5dda9c,12E6C1DFE1EC4F3FBD4EEE00D2C79EEB,1535286409676000,2018-08-26T13:26:49,,1220499683,IOS,,ComparisonResultViewController,auto,91144493130371404,,1,91144493130371401,SkodaContentViewController,25049,8,,,,,,,,,,,1535286409676000,27a773ed5ce9ed04a0580b749b5dda9c,uk.co.skoda.assistant.ios,1.1.6,,1:571703561616:ios:777087d7f78ec12a,manual_install,tablet,Apple,iPad 5th gen,,"iPad6,11",IOS,11.4,,,en-gb,No,3600,,,Europe,United Kingdom,England,Birmingham,,,(direct),(none),(direct),27a773ed5ce9ed04a0580b749b5dda9c_1
20180829,1535547907425015,2018-08-29T14:05:07,AnalyticsEventComparison,1535547826721015,2018-08-29T14:03:46,,19,52466,27a773ed5ce9ed04a0580b749b5dda9c,12E6C1DFE1EC4F3FBD4EEE00D2C79EEB,1535286409676000,2018-08-26T13:26:49,,1220499683,IOS,,ComparisonResultViewController,app,91144493130371404,,,,,25049,8,,,,,225329,229855,,,,223666,1535286409676000,27a773ed5ce9ed04a0580b749b5dda9c,uk.co.skoda.assistant.ios,1.1.6,,1:571703561616:ios:777087d7f78ec12a,manual_install,tablet,Apple,iPad 5th gen,,"iPad6,11",IOS,11.4,,,en-gb,No,3600,,,Europe,United Kingdom,England,Birmingham,,,(direct),(none),(direct),27a773ed5ce9ed04a0580b749b5dda9c_1
20180829,1535547938938016,2018-08-29T14:05:38,user_engagement,1535547906791016,2018-08-29T14:05:06,,19,52466,27a773ed5ce9ed04a0580b749b5dda9c,12E6C1DFE1EC4F3FBD4EEE00D2C79EEB,1535286409676000,2018-08-26T13:26:49,,1220499683,IOS,,ComparisonResultViewController,auto,91144493130371404,32146,,,,25049,8,,,,,,,,,,,1535286409676000,27a773ed5ce9ed04a0580b749b5dda9c,uk.co.skoda.assistant.ios,1.1.6,,1:571703561616:ios:777087d7f78ec12a,manual_install,tablet,Apple,iPad 5th gen,,"iPad6,11",IOS,11.4,,,en-gb,No,3600,,,Europe,United Kingdom,England,Birmingham,,,(direct),(none),(direct),27a773ed5ce9ed04a0580b749b5dda9c_1
20180829,1535548153141010,2018-08-29T14:09:13,button_press,1535547906261010,2018-08-29T14:05:06,,19,52466,27a773ed5ce9ed04a0580b749b5dda9c,12E6C1DFE1EC4F3FBD4EEE00D2C79EEB,1535286409676000,2018-08-26T13:26:49,,1220499683,IOS,,ComparisonResultViewController,app,91144493130371404,,1,,,25049,8,,globalnav_range,,,,,,,,,1535286409676000,27a773ed5ce9ed04a0580b749b5dda9c,uk.co.skoda.assistant.ios,1.1.6,,1:571703561616:ios:777087d7f78ec12a,manual_install,tablet,Apple,iPad 5th gen,,"iPad6,11",IOS,11.4,,,en-gb,No,3600,,,Europe,United Kingdom,England,Birmingham,,,(direct),(none),(direct),27a773ed5ce9ed04a0580b749b5dda9c_1
20180829,1535548153161011,2018-08-29T14:09:13,button_press,1535548153141011,2018-08-29T14:09:13,,19,52466,27a773ed5ce9ed04a0580b749b5dda9c,12E6C1DFE1EC4F3FBD4EEE00D2C79EEB,1535286409676000,2018-08-26T13:26:49,,1220499683,IOS,,ComparisonResultViewController,app,91144493130371404,,1,,,25049,8,,range,,,,,,,,,1535286409676000,27a773ed5ce9ed04a0580b749b5dda9c,uk.co.skoda.assistant.ios,1.1.6,,1:571703561616:ios:777087d7f78ec12a,manual_install,tablet,Apple,iPad 5th gen,,"iPad6,11",IOS,11.4,,,en-gb,No,3600,,,Europe,United Kingdom,England,Birmingham,,,(direct),(none),(direct),27a773ed5ce9ed04a0580b749b5dda9c_1
20180829,1535548153173019,2018-08-29T14:09:13,user_engagement,1535547938938019,2018-08-29T14:05:38,,19,52466,27a773ed5ce9ed04a0580b749b5dda9c,12E6C1DFE1EC4F3FBD4EEE00D2C79EEB,1535286409676000,2018-08-26T13:26:49,,1220499683,IOS,,ComparisonResultViewController,auto,91144493130371404,2371,,,,25049,8,,,,,,,,,,,1535286409676000,27a773ed5ce9ed04a0580b749b5dda9c,uk.co.skoda.assistant.ios,1.1.6,,1:571703561616:ios:777087d7f78ec12a,manual_install,tablet,Apple,iPad 5th gen,,"iPad6,11",IOS,11.4,,,en-gb,No,3600,,,Europe,United Kingdom,England,Birmingham,,,(direct),(none),(direct),27a773ed5ce9ed04a0580b749b5dda9c_1
20180829,1535548153174012,2018-08-29T14:09:13,screen_view,1535547906792012,2018-08-29T14:05:06,,19,52466,27a773ed5ce9ed04a0580b749b5dda9c,12E6C1DFE1EC4F3FBD4EEE00D2C79EEB,1535286409676000,2018-08-26T13:26:49,,1220499683,IOS,,SkodaContentViewController,auto,91144493130371401,,1,91144493130371404,ComparisonResultViewController,25049,8,,,,,,,,,,,1535286409676000,27a773ed5ce9ed04a0580b749b5dda9c,uk.co.skoda.assistant.ios,1.1.6,,1:571703561616:ios:777087d7f78ec12a,manual_install,tablet,Apple,iPad 5th gen,,"iPad6,11",IOS,11.4,,,en-gb,No,3600,,,Europe,United Kingdom,England,Birmingham,,,(direct),(none),(direct),27a773ed5ce9ed04a0580b749b5dda9c_1
20180829,1535548153175013,2018-08-29T14:09:13,screen_view,1535548153174013,2018-08-29T14:09:13,,19,52466,27a773ed5ce9ed04a0580b749b5dda9c,12E6C1DFE1EC4F3FBD4EEE00D2C79EEB,1535286409676000,2018-08-26T13:26:49,,1220499683,IOS,,RangeContentViewController,auto,91144493130371402,,1,91144493130371401,SkodaContentViewController,25049,8,,,,,,,,,,,1535286409676000,27a773ed5ce9ed04a0580b749b5dda9c,uk.co.skoda.assistant.ios,1.1.6,,1:571703561616:ios:777087d7f78ec12a,manual_install,tablet,Apple,iPad 5th gen,,"iPad6,11",IOS,11.4,,,en-gb,No,3600,,,Europe,United Kingdom,England,Birmingham,,,(direct),(none),(direct),27a773ed5ce9ed04a0580b749b5dda9c_1
20180829,1535548159600014,2018-08-29T14:09:19,button_press,1535548153161014,2018-08-29T14:09:13,,19,52466,27a773ed5ce9ed04a0580b749b5dda9c,12E6C1DFE1EC4F3FBD4EEE00D2C79EEB,1535286409676000,2018-08-26T13:26:49,,1220499683,IOS,,RangeContentViewController,app,91144493130371402,,1,,,25049,8,SE L,range_home_trim_select,41,,,,,,,,1535286409676000,27a773ed5ce9ed04a0580b749b5dda9c,uk.co.skoda.assistant.ios,1.1.6,,1:571703561616:ios:777087d7f78ec12a,manual_install,tablet,Apple,iPad 5th gen,,"iPad6,11",IOS,11.4,,,en-gb,No,3600,,,Europe,United Kingdom,England,Birmingham,,,(direct),(none),(direct),27a773ed5ce9ed04a0580b749b5dda9c_1
20180829,1535548160537015,2018-08-29T14:09:20,screen_view,1535548153175015,2018-08-29T14:09:13,,19,52466,27a773ed5ce9ed04a0580b749b5dda9c,12E6C1DFE1EC4F3FBD4EEE00D2C79EEB,1535286409676000,2018-08-26T13:26:49,,1220499683,IOS,,SkodaContentViewController,auto,91144493130371401,,1,91144493130371402,RangeContentViewController,25049,8,,,,,,,,,,,1535286409676000,27a773ed5ce9ed04a0580b749b5dda9c,uk.co.skoda.assistant.ios,1.1.6,,1:571703561616:ios:777087d7f78ec12a,manual_install,tablet,Apple,iPad 5th gen,,"iPad6,11",IOS,11.4,,,en-gb,No,3600,,,Europe,United Kingdom,England,Birmingham,,,(direct),(none),(direct),27a773ed5ce9ed04a0580b749b5dda9c_1
20180829,1535548160537023,2018-08-29T14:09:20,user_engagement,1535548153173023,2018-08-29T14:09:13,,19,52466,27a773ed5ce9ed04a0580b749b5dda9c,12E6C1DFE1EC4F3FBD4EEE00D2C79EEB,1535286409676000,2018-08-26T13:26:49,,1220499683,IOS,,RangeContentViewController,auto,91144493130371402,7363,,,,25049,8,,,,,,,,,,,1535286409676000,27a773ed5ce9ed04a0580b749b5dda9c,uk.co.skoda.assistant.ios,1.1.6,,1:571703561616:ios:777087d7f78ec12a,manual_install,tablet,Apple,iPad 5th gen,,"iPad6,11",IOS,11.4,,,en-gb,No,3600,,,Europe,United Kingdom,England,Birmingham,,,(direct),(none),(direct),27a773ed5ce9ed04a0580b749b5dda9c_1
20180829,1535548160538016,2018-08-29T14:09:20,screen_view,1535548160537016,2018-08-29T14:09:20,,19,52466,27a773ed5ce9ed04a0580b749b5dda9c,12E6C1DFE1EC4F3FBD4EEE00D2C79EEB,1535286409676000,2018-08-26T13:26:49,,1220499683,IOS,,TrimViewController,auto,91144493130371405,,1,91144493130371401,SkodaContentViewController,25049,8,,,,,,,,,,,1535286409676000,27a773ed5ce9ed04a0580b749b5dda9c,uk.co.skoda.assistant.ios,1.1.6,,1:571703561616:ios:777087d7f78ec12a,manual_install,tablet,Apple,iPad 5th gen,,"iPad6,11",IOS,11.4,,,en-gb,No,3600,,,Europe,United Kingdom,England,Birmingham,,,(direct),(none),(direct),27a773ed5ce9ed04a0580b749b5dda9c_1
20180829,1535548163287017,2018-08-29T14:09:23,button_press,1535548159600017,2018-08-29T14:09:19,,19,52466,27a773ed5ce9ed04a0580b749b5dda9c,12E6C1DFE1EC4F3FBD4EEE00D2C79EEB,1535286409676000,2018-08-26T13:26:49,,1220499683,IOS,,TrimViewController,app,91144493130371405,,1,,,25049,8,1.5 TSI 150PS DSG,trim_home_engine_select,,5791,,,,,,,1535286409676000,27a773ed5ce9ed04a0580b749b5dda9c,uk.co.skoda.assistant.ios,1.1.6,,1:571703561616:ios:777087d7f78ec12a,manual_install,tablet,Apple,iPad 5th gen,,"iPad6,11",IOS,11.4,,,en-gb,No,3600,,,Europe,United Kingdom,England,Birmingham,,,(direct),(none),(direct),27a773ed5ce9ed04a0580b749b5dda9c_1
20180829,1535548178687018,2018-08-29T14:09:38,button_press,1535548163287018,2018-08-29T14:09:23,,19,52466,27a773ed5ce9ed04a0580b749b5dda9c,12E6C1DFE1EC4F3FBD4EEE00D2C79EEB,1535286409676000,2018-08-26T13:26:49,,1220499683,IOS,,TrimViewController,app,91144493130371405,,1,,,25049,8,1.5 TSI 150PS DSG,trim_home_view_full_details,5791,,,,,,,,1535286409676000,27a773ed5ce9ed04a0580b749b5dda9c,uk.co.skoda.assistant.ios,1.1.6,,1:571703561616:ios:777087d7f78ec12a,manual_install,tablet,Apple,iPad 5th gen,,"iPad6,11",IOS,11.4,,,en-gb,No,3600,,,Europe,United Kingdom,England,Birmingham,,,(direct),(none),(direct),27a773ed5ce9ed04a0580b749b5dda9c_1
20180829,1535548179351028,2018-08-29T14:09:39,user_engagement,1535548160537028,2018-08-29T14:09:20,,19,52466,27a773ed5ce9ed04a0580b749b5dda9c,12E6C1DFE1EC4F3FBD4EEE00D2C79EEB,1535286409676000,2018-08-26T13:26:49,,1220499683,IOS,,TrimViewController,auto,91144493130371405,18813,,,,25049,8,,,,,,,,,,,1535286409676000,27a773ed5ce9ed04a0580b749b5dda9c,uk.co.skoda.assistant.ios,1.1.6,,1:571703561616:ios:777087d7f78ec12a,manual_install,tablet,Apple,iPad 5th gen,,"iPad6,11",IOS,11.4,,,en-gb,No,3600,,,Europe,United Kingdom,England,Birmingham,,,(direct),(none),(direct),27a773ed5ce9ed04a0580b749b5dda9c_1
20180829,1535548179352019,2018-08-29T14:09:39,screen_view,1535548160538019,2018-08-29T14:09:20,,19,52466,27a773ed5ce9ed04a0580b749b5dda9c,12E6C1DFE1EC4F3FBD4EEE00D2C79EEB,1535286409676000,2018-08-26T13:26:49,,1220499683,IOS,,EngineDetailsViewController,auto,91144493130371406,,1,91144493130371405,TrimViewController,25049,8,,,,,,,,,,,1535286409676000,27a773ed5ce9ed04a0580b749b5dda9c,uk.co.skoda.assistant.ios,1.1.6,,1:571703561616:ios:777087d7f78ec12a,manual_install,tablet,Apple,iPad 5th gen,,"iPad6,11",IOS,11.4,,,en-gb,No,3600,,,Europe,United Kingdom,England,Birmingham,,,(direct),(none),(direct),27a773ed5ce9ed04a0580b749b5dda9c_1
20180829,1535548303088030,2018-08-29T14:11:43,user_engagement,1535548179351030,2018-08-29T14:09:39,,19,52466,27a773ed5ce9ed04a0580b749b5dda9c,12E6C1DFE1EC4F3FBD4EEE00D2C79EEB,1535286409676000,2018-08-26T13:26:49,,1220499683,IOS,,EngineDetailsViewController,auto,91144493130371406,123736,,,,25049,8,,,,,,,,,,,1535286409676000,27a773ed5ce9ed04a0580b749b5dda9c,uk.co.skoda.assistant.ios,1.1.6,,1:571703561616:ios:777087d7f78ec12a,manual_install,tablet,Apple,iPad 5th gen,,"iPad6,11",IOS,11.4,,,en-gb,No,3600,,,Europe,United Kingdom,England,Birmingham,,,(direct),(none),(direct),27a773ed5ce9ed04a0580b749b5dda9c_1
20180829,1535548363816031,2018-08-29T14:12:43,user_engagement,1535548303088031,2018-08-29T14:11:43,,19,52466,27a773ed5ce9ed04a0580b749b5dda9c,12E6C1DFE1EC4F3FBD4EEE00D2C79EEB,1535286409676000,2018-08-26T13:26:49,,1220499683,IOS,,EngineDetailsViewController,auto,91144493130371406,1342,,,,25049,8,,,,,,,,,,,1535286409676000,27a773ed5ce9ed04a0580b749b5dda9c,uk.co.skoda.assistant.ios,1.1.6,,1:571703561616:ios:777087d7f78ec12a,manual_install,tablet,Apple,iPad 5th gen,,"iPad6,11",IOS,11.4,,,en-gb,No,3600,,,Europe,United Kingdom,England,Birmingham,,,(direct),(none),(direct),27a773ed5ce9ed04a0580b749b5dda9c_1
20180829,1535548363817020,2018-08-29T14:12:43,screen_view,1535548179352020,2018-08-29T14:09:39,,19,52466,27a773ed5ce9ed04a0580b749b5dda9c,12E6C1DFE1EC4F3FBD4EEE00D2C79EEB,1535286409676000,2018-08-26T13:26:49,,1220499683,IOS,,SkodaContentViewController,auto,91144493130371401,,1,91144493130371406,EngineDetailsViewController,25049,8,,,,,,,,,,,1535286409676000,27a773ed5ce9ed04a0580b749b5dda9c,uk.co.skoda.assistant.ios,1.1.6,,1:571703561616:ios:777087d7f78ec12a,manual_install,tablet,Apple,iPad 5th gen,,"iPad6,11",IOS,11.4,,,en-gb,No,3600,,,Europe,United Kingdom,England,Birmingham,,,(direct),(none),(direct),27a773ed5ce9ed04a0580b749b5dda9c_1
20180829,1535548363819021,2018-08-29T14:12:43,screen_view,1535548363817021,2018-08-29T14:12:43,,19,52466,27a773ed5ce9ed04a0580b749b5dda9c,12E6C1DFE1EC4F3FBD4EEE00D2C79EEB,1535286409676000,2018-08-26T13:26:49,,1220499683,IOS,,TrimViewController,auto,91144493130371405,,1,91144493130371401,SkodaContentViewController,25049,8,,,,,,,,,,,1535286409676000,27a773ed5ce9ed04a0580b749b5dda9c,uk.co.skoda.assistant.ios,1.1.6,,1:571703561616:ios:777087d7f78ec12a,manual_install,tablet,Apple,iPad 5th gen,,"iPad6,11",IOS,11.4,,,en-gb,No,3600,,,Europe,United Kingdom,England,Birmingham,,,(direct),(none),(direct),27a773ed5ce9ed04a0580b749b5dda9c_1
20180829,1535548365877022,2018-08-29T14:12:45,button_press,1535548178687022,2018-08-29T14:09:38,,19,52466,27a773ed5ce9ed04a0580b749b5dda9c,12E6C1DFE1EC4F3FBD4EEE00D2C79EEB,1535286409676000,2018-08-26T13:26:49,,1220499683,IOS,,TrimViewController,app,91144493130371405,,1,,,25049,8,,globalnav_compare,,,,,,,,,1535286409676000,27a773ed5ce9ed04a0580b749b5dda9c,uk.co.skoda.assistant.ios,1.1.6,,1:571703561616:ios:777087d7f78ec12a,manual_install,tablet,Apple,iPad 5th gen,,"iPad6,11",IOS,11.4,,,en-gb,No,3600,,,Europe,United Kingdom,England,Birmingham,,,(direct),(none),(direct),27a773ed5ce9ed04a0580b749b5dda9c_1
20180829,1535548365904023,2018-08-29T14:12:45,button_press,1535548365877023,2018-08-29T14:12:45,,19,52466,27a773ed5ce9ed04a0580b749b5dda9c,12E6C1DFE1EC4F3FBD4EEE00D2C79EEB,1535286409676000,2018-08-26T13:26:49,,1220499683,IOS,,TrimViewController,app,91144493130371405,,1,,,25049,8,,compare,,,,,,,,,1535286409676000,27a773ed5ce9ed04a0580b749b5dda9c,uk.co.skoda.assistant.ios,1.1.6,,1:571703561616:ios:777087d7f78ec12a,manual_install,tablet,Apple,iPad 5th gen,,"iPad6,11",IOS,11.4,,,en-gb,No,3600,,,Europe,United Kingdom,England,Birmingham,,,(direct),(none),(direct),27a773ed5ce9ed04a0580b749b5dda9c_1
20180829,1535548365914036,2018-08-29T14:12:45,user_engagement,1535548363816036,2018-08-29T14:12:43,,19,52466,27a773ed5ce9ed04a0580b749b5dda9c,12E6C1DFE1EC4F3FBD4EEE00D2C79EEB,1535286409676000,2018-08-26T13:26:49,,1220499683,IOS,,TrimViewController,auto,91144493130371405,2098,,,,25049,8,,,,,,,,,,,1535286409676000,27a773ed5ce9ed04a0580b749b5dda9c,uk.co.skoda.assistant.ios,1.1.6,,1:571703561616:ios:777087d7f78ec12a,manual_install,tablet,Apple,iPad 5th gen,,"iPad6,11",IOS,11.4,,,en-gb,No,3600,,,Europe,United Kingdom,England,Birmingham,,,(direct),(none),(direct),27a773ed5ce9ed04a0580b749b5dda9c_1
20180829,1535548365915024,2018-08-29T14:12:45,screen_view,1535548363819024,2018-08-29T14:12:43,,19,52466,27a773ed5ce9ed04a0580b749b5dda9c,12E6C1DFE1EC4F3FBD4EEE00D2C79EEB,1535286409676000,2018-08-26T13:26:49,,1220499683,IOS,,SkodaContentViewController,auto,91144493130371401,,1,91144493130371405,TrimViewController,25049,8,,,,,,,,,,,1535286409676000,27a773ed5ce9ed04a0580b749b5dda9c,uk.co.skoda.assistant.ios,1.1.6,,1:571703561616:ios:777087d7f78ec12a,manual_install,tablet,Apple,iPad 5th gen,,"iPad6,11",IOS,11.4,,,en-gb,No,3600,,,Europe,United Kingdom,England,Birmingham,,,(direct),(none),(direct),27a773ed5ce9ed04a0580b749b5dda9c_1
20180829,1535548365920025,2018-08-29T14:12:45,screen_view,1535548365915025,2018-08-29T14:12:45,,19,52466,27a773ed5ce9ed04a0580b749b5dda9c,12E6C1DFE1EC4F3FBD4EEE00D2C79EEB,1535286409676000,2018-08-26T13:26:49,,1220499683,IOS,,ComparisonResultViewController,auto,91144493130371404,,1,91144493130371401,SkodaContentViewController,25049,8,,,,,,,,,,,1535286409676000,27a773ed5ce9ed04a0580b749b5dda9c,uk.co.skoda.assistant.ios,1.1.6,,1:571703561616:ios:777087d7f78ec12a,manual_install,tablet,Apple,iPad 5th gen,,"iPad6,11",IOS,11.4,,,en-gb,No,3600,,,Europe,United Kingdom,England,Birmingham,,,(direct),(none),(direct),27a773ed5ce9ed04a0580b749b5dda9c_1
20180829,1535548374441026,2018-08-29T14:12:54,button_press,1535548365904026,2018-08-29T14:12:45,,19,52466,27a773ed5ce9ed04a0580b749b5dda9c,12E6C1DFE1EC4F3FBD4EEE00D2C79EEB,1535286409676000,2018-08-26T13:26:49,,1220499683,IOS,,ComparisonResultViewController,app,91144493130371404,,1,,,25049,8,,compare_results_view_features,,,,,,,,,1535286409676000,27a773ed5ce9ed04a0580b749b5dda9c,uk.co.skoda.assistant.ios,1.1.6,,1:571703561616:ios:777087d7f78ec12a,manual_install,tablet,Apple,iPad 5th gen,,"iPad6,11",IOS,11.4,,,en-gb,No,3600,,,Europe,United Kingdom,England,Birmingham,,,(direct),(none),(direct),27a773ed5ce9ed04a0580b749b5dda9c_1
20180829,1535548375015040,2018-08-29T14:12:55,user_engagement,1535548365914040,2018-08-29T14:12:45,,19,52466,27a773ed5ce9ed04a0580b749b5dda9c,12E6C1DFE1EC4F3FBD4EEE00D2C79EEB,1535286409676000,2018-08-26T13:26:49,,1220499683,IOS,,ComparisonResultViewController,auto,91144493130371404,9100,,,,25049,8,,,,,,,,,,,1535286409676000,27a773ed5ce9ed04a0580b749b5dda9c,uk.co.skoda.assistant.ios,1.1.6,,1:571703561616:ios:777087d7f78ec12a,manual_install,tablet,Apple,iPad 5th gen,,"iPad6,11",IOS,11.4,,,en-gb,No,3600,,,Europe,United Kingdom,England,Birmingham,,,(direct),(none),(direct),27a773ed5ce9ed04a0580b749b5dda9c_1
20180829,1535548375016027,2018-08-29T14:12:55,screen_view,1535548365920027,2018-08-29T14:12:45,,19,52466,27a773ed5ce9ed04a0580b749b5dda9c,12E6C1DFE1EC4F3FBD4EEE00D2C79EEB,1535286409676000,2018-08-26T13:26:49,,1220499683,IOS,,ComparisonFeaturesViewController,auto,91144493130371407,,1,91144493130371404,ComparisonResultViewController,25049,8,,,,,,,,,,,1535286409676000,27a773ed5ce9ed04a0580b749b5dda9c,uk.co.skoda.assistant.ios,1.1.6,,1:571703561616:ios:777087d7f78ec12a,manual_install,tablet,Apple,iPad 5th gen,,"iPad6,11",IOS,11.4,,,en-gb,No,3600,,,Europe,United Kingdom,England,Birmingham,,,(direct),(none),(direct),27a773ed5ce9ed04a0580b749b5dda9c_1
20180829,1535548471792042,2018-08-29T14:14:31,user_engagement,1535548375015042,2018-08-29T14:12:55,,19,52466,27a773ed5ce9ed04a0580b749b5dda9c,12E6C1DFE1EC4F3FBD4EEE00D2C79EEB,1535286409676000,2018-08-26T13:26:49,,1220499683,IOS,,ComparisonFeaturesViewController,auto,91144493130371407,96776,,,,25049,8,,,,,,,,,,,1535286409676000,27a773ed5ce9ed04a0580b749b5dda9c,uk.co.skoda.assistant.ios,1.1.6,,1:571703561616:ios:777087d7f78ec12a,manual_install,tablet,Apple,iPad 5th gen,,"iPad6,11",IOS,11.4,,,en-gb,No,3600,,,Europe,United Kingdom,England,Birmingham,,,(direct),(none),(direct),27a773ed5ce9ed04a0580b749b5dda9c_1
20180829,1535548471795028,2018-08-29T14:14:31,screen_view,1535548375016028,2018-08-29T14:12:55,,19,52466,27a773ed5ce9ed04a0580b749b5dda9c,12E6C1DFE1EC4F3FBD4EEE00D2C79EEB,1535286409676000,2018-08-26T13:26:49,,1220499683,IOS,,SkodaContentViewController,auto,91144493130371401,,1,91144493130371407,ComparisonFeaturesViewController,25049,8,,,,,,,,,,,1535286409676000,27a773ed5ce9ed04a0580b749b5dda9c,uk.co.skoda.assistant.ios,1.1.6,,1:571703561616:ios:777087d7f78ec12a,manual_install,tablet,Apple,iPad 5th gen,,"iPad6,11",IOS,11.4,,,en-gb,No,3600,,,Europe,United Kingdom,England,Birmingham,,,(direct),(none),(direct),27a773ed5ce9ed04a0580b749b5dda9c_1
20180829,1535548471797029,2018-08-29T14:14:31,screen_view,1535548471795029,2018-08-29T14:14:31,,19,52466,27a773ed5ce9ed04a0580b749b5dda9c,12E6C1DFE1EC4F3FBD4EEE00D2C79EEB,1535286409676000,2018-08-26T13:26:49,,1220499683,IOS,,ComparisonResultViewController,auto,91144493130371404,,1,91144493130371401,SkodaContentViewController,25049,8,,,,,,,,,,,1535286409676000,27a773ed5ce9ed04a0580b749b5dda9c,uk.co.skoda.assistant.ios,1.1.6,,1:571703561616:ios:777087d7f78ec12a,manual_install,tablet,Apple,iPad 5th gen,,"iPad6,11",IOS,11.4,,,en-gb,No,3600,,,Europe,United Kingdom,England,Birmingham,,,(direct),(none),(direct),27a773ed5ce9ed04a0580b749b5dda9c_1
20180829,1535548591544045,2018-08-29T14:16:31,user_engagement,1535548471792045,2018-08-29T14:14:31,,19,52466,27a773ed5ce9ed04a0580b749b5dda9c,12E6C1DFE1EC4F3FBD4EEE00D2C79EEB,1535286409676000,2018-08-26T13:26:49,,1220499683,IOS,,ComparisonResultViewController,auto,91144493130371404,119752,,,,25049,8,,,,,,,,,,,1535286409676000,27a773ed5ce9ed04a0580b749b5dda9c,uk.co.skoda.assistant.ios,1.1.6,,1:571703561616:ios:777087d7f78ec12a,manual_install,tablet,Apple,iPad 5th gen,,"iPad6,11",IOS,11.4,,,en-gb,No,3600,,,Europe,United Kingdom,England,Birmingham,,,(direct),(none),(direct),27a773ed5ce9ed04a0580b749b5dda9c_1
20180829,1535548715626030,2018-08-29T14:18:35,button_press,1535548374441030,2018-08-29T14:12:54,,19,52466,27a773ed5ce9ed04a0580b749b5dda9c,12E6C1DFE1EC4F3FBD4EEE00D2C79EEB,1535286409676000,2018-08-26T13:26:49,,1220499683,IOS,,ComparisonResultViewController,app,91144493130371404,,1,,,25049,8,,globalnav_compare,,,,,,,,,1535286409676000,27a773ed5ce9ed04a0580b749b5dda9c,uk.co.skoda.assistant.ios,1.1.6,,1:571703561616:ios:777087d7f78ec12a,manual_install,tablet,Apple,iPad 5th gen,,"iPad6,11",IOS,11.4,,,en-gb,No,3600,,,Europe,United Kingdom,England,Birmingham,,,(direct),(none),(direct),27a773ed5ce9ed04a0580b749b5dda9c_1
20180829,1535548716163047,2018-08-29T14:18:36,user_engagement,1535548591544047,2018-08-29T14:16:31,,19,52466,27a773ed5ce9ed04a0580b749b5dda9c,12E6C1DFE1EC4F3FBD4EEE00D2C79EEB,1535286409676000,2018-08-26T13:26:49,,1220499683,IOS,,ComparisonResultViewController,auto,91144493130371404,3536,,,,25049,8,,,,,,,,,,,1535286409676000,27a773ed5ce9ed04a0580b749b5dda9c,uk.co.skoda.assistant.ios,1.1.6,,1:571703561616:ios:777087d7f78ec12a,manual_install,tablet,Apple,iPad 5th gen,,"iPad6,11",IOS,11.4,,,en-gb,No,3600,,,Europe,United Kingdom,England,Birmingham,,,(direct),(none),(direct),27a773ed5ce9ed04a0580b749b5dda9c_1
20180829,1535548716164031,2018-08-29T14:18:36,screen_view,1535548471797031,2018-08-29T14:14:31,,19,52466,27a773ed5ce9ed04a0580b749b5dda9c,12E6C1DFE1EC4F3FBD4EEE00D2C79EEB,1535286409676000,2018-08-26T13:26:49,,1220499683,IOS,,SkodaContentViewController,auto,91144493130371401,,1,91144493130371404,ComparisonResultViewController,25049,8,,,,,,,,,,,1535286409676000,27a773ed5ce9ed04a0580b749b5dda9c,uk.co.skoda.assistant.ios,1.1.6,,1:571703561616:ios:777087d7f78ec12a,manual_install,tablet,Apple,iPad 5th gen,,"iPad6,11",IOS,11.4,,,en-gb,No,3600,,,Europe,United Kingdom,England,Birmingham,,,(direct),(none),(direct),27a773ed5ce9ed04a0580b749b5dda9c_1
20180829,1535548723259049,2018-08-29T14:18:43,user_engagement,1535548716163049,2018-08-29T14:18:36,,19,52466,27a773ed5ce9ed04a0580b749b5dda9c,12E6C1DFE1EC4F3FBD4EEE00D2C79EEB,1535286409676000,2018-08-26T13:26:49,,1220499683,IOS,,SkodaContentViewController,auto,91144493130371401,7096,,,,25049,8,,,,,,,,,,,1535286409676000,27a773ed5ce9ed04a0580b749b5dda9c,uk.co.skoda.assistant.ios,1.1.6,,1:571703561616:ios:777087d7f78ec12a,manual_install,tablet,Apple,iPad 5th gen,,"iPad6,11",IOS,11.4,,,en-gb,No,3600,,,Europe,United Kingdom,England,Birmingham,,,(direct),(none),(direct),27a773ed5ce9ed04a0580b749b5dda9c_1
