event_date,event_timestamp,event_iso8601,event_name,event_previous_timestamp,event_previous_iso8601,event_value_in_usd,event_bundle_sequence_id,event_server_timestamp_offset,user_id,user_pseudo_id,user_first_touch_timestamp,user_first_touch_iso8601,user_ltv,stream_id,platform,event_dimensions,firebase_screen_class,firebase_event_origin,firebase_screen_id,engagement_time_msec,firebase_conversion,firebase_previous_id,firebase_previous_class,user_retailer,user_area,AnalyticsParameterTerm,button_name,AnalyticsParameterItemID,engine,Compared_vehicle_1,Compared_vehicle_2,update_with_analytics,previous_first_open_count,previous_app_version,Compared_vehicle_3,first_open_time,user_id,id,version,install_store,firebase_app_id,install_source,category,mobile_brand_name,mobile_model_name,mobile_marketing_name,mobile_os_hardware_model,operating_system,operating_system_version,vendor_id,advertising_id,language,is_limited_ad_tracking,time_zone_offset_seconds,browser,browser,continent,country,region,city,sub_continent,metro,name,medium,source,user_session_generated_id
20180829,1535549308790001,2018-08-29T14:28:28,AnalyticsEventLogin,,,,2,53259,,D0E62C2A40284F8C9468C815BEB378A1,1535549278809000,2018-08-29T14:27:58,,1220499683,IOS,,SplashViewController,app,-7365834083796793833,,1,,,0,0,6a618b77d08300f8cb0cfb6bd619c9c9,,,,,,,,,,1535549278809000,,uk.co.skoda.assistant.test,1.1.7,,1:571703561616:ios:777087d7f78ec12a,manual_install,tablet,Apple,iPad 5th gen,,"iPad6,11",IOS,11.4.1,,,en-gb,No,3600,,,Europe,United Kingdom,England,Bristol,,,(direct),(none),(direct),_8
20180829,1535549309333002,2018-08-29T14:28:29,screen_view,1535549308760002,2018-08-29T14:28:28,,2,53259,,D0E62C2A40284F8C9468C815BEB378A1,1535549278809000,2018-08-29T14:27:58,,1220499683,IOS,,ContentLoaderViewController,auto,-7365834083796793831,,1,-7365834083796793833,SplashViewController,0,0,,,,,,,,,,,1535549278809000,,uk.co.skoda.assistant.test,1.1.7,,1:571703561616:ios:777087d7f78ec12a,manual_install,tablet,Apple,iPad 5th gen,,"iPad6,11",IOS,11.4.1,,,en-gb,No,3600,,,Europe,United Kingdom,England,Bristol,,,(direct),(none),(direct),_8
20180829,1535549369731000,2018-08-29T14:29:29,user_engagement,1535549308759000,2018-08-29T14:28:28,,3,138367,,D0E62C2A40284F8C9468C815BEB378A1,1535549278809000,2018-08-29T14:27:58,,1220499683,IOS,,ContentLoaderViewController,auto,-7365834083796793831,60972,,,,0,0,,,,,,,,,,,1535549278809000,,uk.co.skoda.assistant.test,1.1.7,,1:571703561616:ios:777087d7f78ec12a,manual_install,tablet,Apple,iPad 5th gen,,"iPad6,11",IOS,11.4.1,,,en-gb,No,3600,,,Europe,United Kingdom,England,Bristol,,,(direct),(none),(direct),_8
20180829,1535549369732000,2018-08-29T14:29:29,screen_view,1535549309333000,2018-08-29T14:28:29,,3,138367,,D0E62C2A40284F8C9468C815BEB378A1,1535549278809000,2018-08-29T14:27:58,,1220499683,IOS,,SplashViewController,auto,-7365834083796793833,,1,-7365834083796793831,ContentLoaderViewController,0,0,,,,,,,,,,,1535549278809000,,uk.co.skoda.assistant.test,1.1.7,,1:571703561616:ios:777087d7f78ec12a,manual_install,tablet,Apple,iPad 5th gen,,"iPad6,11",IOS,11.4.1,,,en-gb,No,3600,,,Europe,United Kingdom,England,Bristol,,,(direct),(none),(direct),_8
20180829,1535558199856000,2018-08-29T16:56:39,session_start,1535472734088000,2018-08-28T17:12:14,,3,-1532308,,2238582BA9A54A1EA26FAC8EE831050B,1535472722849000,2018-08-28T17:12:02,,1220499683,IOS,,LoginViewController,auto,663068733484837411,,1,,,0,0,,,,,,,,,,,1535472722849000,,uk.co.skoda.assistant.uat,1.1.7,,1:571703561616:ios:777087d7f78ec12a,manual_install,tablet,Apple,iPad 5th gen,,"iPad6,11",IOS,11.4.1,,,en-gb,No,3600,,,Europe,United Kingdom,England,Newport Pagnell,,,(direct),(none),(direct),_8
20180829,1535558618625000,2018-08-29T17:03:38,user_engagement,1535472770938000,2018-08-28T17:12:50,,4,-1532307,,2238582BA9A54A1EA26FAC8EE831050B,1535472722849000,2018-08-28T17:12:02,,1220499683,IOS,,LoginViewController,auto,663068733484837411,428772,,,,0,0,,,,,,,,,,,1535472722849000,,uk.co.skoda.assistant.uat,1.1.7,,1:571703561616:ios:777087d7f78ec12a,manual_install,tablet,Apple,iPad 5th gen,,"iPad6,11",IOS,11.4.1,,,en-gb,No,3600,,,Europe,United Kingdom,England,Newport Pagnell,,,(direct),(none),(direct),_8
20180829,1535559513052000,2018-08-29T17:18:33,user_engagement,1535558618625000,2018-08-29T17:03:38,,5,-1535946,,2238582BA9A54A1EA26FAC8EE831050B,1535472722849000,2018-08-28T17:12:02,,1220499683,IOS,,LoginViewController,auto,663068733484837411,31984,,,,0,0,,,,,,,,,,,1535472722849000,,uk.co.skoda.assistant.uat,1.1.7,,1:571703561616:ios:777087d7f78ec12a,manual_install,tablet,Apple,iPad 5th gen,,"iPad6,11",IOS,11.4.1,,,en-gb,No,3600,,,Europe,United Kingdom,England,Newport Pagnell,,,(direct),(none),(direct),_8
20180829,1535559537490000,2018-08-29T17:18:57,user_engagement,1535559513052000,2018-08-29T17:18:33,,6,-1488546,,2238582BA9A54A1EA26FAC8EE831050B,1535472722849000,2018-08-28T17:12:02,,1220499683,IOS,,LoginViewController,auto,663068733484837411,22524,,,,0,0,,,,,,,,,,,1535472722849000,,uk.co.skoda.assistant.uat,1.1.7,,1:571703561616:ios:777087d7f78ec12a,manual_install,tablet,Apple,iPad 5th gen,,"iPad6,11",IOS,11.4.1,,,en-gb,No,3600,,,Europe,United Kingdom,England,Newport Pagnell,,,(direct),(none),(direct),_8
20180829,1535559537491000,2018-08-29T17:18:57,screen_view,1535472723216000,2018-08-28T17:12:03,,6,-1488546,,2238582BA9A54A1EA26FAC8EE831050B,1535472722849000,2018-08-28T17:12:02,,1220499683,IOS,,SplashViewController,auto,663068733484837410,,1,663068733484837411,LoginViewController,0,0,,,,,,,,,,,1535472722849000,,uk.co.skoda.assistant.uat,1.1.7,,1:571703561616:ios:777087d7f78ec12a,manual_install,tablet,Apple,iPad 5th gen,,"iPad6,11",IOS,11.4.1,,,en-gb,No,3600,,,Europe,United Kingdom,England,Newport Pagnell,,,(direct),(none),(direct),_8
