event_date,event_timestamp,event_iso8601,event_name,event_previous_timestamp,event_previous_iso8601,event_value_in_usd,event_bundle_sequence_id,event_server_timestamp_offset,user_id,user_pseudo_id,user_first_touch_timestamp,user_first_touch_iso8601,user_ltv,stream_id,platform,event_dimensions,firebase_screen_class,firebase_event_origin,firebase_screen_id,engagement_time_msec,firebase_conversion,firebase_previous_id,firebase_previous_class,user_retailer,user_area,AnalyticsParameterTerm,button_name,AnalyticsParameterItemID,engine,Compared_vehicle_1,Compared_vehicle_2,update_with_analytics,previous_first_open_count,previous_app_version,Compared_vehicle_3,first_open_time,user_id,id,version,install_store,firebase_app_id,install_source,category,mobile_brand_name,mobile_model_name,mobile_marketing_name,mobile_os_hardware_model,operating_system,operating_system_version,vendor_id,advertising_id,language,is_limited_ad_tracking,time_zone_offset_seconds,browser,browser,continent,country,region,city,sub_continent,metro,name,medium,source,user_session_generated_id
20180829,1535531114906010,2018-08-29T09:25:14,AnalyticsEventLogin,1535451575800010,2018-08-28T11:19:35,,213,106054,6adf7dcd7358e4c15d9a44c23348678f,CD40E53301BD4F62BA2C91352C14FB4C,1534751892109000,2018-08-20T08:58:12,,1220499683,IOS,,SplashViewController,app,-970542389135931802,,1,,,28007,3,6adf7dcd7358e4c15d9a44c23348678f,,,,,,,,,,1534751892109000,6adf7dcd7358e4c15d9a44c23348678f,uk.co.skoda.assistant.ios,1.1.6,,1:571703561616:ios:777087d7f78ec12a,manual_install,tablet,Apple,iPad,,"iPad7,6",IOS,11.4.1,,,en-gb,No,3600,,,Europe,United Kingdom,England,Andover,,,(direct),(none),(direct),6adf7dcd7358e4c15d9a44c23348678f_1
20180829,1535531115061000,2018-08-29T09:25:15,button_press,1535475140125000,2018-08-28T17:52:20,,214,106055,6adf7dcd7358e4c15d9a44c23348678f,CD40E53301BD4F62BA2C91352C14FB4C,1534751892109000,2018-08-20T08:58:12,,1220499683,IOS,,SplashViewController,app,-970542389135931802,,1,,,28007,3,,globalnav_range,,,,,,,,,1534751892109000,6adf7dcd7358e4c15d9a44c23348678f,uk.co.skoda.assistant.ios,1.1.6,,1:571703561616:ios:777087d7f78ec12a,manual_install,tablet,Apple,iPad,,"iPad7,6",IOS,11.4.1,,,en-gb,No,3600,,,Europe,United Kingdom,England,Andover,,,(direct),(none),(direct),6adf7dcd7358e4c15d9a44c23348678f_1
20180829,1535531115061001,2018-08-29T09:25:15,button_press,1535531115061001,2018-08-29T09:25:15,,214,106055,6adf7dcd7358e4c15d9a44c23348678f,CD40E53301BD4F62BA2C91352C14FB4C,1534751892109000,2018-08-20T08:58:12,,1220499683,IOS,,SplashViewController,app,-970542389135931802,,1,,,28007,3,,range,,,,,,,,,1534751892109000,6adf7dcd7358e4c15d9a44c23348678f,uk.co.skoda.assistant.ios,1.1.6,,1:571703561616:ios:777087d7f78ec12a,manual_install,tablet,Apple,iPad,,"iPad7,6",IOS,11.4.1,,,en-gb,No,3600,,,Europe,United Kingdom,England,Andover,,,(direct),(none),(direct),6adf7dcd7358e4c15d9a44c23348678f_1
20180829,1535531115806002,2018-08-29T09:25:15,screen_view,1535531114889002,2018-08-29T09:25:14,,214,106055,6adf7dcd7358e4c15d9a44c23348678f,CD40E53301BD4F62BA2C91352C14FB4C,1534751892109000,2018-08-20T08:58:12,,1220499683,IOS,,SkodaContentViewController,auto,-970542389135931756,,1,-970542389135931802,SplashViewController,28007,3,,,,,,,,,,,1534751892109000,6adf7dcd7358e4c15d9a44c23348678f,uk.co.skoda.assistant.ios,1.1.6,,1:571703561616:ios:777087d7f78ec12a,manual_install,tablet,Apple,iPad,,"iPad7,6",IOS,11.4.1,,,en-gb,No,3600,,,Europe,United Kingdom,England,Andover,,,(direct),(none),(direct),6adf7dcd7358e4c15d9a44c23348678f_1
20180829,1535531115807003,2018-08-29T09:25:15,screen_view,1535531115806003,2018-08-29T09:25:15,,214,106055,6adf7dcd7358e4c15d9a44c23348678f,CD40E53301BD4F62BA2C91352C14FB4C,1534751892109000,2018-08-20T08:58:12,,1220499683,IOS,,RangeContentViewController,auto,-970542389135931755,,1,-970542389135931756,SkodaContentViewController,28007,3,,,,,,,,,,,1534751892109000,6adf7dcd7358e4c15d9a44c23348678f,uk.co.skoda.assistant.ios,1.1.6,,1:571703561616:ios:777087d7f78ec12a,manual_install,tablet,Apple,iPad,,"iPad7,6",IOS,11.4.1,,,en-gb,No,3600,,,Europe,United Kingdom,England,Andover,,,(direct),(none),(direct),6adf7dcd7358e4c15d9a44c23348678f_1
20180829,1535531223625004,2018-08-29T09:27:03,button_press,1535531115061004,2018-08-29T09:25:15,,214,106055,6adf7dcd7358e4c15d9a44c23348678f,CD40E53301BD4F62BA2C91352C14FB4C,1534751892109000,2018-08-20T08:58:12,,1220499683,IOS,,RangeContentViewController,app,-970542389135931755,,1,,,28007,3,SE,range_home_trim_select,47,,,,,,,,1534751892109000,6adf7dcd7358e4c15d9a44c23348678f,uk.co.skoda.assistant.ios,1.1.6,,1:571703561616:ios:777087d7f78ec12a,manual_install,tablet,Apple,iPad,,"iPad7,6",IOS,11.4.1,,,en-gb,No,3600,,,Europe,United Kingdom,England,Andover,,,(direct),(none),(direct),6adf7dcd7358e4c15d9a44c23348678f_1
20180829,1535531224343005,2018-08-29T09:27:04,user_engagement,1535531114888005,2018-08-29T09:25:14,,214,106055,6adf7dcd7358e4c15d9a44c23348678f,CD40E53301BD4F62BA2C91352C14FB4C,1534751892109000,2018-08-20T08:58:12,,1220499683,IOS,,RangeContentViewController,auto,-970542389135931755,109454,,,,28007,3,,,,,,,,,,,1534751892109000,6adf7dcd7358e4c15d9a44c23348678f,uk.co.skoda.assistant.ios,1.1.6,,1:571703561616:ios:777087d7f78ec12a,manual_install,tablet,Apple,iPad,,"iPad7,6",IOS,11.4.1,,,en-gb,No,3600,,,Europe,United Kingdom,England,Andover,,,(direct),(none),(direct),6adf7dcd7358e4c15d9a44c23348678f_1
20180829,1535531224344005,2018-08-29T09:27:04,screen_view,1535531115807005,2018-08-29T09:25:15,,214,106055,6adf7dcd7358e4c15d9a44c23348678f,CD40E53301BD4F62BA2C91352C14FB4C,1534751892109000,2018-08-20T08:58:12,,1220499683,IOS,,TrimViewController,auto,-970542389135931754,,1,-970542389135931755,RangeContentViewController,28007,3,,,,,,,,,,,1534751892109000,6adf7dcd7358e4c15d9a44c23348678f,uk.co.skoda.assistant.ios,1.1.6,,1:571703561616:ios:777087d7f78ec12a,manual_install,tablet,Apple,iPad,,"iPad7,6",IOS,11.4.1,,,en-gb,No,3600,,,Europe,United Kingdom,England,Andover,,,(direct),(none),(direct),6adf7dcd7358e4c15d9a44c23348678f_1
20180829,1535531276258006,2018-08-29T09:27:56,screen_view,1535531224344006,2018-08-29T09:27:04,,214,106055,6adf7dcd7358e4c15d9a44c23348678f,CD40E53301BD4F62BA2C91352C14FB4C,1534751892109000,2018-08-20T08:58:12,,1220499683,IOS,,RangeContentViewController,auto,-970542389135931755,,1,-970542389135931754,TrimViewController,28007,3,,,,,,,,,,,1534751892109000,6adf7dcd7358e4c15d9a44c23348678f,uk.co.skoda.assistant.ios,1.1.6,,1:571703561616:ios:777087d7f78ec12a,manual_install,tablet,Apple,iPad,,"iPad7,6",IOS,11.4.1,,,en-gb,No,3600,,,Europe,United Kingdom,England,Andover,,,(direct),(none),(direct),6adf7dcd7358e4c15d9a44c23348678f_1
20180829,1535531276258007,2018-08-29T09:27:56,user_engagement,1535531224343007,2018-08-29T09:27:04,,214,106055,6adf7dcd7358e4c15d9a44c23348678f,CD40E53301BD4F62BA2C91352C14FB4C,1534751892109000,2018-08-20T08:58:12,,1220499683,IOS,,TrimViewController,auto,-970542389135931754,51914,,,,28007,3,,,,,,,,,,,1534751892109000,6adf7dcd7358e4c15d9a44c23348678f,uk.co.skoda.assistant.ios,1.1.6,,1:571703561616:ios:777087d7f78ec12a,manual_install,tablet,Apple,iPad,,"iPad7,6",IOS,11.4.1,,,en-gb,No,3600,,,Europe,United Kingdom,England,Andover,,,(direct),(none),(direct),6adf7dcd7358e4c15d9a44c23348678f_1
20180829,1535531277001007,2018-08-29T09:27:57,button_press,1535531223625007,2018-08-29T09:27:03,,214,106055,6adf7dcd7358e4c15d9a44c23348678f,CD40E53301BD4F62BA2C91352C14FB4C,1534751892109000,2018-08-20T08:58:12,,1220499683,IOS,,RangeContentViewController,app,-970542389135931755,,1,,,28007,3,,globalnav_range,,,,,,,,,1534751892109000,6adf7dcd7358e4c15d9a44c23348678f,uk.co.skoda.assistant.ios,1.1.6,,1:571703561616:ios:777087d7f78ec12a,manual_install,tablet,Apple,iPad,,"iPad7,6",IOS,11.4.1,,,en-gb,No,3600,,,Europe,United Kingdom,England,Andover,,,(direct),(none),(direct),6adf7dcd7358e4c15d9a44c23348678f_1
20180829,1535531277554008,2018-08-29T09:27:57,button_press,1535531277001008,2018-08-29T09:27:57,,214,106055,6adf7dcd7358e4c15d9a44c23348678f,CD40E53301BD4F62BA2C91352C14FB4C,1534751892109000,2018-08-20T08:58:12,,1220499683,IOS,,RangeContentViewController,app,-970542389135931755,,1,,,28007,3,,globalnav_range,,,,,,,,,1534751892109000,6adf7dcd7358e4c15d9a44c23348678f,uk.co.skoda.assistant.ios,1.1.6,,1:571703561616:ios:777087d7f78ec12a,manual_install,tablet,Apple,iPad,,"iPad7,6",IOS,11.4.1,,,en-gb,No,3600,,,Europe,United Kingdom,England,Andover,,,(direct),(none),(direct),6adf7dcd7358e4c15d9a44c23348678f_1
20180829,1535531277728009,2018-08-29T09:27:57,button_press,1535531277554009,2018-08-29T09:27:57,,214,106055,6adf7dcd7358e4c15d9a44c23348678f,CD40E53301BD4F62BA2C91352C14FB4C,1534751892109000,2018-08-20T08:58:12,,1220499683,IOS,,RangeContentViewController,app,-970542389135931755,,1,,,28007,3,,globalnav_range,,,,,,,,,1534751892109000,6adf7dcd7358e4c15d9a44c23348678f,uk.co.skoda.assistant.ios,1.1.6,,1:571703561616:ios:777087d7f78ec12a,manual_install,tablet,Apple,iPad,,"iPad7,6",IOS,11.4.1,,,en-gb,No,3600,,,Europe,United Kingdom,England,Andover,,,(direct),(none),(direct),6adf7dcd7358e4c15d9a44c23348678f_1
20180829,1535531291153010,2018-08-29T09:28:11,button_press,1535531277728010,2018-08-29T09:27:57,,214,106055,6adf7dcd7358e4c15d9a44c23348678f,CD40E53301BD4F62BA2C91352C14FB4C,1534751892109000,2018-08-20T08:58:12,,1220499683,IOS,,RangeContentViewController,app,-970542389135931755,,1,,,28007,3,,globalnav_presentation,,,,,,,,,1534751892109000,6adf7dcd7358e4c15d9a44c23348678f,uk.co.skoda.assistant.ios,1.1.6,,1:571703561616:ios:777087d7f78ec12a,manual_install,tablet,Apple,iPad,,"iPad7,6",IOS,11.4.1,,,en-gb,No,3600,,,Europe,United Kingdom,England,Andover,,,(direct),(none),(direct),6adf7dcd7358e4c15d9a44c23348678f_1
20180829,1535531291183011,2018-08-29T09:28:11,button_press,1535531291153011,2018-08-29T09:28:11,,214,106055,6adf7dcd7358e4c15d9a44c23348678f,CD40E53301BD4F62BA2C91352C14FB4C,1534751892109000,2018-08-20T08:58:12,,1220499683,IOS,,RangeContentViewController,app,-970542389135931755,,1,,,28007,3,,presentation,,,,,,,,,1534751892109000,6adf7dcd7358e4c15d9a44c23348678f,uk.co.skoda.assistant.ios,1.1.6,,1:571703561616:ios:777087d7f78ec12a,manual_install,tablet,Apple,iPad,,"iPad7,6",IOS,11.4.1,,,en-gb,No,3600,,,Europe,United Kingdom,England,Andover,,,(direct),(none),(direct),6adf7dcd7358e4c15d9a44c23348678f_1
20180829,1535531291473012,2018-08-29T09:28:11,screen_view,1535531276258012,2018-08-29T09:27:56,,214,106055,6adf7dcd7358e4c15d9a44c23348678f,CD40E53301BD4F62BA2C91352C14FB4C,1534751892109000,2018-08-20T08:58:12,,1220499683,IOS,,SkodaContentViewController,auto,-970542389135931756,,1,-970542389135931755,RangeContentViewController,28007,3,,,,,,,,,,,1534751892109000,6adf7dcd7358e4c15d9a44c23348678f,uk.co.skoda.assistant.ios,1.1.6,,1:571703561616:ios:777087d7f78ec12a,manual_install,tablet,Apple,iPad,,"iPad7,6",IOS,11.4.1,,,en-gb,No,3600,,,Europe,United Kingdom,England,Andover,,,(direct),(none),(direct),6adf7dcd7358e4c15d9a44c23348678f_1
20180829,1535531291473014,2018-08-29T09:28:11,user_engagement,1535531276258014,2018-08-29T09:27:56,,214,106055,6adf7dcd7358e4c15d9a44c23348678f,CD40E53301BD4F62BA2C91352C14FB4C,1534751892109000,2018-08-20T08:58:12,,1220499683,IOS,,RangeContentViewController,auto,-970542389135931755,15215,,,,28007,3,,,,,,,,,,,1534751892109000,6adf7dcd7358e4c15d9a44c23348678f,uk.co.skoda.assistant.ios,1.1.6,,1:571703561616:ios:777087d7f78ec12a,manual_install,tablet,Apple,iPad,,"iPad7,6",IOS,11.4.1,,,en-gb,No,3600,,,Europe,United Kingdom,England,Andover,,,(direct),(none),(direct),6adf7dcd7358e4c15d9a44c23348678f_1
20180829,1535531292342013,2018-08-29T09:28:12,button_press,1535531291183013,2018-08-29T09:28:11,,214,106055,6adf7dcd7358e4c15d9a44c23348678f,CD40E53301BD4F62BA2C91352C14FB4C,1534751892109000,2018-08-20T08:58:12,,1220499683,IOS,,SkodaContentViewController,app,-970542389135931756,,1,,,28007,3,,presentation_home_my_presentations,,,,,,,,,1534751892109000,6adf7dcd7358e4c15d9a44c23348678f,uk.co.skoda.assistant.ios,1.1.6,,1:571703561616:ios:777087d7f78ec12a,manual_install,tablet,Apple,iPad,,"iPad7,6",IOS,11.4.1,,,en-gb,No,3600,,,Europe,United Kingdom,England,Andover,,,(direct),(none),(direct),6adf7dcd7358e4c15d9a44c23348678f_1
20180829,1535531293040017,2018-08-29T09:28:13,user_engagement,1535531291473017,2018-08-29T09:28:11,,214,106055,6adf7dcd7358e4c15d9a44c23348678f,CD40E53301BD4F62BA2C91352C14FB4C,1534751892109000,2018-08-20T08:58:12,,1220499683,IOS,,SkodaContentViewController,auto,-970542389135931756,1567,,,,28007,3,,,,,,,,,,,1534751892109000,6adf7dcd7358e4c15d9a44c23348678f,uk.co.skoda.assistant.ios,1.1.6,,1:571703561616:ios:777087d7f78ec12a,manual_install,tablet,Apple,iPad,,"iPad7,6",IOS,11.4.1,,,en-gb,No,3600,,,Europe,United Kingdom,England,Andover,,,(direct),(none),(direct),6adf7dcd7358e4c15d9a44c23348678f_1
20180829,1535531293041014,2018-08-29T09:28:13,screen_view,1535531291473014,2018-08-29T09:28:11,,214,106055,6adf7dcd7358e4c15d9a44c23348678f,CD40E53301BD4F62BA2C91352C14FB4C,1534751892109000,2018-08-20T08:58:12,,1220499683,IOS,,MyPresentationsViewController,auto,-970542389135931753,,1,-970542389135931756,SkodaContentViewController,28007,3,,,,,,,,,,,1534751892109000,6adf7dcd7358e4c15d9a44c23348678f,uk.co.skoda.assistant.ios,1.1.6,,1:571703561616:ios:777087d7f78ec12a,manual_install,tablet,Apple,iPad,,"iPad7,6",IOS,11.4.1,,,en-gb,No,3600,,,Europe,United Kingdom,England,Andover,,,(direct),(none),(direct),6adf7dcd7358e4c15d9a44c23348678f_1
20180829,1535531293972015,2018-08-29T09:28:13,screen_view,1535531293041015,2018-08-29T09:28:13,,214,106055,6adf7dcd7358e4c15d9a44c23348678f,CD40E53301BD4F62BA2C91352C14FB4C,1534751892109000,2018-08-20T08:58:12,,1220499683,IOS,,PresentationExploreSegmentedViewController,auto,-970542389135931752,,1,-970542389135931753,MyPresentationsViewController,28007,3,,,,,,,,,,,1534751892109000,6adf7dcd7358e4c15d9a44c23348678f,uk.co.skoda.assistant.ios,1.1.6,,1:571703561616:ios:777087d7f78ec12a,manual_install,tablet,Apple,iPad,,"iPad7,6",IOS,11.4.1,,,en-gb,No,3600,,,Europe,United Kingdom,England,Andover,,,(direct),(none),(direct),6adf7dcd7358e4c15d9a44c23348678f_1
20180829,1535531294485016,2018-08-29T09:28:14,screen_view,1535531293972016,2018-08-29T09:28:13,,214,106055,6adf7dcd7358e4c15d9a44c23348678f,CD40E53301BD4F62BA2C91352C14FB4C,1534751892109000,2018-08-20T08:58:12,,1220499683,IOS,,PresentationEditorViewController,auto,-970542389135931751,,1,-970542389135931752,PresentationExploreSegmentedViewController,28007,3,,,,,,,,,,,1534751892109000,6adf7dcd7358e4c15d9a44c23348678f,uk.co.skoda.assistant.ios,1.1.6,,1:571703561616:ios:777087d7f78ec12a,manual_install,tablet,Apple,iPad,,"iPad7,6",IOS,11.4.1,,,en-gb,No,3600,,,Europe,United Kingdom,England,Andover,,,(direct),(none),(direct),6adf7dcd7358e4c15d9a44c23348678f_1
20180829,1535531294485020,2018-08-29T09:28:14,user_engagement,1535531293040020,2018-08-29T09:28:13,,214,106055,6adf7dcd7358e4c15d9a44c23348678f,CD40E53301BD4F62BA2C91352C14FB4C,1534751892109000,2018-08-20T08:58:12,,1220499683,IOS,,PresentationExploreSegmentedViewController,auto,-970542389135931752,1444,,,,28007,3,,,,,,,,,,,1534751892109000,6adf7dcd7358e4c15d9a44c23348678f,uk.co.skoda.assistant.ios,1.1.6,,1:571703561616:ios:777087d7f78ec12a,manual_install,tablet,Apple,iPad,,"iPad7,6",IOS,11.4.1,,,en-gb,No,3600,,,Europe,United Kingdom,England,Andover,,,(direct),(none),(direct),6adf7dcd7358e4c15d9a44c23348678f_1
20180829,1535531302970022,2018-08-29T09:28:22,user_engagement,1535531294485022,2018-08-29T09:28:14,,214,106055,6adf7dcd7358e4c15d9a44c23348678f,CD40E53301BD4F62BA2C91352C14FB4C,1534751892109000,2018-08-20T08:58:12,,1220499683,IOS,,PresentationEditorViewController,auto,-970542389135931751,8485,,,,28007,3,,,,,,,,,,,1534751892109000,6adf7dcd7358e4c15d9a44c23348678f,uk.co.skoda.assistant.ios,1.1.6,,1:571703561616:ios:777087d7f78ec12a,manual_install,tablet,Apple,iPad,,"iPad7,6",IOS,11.4.1,,,en-gb,No,3600,,,Europe,United Kingdom,England,Andover,,,(direct),(none),(direct),6adf7dcd7358e4c15d9a44c23348678f_1
20180829,1535531302971017,2018-08-29T09:28:22,screen_view,1535531294485017,2018-08-29T09:28:14,,214,106055,6adf7dcd7358e4c15d9a44c23348678f,CD40E53301BD4F62BA2C91352C14FB4C,1534751892109000,2018-08-20T08:58:12,,1220499683,IOS,,SkodaContentViewController,auto,-970542389135931756,,1,-970542389135931751,PresentationEditorViewController,28007,3,,,,,,,,,,,1534751892109000,6adf7dcd7358e4c15d9a44c23348678f,uk.co.skoda.assistant.ios,1.1.6,,1:571703561616:ios:777087d7f78ec12a,manual_install,tablet,Apple,iPad,,"iPad7,6",IOS,11.4.1,,,en-gb,No,3600,,,Europe,United Kingdom,England,Andover,,,(direct),(none),(direct),6adf7dcd7358e4c15d9a44c23348678f_1
20180829,1535531302971018,2018-08-29T09:28:22,screen_view,1535531302971018,2018-08-29T09:28:22,,214,106055,6adf7dcd7358e4c15d9a44c23348678f,CD40E53301BD4F62BA2C91352C14FB4C,1534751892109000,2018-08-20T08:58:12,,1220499683,IOS,,MyPresentationsViewController,auto,-970542389135931753,,1,-970542389135931756,SkodaContentViewController,28007,3,,,,,,,,,,,1534751892109000,6adf7dcd7358e4c15d9a44c23348678f,uk.co.skoda.assistant.ios,1.1.6,,1:571703561616:ios:777087d7f78ec12a,manual_install,tablet,Apple,iPad,,"iPad7,6",IOS,11.4.1,,,en-gb,No,3600,,,Europe,United Kingdom,England,Andover,,,(direct),(none),(direct),6adf7dcd7358e4c15d9a44c23348678f_1
20180829,1535531304936025,2018-08-29T09:28:24,user_engagement,1535531302970025,2018-08-29T09:28:22,,214,106055,6adf7dcd7358e4c15d9a44c23348678f,CD40E53301BD4F62BA2C91352C14FB4C,1534751892109000,2018-08-20T08:58:12,,1220499683,IOS,,MyPresentationsViewController,auto,-970542389135931753,1965,,,,28007,3,,,,,,,,,,,1534751892109000,6adf7dcd7358e4c15d9a44c23348678f,uk.co.skoda.assistant.ios,1.1.6,,1:571703561616:ios:777087d7f78ec12a,manual_install,tablet,Apple,iPad,,"iPad7,6",IOS,11.4.1,,,en-gb,No,3600,,,Europe,United Kingdom,England,Andover,,,(direct),(none),(direct),6adf7dcd7358e4c15d9a44c23348678f_1
20180829,1535531304937019,2018-08-29T09:28:24,screen_view,1535531302971019,2018-08-29T09:28:22,,214,106055,6adf7dcd7358e4c15d9a44c23348678f,CD40E53301BD4F62BA2C91352C14FB4C,1534751892109000,2018-08-20T08:58:12,,1220499683,IOS,,SkodaContentViewController,auto,-970542389135931756,,1,-970542389135931753,MyPresentationsViewController,28007,3,,,,,,,,,,,1534751892109000,6adf7dcd7358e4c15d9a44c23348678f,uk.co.skoda.assistant.ios,1.1.6,,1:571703561616:ios:777087d7f78ec12a,manual_install,tablet,Apple,iPad,,"iPad7,6",IOS,11.4.1,,,en-gb,No,3600,,,Europe,United Kingdom,England,Andover,,,(direct),(none),(direct),6adf7dcd7358e4c15d9a44c23348678f_1
20180829,1535531314251027,2018-08-29T09:28:34,user_engagement,1535531304936027,2018-08-29T09:28:24,,214,106055,6adf7dcd7358e4c15d9a44c23348678f,CD40E53301BD4F62BA2C91352C14FB4C,1534751892109000,2018-08-20T08:58:12,,1220499683,IOS,,SkodaContentViewController,auto,-970542389135931756,9314,,,,28007,3,,,,,,,,,,,1534751892109000,6adf7dcd7358e4c15d9a44c23348678f,uk.co.skoda.assistant.ios,1.1.6,,1:571703561616:ios:777087d7f78ec12a,manual_install,tablet,Apple,iPad,,"iPad7,6",IOS,11.4.1,,,en-gb,No,3600,,,Europe,United Kingdom,England,Andover,,,(direct),(none),(direct),6adf7dcd7358e4c15d9a44c23348678f_1
20180829,1535531455856020,2018-08-29T09:30:55,button_press,1535531292342020,2018-08-29T09:28:12,,214,106055,6adf7dcd7358e4c15d9a44c23348678f,CD40E53301BD4F62BA2C91352C14FB4C,1534751892109000,2018-08-20T08:58:12,,1220499683,IOS,,SkodaContentViewController,app,-970542389135931756,,1,,,28007,3,,globalnav_range,,,,,,,,,1534751892109000,6adf7dcd7358e4c15d9a44c23348678f,uk.co.skoda.assistant.ios,1.1.6,,1:571703561616:ios:777087d7f78ec12a,manual_install,tablet,Apple,iPad,,"iPad7,6",IOS,11.4.1,,,en-gb,No,3600,,,Europe,United Kingdom,England,Andover,,,(direct),(none),(direct),6adf7dcd7358e4c15d9a44c23348678f_1
20180829,1535531455901021,2018-08-29T09:30:55,button_press,1535531455856021,2018-08-29T09:30:55,,214,106055,6adf7dcd7358e4c15d9a44c23348678f,CD40E53301BD4F62BA2C91352C14FB4C,1534751892109000,2018-08-20T08:58:12,,1220499683,IOS,,SkodaContentViewController,app,-970542389135931756,,1,,,28007,3,,range,,,,,,,,,1534751892109000,6adf7dcd7358e4c15d9a44c23348678f,uk.co.skoda.assistant.ios,1.1.6,,1:571703561616:ios:777087d7f78ec12a,manual_install,tablet,Apple,iPad,,"iPad7,6",IOS,11.4.1,,,en-gb,No,3600,,,Europe,United Kingdom,England,Andover,,,(direct),(none),(direct),6adf7dcd7358e4c15d9a44c23348678f_1
20180829,1535531455974022,2018-08-29T09:30:55,screen_view,1535531304937022,2018-08-29T09:28:24,,214,106055,6adf7dcd7358e4c15d9a44c23348678f,CD40E53301BD4F62BA2C91352C14FB4C,1534751892109000,2018-08-20T08:58:12,,1220499683,IOS,,RangeContentViewController,auto,-970542389135931755,,1,-970542389135931756,SkodaContentViewController,28007,3,,,,,,,,,,,1534751892109000,6adf7dcd7358e4c15d9a44c23348678f,uk.co.skoda.assistant.ios,1.1.6,,1:571703561616:ios:777087d7f78ec12a,manual_install,tablet,Apple,iPad,,"iPad7,6",IOS,11.4.1,,,en-gb,No,3600,,,Europe,United Kingdom,England,Andover,,,(direct),(none),(direct),6adf7dcd7358e4c15d9a44c23348678f_1
20180829,1535531455974030,2018-08-29T09:30:55,user_engagement,1535531314251030,2018-08-29T09:28:34,,214,106055,6adf7dcd7358e4c15d9a44c23348678f,CD40E53301BD4F62BA2C91352C14FB4C,1534751892109000,2018-08-20T08:58:12,,1220499683,IOS,,SkodaContentViewController,auto,-970542389135931756,2596,,,,28007,3,,,,,,,,,,,1534751892109000,6adf7dcd7358e4c15d9a44c23348678f,uk.co.skoda.assistant.ios,1.1.6,,1:571703561616:ios:777087d7f78ec12a,manual_install,tablet,Apple,iPad,,"iPad7,6",IOS,11.4.1,,,en-gb,No,3600,,,Europe,United Kingdom,England,Andover,,,(direct),(none),(direct),6adf7dcd7358e4c15d9a44c23348678f_1
20180829,1535531457622023,2018-08-29T09:30:57,button_press,1535531455901023,2018-08-29T09:30:55,,214,106055,6adf7dcd7358e4c15d9a44c23348678f,CD40E53301BD4F62BA2C91352C14FB4C,1534751892109000,2018-08-20T08:58:12,,1220499683,IOS,,RangeContentViewController,app,-970542389135931755,,1,,,28007,3,SE,range_home_trim_select,6,,,,,,,,1534751892109000,6adf7dcd7358e4c15d9a44c23348678f,uk.co.skoda.assistant.ios,1.1.6,,1:571703561616:ios:777087d7f78ec12a,manual_install,tablet,Apple,iPad,,"iPad7,6",IOS,11.4.1,,,en-gb,No,3600,,,Europe,United Kingdom,England,Andover,,,(direct),(none),(direct),6adf7dcd7358e4c15d9a44c23348678f_1
20180829,1535531458298033,2018-08-29T09:30:58,user_engagement,1535531455974033,2018-08-29T09:30:55,,214,106055,6adf7dcd7358e4c15d9a44c23348678f,CD40E53301BD4F62BA2C91352C14FB4C,1534751892109000,2018-08-20T08:58:12,,1220499683,IOS,,RangeContentViewController,auto,-970542389135931755,2324,,,,28007,3,,,,,,,,,,,1534751892109000,6adf7dcd7358e4c15d9a44c23348678f,uk.co.skoda.assistant.ios,1.1.6,,1:571703561616:ios:777087d7f78ec12a,manual_install,tablet,Apple,iPad,,"iPad7,6",IOS,11.4.1,,,en-gb,No,3600,,,Europe,United Kingdom,England,Andover,,,(direct),(none),(direct),6adf7dcd7358e4c15d9a44c23348678f_1
20180829,1535531458299024,2018-08-29T09:30:58,screen_view,1535531455974024,2018-08-29T09:30:55,,214,106055,6adf7dcd7358e4c15d9a44c23348678f,CD40E53301BD4F62BA2C91352C14FB4C,1534751892109000,2018-08-20T08:58:12,,1220499683,IOS,,SkodaContentViewController,auto,-970542389135931756,,1,-970542389135931755,RangeContentViewController,28007,3,,,,,,,,,,,1534751892109000,6adf7dcd7358e4c15d9a44c23348678f,uk.co.skoda.assistant.ios,1.1.6,,1:571703561616:ios:777087d7f78ec12a,manual_install,tablet,Apple,iPad,,"iPad7,6",IOS,11.4.1,,,en-gb,No,3600,,,Europe,United Kingdom,England,Andover,,,(direct),(none),(direct),6adf7dcd7358e4c15d9a44c23348678f_1
20180829,1535531458299025,2018-08-29T09:30:58,screen_view,1535531458299025,2018-08-29T09:30:58,,214,106055,6adf7dcd7358e4c15d9a44c23348678f,CD40E53301BD4F62BA2C91352C14FB4C,1534751892109000,2018-08-20T08:58:12,,1220499683,IOS,,TrimViewController,auto,-970542389135931750,,1,-970542389135931756,SkodaContentViewController,28007,3,,,,,,,,,,,1534751892109000,6adf7dcd7358e4c15d9a44c23348678f,uk.co.skoda.assistant.ios,1.1.6,,1:571703561616:ios:777087d7f78ec12a,manual_install,tablet,Apple,iPad,,"iPad7,6",IOS,11.4.1,,,en-gb,No,3600,,,Europe,United Kingdom,England,Andover,,,(direct),(none),(direct),6adf7dcd7358e4c15d9a44c23348678f_1
20180829,1535531459461026,2018-08-29T09:30:59,button_press,1535531457622026,2018-08-29T09:30:57,,214,106055,6adf7dcd7358e4c15d9a44c23348678f,CD40E53301BD4F62BA2C91352C14FB4C,1534751892109000,2018-08-20T08:58:12,,1220499683,IOS,,TrimViewController,app,-970542389135931750,,1,,,28007,3,,trim_home_save_selection,,,,,,,,,1534751892109000,6adf7dcd7358e4c15d9a44c23348678f,uk.co.skoda.assistant.ios,1.1.6,,1:571703561616:ios:777087d7f78ec12a,manual_install,tablet,Apple,iPad,,"iPad7,6",IOS,11.4.1,,,en-gb,No,3600,,,Europe,United Kingdom,England,Andover,,,(direct),(none),(direct),6adf7dcd7358e4c15d9a44c23348678f_1
20180829,1535531459939027,2018-08-29T09:30:59,AnalyticsEventShare,1535473428118027,2018-08-28T17:23:48,,214,106055,6adf7dcd7358e4c15d9a44c23348678f,CD40E53301BD4F62BA2C91352C14FB4C,1534751892109000,2018-08-20T08:58:12,,1220499683,IOS,,TrimViewController,app,-970542389135931750,,1,,,28007,3,CITIGO 5 D SE 1.0 MPI 60,,5362,,,,,,,,1534751892109000,6adf7dcd7358e4c15d9a44c23348678f,uk.co.skoda.assistant.ios,1.1.6,,1:571703561616:ios:777087d7f78ec12a,manual_install,tablet,Apple,iPad,,"iPad7,6",IOS,11.4.1,,,en-gb,No,3600,,,Europe,United Kingdom,England,Andover,,,(direct),(none),(direct),6adf7dcd7358e4c15d9a44c23348678f_1
20180829,1535531460510038,2018-08-29T09:31:00,user_engagement,1535531458298038,2018-08-29T09:30:58,,214,106055,6adf7dcd7358e4c15d9a44c23348678f,CD40E53301BD4F62BA2C91352C14FB4C,1534751892109000,2018-08-20T08:58:12,,1220499683,IOS,,TrimViewController,auto,-970542389135931750,2211,,,,28007,3,,,,,,,,,,,1534751892109000,6adf7dcd7358e4c15d9a44c23348678f,uk.co.skoda.assistant.ios,1.1.6,,1:571703561616:ios:777087d7f78ec12a,manual_install,tablet,Apple,iPad,,"iPad7,6",IOS,11.4.1,,,en-gb,No,3600,,,Europe,United Kingdom,England,Andover,,,(direct),(none),(direct),6adf7dcd7358e4c15d9a44c23348678f_1
20180829,1535531460511028,2018-08-29T09:31:00,screen_view,1535531458299028,2018-08-29T09:30:58,,214,106055,6adf7dcd7358e4c15d9a44c23348678f,CD40E53301BD4F62BA2C91352C14FB4C,1534751892109000,2018-08-20T08:58:12,,1220499683,IOS,,EmailGeneratorViewController,auto,-970542389135931749,,1,-970542389135931750,TrimViewController,28007,3,,,,,,,,,,,1534751892109000,6adf7dcd7358e4c15d9a44c23348678f,uk.co.skoda.assistant.ios,1.1.6,,1:571703561616:ios:777087d7f78ec12a,manual_install,tablet,Apple,iPad,,"iPad7,6",IOS,11.4.1,,,en-gb,No,3600,,,Europe,United Kingdom,England,Andover,,,(direct),(none),(direct),6adf7dcd7358e4c15d9a44c23348678f_1
20180829,1535531473769029,2018-08-29T09:31:13,button_press,1535531459461029,2018-08-29T09:30:59,,214,106055,6adf7dcd7358e4c15d9a44c23348678f,CD40E53301BD4F62BA2C91352C14FB4C,1534751892109000,2018-08-20T08:58:12,,1220499683,IOS,,EmailGeneratorViewController,app,-970542389135931749,,1,,,28007,3,,email_create_email,,,,,,,,,1534751892109000,6adf7dcd7358e4c15d9a44c23348678f,uk.co.skoda.assistant.ios,1.1.6,,1:571703561616:ios:777087d7f78ec12a,manual_install,tablet,Apple,iPad,,"iPad7,6",IOS,11.4.1,,,en-gb,No,3600,,,Europe,United Kingdom,England,Andover,,,(direct),(none),(direct),6adf7dcd7358e4c15d9a44c23348678f_1
20180829,1535531474487030,2018-08-29T09:31:14,screen_view,1535531460511030,2018-08-29T09:31:00,,214,106055,6adf7dcd7358e4c15d9a44c23348678f,CD40E53301BD4F62BA2C91352C14FB4C,1534751892109000,2018-08-20T08:58:12,,1220499683,IOS,,MFMailComposeInternalViewController,auto,-970542389135931748,,1,-970542389135931749,EmailGeneratorViewController,28007,3,,,,,,,,,,,1534751892109000,6adf7dcd7358e4c15d9a44c23348678f,uk.co.skoda.assistant.ios,1.1.6,,1:571703561616:ios:777087d7f78ec12a,manual_install,tablet,Apple,iPad,,"iPad7,6",IOS,11.4.1,,,en-gb,No,3600,,,Europe,United Kingdom,England,Andover,,,(direct),(none),(direct),6adf7dcd7358e4c15d9a44c23348678f_1
20180829,1535531474487041,2018-08-29T09:31:14,user_engagement,1535531460510041,2018-08-29T09:31:00,,214,106055,6adf7dcd7358e4c15d9a44c23348678f,CD40E53301BD4F62BA2C91352C14FB4C,1534751892109000,2018-08-20T08:58:12,,1220499683,IOS,,EmailGeneratorViewController,auto,-970542389135931749,13976,,,,28007,3,,,,,,,,,,,1534751892109000,6adf7dcd7358e4c15d9a44c23348678f,uk.co.skoda.assistant.ios,1.1.6,,1:571703561616:ios:777087d7f78ec12a,manual_install,tablet,Apple,iPad,,"iPad7,6",IOS,11.4.1,,,en-gb,No,3600,,,Europe,United Kingdom,England,Andover,,,(direct),(none),(direct),6adf7dcd7358e4c15d9a44c23348678f_1
20180829,1535531475588043,2018-08-29T09:31:15,user_engagement,1535531474487043,2018-08-29T09:31:14,,214,106055,6adf7dcd7358e4c15d9a44c23348678f,CD40E53301BD4F62BA2C91352C14FB4C,1534751892109000,2018-08-20T08:58:12,,1220499683,IOS,,MFMailComposeInternalViewController,auto,-970542389135931748,1101,,,,28007,3,,,,,,,,,,,1534751892109000,6adf7dcd7358e4c15d9a44c23348678f,uk.co.skoda.assistant.ios,1.1.6,,1:571703561616:ios:777087d7f78ec12a,manual_install,tablet,Apple,iPad,,"iPad7,6",IOS,11.4.1,,,en-gb,No,3600,,,Europe,United Kingdom,England,Andover,,,(direct),(none),(direct),6adf7dcd7358e4c15d9a44c23348678f_1
20180829,1535531475589031,2018-08-29T09:31:15,screen_view,1535531474487031,2018-08-29T09:31:14,,214,106055,6adf7dcd7358e4c15d9a44c23348678f,CD40E53301BD4F62BA2C91352C14FB4C,1534751892109000,2018-08-20T08:58:12,,1220499683,IOS,,EmailGeneratorViewController,auto,-970542389135931749,,1,-970542389135931748,MFMailComposeInternalViewController,28007,3,,,,,,,,,,,1534751892109000,6adf7dcd7358e4c15d9a44c23348678f,uk.co.skoda.assistant.ios,1.1.6,,1:571703561616:ios:777087d7f78ec12a,manual_install,tablet,Apple,iPad,,"iPad7,6",IOS,11.4.1,,,en-gb,No,3600,,,Europe,United Kingdom,England,Andover,,,(direct),(none),(direct),6adf7dcd7358e4c15d9a44c23348678f_1
20180829,1535531476107032,2018-08-29T09:31:16,screen_view,1535531475589032,2018-08-29T09:31:15,,214,106055,6adf7dcd7358e4c15d9a44c23348678f,CD40E53301BD4F62BA2C91352C14FB4C,1534751892109000,2018-08-20T08:58:12,,1220499683,IOS,,TrimViewController,auto,-970542389135931750,,1,-970542389135931749,EmailGeneratorViewController,28007,3,,,,,,,,,,,1534751892109000,6adf7dcd7358e4c15d9a44c23348678f,uk.co.skoda.assistant.ios,1.1.6,,1:571703561616:ios:777087d7f78ec12a,manual_install,tablet,Apple,iPad,,"iPad7,6",IOS,11.4.1,,,en-gb,No,3600,,,Europe,United Kingdom,England,Andover,,,(direct),(none),(direct),6adf7dcd7358e4c15d9a44c23348678f_1
20180829,1535531476641046,2018-08-29T09:31:16,user_engagement,1535531475588046,2018-08-29T09:31:15,,214,106055,6adf7dcd7358e4c15d9a44c23348678f,CD40E53301BD4F62BA2C91352C14FB4C,1534751892109000,2018-08-20T08:58:12,,1220499683,IOS,,TrimViewController,auto,-970542389135931750,1052,,,,28007,3,,,,,,,,,,,1534751892109000,6adf7dcd7358e4c15d9a44c23348678f,uk.co.skoda.assistant.ios,1.1.6,,1:571703561616:ios:777087d7f78ec12a,manual_install,tablet,Apple,iPad,,"iPad7,6",IOS,11.4.1,,,en-gb,No,3600,,,Europe,United Kingdom,England,Andover,,,(direct),(none),(direct),6adf7dcd7358e4c15d9a44c23348678f_1
20180829,1535531476642033,2018-08-29T09:31:16,screen_view,1535531476107033,2018-08-29T09:31:16,,214,106055,6adf7dcd7358e4c15d9a44c23348678f,CD40E53301BD4F62BA2C91352C14FB4C,1534751892109000,2018-08-20T08:58:12,,1220499683,IOS,,SkodaAlertController,auto,-970542389135931747,,1,-970542389135931750,TrimViewController,28007,3,,,,,,,,,,,1534751892109000,6adf7dcd7358e4c15d9a44c23348678f,uk.co.skoda.assistant.ios,1.1.6,,1:571703561616:ios:777087d7f78ec12a,manual_install,tablet,Apple,iPad,,"iPad7,6",IOS,11.4.1,,,en-gb,No,3600,,,Europe,United Kingdom,England,Andover,,,(direct),(none),(direct),6adf7dcd7358e4c15d9a44c23348678f_1
20180829,1535531477968034,2018-08-29T09:31:17,button_press,1535531473769034,2018-08-29T09:31:13,,214,106055,6adf7dcd7358e4c15d9a44c23348678f,CD40E53301BD4F62BA2C91352C14FB4C,1534751892109000,2018-08-20T08:58:12,,1220499683,IOS,,SkodaAlertController,app,-970542389135931747,,1,,,28007,3,,refresh_session_dialogue_yes,,,,,,,,,1534751892109000,6adf7dcd7358e4c15d9a44c23348678f,uk.co.skoda.assistant.ios,1.1.6,,1:571703561616:ios:777087d7f78ec12a,manual_install,tablet,Apple,iPad,,"iPad7,6",IOS,11.4.1,,,en-gb,No,3600,,,Europe,United Kingdom,England,Andover,,,(direct),(none),(direct),6adf7dcd7358e4c15d9a44c23348678f_1
20180829,1535531478210049,2018-08-29T09:31:18,user_engagement,1535531476641049,2018-08-29T09:31:16,,214,106055,6adf7dcd7358e4c15d9a44c23348678f,CD40E53301BD4F62BA2C91352C14FB4C,1534751892109000,2018-08-20T08:58:12,,1220499683,IOS,,SkodaAlertController,auto,-970542389135931747,1569,,,,28007,3,,,,,,,,,,,1534751892109000,6adf7dcd7358e4c15d9a44c23348678f,uk.co.skoda.assistant.ios,1.1.6,,1:571703561616:ios:777087d7f78ec12a,manual_install,tablet,Apple,iPad,,"iPad7,6",IOS,11.4.1,,,en-gb,No,3600,,,Europe,United Kingdom,England,Andover,,,(direct),(none),(direct),6adf7dcd7358e4c15d9a44c23348678f_1
20180829,1535531478211035,2018-08-29T09:31:18,screen_view,1535531476642035,2018-08-29T09:31:16,,214,106055,6adf7dcd7358e4c15d9a44c23348678f,CD40E53301BD4F62BA2C91352C14FB4C,1534751892109000,2018-08-20T08:58:12,,1220499683,IOS,,TrimViewController,auto,-970542389135931750,,1,-970542389135931747,SkodaAlertController,28007,3,,,,,,,,,,,1534751892109000,6adf7dcd7358e4c15d9a44c23348678f,uk.co.skoda.assistant.ios,1.1.6,,1:571703561616:ios:777087d7f78ec12a,manual_install,tablet,Apple,iPad,,"iPad7,6",IOS,11.4.1,,,en-gb,No,3600,,,Europe,United Kingdom,England,Andover,,,(direct),(none),(direct),6adf7dcd7358e4c15d9a44c23348678f_1
20180829,1535531478753000,2018-08-29T09:31:18,screen_view,1535531478211000,2018-08-29T09:31:18,,215,106056,6adf7dcd7358e4c15d9a44c23348678f,CD40E53301BD4F62BA2C91352C14FB4C,1534751892109000,2018-08-20T08:58:12,,1220499683,IOS,,SplashViewController,auto,-970542389135931802,,1,-970542389135931750,TrimViewController,28007,3,,,,,,,,,,,1534751892109000,6adf7dcd7358e4c15d9a44c23348678f,uk.co.skoda.assistant.ios,1.1.6,,1:571703561616:ios:777087d7f78ec12a,manual_install,tablet,Apple,iPad,,"iPad7,6",IOS,11.4.1,,,en-gb,No,3600,,,Europe,United Kingdom,England,Andover,,,(direct),(none),(direct),6adf7dcd7358e4c15d9a44c23348678f_1
20180829,1535531478848001,2018-08-29T09:31:18,button_press,1535531477968001,2018-08-29T09:31:17,,215,106056,6adf7dcd7358e4c15d9a44c23348678f,CD40E53301BD4F62BA2C91352C14FB4C,1534751892109000,2018-08-20T08:58:12,,1220499683,IOS,,SplashViewController,app,-970542389135931802,,1,,,28007,3,,globalnav_range,,,,,,,,,1534751892109000,6adf7dcd7358e4c15d9a44c23348678f,uk.co.skoda.assistant.ios,1.1.6,,1:571703561616:ios:777087d7f78ec12a,manual_install,tablet,Apple,iPad,,"iPad7,6",IOS,11.4.1,,,en-gb,No,3600,,,Europe,United Kingdom,England,Andover,,,(direct),(none),(direct),6adf7dcd7358e4c15d9a44c23348678f_1
20180829,1535531478848002,2018-08-29T09:31:18,button_press,1535531478848002,2018-08-29T09:31:18,,215,106056,6adf7dcd7358e4c15d9a44c23348678f,CD40E53301BD4F62BA2C91352C14FB4C,1534751892109000,2018-08-20T08:58:12,,1220499683,IOS,,SplashViewController,app,-970542389135931802,,1,,,28007,3,,range,,,,,,,,,1534751892109000,6adf7dcd7358e4c15d9a44c23348678f,uk.co.skoda.assistant.ios,1.1.6,,1:571703561616:ios:777087d7f78ec12a,manual_install,tablet,Apple,iPad,,"iPad7,6",IOS,11.4.1,,,en-gb,No,3600,,,Europe,United Kingdom,England,Andover,,,(direct),(none),(direct),6adf7dcd7358e4c15d9a44c23348678f_1
20180829,1535531479575003,2018-08-29T09:31:19,screen_view,1535531478753003,2018-08-29T09:31:18,,215,106056,6adf7dcd7358e4c15d9a44c23348678f,CD40E53301BD4F62BA2C91352C14FB4C,1534751892109000,2018-08-20T08:58:12,,1220499683,IOS,,SkodaContentViewController,auto,-970542389135931746,,1,-970542389135931802,SplashViewController,28007,3,,,,,,,,,,,1534751892109000,6adf7dcd7358e4c15d9a44c23348678f,uk.co.skoda.assistant.ios,1.1.6,,1:571703561616:ios:777087d7f78ec12a,manual_install,tablet,Apple,iPad,,"iPad7,6",IOS,11.4.1,,,en-gb,No,3600,,,Europe,United Kingdom,England,Andover,,,(direct),(none),(direct),6adf7dcd7358e4c15d9a44c23348678f_1
20180829,1535531479575003,2018-08-29T09:31:19,user_engagement,1535531478210003,2018-08-29T09:31:18,,215,106056,6adf7dcd7358e4c15d9a44c23348678f,CD40E53301BD4F62BA2C91352C14FB4C,1534751892109000,2018-08-20T08:58:12,,1220499683,IOS,,SplashViewController,auto,-970542389135931802,1364,,,,28007,3,,,,,,,,,,,1534751892109000,6adf7dcd7358e4c15d9a44c23348678f,uk.co.skoda.assistant.ios,1.1.6,,1:571703561616:ios:777087d7f78ec12a,manual_install,tablet,Apple,iPad,,"iPad7,6",IOS,11.4.1,,,en-gb,No,3600,,,Europe,United Kingdom,England,Andover,,,(direct),(none),(direct),6adf7dcd7358e4c15d9a44c23348678f_1
20180829,1535531479576004,2018-08-29T09:31:19,screen_view,1535531479575004,2018-08-29T09:31:19,,215,106056,6adf7dcd7358e4c15d9a44c23348678f,CD40E53301BD4F62BA2C91352C14FB4C,1534751892109000,2018-08-20T08:58:12,,1220499683,IOS,,RangeContentViewController,auto,-970542389135931745,,1,-970542389135931746,SkodaContentViewController,28007,3,,,,,,,,,,,1534751892109000,6adf7dcd7358e4c15d9a44c23348678f,uk.co.skoda.assistant.ios,1.1.6,,1:571703561616:ios:777087d7f78ec12a,manual_install,tablet,Apple,iPad,,"iPad7,6",IOS,11.4.1,,,en-gb,No,3600,,,Europe,United Kingdom,England,Andover,,,(direct),(none),(direct),6adf7dcd7358e4c15d9a44c23348678f_1
20180829,1535531480198006,2018-08-29T09:31:20,user_engagement,1535531479575006,2018-08-29T09:31:19,,215,106056,6adf7dcd7358e4c15d9a44c23348678f,CD40E53301BD4F62BA2C91352C14FB4C,1534751892109000,2018-08-20T08:58:12,,1220499683,IOS,,RangeContentViewController,auto,-970542389135931745,623,,,,28007,3,,,,,,,,,,,1534751892109000,6adf7dcd7358e4c15d9a44c23348678f,uk.co.skoda.assistant.ios,1.1.6,,1:571703561616:ios:777087d7f78ec12a,manual_install,tablet,Apple,iPad,,"iPad7,6",IOS,11.4.1,,,en-gb,No,3600,,,Europe,United Kingdom,England,Andover,,,(direct),(none),(direct),6adf7dcd7358e4c15d9a44c23348678f_1
20180829,1535531706201000,2018-08-29T09:35:06,button_press,1535531478848000,2018-08-29T09:31:18,,216,112658,6adf7dcd7358e4c15d9a44c23348678f,CD40E53301BD4F62BA2C91352C14FB4C,1534751892109000,2018-08-20T08:58:12,,1220499683,IOS,,RangeContentViewController,app,-970542389135931745,,1,,,28007,3,vRS,range_home_trim_select,58,,,,,,,,1534751892109000,6adf7dcd7358e4c15d9a44c23348678f,uk.co.skoda.assistant.ios,1.1.6,,1:571703561616:ios:777087d7f78ec12a,manual_install,tablet,Apple,iPad,,"iPad7,6",IOS,11.4.1,,,en-gb,No,3600,,,Europe,United Kingdom,England,Andover,,,(direct),(none),(direct),6adf7dcd7358e4c15d9a44c23348678f_1
20180829,1535531706843001,2018-08-29T09:35:06,user_engagement,1535531480198001,2018-08-29T09:31:20,,216,112658,6adf7dcd7358e4c15d9a44c23348678f,CD40E53301BD4F62BA2C91352C14FB4C,1534751892109000,2018-08-20T08:58:12,,1220499683,IOS,,RangeContentViewController,auto,-970542389135931745,6180,,,,28007,3,,,,,,,,,,,1534751892109000,6adf7dcd7358e4c15d9a44c23348678f,uk.co.skoda.assistant.ios,1.1.6,,1:571703561616:ios:777087d7f78ec12a,manual_install,tablet,Apple,iPad,,"iPad7,6",IOS,11.4.1,,,en-gb,No,3600,,,Europe,United Kingdom,England,Andover,,,(direct),(none),(direct),6adf7dcd7358e4c15d9a44c23348678f_1
20180829,1535531706844001,2018-08-29T09:35:06,screen_view,1535531479576001,2018-08-29T09:31:19,,216,112658,6adf7dcd7358e4c15d9a44c23348678f,CD40E53301BD4F62BA2C91352C14FB4C,1534751892109000,2018-08-20T08:58:12,,1220499683,IOS,,TrimViewController,auto,-970542389135931744,,1,-970542389135931745,RangeContentViewController,28007,3,,,,,,,,,,,1534751892109000,6adf7dcd7358e4c15d9a44c23348678f,uk.co.skoda.assistant.ios,1.1.6,,1:571703561616:ios:777087d7f78ec12a,manual_install,tablet,Apple,iPad,,"iPad7,6",IOS,11.4.1,,,en-gb,No,3600,,,Europe,United Kingdom,England,Andover,,,(direct),(none),(direct),6adf7dcd7358e4c15d9a44c23348678f_1
20180829,1535531708307002,2018-08-29T09:35:08,button_press,1535531706201002,2018-08-29T09:35:06,,216,112658,6adf7dcd7358e4c15d9a44c23348678f,CD40E53301BD4F62BA2C91352C14FB4C,1534751892109000,2018-08-20T08:58:12,,1220499683,IOS,,TrimViewController,app,-970542389135931744,,1,,,28007,3,2.0 TDI 184PS DSG 4x4,trim_home_engine_select,,5179,,,,,,,1534751892109000,6adf7dcd7358e4c15d9a44c23348678f,uk.co.skoda.assistant.ios,1.1.6,,1:571703561616:ios:777087d7f78ec12a,manual_install,tablet,Apple,iPad,,"iPad7,6",IOS,11.4.1,,,en-gb,No,3600,,,Europe,United Kingdom,England,Andover,,,(direct),(none),(direct),6adf7dcd7358e4c15d9a44c23348678f_1
20180829,1535531709719003,2018-08-29T09:35:09,button_press,1535531708307003,2018-08-29T09:35:08,,216,112658,6adf7dcd7358e4c15d9a44c23348678f,CD40E53301BD4F62BA2C91352C14FB4C,1534751892109000,2018-08-20T08:58:12,,1220499683,IOS,,TrimViewController,app,-970542389135931744,,1,,,28007,3,2.0 TDI 184PS DSG 4x4,trim_home_view_full_details,5179,,,,,,,,1534751892109000,6adf7dcd7358e4c15d9a44c23348678f,uk.co.skoda.assistant.ios,1.1.6,,1:571703561616:ios:777087d7f78ec12a,manual_install,tablet,Apple,iPad,,"iPad7,6",IOS,11.4.1,,,en-gb,No,3600,,,Europe,United Kingdom,England,Andover,,,(direct),(none),(direct),6adf7dcd7358e4c15d9a44c23348678f_1
20180829,1535531710309005,2018-08-29T09:35:10,user_engagement,1535531706843005,2018-08-29T09:35:06,,216,112658,6adf7dcd7358e4c15d9a44c23348678f,CD40E53301BD4F62BA2C91352C14FB4C,1534751892109000,2018-08-20T08:58:12,,1220499683,IOS,,TrimViewController,auto,-970542389135931744,3465,,,,28007,3,,,,,,,,,,,1534751892109000,6adf7dcd7358e4c15d9a44c23348678f,uk.co.skoda.assistant.ios,1.1.6,,1:571703561616:ios:777087d7f78ec12a,manual_install,tablet,Apple,iPad,,"iPad7,6",IOS,11.4.1,,,en-gb,No,3600,,,Europe,United Kingdom,England,Andover,,,(direct),(none),(direct),6adf7dcd7358e4c15d9a44c23348678f_1
20180829,1535531710310004,2018-08-29T09:35:10,screen_view,1535531706844004,2018-08-29T09:35:06,,216,112658,6adf7dcd7358e4c15d9a44c23348678f,CD40E53301BD4F62BA2C91352C14FB4C,1534751892109000,2018-08-20T08:58:12,,1220499683,IOS,,EngineDetailsViewController,auto,-970542389135931743,,1,-970542389135931744,TrimViewController,28007,3,,,,,,,,,,,1534751892109000,6adf7dcd7358e4c15d9a44c23348678f,uk.co.skoda.assistant.ios,1.1.6,,1:571703561616:ios:777087d7f78ec12a,manual_install,tablet,Apple,iPad,,"iPad7,6",IOS,11.4.1,,,en-gb,No,3600,,,Europe,United Kingdom,England,Andover,,,(direct),(none),(direct),6adf7dcd7358e4c15d9a44c23348678f_1
20180829,1535531711634007,2018-08-29T09:35:11,user_engagement,1535531710309007,2018-08-29T09:35:10,,216,112658,6adf7dcd7358e4c15d9a44c23348678f,CD40E53301BD4F62BA2C91352C14FB4C,1534751892109000,2018-08-20T08:58:12,,1220499683,IOS,,EngineDetailsViewController,auto,-970542389135931743,1324,,,,28007,3,,,,,,,,,,,1534751892109000,6adf7dcd7358e4c15d9a44c23348678f,uk.co.skoda.assistant.ios,1.1.6,,1:571703561616:ios:777087d7f78ec12a,manual_install,tablet,Apple,iPad,,"iPad7,6",IOS,11.4.1,,,en-gb,No,3600,,,Europe,United Kingdom,England,Andover,,,(direct),(none),(direct),6adf7dcd7358e4c15d9a44c23348678f_1
20180829,1535531711636005,2018-08-29T09:35:11,screen_view,1535531710310005,2018-08-29T09:35:10,,216,112658,6adf7dcd7358e4c15d9a44c23348678f,CD40E53301BD4F62BA2C91352C14FB4C,1534751892109000,2018-08-20T08:58:12,,1220499683,IOS,,SkodaContentViewController,auto,-970542389135931746,,1,-970542389135931743,EngineDetailsViewController,28007,3,,,,,,,,,,,1534751892109000,6adf7dcd7358e4c15d9a44c23348678f,uk.co.skoda.assistant.ios,1.1.6,,1:571703561616:ios:777087d7f78ec12a,manual_install,tablet,Apple,iPad,,"iPad7,6",IOS,11.4.1,,,en-gb,No,3600,,,Europe,United Kingdom,England,Andover,,,(direct),(none),(direct),6adf7dcd7358e4c15d9a44c23348678f_1
20180829,1535531711639006,2018-08-29T09:35:11,screen_view,1535531711636006,2018-08-29T09:35:11,,216,112658,6adf7dcd7358e4c15d9a44c23348678f,CD40E53301BD4F62BA2C91352C14FB4C,1534751892109000,2018-08-20T08:58:12,,1220499683,IOS,,TrimViewController,auto,-970542389135931744,,1,-970542389135931746,SkodaContentViewController,28007,3,,,,,,,,,,,1534751892109000,6adf7dcd7358e4c15d9a44c23348678f,uk.co.skoda.assistant.ios,1.1.6,,1:571703561616:ios:777087d7f78ec12a,manual_install,tablet,Apple,iPad,,"iPad7,6",IOS,11.4.1,,,en-gb,No,3600,,,Europe,United Kingdom,England,Andover,,,(direct),(none),(direct),6adf7dcd7358e4c15d9a44c23348678f_1
20180829,1535531712455007,2018-08-29T09:35:12,button_press,1535531709719007,2018-08-29T09:35:09,,216,112658,6adf7dcd7358e4c15d9a44c23348678f,CD40E53301BD4F62BA2C91352C14FB4C,1534751892109000,2018-08-20T08:58:12,,1220499683,IOS,,TrimViewController,app,-970542389135931744,,1,,,28007,3,,trim_home_save_selection,,,,,,,,,1534751892109000,6adf7dcd7358e4c15d9a44c23348678f,uk.co.skoda.assistant.ios,1.1.6,,1:571703561616:ios:777087d7f78ec12a,manual_install,tablet,Apple,iPad,,"iPad7,6",IOS,11.4.1,,,en-gb,No,3600,,,Europe,United Kingdom,England,Andover,,,(direct),(none),(direct),6adf7dcd7358e4c15d9a44c23348678f_1
20180829,1535531727703008,2018-08-29T09:35:27,AnalyticsEventShare,1535531459939008,2018-08-29T09:30:59,,216,112658,6adf7dcd7358e4c15d9a44c23348678f,CD40E53301BD4F62BA2C91352C14FB4C,1534751892109000,2018-08-20T08:58:12,,1220499683,IOS,,TrimViewController,app,-970542389135931744,,1,,,28007,3,OCTAVIA ES vRS 2.0 TDI 18,,5179,,,,,,,,1534751892109000,6adf7dcd7358e4c15d9a44c23348678f,uk.co.skoda.assistant.ios,1.1.6,,1:571703561616:ios:777087d7f78ec12a,manual_install,tablet,Apple,iPad,,"iPad7,6",IOS,11.4.1,,,en-gb,No,3600,,,Europe,United Kingdom,England,Andover,,,(direct),(none),(direct),6adf7dcd7358e4c15d9a44c23348678f_1
20180829,1535531728246009,2018-08-29T09:35:28,screen_view,1535531711639009,2018-08-29T09:35:11,,216,112658,6adf7dcd7358e4c15d9a44c23348678f,CD40E53301BD4F62BA2C91352C14FB4C,1534751892109000,2018-08-20T08:58:12,,1220499683,IOS,,EmailGeneratorViewController,auto,-970542389135931742,,1,-970542389135931744,TrimViewController,28007,3,,,,,,,,,,,1534751892109000,6adf7dcd7358e4c15d9a44c23348678f,uk.co.skoda.assistant.ios,1.1.6,,1:571703561616:ios:777087d7f78ec12a,manual_install,tablet,Apple,iPad,,"iPad7,6",IOS,11.4.1,,,en-gb,No,3600,,,Europe,United Kingdom,England,Andover,,,(direct),(none),(direct),6adf7dcd7358e4c15d9a44c23348678f_1
20180829,1535531728246012,2018-08-29T09:35:28,user_engagement,1535531711634012,2018-08-29T09:35:11,,216,112658,6adf7dcd7358e4c15d9a44c23348678f,CD40E53301BD4F62BA2C91352C14FB4C,1534751892109000,2018-08-20T08:58:12,,1220499683,IOS,,TrimViewController,auto,-970542389135931744,16611,,,,28007,3,,,,,,,,,,,1534751892109000,6adf7dcd7358e4c15d9a44c23348678f,uk.co.skoda.assistant.ios,1.1.6,,1:571703561616:ios:777087d7f78ec12a,manual_install,tablet,Apple,iPad,,"iPad7,6",IOS,11.4.1,,,en-gb,No,3600,,,Europe,United Kingdom,England,Andover,,,(direct),(none),(direct),6adf7dcd7358e4c15d9a44c23348678f_1
20180829,1535531730468010,2018-08-29T09:35:30,screen_view,1535531728246010,2018-08-29T09:35:28,,216,112658,6adf7dcd7358e4c15d9a44c23348678f,CD40E53301BD4F62BA2C91352C14FB4C,1534751892109000,2018-08-20T08:58:12,,1220499683,IOS,,TrimViewController,auto,-970542389135931744,,1,-970542389135931742,EmailGeneratorViewController,28007,3,,,,,,,,,,,1534751892109000,6adf7dcd7358e4c15d9a44c23348678f,uk.co.skoda.assistant.ios,1.1.6,,1:571703561616:ios:777087d7f78ec12a,manual_install,tablet,Apple,iPad,,"iPad7,6",IOS,11.4.1,,,en-gb,No,3600,,,Europe,United Kingdom,England,Andover,,,(direct),(none),(direct),6adf7dcd7358e4c15d9a44c23348678f_1
20180829,1535531730468014,2018-08-29T09:35:30,user_engagement,1535531728246014,2018-08-29T09:35:28,,216,112658,6adf7dcd7358e4c15d9a44c23348678f,CD40E53301BD4F62BA2C91352C14FB4C,1534751892109000,2018-08-20T08:58:12,,1220499683,IOS,,EmailGeneratorViewController,auto,-970542389135931742,2221,,,,28007,3,,,,,,,,,,,1534751892109000,6adf7dcd7358e4c15d9a44c23348678f,uk.co.skoda.assistant.ios,1.1.6,,1:571703561616:ios:777087d7f78ec12a,manual_install,tablet,Apple,iPad,,"iPad7,6",IOS,11.4.1,,,en-gb,No,3600,,,Europe,United Kingdom,England,Andover,,,(direct),(none),(direct),6adf7dcd7358e4c15d9a44c23348678f_1
20180829,1535531731853016,2018-08-29T09:35:31,user_engagement,1535531730468016,2018-08-29T09:35:30,,216,112658,6adf7dcd7358e4c15d9a44c23348678f,CD40E53301BD4F62BA2C91352C14FB4C,1534751892109000,2018-08-20T08:58:12,,1220499683,IOS,,TrimViewController,auto,-970542389135931744,1385,,,,28007,3,,,,,,,,,,,1534751892109000,6adf7dcd7358e4c15d9a44c23348678f,uk.co.skoda.assistant.ios,1.1.6,,1:571703561616:ios:777087d7f78ec12a,manual_install,tablet,Apple,iPad,,"iPad7,6",IOS,11.4.1,,,en-gb,No,3600,,,Europe,United Kingdom,England,Andover,,,(direct),(none),(direct),6adf7dcd7358e4c15d9a44c23348678f_1
20180829,1535531751024000,2018-08-29T09:35:51,button_press,1535531712455000,2018-08-29T09:35:12,,217,145878,6adf7dcd7358e4c15d9a44c23348678f,CD40E53301BD4F62BA2C91352C14FB4C,1534751892109000,2018-08-20T08:58:12,,1220499683,IOS,,TrimViewController,app,-970542389135931744,,1,,,28007,3,,globalnav_compare,,,,,,,,,1534751892109000,6adf7dcd7358e4c15d9a44c23348678f,uk.co.skoda.assistant.ios,1.1.6,,1:571703561616:ios:777087d7f78ec12a,manual_install,tablet,Apple,iPad,,"iPad7,6",IOS,11.4.1,,,en-gb,No,3600,,,Europe,United Kingdom,England,Andover,,,(direct),(none),(direct),6adf7dcd7358e4c15d9a44c23348678f_1
20180829,1535531751038001,2018-08-29T09:35:51,button_press,1535531751024001,2018-08-29T09:35:51,,217,145878,6adf7dcd7358e4c15d9a44c23348678f,CD40E53301BD4F62BA2C91352C14FB4C,1534751892109000,2018-08-20T08:58:12,,1220499683,IOS,,TrimViewController,app,-970542389135931744,,1,,,28007,3,,compare,,,,,,,,,1534751892109000,6adf7dcd7358e4c15d9a44c23348678f,uk.co.skoda.assistant.ios,1.1.6,,1:571703561616:ios:777087d7f78ec12a,manual_install,tablet,Apple,iPad,,"iPad7,6",IOS,11.4.1,,,en-gb,No,3600,,,Europe,United Kingdom,England,Andover,,,(direct),(none),(direct),6adf7dcd7358e4c15d9a44c23348678f_1
20180829,1535531751144002,2018-08-29T09:35:51,user_engagement,1535531731853002,2018-08-29T09:35:31,,217,145878,6adf7dcd7358e4c15d9a44c23348678f,CD40E53301BD4F62BA2C91352C14FB4C,1534751892109000,2018-08-20T08:58:12,,1220499683,IOS,,TrimViewController,auto,-970542389135931744,1414,,,,28007,3,,,,,,,,,,,1534751892109000,6adf7dcd7358e4c15d9a44c23348678f,uk.co.skoda.assistant.ios,1.1.6,,1:571703561616:ios:777087d7f78ec12a,manual_install,tablet,Apple,iPad,,"iPad7,6",IOS,11.4.1,,,en-gb,No,3600,,,Europe,United Kingdom,England,Andover,,,(direct),(none),(direct),6adf7dcd7358e4c15d9a44c23348678f_1
20180829,1535531751145002,2018-08-29T09:35:51,screen_view,1535531730468002,2018-08-29T09:35:30,,217,145878,6adf7dcd7358e4c15d9a44c23348678f,CD40E53301BD4F62BA2C91352C14FB4C,1534751892109000,2018-08-20T08:58:12,,1220499683,IOS,,SkodaContentViewController,auto,-970542389135931746,,1,-970542389135931744,TrimViewController,28007,3,,,,,,,,,,,1534751892109000,6adf7dcd7358e4c15d9a44c23348678f,uk.co.skoda.assistant.ios,1.1.6,,1:571703561616:ios:777087d7f78ec12a,manual_install,tablet,Apple,iPad,,"iPad7,6",IOS,11.4.1,,,en-gb,No,3600,,,Europe,United Kingdom,England,Andover,,,(direct),(none),(direct),6adf7dcd7358e4c15d9a44c23348678f_1
20180829,1535531758863003,2018-08-29T09:35:58,button_press,1535531751038003,2018-08-29T09:35:51,,217,145878,6adf7dcd7358e4c15d9a44c23348678f,CD40E53301BD4F62BA2C91352C14FB4C,1534751892109000,2018-08-20T08:58:12,,1220499683,IOS,,SkodaContentViewController,app,-970542389135931746,,1,,,28007,3,,globalnav_presentation,,,,,,,,,1534751892109000,6adf7dcd7358e4c15d9a44c23348678f,uk.co.skoda.assistant.ios,1.1.6,,1:571703561616:ios:777087d7f78ec12a,manual_install,tablet,Apple,iPad,,"iPad7,6",IOS,11.4.1,,,en-gb,No,3600,,,Europe,United Kingdom,England,Andover,,,(direct),(none),(direct),6adf7dcd7358e4c15d9a44c23348678f_1
20180829,1535531758866004,2018-08-29T09:35:58,button_press,1535531758863004,2018-08-29T09:35:58,,217,145878,6adf7dcd7358e4c15d9a44c23348678f,CD40E53301BD4F62BA2C91352C14FB4C,1534751892109000,2018-08-20T08:58:12,,1220499683,IOS,,SkodaContentViewController,app,-970542389135931746,,1,,,28007,3,,presentation,,,,,,,,,1534751892109000,6adf7dcd7358e4c15d9a44c23348678f,uk.co.skoda.assistant.ios,1.1.6,,1:571703561616:ios:777087d7f78ec12a,manual_install,tablet,Apple,iPad,,"iPad7,6",IOS,11.4.1,,,en-gb,No,3600,,,Europe,United Kingdom,England,Andover,,,(direct),(none),(direct),6adf7dcd7358e4c15d9a44c23348678f_1
20180829,1535531760296005,2018-08-29T09:36:00,button_press,1535531758866005,2018-08-29T09:35:58,,217,145878,6adf7dcd7358e4c15d9a44c23348678f,CD40E53301BD4F62BA2C91352C14FB4C,1534751892109000,2018-08-20T08:58:12,,1220499683,IOS,,SkodaContentViewController,app,-970542389135931746,,1,,,28007,3,,presentation_home_my_presentations,,,,,,,,,1534751892109000,6adf7dcd7358e4c15d9a44c23348678f,uk.co.skoda.assistant.ios,1.1.6,,1:571703561616:ios:777087d7f78ec12a,manual_install,tablet,Apple,iPad,,"iPad7,6",IOS,11.4.1,,,en-gb,No,3600,,,Europe,United Kingdom,England,Andover,,,(direct),(none),(direct),6adf7dcd7358e4c15d9a44c23348678f_1
20180829,1535531760908006,2018-08-29T09:36:00,screen_view,1535531751145006,2018-08-29T09:35:51,,217,145878,6adf7dcd7358e4c15d9a44c23348678f,CD40E53301BD4F62BA2C91352C14FB4C,1534751892109000,2018-08-20T08:58:12,,1220499683,IOS,,MyPresentationsViewController,auto,-970542389135931741,,1,-970542389135931746,SkodaContentViewController,28007,3,,,,,,,,,,,1534751892109000,6adf7dcd7358e4c15d9a44c23348678f,uk.co.skoda.assistant.ios,1.1.6,,1:571703561616:ios:777087d7f78ec12a,manual_install,tablet,Apple,iPad,,"iPad7,6",IOS,11.4.1,,,en-gb,No,3600,,,Europe,United Kingdom,England,Andover,,,(direct),(none),(direct),6adf7dcd7358e4c15d9a44c23348678f_1
20180829,1535531760908007,2018-08-29T09:36:00,user_engagement,1535531751144007,2018-08-29T09:35:51,,217,145878,6adf7dcd7358e4c15d9a44c23348678f,CD40E53301BD4F62BA2C91352C14FB4C,1534751892109000,2018-08-20T08:58:12,,1220499683,IOS,,SkodaContentViewController,auto,-970542389135931746,9763,,,,28007,3,,,,,,,,,,,1534751892109000,6adf7dcd7358e4c15d9a44c23348678f,uk.co.skoda.assistant.ios,1.1.6,,1:571703561616:ios:777087d7f78ec12a,manual_install,tablet,Apple,iPad,,"iPad7,6",IOS,11.4.1,,,en-gb,No,3600,,,Europe,United Kingdom,England,Andover,,,(direct),(none),(direct),6adf7dcd7358e4c15d9a44c23348678f_1
20180829,1535531763327007,2018-08-29T09:36:03,screen_view,1535531760908007,2018-08-29T09:36:00,,217,145878,6adf7dcd7358e4c15d9a44c23348678f,CD40E53301BD4F62BA2C91352C14FB4C,1534751892109000,2018-08-20T08:58:12,,1220499683,IOS,,PresentationExploreSegmentedViewController,auto,-970542389135931740,,1,-970542389135931741,MyPresentationsViewController,28007,3,,,,,,,,,,,1534751892109000,6adf7dcd7358e4c15d9a44c23348678f,uk.co.skoda.assistant.ios,1.1.6,,1:571703561616:ios:777087d7f78ec12a,manual_install,tablet,Apple,iPad,,"iPad7,6",IOS,11.4.1,,,en-gb,No,3600,,,Europe,United Kingdom,England,Andover,,,(direct),(none),(direct),6adf7dcd7358e4c15d9a44c23348678f_1
20180829,1535531763327009,2018-08-29T09:36:03,user_engagement,1535531760908009,2018-08-29T09:36:00,,217,145878,6adf7dcd7358e4c15d9a44c23348678f,CD40E53301BD4F62BA2C91352C14FB4C,1534751892109000,2018-08-20T08:58:12,,1220499683,IOS,,MyPresentationsViewController,auto,-970542389135931741,2419,,,,28007,3,,,,,,,,,,,1534751892109000,6adf7dcd7358e4c15d9a44c23348678f,uk.co.skoda.assistant.ios,1.1.6,,1:571703561616:ios:777087d7f78ec12a,manual_install,tablet,Apple,iPad,,"iPad7,6",IOS,11.4.1,,,en-gb,No,3600,,,Europe,United Kingdom,England,Andover,,,(direct),(none),(direct),6adf7dcd7358e4c15d9a44c23348678f_1
20180829,1535531763824008,2018-08-29T09:36:03,screen_view,1535531763327008,2018-08-29T09:36:03,,217,145878,6adf7dcd7358e4c15d9a44c23348678f,CD40E53301BD4F62BA2C91352C14FB4C,1534751892109000,2018-08-20T08:58:12,,1220499683,IOS,,PresentationEditorViewController,auto,-970542389135931739,,1,-970542389135931740,PresentationExploreSegmentedViewController,28007,3,,,,,,,,,,,1534751892109000,6adf7dcd7358e4c15d9a44c23348678f,uk.co.skoda.assistant.ios,1.1.6,,1:571703561616:ios:777087d7f78ec12a,manual_install,tablet,Apple,iPad,,"iPad7,6",IOS,11.4.1,,,en-gb,No,3600,,,Europe,United Kingdom,England,Andover,,,(direct),(none),(direct),6adf7dcd7358e4c15d9a44c23348678f_1
20180829,1535531777318012,2018-08-29T09:36:17,user_engagement,1535531763327012,2018-08-29T09:36:03,,217,145878,6adf7dcd7358e4c15d9a44c23348678f,CD40E53301BD4F62BA2C91352C14FB4C,1534751892109000,2018-08-20T08:58:12,,1220499683,IOS,,PresentationEditorViewController,auto,-970542389135931739,13991,,,,28007,3,,,,,,,,,,,1534751892109000,6adf7dcd7358e4c15d9a44c23348678f,uk.co.skoda.assistant.ios,1.1.6,,1:571703561616:ios:777087d7f78ec12a,manual_install,tablet,Apple,iPad,,"iPad7,6",IOS,11.4.1,,,en-gb,No,3600,,,Europe,United Kingdom,England,Andover,,,(direct),(none),(direct),6adf7dcd7358e4c15d9a44c23348678f_1
20180829,1535531777319009,2018-08-29T09:36:17,screen_view,1535531763824009,2018-08-29T09:36:03,,217,145878,6adf7dcd7358e4c15d9a44c23348678f,CD40E53301BD4F62BA2C91352C14FB4C,1534751892109000,2018-08-20T08:58:12,,1220499683,IOS,,SkodaContentViewController,auto,-970542389135931746,,1,-970542389135931739,PresentationEditorViewController,28007,3,,,,,,,,,,,1534751892109000,6adf7dcd7358e4c15d9a44c23348678f,uk.co.skoda.assistant.ios,1.1.6,,1:571703561616:ios:777087d7f78ec12a,manual_install,tablet,Apple,iPad,,"iPad7,6",IOS,11.4.1,,,en-gb,No,3600,,,Europe,United Kingdom,England,Andover,,,(direct),(none),(direct),6adf7dcd7358e4c15d9a44c23348678f_1
20180829,1535531777319010,2018-08-29T09:36:17,screen_view,1535531777319010,2018-08-29T09:36:17,,217,145878,6adf7dcd7358e4c15d9a44c23348678f,CD40E53301BD4F62BA2C91352C14FB4C,1534751892109000,2018-08-20T08:58:12,,1220499683,IOS,,MyPresentationsViewController,auto,-970542389135931741,,1,-970542389135931746,SkodaContentViewController,28007,3,,,,,,,,,,,1534751892109000,6adf7dcd7358e4c15d9a44c23348678f,uk.co.skoda.assistant.ios,1.1.6,,1:571703561616:ios:777087d7f78ec12a,manual_install,tablet,Apple,iPad,,"iPad7,6",IOS,11.4.1,,,en-gb,No,3600,,,Europe,United Kingdom,England,Andover,,,(direct),(none),(direct),6adf7dcd7358e4c15d9a44c23348678f_1
20180829,1535531778255011,2018-08-29T09:36:18,screen_view,1535531777319011,2018-08-29T09:36:17,,217,145878,6adf7dcd7358e4c15d9a44c23348678f,CD40E53301BD4F62BA2C91352C14FB4C,1534751892109000,2018-08-20T08:58:12,,1220499683,IOS,,SkodaContentViewController,auto,-970542389135931746,,1,-970542389135931741,MyPresentationsViewController,28007,3,,,,,,,,,,,1534751892109000,6adf7dcd7358e4c15d9a44c23348678f,uk.co.skoda.assistant.ios,1.1.6,,1:571703561616:ios:777087d7f78ec12a,manual_install,tablet,Apple,iPad,,"iPad7,6",IOS,11.4.1,,,en-gb,No,3600,,,Europe,United Kingdom,England,Andover,,,(direct),(none),(direct),6adf7dcd7358e4c15d9a44c23348678f_1
20180829,1535531792554012,2018-08-29T09:36:32,AnalyticsEventViewItem,1535291220869012,2018-08-26T14:47:00,,217,145878,6adf7dcd7358e4c15d9a44c23348678f,CD40E53301BD4F62BA2C91352C14FB4C,1534751892109000,2018-08-20T08:58:12,,1220499683,IOS,,SkodaContentViewController,app,-970542389135931746,,1,,,28007,3,,,5b33d71162fde989559265,,,,,,,,1534751892109000,6adf7dcd7358e4c15d9a44c23348678f,uk.co.skoda.assistant.ios,1.1.6,,1:571703561616:ios:777087d7f78ec12a,manual_install,tablet,Apple,iPad,,"iPad7,6",IOS,11.4.1,,,en-gb,No,3600,,,Europe,United Kingdom,England,Andover,,,(direct),(none),(direct),6adf7dcd7358e4c15d9a44c23348678f_1
20180829,1535531792619013,2018-08-29T09:36:32,screen_view,1535531778255013,2018-08-29T09:36:18,,217,145878,6adf7dcd7358e4c15d9a44c23348678f,CD40E53301BD4F62BA2C91352C14FB4C,1534751892109000,2018-08-20T08:58:12,,1220499683,IOS,,PresentationExploreSegmentedViewController,auto,-970542389135931738,,1,-970542389135931746,SkodaContentViewController,28007,3,,,,,,,,,,,1534751892109000,6adf7dcd7358e4c15d9a44c23348678f,uk.co.skoda.assistant.ios,1.1.6,,1:571703561616:ios:777087d7f78ec12a,manual_install,tablet,Apple,iPad,,"iPad7,6",IOS,11.4.1,,,en-gb,No,3600,,,Europe,United Kingdom,England,Andover,,,(direct),(none),(direct),6adf7dcd7358e4c15d9a44c23348678f_1
20180829,1535531792619017,2018-08-29T09:36:32,user_engagement,1535531777318017,2018-08-29T09:36:17,,217,145878,6adf7dcd7358e4c15d9a44c23348678f,CD40E53301BD4F62BA2C91352C14FB4C,1534751892109000,2018-08-20T08:58:12,,1220499683,IOS,,SkodaContentViewController,auto,-970542389135931746,15300,,,,28007,3,,,,,,,,,,,1534751892109000,6adf7dcd7358e4c15d9a44c23348678f,uk.co.skoda.assistant.ios,1.1.6,,1:571703561616:ios:777087d7f78ec12a,manual_install,tablet,Apple,iPad,,"iPad7,6",IOS,11.4.1,,,en-gb,No,3600,,,Europe,United Kingdom,England,Andover,,,(direct),(none),(direct),6adf7dcd7358e4c15d9a44c23348678f_1
20180829,1535531793120014,2018-08-29T09:36:33,screen_view,1535531792619014,2018-08-29T09:36:32,,217,145878,6adf7dcd7358e4c15d9a44c23348678f,CD40E53301BD4F62BA2C91352C14FB4C,1534751892109000,2018-08-20T08:58:12,,1220499683,IOS,,PresentationEditorViewController,auto,-970542389135931737,,1,-970542389135931738,PresentationExploreSegmentedViewController,28007,3,,,,,,,,,,,1534751892109000,6adf7dcd7358e4c15d9a44c23348678f,uk.co.skoda.assistant.ios,1.1.6,,1:571703561616:ios:777087d7f78ec12a,manual_install,tablet,Apple,iPad,,"iPad7,6",IOS,11.4.1,,,en-gb,No,3600,,,Europe,United Kingdom,England,Andover,,,(direct),(none),(direct),6adf7dcd7358e4c15d9a44c23348678f_1
20180829,1535531797152020,2018-08-29T09:36:37,user_engagement,1535531792619020,2018-08-29T09:36:32,,217,145878,6adf7dcd7358e4c15d9a44c23348678f,CD40E53301BD4F62BA2C91352C14FB4C,1534751892109000,2018-08-20T08:58:12,,1220499683,IOS,,PresentationEditorViewController,auto,-970542389135931737,4533,,,,28007,3,,,,,,,,,,,1534751892109000,6adf7dcd7358e4c15d9a44c23348678f,uk.co.skoda.assistant.ios,1.1.6,,1:571703561616:ios:777087d7f78ec12a,manual_install,tablet,Apple,iPad,,"iPad7,6",IOS,11.4.1,,,en-gb,No,3600,,,Europe,United Kingdom,England,Andover,,,(direct),(none),(direct),6adf7dcd7358e4c15d9a44c23348678f_1
20180829,1535531797153015,2018-08-29T09:36:37,screen_view,1535531793120015,2018-08-29T09:36:33,,217,145878,6adf7dcd7358e4c15d9a44c23348678f,CD40E53301BD4F62BA2C91352C14FB4C,1534751892109000,2018-08-20T08:58:12,,1220499683,IOS,,SkodaContentViewController,auto,-970542389135931746,,1,-970542389135931737,PresentationEditorViewController,28007,3,,,,,,,,,,,1534751892109000,6adf7dcd7358e4c15d9a44c23348678f,uk.co.skoda.assistant.ios,1.1.6,,1:571703561616:ios:777087d7f78ec12a,manual_install,tablet,Apple,iPad,,"iPad7,6",IOS,11.4.1,,,en-gb,No,3600,,,Europe,United Kingdom,England,Andover,,,(direct),(none),(direct),6adf7dcd7358e4c15d9a44c23348678f_1
20180829,1535531799326016,2018-08-29T09:36:39,button_press,1535531760296016,2018-08-29T09:36:00,,217,145878,6adf7dcd7358e4c15d9a44c23348678f,CD40E53301BD4F62BA2C91352C14FB4C,1534751892109000,2018-08-20T08:58:12,,1220499683,IOS,,SkodaContentViewController,app,-970542389135931746,,1,,,28007,3,,refresh_session_dialogue,,,,,,,,,1534751892109000,6adf7dcd7358e4c15d9a44c23348678f,uk.co.skoda.assistant.ios,1.1.6,,1:571703561616:ios:777087d7f78ec12a,manual_install,tablet,Apple,iPad,,"iPad7,6",IOS,11.4.1,,,en-gb,No,3600,,,Europe,United Kingdom,England,Andover,,,(direct),(none),(direct),6adf7dcd7358e4c15d9a44c23348678f_1
20180829,1535531799888023,2018-08-29T09:36:39,user_engagement,1535531797152023,2018-08-29T09:36:37,,217,145878,6adf7dcd7358e4c15d9a44c23348678f,CD40E53301BD4F62BA2C91352C14FB4C,1534751892109000,2018-08-20T08:58:12,,1220499683,IOS,,SkodaContentViewController,auto,-970542389135931746,2735,,,,28007,3,,,,,,,,,,,1534751892109000,6adf7dcd7358e4c15d9a44c23348678f,uk.co.skoda.assistant.ios,1.1.6,,1:571703561616:ios:777087d7f78ec12a,manual_install,tablet,Apple,iPad,,"iPad7,6",IOS,11.4.1,,,en-gb,No,3600,,,Europe,United Kingdom,England,Andover,,,(direct),(none),(direct),6adf7dcd7358e4c15d9a44c23348678f_1
20180829,1535531799889017,2018-08-29T09:36:39,screen_view,1535531797153017,2018-08-29T09:36:37,,217,145878,6adf7dcd7358e4c15d9a44c23348678f,CD40E53301BD4F62BA2C91352C14FB4C,1534751892109000,2018-08-20T08:58:12,,1220499683,IOS,,SkodaAlertController,auto,-970542389135931736,,1,-970542389135931746,SkodaContentViewController,28007,3,,,,,,,,,,,1534751892109000,6adf7dcd7358e4c15d9a44c23348678f,uk.co.skoda.assistant.ios,1.1.6,,1:571703561616:ios:777087d7f78ec12a,manual_install,tablet,Apple,iPad,,"iPad7,6",IOS,11.4.1,,,en-gb,No,3600,,,Europe,United Kingdom,England,Andover,,,(direct),(none),(direct),6adf7dcd7358e4c15d9a44c23348678f_1
20180829,1535531800589018,2018-08-29T09:36:40,button_press,1535531799326018,2018-08-29T09:36:39,,217,145878,6adf7dcd7358e4c15d9a44c23348678f,CD40E53301BD4F62BA2C91352C14FB4C,1534751892109000,2018-08-20T08:58:12,,1220499683,IOS,,SkodaAlertController,app,-970542389135931736,,1,,,28007,3,,refresh_session_dialogue_yes,,,,,,,,,1534751892109000,6adf7dcd7358e4c15d9a44c23348678f,uk.co.skoda.assistant.ios,1.1.6,,1:571703561616:ios:777087d7f78ec12a,manual_install,tablet,Apple,iPad,,"iPad7,6",IOS,11.4.1,,,en-gb,No,3600,,,Europe,United Kingdom,England,Andover,,,(direct),(none),(direct),6adf7dcd7358e4c15d9a44c23348678f_1
20180829,1535531800841019,2018-08-29T09:36:40,screen_view,1535531799889019,2018-08-29T09:36:39,,217,145878,6adf7dcd7358e4c15d9a44c23348678f,CD40E53301BD4F62BA2C91352C14FB4C,1534751892109000,2018-08-20T08:58:12,,1220499683,IOS,,SkodaContentViewController,auto,-970542389135931746,,1,-970542389135931736,SkodaAlertController,28007,3,,,,,,,,,,,1534751892109000,6adf7dcd7358e4c15d9a44c23348678f,uk.co.skoda.assistant.ios,1.1.6,,1:571703561616:ios:777087d7f78ec12a,manual_install,tablet,Apple,iPad,,"iPad7,6",IOS,11.4.1,,,en-gb,No,3600,,,Europe,United Kingdom,England,Andover,,,(direct),(none),(direct),6adf7dcd7358e4c15d9a44c23348678f_1
20180829,1535531801366000,2018-08-29T09:36:41,screen_view,1535531800841000,2018-08-29T09:36:40,,218,145879,6adf7dcd7358e4c15d9a44c23348678f,CD40E53301BD4F62BA2C91352C14FB4C,1534751892109000,2018-08-20T08:58:12,,1220499683,IOS,,SplashViewController,auto,-970542389135931802,,1,-970542389135931746,SkodaContentViewController,28007,3,,,,,,,,,,,1534751892109000,6adf7dcd7358e4c15d9a44c23348678f,uk.co.skoda.assistant.ios,1.1.6,,1:571703561616:ios:777087d7f78ec12a,manual_install,tablet,Apple,iPad,,"iPad7,6",IOS,11.4.1,,,en-gb,No,3600,,,Europe,United Kingdom,England,Andover,,,(direct),(none),(direct),6adf7dcd7358e4c15d9a44c23348678f_1
20180829,1535531801366000,2018-08-29T09:36:41,user_engagement,1535531799888000,2018-08-29T09:36:39,,218,145879,6adf7dcd7358e4c15d9a44c23348678f,CD40E53301BD4F62BA2C91352C14FB4C,1534751892109000,2018-08-20T08:58:12,,1220499683,IOS,,SkodaContentViewController,auto,-970542389135931746,1477,,,,28007,3,,,,,,,,,,,1534751892109000,6adf7dcd7358e4c15d9a44c23348678f,uk.co.skoda.assistant.ios,1.1.6,,1:571703561616:ios:777087d7f78ec12a,manual_install,tablet,Apple,iPad,,"iPad7,6",IOS,11.4.1,,,en-gb,No,3600,,,Europe,United Kingdom,England,Andover,,,(direct),(none),(direct),6adf7dcd7358e4c15d9a44c23348678f_1
20180829,1535531801471001,2018-08-29T09:36:41,button_press,1535531800589001,2018-08-29T09:36:40,,218,145879,6adf7dcd7358e4c15d9a44c23348678f,CD40E53301BD4F62BA2C91352C14FB4C,1534751892109000,2018-08-20T08:58:12,,1220499683,IOS,,SplashViewController,app,-970542389135931802,,1,,,28007,3,,globalnav_range,,,,,,,,,1534751892109000,6adf7dcd7358e4c15d9a44c23348678f,uk.co.skoda.assistant.ios,1.1.6,,1:571703561616:ios:777087d7f78ec12a,manual_install,tablet,Apple,iPad,,"iPad7,6",IOS,11.4.1,,,en-gb,No,3600,,,Europe,United Kingdom,England,Andover,,,(direct),(none),(direct),6adf7dcd7358e4c15d9a44c23348678f_1
20180829,1535531801472002,2018-08-29T09:36:41,button_press,1535531801471002,2018-08-29T09:36:41,,218,145879,6adf7dcd7358e4c15d9a44c23348678f,CD40E53301BD4F62BA2C91352C14FB4C,1534751892109000,2018-08-20T08:58:12,,1220499683,IOS,,SplashViewController,app,-970542389135931802,,1,,,28007,3,,range,,,,,,,,,1534751892109000,6adf7dcd7358e4c15d9a44c23348678f,uk.co.skoda.assistant.ios,1.1.6,,1:571703561616:ios:777087d7f78ec12a,manual_install,tablet,Apple,iPad,,"iPad7,6",IOS,11.4.1,,,en-gb,No,3600,,,Europe,United Kingdom,England,Andover,,,(direct),(none),(direct),6adf7dcd7358e4c15d9a44c23348678f_1
20180829,1535531802198003,2018-08-29T09:36:42,screen_view,1535531801366003,2018-08-29T09:36:41,,218,145879,6adf7dcd7358e4c15d9a44c23348678f,CD40E53301BD4F62BA2C91352C14FB4C,1534751892109000,2018-08-20T08:58:12,,1220499683,IOS,,SkodaContentViewController,auto,-970542389135931735,,1,-970542389135931802,SplashViewController,28007,3,,,,,,,,,,,1534751892109000,6adf7dcd7358e4c15d9a44c23348678f,uk.co.skoda.assistant.ios,1.1.6,,1:571703561616:ios:777087d7f78ec12a,manual_install,tablet,Apple,iPad,,"iPad7,6",IOS,11.4.1,,,en-gb,No,3600,,,Europe,United Kingdom,England,Andover,,,(direct),(none),(direct),6adf7dcd7358e4c15d9a44c23348678f_1
20180829,1535531802199004,2018-08-29T09:36:42,screen_view,1535531802198004,2018-08-29T09:36:42,,218,145879,6adf7dcd7358e4c15d9a44c23348678f,CD40E53301BD4F62BA2C91352C14FB4C,1534751892109000,2018-08-20T08:58:12,,1220499683,IOS,,RangeContentViewController,auto,-970542389135931734,,1,-970542389135931735,SkodaContentViewController,28007,3,,,,,,,,,,,1534751892109000,6adf7dcd7358e4c15d9a44c23348678f,uk.co.skoda.assistant.ios,1.1.6,,1:571703561616:ios:777087d7f78ec12a,manual_install,tablet,Apple,iPad,,"iPad7,6",IOS,11.4.1,,,en-gb,No,3600,,,Europe,United Kingdom,England,Andover,,,(direct),(none),(direct),6adf7dcd7358e4c15d9a44c23348678f_1
20180829,1535531802510005,2018-08-29T09:36:42,button_press,1535531801472005,2018-08-29T09:36:41,,218,145879,6adf7dcd7358e4c15d9a44c23348678f,CD40E53301BD4F62BA2C91352C14FB4C,1534751892109000,2018-08-20T08:58:12,,1220499683,IOS,,RangeContentViewController,app,-970542389135931734,,1,,,28007,3,,globalnav_links,,,,,,,,,1534751892109000,6adf7dcd7358e4c15d9a44c23348678f,uk.co.skoda.assistant.ios,1.1.6,,1:571703561616:ios:777087d7f78ec12a,manual_install,tablet,Apple,iPad,,"iPad7,6",IOS,11.4.1,,,en-gb,No,3600,,,Europe,United Kingdom,England,Andover,,,(direct),(none),(direct),6adf7dcd7358e4c15d9a44c23348678f_1
20180829,1535531802520006,2018-08-29T09:36:42,button_press,1535531802510006,2018-08-29T09:36:42,,218,145879,6adf7dcd7358e4c15d9a44c23348678f,CD40E53301BD4F62BA2C91352C14FB4C,1534751892109000,2018-08-20T08:58:12,,1220499683,IOS,,RangeContentViewController,app,-970542389135931734,,1,,,28007,3,,links,,,,,,,,,1534751892109000,6adf7dcd7358e4c15d9a44c23348678f,uk.co.skoda.assistant.ios,1.1.6,,1:571703561616:ios:777087d7f78ec12a,manual_install,tablet,Apple,iPad,,"iPad7,6",IOS,11.4.1,,,en-gb,No,3600,,,Europe,United Kingdom,England,Andover,,,(direct),(none),(direct),6adf7dcd7358e4c15d9a44c23348678f_1
20180829,1535531802608008,2018-08-29T09:36:42,user_engagement,1535531801366008,2018-08-29T09:36:41,,218,145879,6adf7dcd7358e4c15d9a44c23348678f,CD40E53301BD4F62BA2C91352C14FB4C,1534751892109000,2018-08-20T08:58:12,,1220499683,IOS,,RangeContentViewController,auto,-970542389135931734,1242,,,,28007,3,,,,,,,,,,,1534751892109000,6adf7dcd7358e4c15d9a44c23348678f,uk.co.skoda.assistant.ios,1.1.6,,1:571703561616:ios:777087d7f78ec12a,manual_install,tablet,Apple,iPad,,"iPad7,6",IOS,11.4.1,,,en-gb,No,3600,,,Europe,United Kingdom,England,Andover,,,(direct),(none),(direct),6adf7dcd7358e4c15d9a44c23348678f_1
20180829,1535531802609007,2018-08-29T09:36:42,screen_view,1535531802199007,2018-08-29T09:36:42,,218,145879,6adf7dcd7358e4c15d9a44c23348678f,CD40E53301BD4F62BA2C91352C14FB4C,1534751892109000,2018-08-20T08:58:12,,1220499683,IOS,,SkodaContentViewController,auto,-970542389135931735,,1,-970542389135931734,RangeContentViewController,28007,3,,,,,,,,,,,1534751892109000,6adf7dcd7358e4c15d9a44c23348678f,uk.co.skoda.assistant.ios,1.1.6,,1:571703561616:ios:777087d7f78ec12a,manual_install,tablet,Apple,iPad,,"iPad7,6",IOS,11.4.1,,,en-gb,No,3600,,,Europe,United Kingdom,England,Andover,,,(direct),(none),(direct),6adf7dcd7358e4c15d9a44c23348678f_1
20180829,1535531803489008,2018-08-29T09:36:43,link_followed,1535286233140008,2018-08-26T13:23:53,,218,145879,6adf7dcd7358e4c15d9a44c23348678f,CD40E53301BD4F62BA2C91352C14FB4C,1534751892109000,2018-08-20T08:58:12,,1220499683,IOS,,SkodaContentViewController,app,-970542389135931735,,1,,,28007,3,ŠKODA Car Configurator,,7,,,,,,,,1534751892109000,6adf7dcd7358e4c15d9a44c23348678f,uk.co.skoda.assistant.ios,1.1.6,,1:571703561616:ios:777087d7f78ec12a,manual_install,tablet,Apple,iPad,,"iPad7,6",IOS,11.4.1,,,en-gb,No,3600,,,Europe,United Kingdom,England,Andover,,,(direct),(none),(direct),6adf7dcd7358e4c15d9a44c23348678f_1
20180829,1535531803650009,2018-08-29T09:36:43,screen_view,1535531802609009,2018-08-29T09:36:42,,218,145879,6adf7dcd7358e4c15d9a44c23348678f,CD40E53301BD4F62BA2C91352C14FB4C,1534751892109000,2018-08-20T08:58:12,,1220499683,IOS,,SFSafariViewController,auto,-970542389135931733,,1,-970542389135931735,SkodaContentViewController,28007,3,,,,,,,,,,,1534751892109000,6adf7dcd7358e4c15d9a44c23348678f,uk.co.skoda.assistant.ios,1.1.6,,1:571703561616:ios:777087d7f78ec12a,manual_install,tablet,Apple,iPad,,"iPad7,6",IOS,11.4.1,,,en-gb,No,3600,,,Europe,United Kingdom,England,Andover,,,(direct),(none),(direct),6adf7dcd7358e4c15d9a44c23348678f_1
20180829,1535531803650011,2018-08-29T09:36:43,user_engagement,1535531802608011,2018-08-29T09:36:42,,218,145879,6adf7dcd7358e4c15d9a44c23348678f,CD40E53301BD4F62BA2C91352C14FB4C,1534751892109000,2018-08-20T08:58:12,,1220499683,IOS,,SkodaContentViewController,auto,-970542389135931735,1041,,,,28007,3,,,,,,,,,,,1534751892109000,6adf7dcd7358e4c15d9a44c23348678f,uk.co.skoda.assistant.ios,1.1.6,,1:571703561616:ios:777087d7f78ec12a,manual_install,tablet,Apple,iPad,,"iPad7,6",IOS,11.4.1,,,en-gb,No,3600,,,Europe,United Kingdom,England,Andover,,,(direct),(none),(direct),6adf7dcd7358e4c15d9a44c23348678f_1
20180829,1535531829839013,2018-08-29T09:37:09,user_engagement,1535531803650013,2018-08-29T09:36:43,,218,145879,6adf7dcd7358e4c15d9a44c23348678f,CD40E53301BD4F62BA2C91352C14FB4C,1534751892109000,2018-08-20T08:58:12,,1220499683,IOS,,SFSafariViewController,auto,-970542389135931733,26188,,,,28007,3,,,,,,,,,,,1534751892109000,6adf7dcd7358e4c15d9a44c23348678f,uk.co.skoda.assistant.ios,1.1.6,,1:571703561616:ios:777087d7f78ec12a,manual_install,tablet,Apple,iPad,,"iPad7,6",IOS,11.4.1,,,en-gb,No,3600,,,Europe,United Kingdom,England,Andover,,,(direct),(none),(direct),6adf7dcd7358e4c15d9a44c23348678f_1
20180829,1535531889433000,2018-08-29T09:38:09,user_engagement,1535531829839000,2018-08-29T09:37:09,,219,120258,6adf7dcd7358e4c15d9a44c23348678f,CD40E53301BD4F62BA2C91352C14FB4C,1534751892109000,2018-08-20T08:58:12,,1220499683,IOS,,SFSafariViewController,auto,-970542389135931733,16205,,,,28007,3,,,,,,,,,,,1534751892109000,6adf7dcd7358e4c15d9a44c23348678f,uk.co.skoda.assistant.ios,1.1.6,,1:571703561616:ios:777087d7f78ec12a,manual_install,tablet,Apple,iPad,,"iPad7,6",IOS,11.4.1,,,en-gb,No,3600,,,Europe,United Kingdom,England,Andover,,,(direct),(none),(direct),6adf7dcd7358e4c15d9a44c23348678f_1
20180829,1535531889434000,2018-08-29T09:38:09,screen_view,1535531803650000,2018-08-29T09:36:43,,219,120258,6adf7dcd7358e4c15d9a44c23348678f,CD40E53301BD4F62BA2C91352C14FB4C,1534751892109000,2018-08-20T08:58:12,,1220499683,IOS,,SkodaContentViewController,auto,-970542389135931735,,1,-970542389135931733,SFSafariViewController,28007,3,,,,,,,,,,,1534751892109000,6adf7dcd7358e4c15d9a44c23348678f,uk.co.skoda.assistant.ios,1.1.6,,1:571703561616:ios:777087d7f78ec12a,manual_install,tablet,Apple,iPad,,"iPad7,6",IOS,11.4.1,,,en-gb,No,3600,,,Europe,United Kingdom,England,Andover,,,(direct),(none),(direct),6adf7dcd7358e4c15d9a44c23348678f_1
20180829,1535531908242001,2018-08-29T09:38:28,button_press,1535531802520001,2018-08-29T09:36:42,,219,120258,6adf7dcd7358e4c15d9a44c23348678f,CD40E53301BD4F62BA2C91352C14FB4C,1534751892109000,2018-08-20T08:58:12,,1220499683,IOS,,SkodaContentViewController,app,-970542389135931735,,1,,,28007,3,,globalnav_range,,,,,,,,,1534751892109000,6adf7dcd7358e4c15d9a44c23348678f,uk.co.skoda.assistant.ios,1.1.6,,1:571703561616:ios:777087d7f78ec12a,manual_install,tablet,Apple,iPad,,"iPad7,6",IOS,11.4.1,,,en-gb,No,3600,,,Europe,United Kingdom,England,Andover,,,(direct),(none),(direct),6adf7dcd7358e4c15d9a44c23348678f_1
20180829,1535531908279002,2018-08-29T09:38:28,button_press,1535531908242002,2018-08-29T09:38:28,,219,120258,6adf7dcd7358e4c15d9a44c23348678f,CD40E53301BD4F62BA2C91352C14FB4C,1534751892109000,2018-08-20T08:58:12,,1220499683,IOS,,SkodaContentViewController,app,-970542389135931735,,1,,,28007,3,,range,,,,,,,,,1534751892109000,6adf7dcd7358e4c15d9a44c23348678f,uk.co.skoda.assistant.ios,1.1.6,,1:571703561616:ios:777087d7f78ec12a,manual_install,tablet,Apple,iPad,,"iPad7,6",IOS,11.4.1,,,en-gb,No,3600,,,Europe,United Kingdom,England,Andover,,,(direct),(none),(direct),6adf7dcd7358e4c15d9a44c23348678f_1
20180829,1535531908329004,2018-08-29T09:38:28,user_engagement,1535531889433004,2018-08-29T09:38:09,,219,120258,6adf7dcd7358e4c15d9a44c23348678f,CD40E53301BD4F62BA2C91352C14FB4C,1534751892109000,2018-08-20T08:58:12,,1220499683,IOS,,SkodaContentViewController,auto,-970542389135931735,18895,,,,28007,3,,,,,,,,,,,1534751892109000,6adf7dcd7358e4c15d9a44c23348678f,uk.co.skoda.assistant.ios,1.1.6,,1:571703561616:ios:777087d7f78ec12a,manual_install,tablet,Apple,iPad,,"iPad7,6",IOS,11.4.1,,,en-gb,No,3600,,,Europe,United Kingdom,England,Andover,,,(direct),(none),(direct),6adf7dcd7358e4c15d9a44c23348678f_1
20180829,1535531908330003,2018-08-29T09:38:28,screen_view,1535531889434003,2018-08-29T09:38:09,,219,120258,6adf7dcd7358e4c15d9a44c23348678f,CD40E53301BD4F62BA2C91352C14FB4C,1534751892109000,2018-08-20T08:58:12,,1220499683,IOS,,RangeContentViewController,auto,-970542389135931734,,1,-970542389135931735,SkodaContentViewController,28007,3,,,,,,,,,,,1534751892109000,6adf7dcd7358e4c15d9a44c23348678f,uk.co.skoda.assistant.ios,1.1.6,,1:571703561616:ios:777087d7f78ec12a,manual_install,tablet,Apple,iPad,,"iPad7,6",IOS,11.4.1,,,en-gb,No,3600,,,Europe,United Kingdom,England,Andover,,,(direct),(none),(direct),6adf7dcd7358e4c15d9a44c23348678f_1
20180829,1535531908638004,2018-08-29T09:38:28,button_press,1535531908279004,2018-08-29T09:38:28,,219,120258,6adf7dcd7358e4c15d9a44c23348678f,CD40E53301BD4F62BA2C91352C14FB4C,1534751892109000,2018-08-20T08:58:12,,1220499683,IOS,,RangeContentViewController,app,-970542389135931734,,1,,,28007,3,,globalnav_range,,,,,,,,,1534751892109000,6adf7dcd7358e4c15d9a44c23348678f,uk.co.skoda.assistant.ios,1.1.6,,1:571703561616:ios:777087d7f78ec12a,manual_install,tablet,Apple,iPad,,"iPad7,6",IOS,11.4.1,,,en-gb,No,3600,,,Europe,United Kingdom,England,Andover,,,(direct),(none),(direct),6adf7dcd7358e4c15d9a44c23348678f_1
20180829,1535531908865005,2018-08-29T09:38:28,button_press,1535531908638005,2018-08-29T09:38:28,,219,120258,6adf7dcd7358e4c15d9a44c23348678f,CD40E53301BD4F62BA2C91352C14FB4C,1534751892109000,2018-08-20T08:58:12,,1220499683,IOS,,RangeContentViewController,app,-970542389135931734,,1,,,28007,3,,globalnav_range,,,,,,,,,1534751892109000,6adf7dcd7358e4c15d9a44c23348678f,uk.co.skoda.assistant.ios,1.1.6,,1:571703561616:ios:777087d7f78ec12a,manual_install,tablet,Apple,iPad,,"iPad7,6",IOS,11.4.1,,,en-gb,No,3600,,,Europe,United Kingdom,England,Andover,,,(direct),(none),(direct),6adf7dcd7358e4c15d9a44c23348678f_1
20180829,1535531910208008,2018-08-29T09:38:30,user_engagement,1535531908329008,2018-08-29T09:38:28,,219,120258,6adf7dcd7358e4c15d9a44c23348678f,CD40E53301BD4F62BA2C91352C14FB4C,1534751892109000,2018-08-20T08:58:12,,1220499683,IOS,,RangeContentViewController,auto,-970542389135931734,1878,,,,28007,3,,,,,,,,,,,1534751892109000,6adf7dcd7358e4c15d9a44c23348678f,uk.co.skoda.assistant.ios,1.1.6,,1:571703561616:ios:777087d7f78ec12a,manual_install,tablet,Apple,iPad,,"iPad7,6",IOS,11.4.1,,,en-gb,No,3600,,,Europe,United Kingdom,England,Andover,,,(direct),(none),(direct),6adf7dcd7358e4c15d9a44c23348678f_1
20180829,1535534418817000,2018-08-29T10:20:18,screen_view,1535531908330000,2018-08-29T09:38:28,,220,121072,6adf7dcd7358e4c15d9a44c23348678f,CD40E53301BD4F62BA2C91352C14FB4C,1534751892109000,2018-08-20T08:58:12,,1220499683,IOS,,SplashViewController,auto,-5098327230150829070,,1,,,28007,3,,,,,,,,,,,1534751892109000,6adf7dcd7358e4c15d9a44c23348678f,uk.co.skoda.assistant.ios,1.1.6,,1:571703561616:ios:777087d7f78ec12a,manual_install,tablet,Apple,iPad,,"iPad7,6",IOS,11.4.1,,,en-gb,No,3600,,,Europe,United Kingdom,England,Andover,,,(direct),(none),(direct),6adf7dcd7358e4c15d9a44c23348678f_1
20180829,1535534418846001,2018-08-29T10:20:18,screen_view,1535534418817001,2018-08-29T10:20:18,,220,121072,6adf7dcd7358e4c15d9a44c23348678f,CD40E53301BD4F62BA2C91352C14FB4C,1534751892109000,2018-08-20T08:58:12,,1220499683,IOS,,LoginViewController,auto,-5098327230150829069,,1,-5098327230150829070,SplashViewController,28007,3,,,,,,,,,,,1534751892109000,6adf7dcd7358e4c15d9a44c23348678f,uk.co.skoda.assistant.ios,1.1.6,,1:571703561616:ios:777087d7f78ec12a,manual_install,tablet,Apple,iPad,,"iPad7,6",IOS,11.4.1,,,en-gb,No,3600,,,Europe,United Kingdom,England,Andover,,,(direct),(none),(direct),6adf7dcd7358e4c15d9a44c23348678f_1
20180829,1535534428818002,2018-08-29T10:20:28,session_start,1535531100858002,2018-08-29T09:25:00,,220,121072,6adf7dcd7358e4c15d9a44c23348678f,CD40E53301BD4F62BA2C91352C14FB4C,1534751892109000,2018-08-20T08:58:12,,1220499683,IOS,,LoginViewController,auto,-5098327230150829069,,1,,,28007,3,,,,,,,,,,,1534751892109000,6adf7dcd7358e4c15d9a44c23348678f,uk.co.skoda.assistant.ios,1.1.6,,1:571703561616:ios:777087d7f78ec12a,manual_install,tablet,Apple,iPad,,"iPad7,6",IOS,11.4.1,,,en-gb,No,3600,,,Europe,United Kingdom,England,Andover,,,(direct),(none),(direct),6adf7dcd7358e4c15d9a44c23348678f_1
20180829,1535534450539003,2018-08-29T10:20:50,user_engagement,1535531910208003,2018-08-29T09:38:30,,220,121072,6adf7dcd7358e4c15d9a44c23348678f,CD40E53301BD4F62BA2C91352C14FB4C,1534751892109000,2018-08-20T08:58:12,,1220499683,IOS,,LoginViewController,auto,-5098327230150829069,31723,,,,28007,3,,,,,,,,,,,1534751892109000,6adf7dcd7358e4c15d9a44c23348678f,uk.co.skoda.assistant.ios,1.1.6,,1:571703561616:ios:777087d7f78ec12a,manual_install,tablet,Apple,iPad,,"iPad7,6",IOS,11.4.1,,,en-gb,No,3600,,,Europe,United Kingdom,England,Andover,,,(direct),(none),(direct),6adf7dcd7358e4c15d9a44c23348678f_1
20180829,1535534454233000,2018-08-29T10:20:54,user_engagement,1535534450539000,2018-08-29T10:20:50,,221,117381,6adf7dcd7358e4c15d9a44c23348678f,CD40E53301BD4F62BA2C91352C14FB4C,1534751892109000,2018-08-20T08:58:12,,1220499683,IOS,,LoginViewController,auto,-5098327230150829069,2478,,,,28007,3,,,,,,,,,,,1534751892109000,6adf7dcd7358e4c15d9a44c23348678f,uk.co.skoda.assistant.ios,1.1.6,,1:571703561616:ios:777087d7f78ec12a,manual_install,tablet,Apple,iPad,,"iPad7,6",IOS,11.4.1,,,en-gb,No,3600,,,Europe,United Kingdom,England,Andover,,,(direct),(none),(direct),6adf7dcd7358e4c15d9a44c23348678f_1
20180829,1535534454234000,2018-08-29T10:20:54,screen_view,1535534418846000,2018-08-29T10:20:18,,221,117381,6adf7dcd7358e4c15d9a44c23348678f,CD40E53301BD4F62BA2C91352C14FB4C,1534751892109000,2018-08-20T08:58:12,,1220499683,IOS,,SplashViewController,auto,-5098327230150829070,,1,-5098327230150829069,LoginViewController,28007,3,,,,,,,,,,,1534751892109000,6adf7dcd7358e4c15d9a44c23348678f,uk.co.skoda.assistant.ios,1.1.6,,1:571703561616:ios:777087d7f78ec12a,manual_install,tablet,Apple,iPad,,"iPad7,6",IOS,11.4.1,,,en-gb,No,3600,,,Europe,United Kingdom,England,Andover,,,(direct),(none),(direct),6adf7dcd7358e4c15d9a44c23348678f_1
