event_date,event_timestamp,event_iso8601,event_name,event_previous_timestamp,event_previous_iso8601,event_value_in_usd,event_bundle_sequence_id,event_server_timestamp_offset,user_id,user_pseudo_id,user_first_touch_timestamp,user_first_touch_iso8601,user_ltv,stream_id,platform,event_dimensions,firebase_screen_class,firebase_event_origin,firebase_screen_id,engagement_time_msec,firebase_conversion,firebase_previous_id,firebase_previous_class,user_retailer,user_area,AnalyticsParameterTerm,button_name,AnalyticsParameterItemID,engine,Compared_vehicle_1,Compared_vehicle_2,update_with_analytics,previous_first_open_count,previous_app_version,Compared_vehicle_3,first_open_time,user_id,id,version,install_store,firebase_app_id,install_source,category,mobile_brand_name,mobile_model_name,mobile_marketing_name,mobile_os_hardware_model,operating_system,operating_system_version,vendor_id,advertising_id,language,is_limited_ad_tracking,time_zone_offset_seconds,browser,browser,continent,country,region,city,sub_continent,metro,name,medium,source,user_session_generated_id
20180829,1535557283222001,2018-08-29T16:41:23,AnalyticsEventLogin,1535554446446001,2018-08-29T15:54:06,,121,92597,5923b6e92cddb92053bd283b9bcb6730,CF72BE0F3C0C46338C1F4580FD621EF6,1533816862477000,2018-08-09T13:14:22,,1220499683,IOS,,SplashViewController,app,6600130136643342842,,1,,,28060,4,5923b6e92cddb92053bd283b9bcb6730,,,,,,,,,,1533816862477000,5923b6e92cddb92053bd283b9bcb6730,uk.co.skoda.assistant.ios,1.1.6,,1:571703561616:ios:777087d7f78ec12a,manual_install,tablet,Apple,iPad,,"iPad7,6",IOS,11.4.1,,,en-gb,No,3600,,,Europe,United Kingdom,England,Nottingham,,,(direct),(none),(direct),5923b6e92cddb92053bd283b9bcb6730_3
20180829,1535557283378000,2018-08-29T16:41:23,button_press,1535554467751000,2018-08-29T15:54:27,,122,92598,5923b6e92cddb92053bd283b9bcb6730,CF72BE0F3C0C46338C1F4580FD621EF6,1533816862477000,2018-08-09T13:14:22,,1220499683,IOS,,SplashViewController,app,6600130136643342842,,1,,,28060,4,,globalnav_range,,,,,,,,,1533816862477000,5923b6e92cddb92053bd283b9bcb6730,uk.co.skoda.assistant.ios,1.1.6,,1:571703561616:ios:777087d7f78ec12a,manual_install,tablet,Apple,iPad,,"iPad7,6",IOS,11.4.1,,,en-gb,No,3600,,,Europe,United Kingdom,England,Nottingham,,,(direct),(none),(direct),5923b6e92cddb92053bd283b9bcb6730_3
20180829,1535557283379001,2018-08-29T16:41:23,button_press,1535557283378001,2018-08-29T16:41:23,,122,92598,5923b6e92cddb92053bd283b9bcb6730,CF72BE0F3C0C46338C1F4580FD621EF6,1533816862477000,2018-08-09T13:14:22,,1220499683,IOS,,SplashViewController,app,6600130136643342842,,1,,,28060,4,,range,,,,,,,,,1533816862477000,5923b6e92cddb92053bd283b9bcb6730,uk.co.skoda.assistant.ios,1.1.6,,1:571703561616:ios:777087d7f78ec12a,manual_install,tablet,Apple,iPad,,"iPad7,6",IOS,11.4.1,,,en-gb,No,3600,,,Europe,United Kingdom,England,Nottingham,,,(direct),(none),(direct),5923b6e92cddb92053bd283b9bcb6730_3
20180829,1535557284127002,2018-08-29T16:41:24,screen_view,1535557283197002,2018-08-29T16:41:23,,122,92598,5923b6e92cddb92053bd283b9bcb6730,CF72BE0F3C0C46338C1F4580FD621EF6,1533816862477000,2018-08-09T13:14:22,,1220499683,IOS,,SkodaContentViewController,auto,6600130136643342844,,1,6600130136643342842,SplashViewController,28060,4,,,,,,,,,,,1533816862477000,5923b6e92cddb92053bd283b9bcb6730,uk.co.skoda.assistant.ios,1.1.6,,1:571703561616:ios:777087d7f78ec12a,manual_install,tablet,Apple,iPad,,"iPad7,6",IOS,11.4.1,,,en-gb,No,3600,,,Europe,United Kingdom,England,Nottingham,,,(direct),(none),(direct),5923b6e92cddb92053bd283b9bcb6730_3
20180829,1535557284128003,2018-08-29T16:41:24,screen_view,1535557284127003,2018-08-29T16:41:24,,122,92598,5923b6e92cddb92053bd283b9bcb6730,CF72BE0F3C0C46338C1F4580FD621EF6,1533816862477000,2018-08-09T13:14:22,,1220499683,IOS,,RangeContentViewController,auto,6600130136643342845,,1,6600130136643342844,SkodaContentViewController,28060,4,,,,,,,,,,,1533816862477000,5923b6e92cddb92053bd283b9bcb6730,uk.co.skoda.assistant.ios,1.1.6,,1:571703561616:ios:777087d7f78ec12a,manual_install,tablet,Apple,iPad,,"iPad7,6",IOS,11.4.1,,,en-gb,No,3600,,,Europe,United Kingdom,England,Nottingham,,,(direct),(none),(direct),5923b6e92cddb92053bd283b9bcb6730_3
20180829,1535557287521004,2018-08-29T16:41:27,button_press,1535557283379004,2018-08-29T16:41:23,,122,92598,5923b6e92cddb92053bd283b9bcb6730,CF72BE0F3C0C46338C1F4580FD621EF6,1533816862477000,2018-08-09T13:14:22,,1220499683,IOS,,RangeContentViewController,app,6600130136643342845,,1,,,28060,4,,globalnav_presentation,,,,,,,,,1533816862477000,5923b6e92cddb92053bd283b9bcb6730,uk.co.skoda.assistant.ios,1.1.6,,1:571703561616:ios:777087d7f78ec12a,manual_install,tablet,Apple,iPad,,"iPad7,6",IOS,11.4.1,,,en-gb,No,3600,,,Europe,United Kingdom,England,Nottingham,,,(direct),(none),(direct),5923b6e92cddb92053bd283b9bcb6730_3
20180829,1535557287550005,2018-08-29T16:41:27,button_press,1535557287521005,2018-08-29T16:41:27,,122,92598,5923b6e92cddb92053bd283b9bcb6730,CF72BE0F3C0C46338C1F4580FD621EF6,1533816862477000,2018-08-09T13:14:22,,1220499683,IOS,,RangeContentViewController,app,6600130136643342845,,1,,,28060,4,,presentation,,,,,,,,,1533816862477000,5923b6e92cddb92053bd283b9bcb6730,uk.co.skoda.assistant.ios,1.1.6,,1:571703561616:ios:777087d7f78ec12a,manual_install,tablet,Apple,iPad,,"iPad7,6",IOS,11.4.1,,,en-gb,No,3600,,,Europe,United Kingdom,England,Nottingham,,,(direct),(none),(direct),5923b6e92cddb92053bd283b9bcb6730_3
20180829,1535557287850006,2018-08-29T16:41:27,screen_view,1535557284128006,2018-08-29T16:41:24,,122,92598,5923b6e92cddb92053bd283b9bcb6730,CF72BE0F3C0C46338C1F4580FD621EF6,1533816862477000,2018-08-09T13:14:22,,1220499683,IOS,,SkodaContentViewController,auto,6600130136643342844,,1,6600130136643342845,RangeContentViewController,28060,4,,,,,,,,,,,1533816862477000,5923b6e92cddb92053bd283b9bcb6730,uk.co.skoda.assistant.ios,1.1.6,,1:571703561616:ios:777087d7f78ec12a,manual_install,tablet,Apple,iPad,,"iPad7,6",IOS,11.4.1,,,en-gb,No,3600,,,Europe,United Kingdom,England,Nottingham,,,(direct),(none),(direct),5923b6e92cddb92053bd283b9bcb6730_3
20180829,1535557287850006,2018-08-29T16:41:27,user_engagement,1535557283196006,2018-08-29T16:41:23,,122,92598,5923b6e92cddb92053bd283b9bcb6730,CF72BE0F3C0C46338C1F4580FD621EF6,1533816862477000,2018-08-09T13:14:22,,1220499683,IOS,,RangeContentViewController,auto,6600130136643342845,4653,,,,28060,4,,,,,,,,,,,1533816862477000,5923b6e92cddb92053bd283b9bcb6730,uk.co.skoda.assistant.ios,1.1.6,,1:571703561616:ios:777087d7f78ec12a,manual_install,tablet,Apple,iPad,,"iPad7,6",IOS,11.4.1,,,en-gb,No,3600,,,Europe,United Kingdom,England,Nottingham,,,(direct),(none),(direct),5923b6e92cddb92053bd283b9bcb6730_3
20180829,1535557306061007,2018-08-29T16:41:46,AnalyticsEventViewItem,1535554520959007,2018-08-29T15:55:20,,122,92598,5923b6e92cddb92053bd283b9bcb6730,CF72BE0F3C0C46338C1F4580FD621EF6,1533816862477000,2018-08-09T13:14:22,,1220499683,IOS,,SkodaContentViewController,app,6600130136643342844,,1,,,28060,4,,,5b33dd4db4145500797775,,,,,,,,1533816862477000,5923b6e92cddb92053bd283b9bcb6730,uk.co.skoda.assistant.ios,1.1.6,,1:571703561616:ios:777087d7f78ec12a,manual_install,tablet,Apple,iPad,,"iPad7,6",IOS,11.4.1,,,en-gb,No,3600,,,Europe,United Kingdom,England,Nottingham,,,(direct),(none),(direct),5923b6e92cddb92053bd283b9bcb6730_3
20180829,1535557306263008,2018-08-29T16:41:46,screen_view,1535557287850008,2018-08-29T16:41:27,,122,92598,5923b6e92cddb92053bd283b9bcb6730,CF72BE0F3C0C46338C1F4580FD621EF6,1533816862477000,2018-08-09T13:14:22,,1220499683,IOS,,PresentationExploreSegmentedViewController,auto,6600130136643342846,,1,6600130136643342844,SkodaContentViewController,28060,4,,,,,,,,,,,1533816862477000,5923b6e92cddb92053bd283b9bcb6730,uk.co.skoda.assistant.ios,1.1.6,,1:571703561616:ios:777087d7f78ec12a,manual_install,tablet,Apple,iPad,,"iPad7,6",IOS,11.4.1,,,en-gb,No,3600,,,Europe,United Kingdom,England,Nottingham,,,(direct),(none),(direct),5923b6e92cddb92053bd283b9bcb6730_3
20180829,1535557306263009,2018-08-29T16:41:46,user_engagement,1535557287850009,2018-08-29T16:41:27,,122,92598,5923b6e92cddb92053bd283b9bcb6730,CF72BE0F3C0C46338C1F4580FD621EF6,1533816862477000,2018-08-09T13:14:22,,1220499683,IOS,,SkodaContentViewController,auto,6600130136643342844,18412,,,,28060,4,,,,,,,,,,,1533816862477000,5923b6e92cddb92053bd283b9bcb6730,uk.co.skoda.assistant.ios,1.1.6,,1:571703561616:ios:777087d7f78ec12a,manual_install,tablet,Apple,iPad,,"iPad7,6",IOS,11.4.1,,,en-gb,No,3600,,,Europe,United Kingdom,England,Nottingham,,,(direct),(none),(direct),5923b6e92cddb92053bd283b9bcb6730_3
20180829,1535557306758009,2018-08-29T16:41:46,screen_view,1535557306263009,2018-08-29T16:41:46,,122,92598,5923b6e92cddb92053bd283b9bcb6730,CF72BE0F3C0C46338C1F4580FD621EF6,1533816862477000,2018-08-09T13:14:22,,1220499683,IOS,,PresentationEditorViewController,auto,6600130136643342847,,1,6600130136643342846,PresentationExploreSegmentedViewController,28060,4,,,,,,,,,,,1533816862477000,5923b6e92cddb92053bd283b9bcb6730,uk.co.skoda.assistant.ios,1.1.6,,1:571703561616:ios:777087d7f78ec12a,manual_install,tablet,Apple,iPad,,"iPad7,6",IOS,11.4.1,,,en-gb,No,3600,,,Europe,United Kingdom,England,Nottingham,,,(direct),(none),(direct),5923b6e92cddb92053bd283b9bcb6730_3
20180829,1535557312667010,2018-08-29T16:41:52,button_press,1535557287550010,2018-08-29T16:41:27,,122,92598,5923b6e92cddb92053bd283b9bcb6730,CF72BE0F3C0C46338C1F4580FD621EF6,1533816862477000,2018-08-09T13:14:22,,1220499683,IOS,,PresentationEditorViewController,app,6600130136643342847,,1,,,28060,4,,presentation_home_email_presentation,,,,,,,,,1533816862477000,5923b6e92cddb92053bd283b9bcb6730,uk.co.skoda.assistant.ios,1.1.6,,1:571703561616:ios:777087d7f78ec12a,manual_install,tablet,Apple,iPad,,"iPad7,6",IOS,11.4.1,,,en-gb,No,3600,,,Europe,United Kingdom,England,Nottingham,,,(direct),(none),(direct),5923b6e92cddb92053bd283b9bcb6730_3
20180829,1535557313592011,2018-08-29T16:41:53,screen_view,1535557306758011,2018-08-29T16:41:46,,122,92598,5923b6e92cddb92053bd283b9bcb6730,CF72BE0F3C0C46338C1F4580FD621EF6,1533816862477000,2018-08-09T13:14:22,,1220499683,IOS,,MFMailComposeInternalViewController,auto,6600130136643342848,,1,6600130136643342847,PresentationEditorViewController,28060,4,,,,,,,,,,,1533816862477000,5923b6e92cddb92053bd283b9bcb6730,uk.co.skoda.assistant.ios,1.1.6,,1:571703561616:ios:777087d7f78ec12a,manual_install,tablet,Apple,iPad,,"iPad7,6",IOS,11.4.1,,,en-gb,No,3600,,,Europe,United Kingdom,England,Nottingham,,,(direct),(none),(direct),5923b6e92cddb92053bd283b9bcb6730_3
20180829,1535557313592013,2018-08-29T16:41:53,user_engagement,1535557306263013,2018-08-29T16:41:46,,122,92598,5923b6e92cddb92053bd283b9bcb6730,CF72BE0F3C0C46338C1F4580FD621EF6,1533816862477000,2018-08-09T13:14:22,,1220499683,IOS,,PresentationEditorViewController,auto,6600130136643342847,7329,,,,28060,4,,,,,,,,,,,1533816862477000,5923b6e92cddb92053bd283b9bcb6730,uk.co.skoda.assistant.ios,1.1.6,,1:571703561616:ios:777087d7f78ec12a,manual_install,tablet,Apple,iPad,,"iPad7,6",IOS,11.4.1,,,en-gb,No,3600,,,Europe,United Kingdom,England,Nottingham,,,(direct),(none),(direct),5923b6e92cddb92053bd283b9bcb6730_3
20180829,1535557322731012,2018-08-29T16:42:02,screen_view,1535557313592012,2018-08-29T16:41:53,,122,92598,5923b6e92cddb92053bd283b9bcb6730,CF72BE0F3C0C46338C1F4580FD621EF6,1533816862477000,2018-08-09T13:14:22,,1220499683,IOS,,PresentationEditorViewController,auto,6600130136643342847,,1,6600130136643342848,MFMailComposeInternalViewController,28060,4,,,,,,,,,,,1533816862477000,5923b6e92cddb92053bd283b9bcb6730,uk.co.skoda.assistant.ios,1.1.6,,1:571703561616:ios:777087d7f78ec12a,manual_install,tablet,Apple,iPad,,"iPad7,6",IOS,11.4.1,,,en-gb,No,3600,,,Europe,United Kingdom,England,Nottingham,,,(direct),(none),(direct),5923b6e92cddb92053bd283b9bcb6730_3
20180829,1535557322731015,2018-08-29T16:42:02,user_engagement,1535557313592015,2018-08-29T16:41:53,,122,92598,5923b6e92cddb92053bd283b9bcb6730,CF72BE0F3C0C46338C1F4580FD621EF6,1533816862477000,2018-08-09T13:14:22,,1220499683,IOS,,MFMailComposeInternalViewController,auto,6600130136643342848,9138,,,,28060,4,,,,,,,,,,,1533816862477000,5923b6e92cddb92053bd283b9bcb6730,uk.co.skoda.assistant.ios,1.1.6,,1:571703561616:ios:777087d7f78ec12a,manual_install,tablet,Apple,iPad,,"iPad7,6",IOS,11.4.1,,,en-gb,No,3600,,,Europe,United Kingdom,England,Nottingham,,,(direct),(none),(direct),5923b6e92cddb92053bd283b9bcb6730_3
20180829,1535557325966013,2018-08-29T16:42:05,screen_view,1535557322731013,2018-08-29T16:42:02,,122,92598,5923b6e92cddb92053bd283b9bcb6730,CF72BE0F3C0C46338C1F4580FD621EF6,1533816862477000,2018-08-09T13:14:22,,1220499683,IOS,,SkodaContentViewController,auto,6600130136643342844,,1,6600130136643342847,PresentationEditorViewController,28060,4,,,,,,,,,,,1533816862477000,5923b6e92cddb92053bd283b9bcb6730,uk.co.skoda.assistant.ios,1.1.6,,1:571703561616:ios:777087d7f78ec12a,manual_install,tablet,Apple,iPad,,"iPad7,6",IOS,11.4.1,,,en-gb,No,3600,,,Europe,United Kingdom,England,Nottingham,,,(direct),(none),(direct),5923b6e92cddb92053bd283b9bcb6730_3
20180829,1535557325966017,2018-08-29T16:42:05,user_engagement,1535557322731017,2018-08-29T16:42:02,,122,92598,5923b6e92cddb92053bd283b9bcb6730,CF72BE0F3C0C46338C1F4580FD621EF6,1533816862477000,2018-08-09T13:14:22,,1220499683,IOS,,PresentationEditorViewController,auto,6600130136643342847,3234,,,,28060,4,,,,,,,,,,,1533816862477000,5923b6e92cddb92053bd283b9bcb6730,uk.co.skoda.assistant.ios,1.1.6,,1:571703561616:ios:777087d7f78ec12a,manual_install,tablet,Apple,iPad,,"iPad7,6",IOS,11.4.1,,,en-gb,No,3600,,,Europe,United Kingdom,England,Nottingham,,,(direct),(none),(direct),5923b6e92cddb92053bd283b9bcb6730_3
20180829,1535557327888014,2018-08-29T16:42:07,button_press,1535557312667014,2018-08-29T16:41:52,,122,92598,5923b6e92cddb92053bd283b9bcb6730,CF72BE0F3C0C46338C1F4580FD621EF6,1533816862477000,2018-08-09T13:14:22,,1220499683,IOS,,SkodaContentViewController,app,6600130136643342844,,1,,,28060,4,,presentation_home_my_presentations,,,,,,,,,1533816862477000,5923b6e92cddb92053bd283b9bcb6730,uk.co.skoda.assistant.ios,1.1.6,,1:571703561616:ios:777087d7f78ec12a,manual_install,tablet,Apple,iPad,,"iPad7,6",IOS,11.4.1,,,en-gb,No,3600,,,Europe,United Kingdom,England,Nottingham,,,(direct),(none),(direct),5923b6e92cddb92053bd283b9bcb6730_3
20180829,1535557328499020,2018-08-29T16:42:08,user_engagement,1535557325966020,2018-08-29T16:42:05,,122,92598,5923b6e92cddb92053bd283b9bcb6730,CF72BE0F3C0C46338C1F4580FD621EF6,1533816862477000,2018-08-09T13:14:22,,1220499683,IOS,,SkodaContentViewController,auto,6600130136643342844,2533,,,,28060,4,,,,,,,,,,,1533816862477000,5923b6e92cddb92053bd283b9bcb6730,uk.co.skoda.assistant.ios,1.1.6,,1:571703561616:ios:777087d7f78ec12a,manual_install,tablet,Apple,iPad,,"iPad7,6",IOS,11.4.1,,,en-gb,No,3600,,,Europe,United Kingdom,England,Nottingham,,,(direct),(none),(direct),5923b6e92cddb92053bd283b9bcb6730_3
20180829,1535557328500015,2018-08-29T16:42:08,screen_view,1535557325966015,2018-08-29T16:42:05,,122,92598,5923b6e92cddb92053bd283b9bcb6730,CF72BE0F3C0C46338C1F4580FD621EF6,1533816862477000,2018-08-09T13:14:22,,1220499683,IOS,,MyPresentationsViewController,auto,6600130136643342849,,1,6600130136643342844,SkodaContentViewController,28060,4,,,,,,,,,,,1533816862477000,5923b6e92cddb92053bd283b9bcb6730,uk.co.skoda.assistant.ios,1.1.6,,1:571703561616:ios:777087d7f78ec12a,manual_install,tablet,Apple,iPad,,"iPad7,6",IOS,11.4.1,,,en-gb,No,3600,,,Europe,United Kingdom,England,Nottingham,,,(direct),(none),(direct),5923b6e92cddb92053bd283b9bcb6730_3
20180829,1535557330415016,2018-08-29T16:42:10,button_press,1535557327888016,2018-08-29T16:42:07,,122,92598,5923b6e92cddb92053bd283b9bcb6730,CF72BE0F3C0C46338C1F4580FD621EF6,1533816862477000,2018-08-09T13:14:22,,1220499683,IOS,,MyPresentationsViewController,app,6600130136643342849,,1,,,28060,4,,presentation_home_new_presentation,,,,,,,,,1533816862477000,5923b6e92cddb92053bd283b9bcb6730,uk.co.skoda.assistant.ios,1.1.6,,1:571703561616:ios:777087d7f78ec12a,manual_install,tablet,Apple,iPad,,"iPad7,6",IOS,11.4.1,,,en-gb,No,3600,,,Europe,United Kingdom,England,Nottingham,,,(direct),(none),(direct),5923b6e92cddb92053bd283b9bcb6730_3
20180829,1535557331095023,2018-08-29T16:42:11,user_engagement,1535557328499023,2018-08-29T16:42:08,,122,92598,5923b6e92cddb92053bd283b9bcb6730,CF72BE0F3C0C46338C1F4580FD621EF6,1533816862477000,2018-08-09T13:14:22,,1220499683,IOS,,MyPresentationsViewController,auto,6600130136643342849,2595,,,,28060,4,,,,,,,,,,,1533816862477000,5923b6e92cddb92053bd283b9bcb6730,uk.co.skoda.assistant.ios,1.1.6,,1:571703561616:ios:777087d7f78ec12a,manual_install,tablet,Apple,iPad,,"iPad7,6",IOS,11.4.1,,,en-gb,No,3600,,,Europe,United Kingdom,England,Nottingham,,,(direct),(none),(direct),5923b6e92cddb92053bd283b9bcb6730_3
20180829,1535557331096017,2018-08-29T16:42:11,screen_view,1535557328500017,2018-08-29T16:42:08,,122,92598,5923b6e92cddb92053bd283b9bcb6730,CF72BE0F3C0C46338C1F4580FD621EF6,1533816862477000,2018-08-09T13:14:22,,1220499683,IOS,,CreateOrChoosePresentationViewController,auto,6600130136643342850,,1,6600130136643342849,MyPresentationsViewController,28060,4,,,,,,,,,,,1533816862477000,5923b6e92cddb92053bd283b9bcb6730,uk.co.skoda.assistant.ios,1.1.6,,1:571703561616:ios:777087d7f78ec12a,manual_install,tablet,Apple,iPad,,"iPad7,6",IOS,11.4.1,,,en-gb,No,3600,,,Europe,United Kingdom,England,Nottingham,,,(direct),(none),(direct),5923b6e92cddb92053bd283b9bcb6730_3
20180829,1535557353923018,2018-08-29T16:42:33,button_press,1535557330415018,2018-08-29T16:42:10,,122,92598,5923b6e92cddb92053bd283b9bcb6730,CF72BE0F3C0C46338C1F4580FD621EF6,1533816862477000,2018-08-09T13:14:22,,1220499683,IOS,,CreateOrChoosePresentationViewController,app,6600130136643342850,,1,,,28060,4,,presentation_home_create_presentation,,,,,,,,,1533816862477000,5923b6e92cddb92053bd283b9bcb6730,uk.co.skoda.assistant.ios,1.1.6,,1:571703561616:ios:777087d7f78ec12a,manual_install,tablet,Apple,iPad,,"iPad7,6",IOS,11.4.1,,,en-gb,No,3600,,,Europe,United Kingdom,England,Nottingham,,,(direct),(none),(direct),5923b6e92cddb92053bd283b9bcb6730_3
20180829,1535557354457019,2018-08-29T16:42:34,screen_view,1535557331096019,2018-08-29T16:42:11,,122,92598,5923b6e92cddb92053bd283b9bcb6730,CF72BE0F3C0C46338C1F4580FD621EF6,1533816862477000,2018-08-09T13:14:22,,1220499683,IOS,,MyPresentationsViewController,auto,6600130136643342849,,1,6600130136643342850,CreateOrChoosePresentationViewController,28060,4,,,,,,,,,,,1533816862477000,5923b6e92cddb92053bd283b9bcb6730,uk.co.skoda.assistant.ios,1.1.6,,1:571703561616:ios:777087d7f78ec12a,manual_install,tablet,Apple,iPad,,"iPad7,6",IOS,11.4.1,,,en-gb,No,3600,,,Europe,United Kingdom,England,Nottingham,,,(direct),(none),(direct),5923b6e92cddb92053bd283b9bcb6730_3
20180829,1535557354457026,2018-08-29T16:42:34,user_engagement,1535557331095026,2018-08-29T16:42:11,,122,92598,5923b6e92cddb92053bd283b9bcb6730,CF72BE0F3C0C46338C1F4580FD621EF6,1533816862477000,2018-08-09T13:14:22,,1220499683,IOS,,CreateOrChoosePresentationViewController,auto,6600130136643342850,23361,,,,28060,4,,,,,,,,,,,1533816862477000,5923b6e92cddb92053bd283b9bcb6730,uk.co.skoda.assistant.ios,1.1.6,,1:571703561616:ios:777087d7f78ec12a,manual_install,tablet,Apple,iPad,,"iPad7,6",IOS,11.4.1,,,en-gb,No,3600,,,Europe,United Kingdom,England,Nottingham,,,(direct),(none),(direct),5923b6e92cddb92053bd283b9bcb6730_3
20180829,1535557354523020,2018-08-29T16:42:34,screen_view,1535557354457020,2018-08-29T16:42:34,,122,92598,5923b6e92cddb92053bd283b9bcb6730,CF72BE0F3C0C46338C1F4580FD621EF6,1533816862477000,2018-08-09T13:14:22,,1220499683,IOS,,PresentationExploreSegmentedViewController,auto,6600130136643342851,,1,6600130136643342849,MyPresentationsViewController,28060,4,,,,,,,,,,,1533816862477000,5923b6e92cddb92053bd283b9bcb6730,uk.co.skoda.assistant.ios,1.1.6,,1:571703561616:ios:777087d7f78ec12a,manual_install,tablet,Apple,iPad,,"iPad7,6",IOS,11.4.1,,,en-gb,No,3600,,,Europe,United Kingdom,England,Nottingham,,,(direct),(none),(direct),5923b6e92cddb92053bd283b9bcb6730_3
20180829,1535557355024021,2018-08-29T16:42:35,screen_view,1535557354523021,2018-08-29T16:42:34,,122,92598,5923b6e92cddb92053bd283b9bcb6730,CF72BE0F3C0C46338C1F4580FD621EF6,1533816862477000,2018-08-09T13:14:22,,1220499683,IOS,,PresentationEditorViewController,auto,6600130136643342852,,1,6600130136643342851,PresentationExploreSegmentedViewController,28060,4,,,,,,,,,,,1533816862477000,5923b6e92cddb92053bd283b9bcb6730,uk.co.skoda.assistant.ios,1.1.6,,1:571703561616:ios:777087d7f78ec12a,manual_install,tablet,Apple,iPad,,"iPad7,6",IOS,11.4.1,,,en-gb,No,3600,,,Europe,United Kingdom,England,Nottingham,,,(direct),(none),(direct),5923b6e92cddb92053bd283b9bcb6730_3
20180829,1535557360684030,2018-08-29T16:42:40,user_engagement,1535557354457030,2018-08-29T16:42:34,,122,92598,5923b6e92cddb92053bd283b9bcb6730,CF72BE0F3C0C46338C1F4580FD621EF6,1533816862477000,2018-08-09T13:14:22,,1220499683,IOS,,PresentationEditorViewController,auto,6600130136643342852,6227,,,,28060,4,,,,,,,,,,,1533816862477000,5923b6e92cddb92053bd283b9bcb6730,uk.co.skoda.assistant.ios,1.1.6,,1:571703561616:ios:777087d7f78ec12a,manual_install,tablet,Apple,iPad,,"iPad7,6",IOS,11.4.1,,,en-gb,No,3600,,,Europe,United Kingdom,England,Nottingham,,,(direct),(none),(direct),5923b6e92cddb92053bd283b9bcb6730_3
20180829,1535557360685022,2018-08-29T16:42:40,screen_view,1535557355024022,2018-08-29T16:42:35,,122,92598,5923b6e92cddb92053bd283b9bcb6730,CF72BE0F3C0C46338C1F4580FD621EF6,1533816862477000,2018-08-09T13:14:22,,1220499683,IOS,,TemplateViewController,auto,6600130136643342853,,1,6600130136643342852,PresentationEditorViewController,28060,4,,,,,,,,,,,1533816862477000,5923b6e92cddb92053bd283b9bcb6730,uk.co.skoda.assistant.ios,1.1.6,,1:571703561616:ios:777087d7f78ec12a,manual_install,tablet,Apple,iPad,,"iPad7,6",IOS,11.4.1,,,en-gb,No,3600,,,Europe,United Kingdom,England,Nottingham,,,(direct),(none),(direct),5923b6e92cddb92053bd283b9bcb6730_3
20180829,1535557428365032,2018-08-29T16:43:48,user_engagement,1535557360684032,2018-08-29T16:42:40,,122,92598,5923b6e92cddb92053bd283b9bcb6730,CF72BE0F3C0C46338C1F4580FD621EF6,1533816862477000,2018-08-09T13:14:22,,1220499683,IOS,,TemplateViewController,auto,6600130136643342853,67680,,,,28060,4,,,,,,,,,,,1533816862477000,5923b6e92cddb92053bd283b9bcb6730,uk.co.skoda.assistant.ios,1.1.6,,1:571703561616:ios:777087d7f78ec12a,manual_install,tablet,Apple,iPad,,"iPad7,6",IOS,11.4.1,,,en-gb,No,3600,,,Europe,United Kingdom,England,Nottingham,,,(direct),(none),(direct),5923b6e92cddb92053bd283b9bcb6730_3
20180829,1535557428366023,2018-08-29T16:43:48,screen_view,1535557360685023,2018-08-29T16:42:40,,122,92598,5923b6e92cddb92053bd283b9bcb6730,CF72BE0F3C0C46338C1F4580FD621EF6,1533816862477000,2018-08-09T13:14:22,,1220499683,IOS,,PresentationExploreSegmentedViewController,auto,6600130136643342851,,1,6600130136643342853,TemplateViewController,28060,4,,,,,,,,,,,1533816862477000,5923b6e92cddb92053bd283b9bcb6730,uk.co.skoda.assistant.ios,1.1.6,,1:571703561616:ios:777087d7f78ec12a,manual_install,tablet,Apple,iPad,,"iPad7,6",IOS,11.4.1,,,en-gb,No,3600,,,Europe,United Kingdom,England,Nottingham,,,(direct),(none),(direct),5923b6e92cddb92053bd283b9bcb6730_3
20180829,1535557428874024,2018-08-29T16:43:48,screen_view,1535557428366024,2018-08-29T16:43:48,,122,92598,5923b6e92cddb92053bd283b9bcb6730,CF72BE0F3C0C46338C1F4580FD621EF6,1533816862477000,2018-08-09T13:14:22,,1220499683,IOS,,SkodaContentViewController,auto,6600130136643342844,,1,6600130136643342851,PresentationExploreSegmentedViewController,28060,4,,,,,,,,,,,1533816862477000,5923b6e92cddb92053bd283b9bcb6730,uk.co.skoda.assistant.ios,1.1.6,,1:571703561616:ios:777087d7f78ec12a,manual_install,tablet,Apple,iPad,,"iPad7,6",IOS,11.4.1,,,en-gb,No,3600,,,Europe,United Kingdom,England,Nottingham,,,(direct),(none),(direct),5923b6e92cddb92053bd283b9bcb6730_3
20180829,1535557428876025,2018-08-29T16:43:48,screen_view,1535557428874025,2018-08-29T16:43:48,,122,92598,5923b6e92cddb92053bd283b9bcb6730,CF72BE0F3C0C46338C1F4580FD621EF6,1533816862477000,2018-08-09T13:14:22,,1220499683,IOS,,PresentationEditorViewController,auto,6600130136643342852,,1,6600130136643342844,SkodaContentViewController,28060,4,,,,,,,,,,,1533816862477000,5923b6e92cddb92053bd283b9bcb6730,uk.co.skoda.assistant.ios,1.1.6,,1:571703561616:ios:777087d7f78ec12a,manual_install,tablet,Apple,iPad,,"iPad7,6",IOS,11.4.1,,,en-gb,No,3600,,,Europe,United Kingdom,England,Nottingham,,,(direct),(none),(direct),5923b6e92cddb92053bd283b9bcb6730_3
20180829,1535557441589026,2018-08-29T16:44:01,screen_view,1535557428876026,2018-08-29T16:43:48,,122,92598,5923b6e92cddb92053bd283b9bcb6730,CF72BE0F3C0C46338C1F4580FD621EF6,1533816862477000,2018-08-09T13:14:22,,1220499683,IOS,,PresentationExploreAssetViewController,auto,6600130136643342854,,1,6600130136643342852,PresentationEditorViewController,28060,4,,,,,,,,,,,1533816862477000,5923b6e92cddb92053bd283b9bcb6730,uk.co.skoda.assistant.ios,1.1.6,,1:571703561616:ios:777087d7f78ec12a,manual_install,tablet,Apple,iPad,,"iPad7,6",IOS,11.4.1,,,en-gb,No,3600,,,Europe,United Kingdom,England,Nottingham,,,(direct),(none),(direct),5923b6e92cddb92053bd283b9bcb6730_3
20180829,1535557441589036,2018-08-29T16:44:01,user_engagement,1535557428365036,2018-08-29T16:43:48,,122,92598,5923b6e92cddb92053bd283b9bcb6730,CF72BE0F3C0C46338C1F4580FD621EF6,1533816862477000,2018-08-09T13:14:22,,1220499683,IOS,,PresentationEditorViewController,auto,6600130136643342852,13223,,,,28060,4,,,,,,,,,,,1533816862477000,5923b6e92cddb92053bd283b9bcb6730,uk.co.skoda.assistant.ios,1.1.6,,1:571703561616:ios:777087d7f78ec12a,manual_install,tablet,Apple,iPad,,"iPad7,6",IOS,11.4.1,,,en-gb,No,3600,,,Europe,United Kingdom,England,Nottingham,,,(direct),(none),(direct),5923b6e92cddb92053bd283b9bcb6730_3
20180829,1535557475036027,2018-08-29T16:44:35,button_press,1535557353923027,2018-08-29T16:42:33,,122,92598,5923b6e92cddb92053bd283b9bcb6730,CF72BE0F3C0C46338C1F4580FD621EF6,1533816862477000,2018-08-09T13:14:22,,1220499683,IOS,,PresentationExploreAssetViewController,app,6600130136643342854,,1,,,28060,4,,presentation_home_email_presentation,,,,,,,,,1533816862477000,5923b6e92cddb92053bd283b9bcb6730,uk.co.skoda.assistant.ios,1.1.6,,1:571703561616:ios:777087d7f78ec12a,manual_install,tablet,Apple,iPad,,"iPad7,6",IOS,11.4.1,,,en-gb,No,3600,,,Europe,United Kingdom,England,Nottingham,,,(direct),(none),(direct),5923b6e92cddb92053bd283b9bcb6730_3
20180829,1535557475704028,2018-08-29T16:44:35,screen_view,1535557441589028,2018-08-29T16:44:01,,122,92598,5923b6e92cddb92053bd283b9bcb6730,CF72BE0F3C0C46338C1F4580FD621EF6,1533816862477000,2018-08-09T13:14:22,,1220499683,IOS,,MFMailComposeInternalViewController,auto,6600130136643342855,,1,6600130136643342854,PresentationExploreAssetViewController,28060,4,,,,,,,,,,,1533816862477000,5923b6e92cddb92053bd283b9bcb6730,uk.co.skoda.assistant.ios,1.1.6,,1:571703561616:ios:777087d7f78ec12a,manual_install,tablet,Apple,iPad,,"iPad7,6",IOS,11.4.1,,,en-gb,No,3600,,,Europe,United Kingdom,England,Nottingham,,,(direct),(none),(direct),5923b6e92cddb92053bd283b9bcb6730_3
20180829,1535557475704039,2018-08-29T16:44:35,user_engagement,1535557441589039,2018-08-29T16:44:01,,122,92598,5923b6e92cddb92053bd283b9bcb6730,CF72BE0F3C0C46338C1F4580FD621EF6,1533816862477000,2018-08-09T13:14:22,,1220499683,IOS,,PresentationExploreAssetViewController,auto,6600130136643342854,34114,,,,28060,4,,,,,,,,,,,1533816862477000,5923b6e92cddb92053bd283b9bcb6730,uk.co.skoda.assistant.ios,1.1.6,,1:571703561616:ios:777087d7f78ec12a,manual_install,tablet,Apple,iPad,,"iPad7,6",IOS,11.4.1,,,en-gb,No,3600,,,Europe,United Kingdom,England,Nottingham,,,(direct),(none),(direct),5923b6e92cddb92053bd283b9bcb6730_3
20180829,1535557486140029,2018-08-29T16:44:46,screen_view,1535557475704029,2018-08-29T16:44:35,,122,92598,5923b6e92cddb92053bd283b9bcb6730,CF72BE0F3C0C46338C1F4580FD621EF6,1533816862477000,2018-08-09T13:14:22,,1220499683,IOS,,PresentationExploreAssetViewController,auto,6600130136643342854,,1,6600130136643342855,MFMailComposeInternalViewController,28060,4,,,,,,,,,,,1533816862477000,5923b6e92cddb92053bd283b9bcb6730,uk.co.skoda.assistant.ios,1.1.6,,1:571703561616:ios:777087d7f78ec12a,manual_install,tablet,Apple,iPad,,"iPad7,6",IOS,11.4.1,,,en-gb,No,3600,,,Europe,United Kingdom,England,Nottingham,,,(direct),(none),(direct),5923b6e92cddb92053bd283b9bcb6730_3
20180829,1535557486140041,2018-08-29T16:44:46,user_engagement,1535557475704041,2018-08-29T16:44:35,,122,92598,5923b6e92cddb92053bd283b9bcb6730,CF72BE0F3C0C46338C1F4580FD621EF6,1533816862477000,2018-08-09T13:14:22,,1220499683,IOS,,MFMailComposeInternalViewController,auto,6600130136643342855,10436,,,,28060,4,,,,,,,,,,,1533816862477000,5923b6e92cddb92053bd283b9bcb6730,uk.co.skoda.assistant.ios,1.1.6,,1:571703561616:ios:777087d7f78ec12a,manual_install,tablet,Apple,iPad,,"iPad7,6",IOS,11.4.1,,,en-gb,No,3600,,,Europe,United Kingdom,England,Nottingham,,,(direct),(none),(direct),5923b6e92cddb92053bd283b9bcb6730_3
20180829,1535557522479030,2018-08-29T16:45:22,screen_view,1535557486140030,2018-08-29T16:44:46,,122,92598,5923b6e92cddb92053bd283b9bcb6730,CF72BE0F3C0C46338C1F4580FD621EF6,1533816862477000,2018-08-09T13:14:22,,1220499683,IOS,,SkodaContentViewController,auto,6600130136643342844,,1,6600130136643342854,PresentationExploreAssetViewController,28060,4,,,,,,,,,,,1533816862477000,5923b6e92cddb92053bd283b9bcb6730,uk.co.skoda.assistant.ios,1.1.6,,1:571703561616:ios:777087d7f78ec12a,manual_install,tablet,Apple,iPad,,"iPad7,6",IOS,11.4.1,,,en-gb,No,3600,,,Europe,United Kingdom,England,Nottingham,,,(direct),(none),(direct),5923b6e92cddb92053bd283b9bcb6730_3
20180829,1535557522479043,2018-08-29T16:45:22,user_engagement,1535557486140043,2018-08-29T16:44:46,,122,92598,5923b6e92cddb92053bd283b9bcb6730,CF72BE0F3C0C46338C1F4580FD621EF6,1533816862477000,2018-08-09T13:14:22,,1220499683,IOS,,PresentationExploreAssetViewController,auto,6600130136643342854,36338,,,,28060,4,,,,,,,,,,,1533816862477000,5923b6e92cddb92053bd283b9bcb6730,uk.co.skoda.assistant.ios,1.1.6,,1:571703561616:ios:777087d7f78ec12a,manual_install,tablet,Apple,iPad,,"iPad7,6",IOS,11.4.1,,,en-gb,No,3600,,,Europe,United Kingdom,England,Nottingham,,,(direct),(none),(direct),5923b6e92cddb92053bd283b9bcb6730_3
20180829,1535557522480031,2018-08-29T16:45:22,screen_view,1535557522479031,2018-08-29T16:45:22,,122,92598,5923b6e92cddb92053bd283b9bcb6730,CF72BE0F3C0C46338C1F4580FD621EF6,1533816862477000,2018-08-09T13:14:22,,1220499683,IOS,,MyPresentationsViewController,auto,6600130136643342849,,1,6600130136643342844,SkodaContentViewController,28060,4,,,,,,,,,,,1533816862477000,5923b6e92cddb92053bd283b9bcb6730,uk.co.skoda.assistant.ios,1.1.6,,1:571703561616:ios:777087d7f78ec12a,manual_install,tablet,Apple,iPad,,"iPad7,6",IOS,11.4.1,,,en-gb,No,3600,,,Europe,United Kingdom,England,Nottingham,,,(direct),(none),(direct),5923b6e92cddb92053bd283b9bcb6730_3
20180829,1535557524710032,2018-08-29T16:45:24,button_press,1535557475036032,2018-08-29T16:44:35,,122,92598,5923b6e92cddb92053bd283b9bcb6730,CF72BE0F3C0C46338C1F4580FD621EF6,1533816862477000,2018-08-09T13:14:22,,1220499683,IOS,,MyPresentationsViewController,app,6600130136643342849,,1,,,28060,4,,presentation_home_delete_presentation,,,,,,,,,1533816862477000,5923b6e92cddb92053bd283b9bcb6730,uk.co.skoda.assistant.ios,1.1.6,,1:571703561616:ios:777087d7f78ec12a,manual_install,tablet,Apple,iPad,,"iPad7,6",IOS,11.4.1,,,en-gb,No,3600,,,Europe,United Kingdom,England,Nottingham,,,(direct),(none),(direct),5923b6e92cddb92053bd283b9bcb6730_3
20180829,1535557525016033,2018-08-29T16:45:25,button_press,1535557524710033,2018-08-29T16:45:24,,122,92598,5923b6e92cddb92053bd283b9bcb6730,CF72BE0F3C0C46338C1F4580FD621EF6,1533816862477000,2018-08-09T13:14:22,,1220499683,IOS,,MyPresentationsViewController,app,6600130136643342849,,1,,,28060,4,,presentation_home_delete_presentation,,,,,,,,,1533816862477000,5923b6e92cddb92053bd283b9bcb6730,uk.co.skoda.assistant.ios,1.1.6,,1:571703561616:ios:777087d7f78ec12a,manual_install,tablet,Apple,iPad,,"iPad7,6",IOS,11.4.1,,,en-gb,No,3600,,,Europe,United Kingdom,England,Nottingham,,,(direct),(none),(direct),5923b6e92cddb92053bd283b9bcb6730_3
20180829,1535557525273034,2018-08-29T16:45:25,screen_view,1535557522480034,2018-08-29T16:45:22,,122,92598,5923b6e92cddb92053bd283b9bcb6730,CF72BE0F3C0C46338C1F4580FD621EF6,1533816862477000,2018-08-09T13:14:22,,1220499683,IOS,,SkodaAlertController,auto,6600130136643342856,,1,6600130136643342849,MyPresentationsViewController,28060,4,,,,,,,,,,,1533816862477000,5923b6e92cddb92053bd283b9bcb6730,uk.co.skoda.assistant.ios,1.1.6,,1:571703561616:ios:777087d7f78ec12a,manual_install,tablet,Apple,iPad,,"iPad7,6",IOS,11.4.1,,,en-gb,No,3600,,,Europe,United Kingdom,England,Nottingham,,,(direct),(none),(direct),5923b6e92cddb92053bd283b9bcb6730_3
20180829,1535557525273048,2018-08-29T16:45:25,user_engagement,1535557522479048,2018-08-29T16:45:22,,122,92598,5923b6e92cddb92053bd283b9bcb6730,CF72BE0F3C0C46338C1F4580FD621EF6,1533816862477000,2018-08-09T13:14:22,,1220499683,IOS,,MyPresentationsViewController,auto,6600130136643342849,2793,,,,28060,4,,,,,,,,,,,1533816862477000,5923b6e92cddb92053bd283b9bcb6730,uk.co.skoda.assistant.ios,1.1.6,,1:571703561616:ios:777087d7f78ec12a,manual_install,tablet,Apple,iPad,,"iPad7,6",IOS,11.4.1,,,en-gb,No,3600,,,Europe,United Kingdom,England,Nottingham,,,(direct),(none),(direct),5923b6e92cddb92053bd283b9bcb6730_3
20180829,1535557531501050,2018-08-29T16:45:31,user_engagement,1535557525273050,2018-08-29T16:45:25,,122,92598,5923b6e92cddb92053bd283b9bcb6730,CF72BE0F3C0C46338C1F4580FD621EF6,1533816862477000,2018-08-09T13:14:22,,1220499683,IOS,,SkodaAlertController,auto,6600130136643342856,6228,,,,28060,4,,,,,,,,,,,1533816862477000,5923b6e92cddb92053bd283b9bcb6730,uk.co.skoda.assistant.ios,1.1.6,,1:571703561616:ios:777087d7f78ec12a,manual_install,tablet,Apple,iPad,,"iPad7,6",IOS,11.4.1,,,en-gb,No,3600,,,Europe,United Kingdom,England,Nottingham,,,(direct),(none),(direct),5923b6e92cddb92053bd283b9bcb6730_3
20180829,1535557531503035,2018-08-29T16:45:31,screen_view,1535557525273035,2018-08-29T16:45:25,,122,92598,5923b6e92cddb92053bd283b9bcb6730,CF72BE0F3C0C46338C1F4580FD621EF6,1533816862477000,2018-08-09T13:14:22,,1220499683,IOS,,MyPresentationsViewController,auto,6600130136643342849,,1,6600130136643342856,SkodaAlertController,28060,4,,,,,,,,,,,1533816862477000,5923b6e92cddb92053bd283b9bcb6730,uk.co.skoda.assistant.ios,1.1.6,,1:571703561616:ios:777087d7f78ec12a,manual_install,tablet,Apple,iPad,,"iPad7,6",IOS,11.4.1,,,en-gb,No,3600,,,Europe,United Kingdom,England,Nottingham,,,(direct),(none),(direct),5923b6e92cddb92053bd283b9bcb6730_3
20180829,1535557534679036,2018-08-29T16:45:34,button_press,1535557525016036,2018-08-29T16:45:25,,122,92598,5923b6e92cddb92053bd283b9bcb6730,CF72BE0F3C0C46338C1F4580FD621EF6,1533816862477000,2018-08-09T13:14:22,,1220499683,IOS,,MyPresentationsViewController,app,6600130136643342849,,1,,,28060,4,,globalnav_links,,,,,,,,,1533816862477000,5923b6e92cddb92053bd283b9bcb6730,uk.co.skoda.assistant.ios,1.1.6,,1:571703561616:ios:777087d7f78ec12a,manual_install,tablet,Apple,iPad,,"iPad7,6",IOS,11.4.1,,,en-gb,No,3600,,,Europe,United Kingdom,England,Nottingham,,,(direct),(none),(direct),5923b6e92cddb92053bd283b9bcb6730_3
20180829,1535557534686037,2018-08-29T16:45:34,button_press,1535557534679037,2018-08-29T16:45:34,,122,92598,5923b6e92cddb92053bd283b9bcb6730,CF72BE0F3C0C46338C1F4580FD621EF6,1533816862477000,2018-08-09T13:14:22,,1220499683,IOS,,MyPresentationsViewController,app,6600130136643342849,,1,,,28060,4,,links,,,,,,,,,1533816862477000,5923b6e92cddb92053bd283b9bcb6730,uk.co.skoda.assistant.ios,1.1.6,,1:571703561616:ios:777087d7f78ec12a,manual_install,tablet,Apple,iPad,,"iPad7,6",IOS,11.4.1,,,en-gb,No,3600,,,Europe,United Kingdom,England,Nottingham,,,(direct),(none),(direct),5923b6e92cddb92053bd283b9bcb6730_3
20180829,1535557534872038,2018-08-29T16:45:34,screen_view,1535557531503038,2018-08-29T16:45:31,,122,92598,5923b6e92cddb92053bd283b9bcb6730,CF72BE0F3C0C46338C1F4580FD621EF6,1533816862477000,2018-08-09T13:14:22,,1220499683,IOS,,SkodaContentViewController,auto,6600130136643342844,,1,6600130136643342849,MyPresentationsViewController,28060,4,,,,,,,,,,,1533816862477000,5923b6e92cddb92053bd283b9bcb6730,uk.co.skoda.assistant.ios,1.1.6,,1:571703561616:ios:777087d7f78ec12a,manual_install,tablet,Apple,iPad,,"iPad7,6",IOS,11.4.1,,,en-gb,No,3600,,,Europe,United Kingdom,England,Nottingham,,,(direct),(none),(direct),5923b6e92cddb92053bd283b9bcb6730_3
20180829,1535557534872054,2018-08-29T16:45:34,user_engagement,1535557531501054,2018-08-29T16:45:31,,122,92598,5923b6e92cddb92053bd283b9bcb6730,CF72BE0F3C0C46338C1F4580FD621EF6,1533816862477000,2018-08-09T13:14:22,,1220499683,IOS,,MyPresentationsViewController,auto,6600130136643342849,3370,,,,28060,4,,,,,,,,,,,1533816862477000,5923b6e92cddb92053bd283b9bcb6730,uk.co.skoda.assistant.ios,1.1.6,,1:571703561616:ios:777087d7f78ec12a,manual_install,tablet,Apple,iPad,,"iPad7,6",IOS,11.4.1,,,en-gb,No,3600,,,Europe,United Kingdom,England,Nottingham,,,(direct),(none),(direct),5923b6e92cddb92053bd283b9bcb6730_3
20180829,1535557541398039,2018-08-29T16:45:41,link_followed,1534951490181039,2018-08-22T16:24:50,,122,92598,5923b6e92cddb92053bd283b9bcb6730,CF72BE0F3C0C46338C1F4580FD621EF6,1533816862477000,2018-08-09T13:14:22,,1220499683,IOS,,SkodaContentViewController,app,6600130136643342844,,1,,,28060,4,Request a Fleet demo,,2,,,,,,,,1533816862477000,5923b6e92cddb92053bd283b9bcb6730,uk.co.skoda.assistant.ios,1.1.6,,1:571703561616:ios:777087d7f78ec12a,manual_install,tablet,Apple,iPad,,"iPad7,6",IOS,11.4.1,,,en-gb,No,3600,,,Europe,United Kingdom,England,Nottingham,,,(direct),(none),(direct),5923b6e92cddb92053bd283b9bcb6730_3
20180829,1535557541659040,2018-08-29T16:45:41,screen_view,1535557534872040,2018-08-29T16:45:34,,122,92598,5923b6e92cddb92053bd283b9bcb6730,CF72BE0F3C0C46338C1F4580FD621EF6,1533816862477000,2018-08-09T13:14:22,,1220499683,IOS,,SFSafariViewController,auto,6600130136643342857,,1,6600130136643342844,SkodaContentViewController,28060,4,,,,,,,,,,,1533816862477000,5923b6e92cddb92053bd283b9bcb6730,uk.co.skoda.assistant.ios,1.1.6,,1:571703561616:ios:777087d7f78ec12a,manual_install,tablet,Apple,iPad,,"iPad7,6",IOS,11.4.1,,,en-gb,No,3600,,,Europe,United Kingdom,England,Nottingham,,,(direct),(none),(direct),5923b6e92cddb92053bd283b9bcb6730_3
20180829,1535557541659057,2018-08-29T16:45:41,user_engagement,1535557534872057,2018-08-29T16:45:34,,122,92598,5923b6e92cddb92053bd283b9bcb6730,CF72BE0F3C0C46338C1F4580FD621EF6,1533816862477000,2018-08-09T13:14:22,,1220499683,IOS,,SkodaContentViewController,auto,6600130136643342844,6786,,,,28060,4,,,,,,,,,,,1533816862477000,5923b6e92cddb92053bd283b9bcb6730,uk.co.skoda.assistant.ios,1.1.6,,1:571703561616:ios:777087d7f78ec12a,manual_install,tablet,Apple,iPad,,"iPad7,6",IOS,11.4.1,,,en-gb,No,3600,,,Europe,United Kingdom,England,Nottingham,,,(direct),(none),(direct),5923b6e92cddb92053bd283b9bcb6730_3
20180829,1535557550955059,2018-08-29T16:45:50,user_engagement,1535557541659059,2018-08-29T16:45:41,,122,92598,5923b6e92cddb92053bd283b9bcb6730,CF72BE0F3C0C46338C1F4580FD621EF6,1533816862477000,2018-08-09T13:14:22,,1220499683,IOS,,SFSafariViewController,auto,6600130136643342857,9296,,,,28060,4,,,,,,,,,,,1533816862477000,5923b6e92cddb92053bd283b9bcb6730,uk.co.skoda.assistant.ios,1.1.6,,1:571703561616:ios:777087d7f78ec12a,manual_install,tablet,Apple,iPad,,"iPad7,6",IOS,11.4.1,,,en-gb,No,3600,,,Europe,United Kingdom,England,Nottingham,,,(direct),(none),(direct),5923b6e92cddb92053bd283b9bcb6730_3
20180829,1535557550956041,2018-08-29T16:45:50,screen_view,1535557541659041,2018-08-29T16:45:41,,122,92598,5923b6e92cddb92053bd283b9bcb6730,CF72BE0F3C0C46338C1F4580FD621EF6,1533816862477000,2018-08-09T13:14:22,,1220499683,IOS,,SkodaContentViewController,auto,6600130136643342844,,1,6600130136643342857,SFSafariViewController,28060,4,,,,,,,,,,,1533816862477000,5923b6e92cddb92053bd283b9bcb6730,uk.co.skoda.assistant.ios,1.1.6,,1:571703561616:ios:777087d7f78ec12a,manual_install,tablet,Apple,iPad,,"iPad7,6",IOS,11.4.1,,,en-gb,No,3600,,,Europe,United Kingdom,England,Nottingham,,,(direct),(none),(direct),5923b6e92cddb92053bd283b9bcb6730_3
20180829,1535557553001042,2018-08-29T16:45:53,button_press,1535557534686042,2018-08-29T16:45:34,,122,92598,5923b6e92cddb92053bd283b9bcb6730,CF72BE0F3C0C46338C1F4580FD621EF6,1533816862477000,2018-08-09T13:14:22,,1220499683,IOS,,SkodaContentViewController,app,6600130136643342844,,1,,,28060,4,,globalnav_presentation,,,,,,,,,1533816862477000,5923b6e92cddb92053bd283b9bcb6730,uk.co.skoda.assistant.ios,1.1.6,,1:571703561616:ios:777087d7f78ec12a,manual_install,tablet,Apple,iPad,,"iPad7,6",IOS,11.4.1,,,en-gb,No,3600,,,Europe,United Kingdom,England,Nottingham,,,(direct),(none),(direct),5923b6e92cddb92053bd283b9bcb6730_3
20180829,1535557553015043,2018-08-29T16:45:53,button_press,1535557553001043,2018-08-29T16:45:53,,122,92598,5923b6e92cddb92053bd283b9bcb6730,CF72BE0F3C0C46338C1F4580FD621EF6,1533816862477000,2018-08-09T13:14:22,,1220499683,IOS,,SkodaContentViewController,app,6600130136643342844,,1,,,28060,4,,presentation,,,,,,,,,1533816862477000,5923b6e92cddb92053bd283b9bcb6730,uk.co.skoda.assistant.ios,1.1.6,,1:571703561616:ios:777087d7f78ec12a,manual_install,tablet,Apple,iPad,,"iPad7,6",IOS,11.4.1,,,en-gb,No,3600,,,Europe,United Kingdom,England,Nottingham,,,(direct),(none),(direct),5923b6e92cddb92053bd283b9bcb6730_3
20180829,1535557553025063,2018-08-29T16:45:53,user_engagement,1535557550955063,2018-08-29T16:45:50,,122,92598,5923b6e92cddb92053bd283b9bcb6730,CF72BE0F3C0C46338C1F4580FD621EF6,1533816862477000,2018-08-09T13:14:22,,1220499683,IOS,,SkodaContentViewController,auto,6600130136643342844,2069,,,,28060,4,,,,,,,,,,,1533816862477000,5923b6e92cddb92053bd283b9bcb6730,uk.co.skoda.assistant.ios,1.1.6,,1:571703561616:ios:777087d7f78ec12a,manual_install,tablet,Apple,iPad,,"iPad7,6",IOS,11.4.1,,,en-gb,No,3600,,,Europe,United Kingdom,England,Nottingham,,,(direct),(none),(direct),5923b6e92cddb92053bd283b9bcb6730_3
20180829,1535557553026044,2018-08-29T16:45:53,screen_view,1535557550956044,2018-08-29T16:45:50,,122,92598,5923b6e92cddb92053bd283b9bcb6730,CF72BE0F3C0C46338C1F4580FD621EF6,1533816862477000,2018-08-09T13:14:22,,1220499683,IOS,,MyPresentationsViewController,auto,6600130136643342849,,1,6600130136643342844,SkodaContentViewController,28060,4,,,,,,,,,,,1533816862477000,5923b6e92cddb92053bd283b9bcb6730,uk.co.skoda.assistant.ios,1.1.6,,1:571703561616:ios:777087d7f78ec12a,manual_install,tablet,Apple,iPad,,"iPad7,6",IOS,11.4.1,,,en-gb,No,3600,,,Europe,United Kingdom,England,Nottingham,,,(direct),(none),(direct),5923b6e92cddb92053bd283b9bcb6730_3
20180829,1535557554710045,2018-08-29T16:45:54,button_press,1535557553015045,2018-08-29T16:45:53,,122,92598,5923b6e92cddb92053bd283b9bcb6730,CF72BE0F3C0C46338C1F4580FD621EF6,1533816862477000,2018-08-09T13:14:22,,1220499683,IOS,,MyPresentationsViewController,app,6600130136643342849,,1,,,28060,4,,globalnav_range,,,,,,,,,1533816862477000,5923b6e92cddb92053bd283b9bcb6730,uk.co.skoda.assistant.ios,1.1.6,,1:571703561616:ios:777087d7f78ec12a,manual_install,tablet,Apple,iPad,,"iPad7,6",IOS,11.4.1,,,en-gb,No,3600,,,Europe,United Kingdom,England,Nottingham,,,(direct),(none),(direct),5923b6e92cddb92053bd283b9bcb6730_3
20180829,1535557554744046,2018-08-29T16:45:54,button_press,1535557554710046,2018-08-29T16:45:54,,122,92598,5923b6e92cddb92053bd283b9bcb6730,CF72BE0F3C0C46338C1F4580FD621EF6,1533816862477000,2018-08-09T13:14:22,,1220499683,IOS,,MyPresentationsViewController,app,6600130136643342849,,1,,,28060,4,,range,,,,,,,,,1533816862477000,5923b6e92cddb92053bd283b9bcb6730,uk.co.skoda.assistant.ios,1.1.6,,1:571703561616:ios:777087d7f78ec12a,manual_install,tablet,Apple,iPad,,"iPad7,6",IOS,11.4.1,,,en-gb,No,3600,,,Europe,United Kingdom,England,Nottingham,,,(direct),(none),(direct),5923b6e92cddb92053bd283b9bcb6730_3
20180829,1535557554763067,2018-08-29T16:45:54,user_engagement,1535557553025067,2018-08-29T16:45:53,,122,92598,5923b6e92cddb92053bd283b9bcb6730,CF72BE0F3C0C46338C1F4580FD621EF6,1533816862477000,2018-08-09T13:14:22,,1220499683,IOS,,MyPresentationsViewController,auto,6600130136643342849,1737,,,,28060,4,,,,,,,,,,,1533816862477000,5923b6e92cddb92053bd283b9bcb6730,uk.co.skoda.assistant.ios,1.1.6,,1:571703561616:ios:777087d7f78ec12a,manual_install,tablet,Apple,iPad,,"iPad7,6",IOS,11.4.1,,,en-gb,No,3600,,,Europe,United Kingdom,England,Nottingham,,,(direct),(none),(direct),5923b6e92cddb92053bd283b9bcb6730_3
20180829,1535557554764047,2018-08-29T16:45:54,screen_view,1535557553026047,2018-08-29T16:45:53,,122,92598,5923b6e92cddb92053bd283b9bcb6730,CF72BE0F3C0C46338C1F4580FD621EF6,1533816862477000,2018-08-09T13:14:22,,1220499683,IOS,,SkodaContentViewController,auto,6600130136643342844,,1,6600130136643342849,MyPresentationsViewController,28060,4,,,,,,,,,,,1533816862477000,5923b6e92cddb92053bd283b9bcb6730,uk.co.skoda.assistant.ios,1.1.6,,1:571703561616:ios:777087d7f78ec12a,manual_install,tablet,Apple,iPad,,"iPad7,6",IOS,11.4.1,,,en-gb,No,3600,,,Europe,United Kingdom,England,Nottingham,,,(direct),(none),(direct),5923b6e92cddb92053bd283b9bcb6730_3
20180829,1535557554766048,2018-08-29T16:45:54,screen_view,1535557554764048,2018-08-29T16:45:54,,122,92598,5923b6e92cddb92053bd283b9bcb6730,CF72BE0F3C0C46338C1F4580FD621EF6,1533816862477000,2018-08-09T13:14:22,,1220499683,IOS,,RangeContentViewController,auto,6600130136643342845,,1,6600130136643342844,SkodaContentViewController,28060,4,,,,,,,,,,,1533816862477000,5923b6e92cddb92053bd283b9bcb6730,uk.co.skoda.assistant.ios,1.1.6,,1:571703561616:ios:777087d7f78ec12a,manual_install,tablet,Apple,iPad,,"iPad7,6",IOS,11.4.1,,,en-gb,No,3600,,,Europe,United Kingdom,England,Nottingham,,,(direct),(none),(direct),5923b6e92cddb92053bd283b9bcb6730_3
20180829,1535557676638070,2018-08-29T16:47:56,user_engagement,1535557554763070,2018-08-29T16:45:54,,122,92598,5923b6e92cddb92053bd283b9bcb6730,CF72BE0F3C0C46338C1F4580FD621EF6,1533816862477000,2018-08-09T13:14:22,,1220499683,IOS,,RangeContentViewController,auto,6600130136643342845,121875,,,,28060,4,,,,,,,,,,,1533816862477000,5923b6e92cddb92053bd283b9bcb6730,uk.co.skoda.assistant.ios,1.1.6,,1:571703561616:ios:777087d7f78ec12a,manual_install,tablet,Apple,iPad,,"iPad7,6",IOS,11.4.1,,,en-gb,No,3600,,,Europe,United Kingdom,England,Nottingham,,,(direct),(none),(direct),5923b6e92cddb92053bd283b9bcb6730_3
20180829,1535559261721000,2018-08-29T17:14:21,button_press,1535557554744000,2018-08-29T16:45:54,,123,229039,5923b6e92cddb92053bd283b9bcb6730,CF72BE0F3C0C46338C1F4580FD621EF6,1533816862477000,2018-08-09T13:14:22,,1220499683,IOS,,RangeContentViewController,app,6600130136643342845,,1,,,28060,4,SE,range_home_trim_select,6,,,,,,,,1533816862477000,5923b6e92cddb92053bd283b9bcb6730,uk.co.skoda.assistant.ios,1.1.6,,1:571703561616:ios:777087d7f78ec12a,manual_install,tablet,Apple,iPad,,"iPad7,6",IOS,11.4.1,,,en-gb,No,3600,,,Europe,United Kingdom,England,Nottingham,,,(direct),(none),(direct),5923b6e92cddb92053bd283b9bcb6730_3
20180829,1535559262543001,2018-08-29T17:14:22,user_engagement,1535557676638001,2018-08-29T16:47:56,,123,229039,5923b6e92cddb92053bd283b9bcb6730,CF72BE0F3C0C46338C1F4580FD621EF6,1533816862477000,2018-08-09T13:14:22,,1220499683,IOS,,RangeContentViewController,auto,6600130136643342845,8203,,,,28060,4,,,,,,,,,,,1533816862477000,5923b6e92cddb92053bd283b9bcb6730,uk.co.skoda.assistant.ios,1.1.6,,1:571703561616:ios:777087d7f78ec12a,manual_install,tablet,Apple,iPad,,"iPad7,6",IOS,11.4.1,,,en-gb,No,3600,,,Europe,United Kingdom,England,Nottingham,,,(direct),(none),(direct),5923b6e92cddb92053bd283b9bcb6730_3
20180829,1535559262544001,2018-08-29T17:14:22,screen_view,1535557554766001,2018-08-29T16:45:54,,123,229039,5923b6e92cddb92053bd283b9bcb6730,CF72BE0F3C0C46338C1F4580FD621EF6,1533816862477000,2018-08-09T13:14:22,,1220499683,IOS,,SkodaContentViewController,auto,6600130136643342844,,1,6600130136643342845,RangeContentViewController,28060,4,,,,,,,,,,,1533816862477000,5923b6e92cddb92053bd283b9bcb6730,uk.co.skoda.assistant.ios,1.1.6,,1:571703561616:ios:777087d7f78ec12a,manual_install,tablet,Apple,iPad,,"iPad7,6",IOS,11.4.1,,,en-gb,No,3600,,,Europe,United Kingdom,England,Nottingham,,,(direct),(none),(direct),5923b6e92cddb92053bd283b9bcb6730_3
20180829,1535559262545002,2018-08-29T17:14:22,screen_view,1535559262544002,2018-08-29T17:14:22,,123,229039,5923b6e92cddb92053bd283b9bcb6730,CF72BE0F3C0C46338C1F4580FD621EF6,1533816862477000,2018-08-09T13:14:22,,1220499683,IOS,,TrimViewController,auto,6600130136643342858,,1,6600130136643342844,SkodaContentViewController,28060,4,,,,,,,,,,,1533816862477000,5923b6e92cddb92053bd283b9bcb6730,uk.co.skoda.assistant.ios,1.1.6,,1:571703561616:ios:777087d7f78ec12a,manual_install,tablet,Apple,iPad,,"iPad7,6",IOS,11.4.1,,,en-gb,No,3600,,,Europe,United Kingdom,England,Nottingham,,,(direct),(none),(direct),5923b6e92cddb92053bd283b9bcb6730_3
20180829,1535559267133003,2018-08-29T17:14:27,AnalyticsEventViewItem,1535557306061003,2018-08-29T16:41:46,,123,229039,5923b6e92cddb92053bd283b9bcb6730,CF72BE0F3C0C46338C1F4580FD621EF6,1533816862477000,2018-08-09T13:14:22,,1220499683,IOS,,TrimViewController,app,6600130136643342858,,1,,,28060,4,,,5b339bcba5a91956761144,,,,,,,,1533816862477000,5923b6e92cddb92053bd283b9bcb6730,uk.co.skoda.assistant.ios,1.1.6,,1:571703561616:ios:777087d7f78ec12a,manual_install,tablet,Apple,iPad,,"iPad7,6",IOS,11.4.1,,,en-gb,No,3600,,,Europe,United Kingdom,England,Nottingham,,,(direct),(none),(direct),5923b6e92cddb92053bd283b9bcb6730_3
20180829,1535559267361004,2018-08-29T17:14:27,screen_view,1535559262545004,2018-08-29T17:14:22,,123,229039,5923b6e92cddb92053bd283b9bcb6730,CF72BE0F3C0C46338C1F4580FD621EF6,1533816862477000,2018-08-09T13:14:22,,1220499683,IOS,,PresentationExploreSegmentedViewController,auto,6600130136643342859,,1,6600130136643342858,TrimViewController,28060,4,,,,,,,,,,,1533816862477000,5923b6e92cddb92053bd283b9bcb6730,uk.co.skoda.assistant.ios,1.1.6,,1:571703561616:ios:777087d7f78ec12a,manual_install,tablet,Apple,iPad,,"iPad7,6",IOS,11.4.1,,,en-gb,No,3600,,,Europe,United Kingdom,England,Nottingham,,,(direct),(none),(direct),5923b6e92cddb92053bd283b9bcb6730_3
20180829,1535559267361005,2018-08-29T17:14:27,user_engagement,1535559262543005,2018-08-29T17:14:22,,123,229039,5923b6e92cddb92053bd283b9bcb6730,CF72BE0F3C0C46338C1F4580FD621EF6,1533816862477000,2018-08-09T13:14:22,,1220499683,IOS,,TrimViewController,auto,6600130136643342858,4817,,,,28060,4,,,,,,,,,,,1533816862477000,5923b6e92cddb92053bd283b9bcb6730,uk.co.skoda.assistant.ios,1.1.6,,1:571703561616:ios:777087d7f78ec12a,manual_install,tablet,Apple,iPad,,"iPad7,6",IOS,11.4.1,,,en-gb,No,3600,,,Europe,United Kingdom,England,Nottingham,,,(direct),(none),(direct),5923b6e92cddb92053bd283b9bcb6730_3
20180829,1535559267738005,2018-08-29T17:14:27,screen_view,1535559267361005,2018-08-29T17:14:27,,123,229039,5923b6e92cddb92053bd283b9bcb6730,CF72BE0F3C0C46338C1F4580FD621EF6,1533816862477000,2018-08-09T13:14:22,,1220499683,IOS,,PresentationEditorViewController,auto,6600130136643342860,,1,6600130136643342859,PresentationExploreSegmentedViewController,28060,4,,,,,,,,,,,1533816862477000,5923b6e92cddb92053bd283b9bcb6730,uk.co.skoda.assistant.ios,1.1.6,,1:571703561616:ios:777087d7f78ec12a,manual_install,tablet,Apple,iPad,,"iPad7,6",IOS,11.4.1,,,en-gb,No,3600,,,Europe,United Kingdom,England,Nottingham,,,(direct),(none),(direct),5923b6e92cddb92053bd283b9bcb6730_3
20180829,1535559273755006,2018-08-29T17:14:33,button_press,1535559261721006,2018-08-29T17:14:21,,123,229039,5923b6e92cddb92053bd283b9bcb6730,CF72BE0F3C0C46338C1F4580FD621EF6,1533816862477000,2018-08-09T13:14:22,,1220499683,IOS,,PresentationEditorViewController,app,6600130136643342860,,1,,,28060,4,,presentation_home_email_presentation,,,,,,,,,1533816862477000,5923b6e92cddb92053bd283b9bcb6730,uk.co.skoda.assistant.ios,1.1.6,,1:571703561616:ios:777087d7f78ec12a,manual_install,tablet,Apple,iPad,,"iPad7,6",IOS,11.4.1,,,en-gb,No,3600,,,Europe,United Kingdom,England,Nottingham,,,(direct),(none),(direct),5923b6e92cddb92053bd283b9bcb6730_3
20180829,1535559273916007,2018-08-29T17:14:33,screen_view,1535559267738007,2018-08-29T17:14:27,,123,229039,5923b6e92cddb92053bd283b9bcb6730,CF72BE0F3C0C46338C1F4580FD621EF6,1533816862477000,2018-08-09T13:14:22,,1220499683,IOS,,MFMailComposeInternalViewController,auto,6600130136643342861,,1,6600130136643342860,PresentationEditorViewController,28060,4,,,,,,,,,,,1533816862477000,5923b6e92cddb92053bd283b9bcb6730,uk.co.skoda.assistant.ios,1.1.6,,1:571703561616:ios:777087d7f78ec12a,manual_install,tablet,Apple,iPad,,"iPad7,6",IOS,11.4.1,,,en-gb,No,3600,,,Europe,United Kingdom,England,Nottingham,,,(direct),(none),(direct),5923b6e92cddb92053bd283b9bcb6730_3
20180829,1535559273916009,2018-08-29T17:14:33,user_engagement,1535559267361009,2018-08-29T17:14:27,,123,229039,5923b6e92cddb92053bd283b9bcb6730,CF72BE0F3C0C46338C1F4580FD621EF6,1533816862477000,2018-08-09T13:14:22,,1220499683,IOS,,PresentationEditorViewController,auto,6600130136643342860,6554,,,,28060,4,,,,,,,,,,,1533816862477000,5923b6e92cddb92053bd283b9bcb6730,uk.co.skoda.assistant.ios,1.1.6,,1:571703561616:ios:777087d7f78ec12a,manual_install,tablet,Apple,iPad,,"iPad7,6",IOS,11.4.1,,,en-gb,No,3600,,,Europe,United Kingdom,England,Nottingham,,,(direct),(none),(direct),5923b6e92cddb92053bd283b9bcb6730_3
20180829,1535559281206011,2018-08-29T17:14:41,user_engagement,1535559273916011,2018-08-29T17:14:33,,123,229039,5923b6e92cddb92053bd283b9bcb6730,CF72BE0F3C0C46338C1F4580FD621EF6,1533816862477000,2018-08-09T13:14:22,,1220499683,IOS,,MFMailComposeInternalViewController,auto,6600130136643342861,7290,,,,28060,4,,,,,,,,,,,1533816862477000,5923b6e92cddb92053bd283b9bcb6730,uk.co.skoda.assistant.ios,1.1.6,,1:571703561616:ios:777087d7f78ec12a,manual_install,tablet,Apple,iPad,,"iPad7,6",IOS,11.4.1,,,en-gb,No,3600,,,Europe,United Kingdom,England,Nottingham,,,(direct),(none),(direct),5923b6e92cddb92053bd283b9bcb6730_3
20180829,1535559281207008,2018-08-29T17:14:41,screen_view,1535559273916008,2018-08-29T17:14:33,,123,229039,5923b6e92cddb92053bd283b9bcb6730,CF72BE0F3C0C46338C1F4580FD621EF6,1533816862477000,2018-08-09T13:14:22,,1220499683,IOS,,PresentationEditorViewController,auto,6600130136643342860,,1,6600130136643342861,MFMailComposeInternalViewController,28060,4,,,,,,,,,,,1533816862477000,5923b6e92cddb92053bd283b9bcb6730,uk.co.skoda.assistant.ios,1.1.6,,1:571703561616:ios:777087d7f78ec12a,manual_install,tablet,Apple,iPad,,"iPad7,6",IOS,11.4.1,,,en-gb,No,3600,,,Europe,United Kingdom,England,Nottingham,,,(direct),(none),(direct),5923b6e92cddb92053bd283b9bcb6730_3
20180829,1535559284433009,2018-08-29T17:14:44,screen_view,1535559281207009,2018-08-29T17:14:41,,123,229039,5923b6e92cddb92053bd283b9bcb6730,CF72BE0F3C0C46338C1F4580FD621EF6,1533816862477000,2018-08-09T13:14:22,,1220499683,IOS,,SkodaContentViewController,auto,6600130136643342844,,1,6600130136643342860,PresentationEditorViewController,28060,4,,,,,,,,,,,1533816862477000,5923b6e92cddb92053bd283b9bcb6730,uk.co.skoda.assistant.ios,1.1.6,,1:571703561616:ios:777087d7f78ec12a,manual_install,tablet,Apple,iPad,,"iPad7,6",IOS,11.4.1,,,en-gb,No,3600,,,Europe,United Kingdom,England,Nottingham,,,(direct),(none),(direct),5923b6e92cddb92053bd283b9bcb6730_3
20180829,1535559284433013,2018-08-29T17:14:44,user_engagement,1535559281206013,2018-08-29T17:14:41,,123,229039,5923b6e92cddb92053bd283b9bcb6730,CF72BE0F3C0C46338C1F4580FD621EF6,1533816862477000,2018-08-09T13:14:22,,1220499683,IOS,,PresentationEditorViewController,auto,6600130136643342860,3226,,,,28060,4,,,,,,,,,,,1533816862477000,5923b6e92cddb92053bd283b9bcb6730,uk.co.skoda.assistant.ios,1.1.6,,1:571703561616:ios:777087d7f78ec12a,manual_install,tablet,Apple,iPad,,"iPad7,6",IOS,11.4.1,,,en-gb,No,3600,,,Europe,United Kingdom,England,Nottingham,,,(direct),(none),(direct),5923b6e92cddb92053bd283b9bcb6730_3
20180829,1535559284434010,2018-08-29T17:14:44,screen_view,1535559284433010,2018-08-29T17:14:44,,123,229039,5923b6e92cddb92053bd283b9bcb6730,CF72BE0F3C0C46338C1F4580FD621EF6,1533816862477000,2018-08-09T13:14:22,,1220499683,IOS,,TrimViewController,auto,6600130136643342858,,1,6600130136643342844,SkodaContentViewController,28060,4,,,,,,,,,,,1533816862477000,5923b6e92cddb92053bd283b9bcb6730,uk.co.skoda.assistant.ios,1.1.6,,1:571703561616:ios:777087d7f78ec12a,manual_install,tablet,Apple,iPad,,"iPad7,6",IOS,11.4.1,,,en-gb,No,3600,,,Europe,United Kingdom,England,Nottingham,,,(direct),(none),(direct),5923b6e92cddb92053bd283b9bcb6730_3
20180829,1535559285835011,2018-08-29T17:14:45,screen_view,1535559284434011,2018-08-29T17:14:44,,123,229039,5923b6e92cddb92053bd283b9bcb6730,CF72BE0F3C0C46338C1F4580FD621EF6,1533816862477000,2018-08-09T13:14:22,,1220499683,IOS,,SkodaContentViewController,auto,6600130136643342844,,1,6600130136643342858,TrimViewController,28060,4,,,,,,,,,,,1533816862477000,5923b6e92cddb92053bd283b9bcb6730,uk.co.skoda.assistant.ios,1.1.6,,1:571703561616:ios:777087d7f78ec12a,manual_install,tablet,Apple,iPad,,"iPad7,6",IOS,11.4.1,,,en-gb,No,3600,,,Europe,United Kingdom,England,Nottingham,,,(direct),(none),(direct),5923b6e92cddb92053bd283b9bcb6730_3
20180829,1535559285835012,2018-08-29T17:14:45,screen_view,1535559285835012,2018-08-29T17:14:45,,123,229039,5923b6e92cddb92053bd283b9bcb6730,CF72BE0F3C0C46338C1F4580FD621EF6,1533816862477000,2018-08-09T13:14:22,,1220499683,IOS,,RangeContentViewController,auto,6600130136643342845,,1,6600130136643342844,SkodaContentViewController,28060,4,,,,,,,,,,,1533816862477000,5923b6e92cddb92053bd283b9bcb6730,uk.co.skoda.assistant.ios,1.1.6,,1:571703561616:ios:777087d7f78ec12a,manual_install,tablet,Apple,iPad,,"iPad7,6",IOS,11.4.1,,,en-gb,No,3600,,,Europe,United Kingdom,England,Nottingham,,,(direct),(none),(direct),5923b6e92cddb92053bd283b9bcb6730_3
20180829,1535559285835016,2018-08-29T17:14:45,user_engagement,1535559284433016,2018-08-29T17:14:44,,123,229039,5923b6e92cddb92053bd283b9bcb6730,CF72BE0F3C0C46338C1F4580FD621EF6,1533816862477000,2018-08-09T13:14:22,,1220499683,IOS,,TrimViewController,auto,6600130136643342858,1401,,,,28060,4,,,,,,,,,,,1533816862477000,5923b6e92cddb92053bd283b9bcb6730,uk.co.skoda.assistant.ios,1.1.6,,1:571703561616:ios:777087d7f78ec12a,manual_install,tablet,Apple,iPad,,"iPad7,6",IOS,11.4.1,,,en-gb,No,3600,,,Europe,United Kingdom,England,Nottingham,,,(direct),(none),(direct),5923b6e92cddb92053bd283b9bcb6730_3
20180829,1535559290886019,2018-08-29T17:14:50,user_engagement,1535559285835019,2018-08-29T17:14:45,,123,229039,5923b6e92cddb92053bd283b9bcb6730,CF72BE0F3C0C46338C1F4580FD621EF6,1533816862477000,2018-08-09T13:14:22,,1220499683,IOS,,RangeContentViewController,auto,6600130136643342845,5050,,,,28060,4,,,,,,,,,,,1533816862477000,5923b6e92cddb92053bd283b9bcb6730,uk.co.skoda.assistant.ios,1.1.6,,1:571703561616:ios:777087d7f78ec12a,manual_install,tablet,Apple,iPad,,"iPad7,6",IOS,11.4.1,,,en-gb,No,3600,,,Europe,United Kingdom,England,Nottingham,,,(direct),(none),(direct),5923b6e92cddb92053bd283b9bcb6730_3
