event_date,event_timestamp,event_iso8601,event_name,event_previous_timestamp,event_previous_iso8601,event_value_in_usd,event_bundle_sequence_id,event_server_timestamp_offset,user_id,user_pseudo_id,user_first_touch_timestamp,user_first_touch_iso8601,user_ltv,stream_id,platform,event_dimensions,firebase_screen_class,firebase_event_origin,firebase_screen_id,engagement_time_msec,firebase_conversion,firebase_previous_id,firebase_previous_class,user_retailer,user_area,AnalyticsParameterTerm,button_name,AnalyticsParameterItemID,engine,Compared_vehicle_1,Compared_vehicle_2,update_with_analytics,previous_first_open_count,previous_app_version,Compared_vehicle_3,first_open_time,user_id,id,version,install_store,firebase_app_id,install_source,category,mobile_brand_name,mobile_model_name,mobile_marketing_name,mobile_os_hardware_model,operating_system,operating_system_version,vendor_id,advertising_id,language,is_limited_ad_tracking,time_zone_offset_seconds,browser,browser,continent,country,region,city,sub_continent,metro,name,medium,source,user_session_generated_id
20180829,1535534431938001,2018-08-29T10:20:31,AnalyticsEventLogin,1535031538047001,2018-08-23T14:38:58,,61,82336,ba946113c0e08d7a4a1358ea0077a98e,5783228E70934E968FF40707CC1971D8,1534951137328000,2018-08-22T16:18:57,,1220499683,IOS,,SplashViewController,app,-8006726766134836490,,1,,,11111,1,ba946113c0e08d7a4a1358ea0077a98e,,,,,,,,,,1534951137328000,ba946113c0e08d7a4a1358ea0077a98e,uk.co.skoda.assistant.uat,1.1.7,,1:571703561616:ios:777087d7f78ec12a,manual_install,tablet,Apple,iPad Air 2,,"iPad5,4",IOS,11.4.1,,,en-gb,No,3600,,,Europe,United Kingdom,England,London,,,(direct),(none),(direct),ba946113c0e08d7a4a1358ea0077a98e_1
20180829,1535534432502002,2018-08-29T10:20:32,screen_view,1535534431900002,2018-08-29T10:20:31,,61,82336,ba946113c0e08d7a4a1358ea0077a98e,5783228E70934E968FF40707CC1971D8,1534951137328000,2018-08-22T16:18:57,,1220499683,IOS,,ContentLoaderViewController,auto,-8006726766134836488,,1,-8006726766134836490,SplashViewController,11111,1,,,,,,,,,,,1534951137328000,ba946113c0e08d7a4a1358ea0077a98e,uk.co.skoda.assistant.uat,1.1.7,,1:571703561616:ios:777087d7f78ec12a,manual_install,tablet,Apple,iPad Air 2,,"iPad5,4",IOS,11.4.1,,,en-gb,No,3600,,,Europe,United Kingdom,England,London,,,(direct),(none),(direct),ba946113c0e08d7a4a1358ea0077a98e_1
20180829,1535534590731004,2018-08-29T10:23:10,user_engagement,1535534431899004,2018-08-29T10:20:31,,61,82336,ba946113c0e08d7a4a1358ea0077a98e,5783228E70934E968FF40707CC1971D8,1534951137328000,2018-08-22T16:18:57,,1220499683,IOS,,ContentLoaderViewController,auto,-8006726766134836488,158831,,,,11111,1,,,,,,,,,,,1534951137328000,ba946113c0e08d7a4a1358ea0077a98e,uk.co.skoda.assistant.uat,1.1.7,,1:571703561616:ios:777087d7f78ec12a,manual_install,tablet,Apple,iPad Air 2,,"iPad5,4",IOS,11.4.1,,,en-gb,No,3600,,,Europe,United Kingdom,England,London,,,(direct),(none),(direct),ba946113c0e08d7a4a1358ea0077a98e_1
20180829,1535534590732003,2018-08-29T10:23:10,screen_view,1535534432502003,2018-08-29T10:20:32,,61,82336,ba946113c0e08d7a4a1358ea0077a98e,5783228E70934E968FF40707CC1971D8,1534951137328000,2018-08-22T16:18:57,,1220499683,IOS,,SplashViewController,auto,-8006726766134836490,,1,-8006726766134836488,ContentLoaderViewController,11111,1,,,,,,,,,,,1534951137328000,ba946113c0e08d7a4a1358ea0077a98e,uk.co.skoda.assistant.uat,1.1.7,,1:571703561616:ios:777087d7f78ec12a,manual_install,tablet,Apple,iPad Air 2,,"iPad5,4",IOS,11.4.1,,,en-gb,No,3600,,,Europe,United Kingdom,England,London,,,(direct),(none),(direct),ba946113c0e08d7a4a1358ea0077a98e_1
20180829,1535534590948000,2018-08-29T10:23:10,button_press,1535039303439000,2018-08-23T16:48:23,,62,82337,ba946113c0e08d7a4a1358ea0077a98e,5783228E70934E968FF40707CC1971D8,1534951137328000,2018-08-22T16:18:57,,1220499683,IOS,,SplashViewController,app,-8006726766134836490,,1,,,11111,1,,globalnav_range,,,,,,,,,1534951137328000,ba946113c0e08d7a4a1358ea0077a98e,uk.co.skoda.assistant.uat,1.1.7,,1:571703561616:ios:777087d7f78ec12a,manual_install,tablet,Apple,iPad Air 2,,"iPad5,4",IOS,11.4.1,,,en-gb,No,3600,,,Europe,United Kingdom,England,London,,,(direct),(none),(direct),ba946113c0e08d7a4a1358ea0077a98e_1
20180829,1535534590949001,2018-08-29T10:23:10,button_press,1535534590948001,2018-08-29T10:23:10,,62,82337,ba946113c0e08d7a4a1358ea0077a98e,5783228E70934E968FF40707CC1971D8,1534951137328000,2018-08-22T16:18:57,,1220499683,IOS,,SplashViewController,app,-8006726766134836490,,1,,,11111,1,,range,,,,,,,,,1534951137328000,ba946113c0e08d7a4a1358ea0077a98e,uk.co.skoda.assistant.uat,1.1.7,,1:571703561616:ios:777087d7f78ec12a,manual_install,tablet,Apple,iPad Air 2,,"iPad5,4",IOS,11.4.1,,,en-gb,No,3600,,,Europe,United Kingdom,England,London,,,(direct),(none),(direct),ba946113c0e08d7a4a1358ea0077a98e_1
20180829,1535534592141002,2018-08-29T10:23:12,user_engagement,1535534590731002,2018-08-29T10:23:10,,62,82337,ba946113c0e08d7a4a1358ea0077a98e,5783228E70934E968FF40707CC1971D8,1534951137328000,2018-08-22T16:18:57,,1220499683,IOS,,SplashViewController,auto,-8006726766134836490,1410,,,,11111,1,,,,,,,,,,,1534951137328000,ba946113c0e08d7a4a1358ea0077a98e,uk.co.skoda.assistant.uat,1.1.7,,1:571703561616:ios:777087d7f78ec12a,manual_install,tablet,Apple,iPad Air 2,,"iPad5,4",IOS,11.4.1,,,en-gb,No,3600,,,Europe,United Kingdom,England,London,,,(direct),(none),(direct),ba946113c0e08d7a4a1358ea0077a98e_1
20180829,1535534592142002,2018-08-29T10:23:12,screen_view,1535534590732002,2018-08-29T10:23:10,,62,82337,ba946113c0e08d7a4a1358ea0077a98e,5783228E70934E968FF40707CC1971D8,1534951137328000,2018-08-22T16:18:57,,1220499683,IOS,,SkodaContentViewController,auto,-8006726766134836487,,1,-8006726766134836490,SplashViewController,11111,1,,,,,,,,,,,1534951137328000,ba946113c0e08d7a4a1358ea0077a98e,uk.co.skoda.assistant.uat,1.1.7,,1:571703561616:ios:777087d7f78ec12a,manual_install,tablet,Apple,iPad Air 2,,"iPad5,4",IOS,11.4.1,,,en-gb,No,3600,,,Europe,United Kingdom,England,London,,,(direct),(none),(direct),ba946113c0e08d7a4a1358ea0077a98e_1
20180829,1535534592144003,2018-08-29T10:23:12,screen_view,1535534592142003,2018-08-29T10:23:12,,62,82337,ba946113c0e08d7a4a1358ea0077a98e,5783228E70934E968FF40707CC1971D8,1534951137328000,2018-08-22T16:18:57,,1220499683,IOS,,RangeContentViewController,auto,-8006726766134836486,,1,-8006726766134836487,SkodaContentViewController,11111,1,,,,,,,,,,,1534951137328000,ba946113c0e08d7a4a1358ea0077a98e,uk.co.skoda.assistant.uat,1.1.7,,1:571703561616:ios:777087d7f78ec12a,manual_install,tablet,Apple,iPad Air 2,,"iPad5,4",IOS,11.4.1,,,en-gb,No,3600,,,Europe,United Kingdom,England,London,,,(direct),(none),(direct),ba946113c0e08d7a4a1358ea0077a98e_1
20180829,1535536035224005,2018-08-29T10:47:15,user_engagement,1535534592141005,2018-08-29T10:23:12,,62,82337,ba946113c0e08d7a4a1358ea0077a98e,5783228E70934E968FF40707CC1971D8,1534951137328000,2018-08-22T16:18:57,,1220499683,IOS,,RangeContentViewController,auto,-8006726766134836486,1443082,,,,11111,1,,,,,,,,,,,1534951137328000,ba946113c0e08d7a4a1358ea0077a98e,uk.co.skoda.assistant.uat,1.1.7,,1:571703561616:ios:777087d7f78ec12a,manual_install,tablet,Apple,iPad Air 2,,"iPad5,4",IOS,11.4.1,,,en-gb,No,3600,,,Europe,United Kingdom,England,London,,,(direct),(none),(direct),ba946113c0e08d7a4a1358ea0077a98e_1
20180829,1535536043771000,2018-08-29T10:47:23,user_engagement,1535536035224000,2018-08-29T10:47:15,,63,64948,ba946113c0e08d7a4a1358ea0077a98e,5783228E70934E968FF40707CC1971D8,1534951137328000,2018-08-22T16:18:57,,1220499683,IOS,,RangeContentViewController,auto,-8006726766134836486,84,,,,11111,1,,,,,,,,,,,1534951137328000,ba946113c0e08d7a4a1358ea0077a98e,uk.co.skoda.assistant.uat,1.1.7,,1:571703561616:ios:777087d7f78ec12a,manual_install,tablet,Apple,iPad Air 2,,"iPad5,4",IOS,11.4.1,,,en-gb,No,3600,,,Europe,United Kingdom,England,London,,,(direct),(none),(direct),ba946113c0e08d7a4a1358ea0077a98e_1
20180829,1535536484529000,2018-08-29T10:54:44,user_engagement,1535536043771000,2018-08-29T10:47:23,,64,88871,ba946113c0e08d7a4a1358ea0077a98e,5783228E70934E968FF40707CC1971D8,1534951137328000,2018-08-22T16:18:57,,1220499683,IOS,,RangeContentViewController,auto,-8006726766134836486,481,,,,11111,1,,,,,,,,,,,1534951137328000,ba946113c0e08d7a4a1358ea0077a98e,uk.co.skoda.assistant.uat,1.1.7,,1:571703561616:ios:777087d7f78ec12a,manual_install,tablet,Apple,iPad Air 2,,"iPad5,4",IOS,11.4.1,,,en-gb,No,3600,,,Europe,United Kingdom,England,London,,,(direct),(none),(direct),ba946113c0e08d7a4a1358ea0077a98e_1
20180829,1535536637783000,2018-08-29T10:57:17,screen_view,1535020942079000,2018-08-23T11:42:22,,11,68960,ba946113c0e08d7a4a1358ea0077a98e,B82ADB697C2140B59BADCDEEB8509769,1535019703852000,2018-08-23T11:21:43,,1220499683,IOS,,SplashViewController,auto,-7134482481562243140,,1,,,11111,1,,,,,,,,,,,1535019703852000,ba946113c0e08d7a4a1358ea0077a98e,uk.co.skoda.assistant.test,1.1.6,,1:571703561616:ios:777087d7f78ec12a,manual_install,tablet,Apple,iPad Air 2,,"iPad5,4",IOS,11.4.1,,,en-gb,No,3600,,,Europe,United Kingdom,England,London,,,(direct),(none),(direct),ba946113c0e08d7a4a1358ea0077a98e_1
20180829,1535536637964001,2018-08-29T10:57:17,screen_view,1535536637783001,2018-08-29T10:57:17,,11,68960,ba946113c0e08d7a4a1358ea0077a98e,B82ADB697C2140B59BADCDEEB8509769,1535019703852000,2018-08-23T11:21:43,,1220499683,IOS,,LoginViewController,auto,-7134482481562243139,,1,-7134482481562243140,SplashViewController,11111,1,,,,,,,,,,,1535019703852000,ba946113c0e08d7a4a1358ea0077a98e,uk.co.skoda.assistant.test,1.1.6,,1:571703561616:ios:777087d7f78ec12a,manual_install,tablet,Apple,iPad Air 2,,"iPad5,4",IOS,11.4.1,,,en-gb,No,3600,,,Europe,United Kingdom,England,London,,,(direct),(none),(direct),ba946113c0e08d7a4a1358ea0077a98e_1
20180829,1535536647864000,2018-08-29T10:57:27,session_start,1535019715736000,2018-08-23T11:21:55,,12,92256,ba946113c0e08d7a4a1358ea0077a98e,B82ADB697C2140B59BADCDEEB8509769,1535019703852000,2018-08-23T11:21:43,,1220499683,IOS,,LoginViewController,auto,-7134482481562243139,,1,,,11111,1,,,,,,,,,,,1535019703852000,ba946113c0e08d7a4a1358ea0077a98e,uk.co.skoda.assistant.test,1.1.6,,1:571703561616:ios:777087d7f78ec12a,manual_install,tablet,Apple,iPad Air 2,,"iPad5,4",IOS,11.4.1,,,en-gb,No,3600,,,Europe,United Kingdom,England,London,,,(direct),(none),(direct),ba946113c0e08d7a4a1358ea0077a98e_1
20180829,1535536710673000,2018-08-29T10:58:30,user_engagement,1535020942078000,2018-08-23T11:42:22,,13,60319,ba946113c0e08d7a4a1358ea0077a98e,B82ADB697C2140B59BADCDEEB8509769,1535019703852000,2018-08-23T11:21:43,,1220499683,IOS,,LoginViewController,auto,-7134482481562243139,72812,,,,11111,1,,,,,,,,,,,1535019703852000,ba946113c0e08d7a4a1358ea0077a98e,uk.co.skoda.assistant.test,1.1.6,,1:571703561616:ios:777087d7f78ec12a,manual_install,tablet,Apple,iPad Air 2,,"iPad5,4",IOS,11.4.1,,,en-gb,No,3600,,,Europe,United Kingdom,England,London,,,(direct),(none),(direct),ba946113c0e08d7a4a1358ea0077a98e_1
20180829,1535536714142000,2018-08-29T10:58:34,user_engagement,1535536710673000,2018-08-29T10:58:30,,14,189538,ba946113c0e08d7a4a1358ea0077a98e,B82ADB697C2140B59BADCDEEB8509769,1535019703852000,2018-08-23T11:21:43,,1220499683,IOS,,LoginViewController,auto,-7134482481562243139,2225,,,,11111,1,,,,,,,,,,,1535019703852000,ba946113c0e08d7a4a1358ea0077a98e,uk.co.skoda.assistant.test,1.1.6,,1:571703561616:ios:777087d7f78ec12a,manual_install,tablet,Apple,iPad Air 2,,"iPad5,4",IOS,11.4.1,,,en-gb,No,3600,,,Europe,United Kingdom,England,London,,,(direct),(none),(direct),ba946113c0e08d7a4a1358ea0077a98e_1
20180829,1535536714143000,2018-08-29T10:58:34,screen_view,1535536637964000,2018-08-29T10:57:17,,14,189538,ba946113c0e08d7a4a1358ea0077a98e,B82ADB697C2140B59BADCDEEB8509769,1535019703852000,2018-08-23T11:21:43,,1220499683,IOS,,SplashViewController,auto,-7134482481562243140,,1,-7134482481562243139,LoginViewController,11111,1,,,,,,,,,,,1535019703852000,ba946113c0e08d7a4a1358ea0077a98e,uk.co.skoda.assistant.test,1.1.6,,1:571703561616:ios:777087d7f78ec12a,manual_install,tablet,Apple,iPad Air 2,,"iPad5,4",IOS,11.4.1,,,en-gb,No,3600,,,Europe,United Kingdom,England,London,,,(direct),(none),(direct),ba946113c0e08d7a4a1358ea0077a98e_1
