event_date,event_timestamp,event_iso8601,event_name,event_previous_timestamp,event_previous_iso8601,event_value_in_usd,event_bundle_sequence_id,event_server_timestamp_offset,user_id,user_pseudo_id,user_first_touch_timestamp,user_first_touch_iso8601,user_ltv,stream_id,platform,event_dimensions,firebase_screen_class,firebase_event_origin,firebase_screen_id,engagement_time_msec,firebase_conversion,firebase_previous_id,firebase_previous_class,user_retailer,user_area,AnalyticsParameterTerm,button_name,AnalyticsParameterItemID,engine,Compared_vehicle_1,Compared_vehicle_2,update_with_analytics,previous_first_open_count,previous_app_version,Compared_vehicle_3,first_open_time,user_id,id,version,install_store,firebase_app_id,install_source,category,mobile_brand_name,mobile_model_name,mobile_marketing_name,mobile_os_hardware_model,operating_system,operating_system_version,vendor_id,advertising_id,language,is_limited_ad_tracking,time_zone_offset_seconds,browser,browser,continent,country,region,city,sub_continent,metro,name,medium,source,user_session_generated_id
20180829,1535530860369000,2018-08-29T09:21:00,screen_view,1535480841126000,2018-08-28T19:27:21,,88,109649,96b9cae1b9cb767955a1610196bbe477,0B88BF99ABB14601BCDCA9DD19AE9559,1534348675851000,2018-08-15T16:57:55,,1220499683,IOS,,SplashViewController,auto,-7249943685492480008,,1,,,11111,1,,,,,,,,,,,1534348675851000,96b9cae1b9cb767955a1610196bbe477,uk.co.skoda.assistant.ios,1.1.6,,1:571703561616:ios:777087d7f78ec12a,manual_install,tablet,Apple,iPad,,"iPad7,5",IOS,11.4.1,,,en-gb,No,-25200,,,Europe,United Kingdom,England,Andover,,,(direct),(none),(direct),96b9cae1b9cb767955a1610196bbe477_0
20180829,1535530860592001,2018-08-29T09:21:00,screen_view,1535530860369001,2018-08-29T09:21:00,,88,109649,96b9cae1b9cb767955a1610196bbe477,0B88BF99ABB14601BCDCA9DD19AE9559,1534348675851000,2018-08-15T16:57:55,,1220499683,IOS,,LoginViewController,auto,-7249943685492480007,,1,-7249943685492480008,SplashViewController,11111,1,,,,,,,,,,,1534348675851000,96b9cae1b9cb767955a1610196bbe477,uk.co.skoda.assistant.ios,1.1.6,,1:571703561616:ios:777087d7f78ec12a,manual_install,tablet,Apple,iPad,,"iPad7,5",IOS,11.4.1,,,en-gb,No,-25200,,,Europe,United Kingdom,England,Andover,,,(direct),(none),(direct),96b9cae1b9cb767955a1610196bbe477_0
20180829,1535530863130002,2018-08-29T09:21:03,user_engagement,1535480871346002,2018-08-28T19:27:51,,88,109649,96b9cae1b9cb767955a1610196bbe477,0B88BF99ABB14601BCDCA9DD19AE9559,1534348675851000,2018-08-15T16:57:55,,1220499683,IOS,,LoginViewController,auto,-7249943685492480007,2746,,,,11111,1,,,,,,,,,,,1534348675851000,96b9cae1b9cb767955a1610196bbe477,uk.co.skoda.assistant.ios,1.1.6,,1:571703561616:ios:777087d7f78ec12a,manual_install,tablet,Apple,iPad,,"iPad7,5",IOS,11.4.1,,,en-gb,No,-25200,,,Europe,United Kingdom,England,Andover,,,(direct),(none),(direct),96b9cae1b9cb767955a1610196bbe477_0
20180829,1535530886855000,2018-08-29T09:21:26,session_start,1535478570095000,2018-08-28T18:49:30,,89,152900,96b9cae1b9cb767955a1610196bbe477,0B88BF99ABB14601BCDCA9DD19AE9559,1534348675851000,2018-08-15T16:57:55,,1220499683,IOS,,LoginViewController,auto,-7249943685492480007,,1,,,11111,1,,,,,,,,,,,1534348675851000,96b9cae1b9cb767955a1610196bbe477,uk.co.skoda.assistant.ios,1.1.6,,1:571703561616:ios:777087d7f78ec12a,manual_install,tablet,Apple,iPad,,"iPad7,5",IOS,11.4.1,,,en-gb,No,-25200,,,Europe,United Kingdom,England,Andover,,,(direct),(none),(direct),96b9cae1b9cb767955a1610196bbe477_0
20180829,1535530892182001,2018-08-29T09:21:32,user_engagement,1535530863130001,2018-08-29T09:21:03,,89,152900,96b9cae1b9cb767955a1610196bbe477,0B88BF99ABB14601BCDCA9DD19AE9559,1534348675851000,2018-08-15T16:57:55,,1220499683,IOS,,LoginViewController,auto,-7249943685492480007,15325,,,,11111,1,,,,,,,,,,,1534348675851000,96b9cae1b9cb767955a1610196bbe477,uk.co.skoda.assistant.ios,1.1.6,,1:571703561616:ios:777087d7f78ec12a,manual_install,tablet,Apple,iPad,,"iPad7,5",IOS,11.4.1,,,en-gb,No,-25200,,,Europe,United Kingdom,England,Andover,,,(direct),(none),(direct),96b9cae1b9cb767955a1610196bbe477_0
20180829,1535530892183001,2018-08-29T09:21:32,screen_view,1535530860592001,2018-08-29T09:21:00,,89,152900,96b9cae1b9cb767955a1610196bbe477,0B88BF99ABB14601BCDCA9DD19AE9559,1534348675851000,2018-08-15T16:57:55,,1220499683,IOS,,SplashViewController,auto,-7249943685492480008,,1,-7249943685492480007,LoginViewController,11111,1,,,,,,,,,,,1534348675851000,96b9cae1b9cb767955a1610196bbe477,uk.co.skoda.assistant.ios,1.1.6,,1:571703561616:ios:777087d7f78ec12a,manual_install,tablet,Apple,iPad,,"iPad7,5",IOS,11.4.1,,,en-gb,No,-25200,,,Europe,United Kingdom,England,Andover,,,(direct),(none),(direct),96b9cae1b9cb767955a1610196bbe477_0
