event_date,event_timestamp,event_iso8601,event_name,event_previous_timestamp,event_previous_iso8601,event_value_in_usd,event_bundle_sequence_id,event_server_timestamp_offset,user_id,user_pseudo_id,user_first_touch_timestamp,user_first_touch_iso8601,user_ltv,stream_id,platform,event_dimensions,firebase_screen_class,firebase_event_origin,firebase_screen_id,engagement_time_msec,firebase_conversion,firebase_previous_id,firebase_previous_class,user_retailer,user_area,AnalyticsParameterTerm,button_name,AnalyticsParameterItemID,engine,Compared_vehicle_1,Compared_vehicle_2,update_with_analytics,previous_first_open_count,previous_app_version,Compared_vehicle_3,first_open_time,user_id,id,version,install_store,firebase_app_id,install_source,category,mobile_brand_name,mobile_model_name,mobile_marketing_name,mobile_os_hardware_model,operating_system,operating_system_version,vendor_id,advertising_id,language,is_limited_ad_tracking,time_zone_offset_seconds,browser,browser,continent,country,region,city,sub_continent,metro,name,medium,source,user_session_generated_id
20180829,1535529399326000,2018-08-29T08:56:39,screen_view,1535205671428000,2018-08-25T15:01:11,,44,144506,3815d233c65e0ed5c46b0e210e2fe10c,A030146C3D7F4F43B80C6182F70A03C2,1534769254275000,2018-08-20T13:47:34,,1220499683,IOS,,LoginViewController,auto,7419981379968766812,,1,7419981379968766811,TrimViewController,28007,3,,,,,,,,,,,1534769254275000,3815d233c65e0ed5c46b0e210e2fe10c,uk.co.skoda.assistant.ios,1.1.6,,1:571703561616:ios:777087d7f78ec12a,manual_install,tablet,Apple,iPad,,"iPad7,5",IOS,11.4.1,,,en-gb,No,3600,,,Europe,United Kingdom,England,Andover,,,(direct),(none),(direct),3815d233c65e0ed5c46b0e210e2fe10c_0
20180829,1535529399603001,2018-08-29T08:56:39,screen_view,1535529399326001,2018-08-29T08:56:39,,44,144506,3815d233c65e0ed5c46b0e210e2fe10c,A030146C3D7F4F43B80C6182F70A03C2,1534769254275000,2018-08-20T13:47:34,,1220499683,IOS,,SplashViewController,auto,7419981379968766748,,1,7419981379968766812,LoginViewController,28007,3,,,,,,,,,,,1534769254275000,3815d233c65e0ed5c46b0e210e2fe10c,uk.co.skoda.assistant.ios,1.1.6,,1:571703561616:ios:777087d7f78ec12a,manual_install,tablet,Apple,iPad,,"iPad7,5",IOS,11.4.1,,,en-gb,No,3600,,,Europe,United Kingdom,England,Andover,,,(direct),(none),(direct),3815d233c65e0ed5c46b0e210e2fe10c_0
20180829,1535529399955002,2018-08-29T08:56:39,user_engagement,1535205688797002,2018-08-25T15:01:28,,44,144506,3815d233c65e0ed5c46b0e210e2fe10c,A030146C3D7F4F43B80C6182F70A03C2,1534769254275000,2018-08-20T13:47:34,,1220499683,IOS,,SplashViewController,auto,7419981379968766748,878,,,,28007,3,,,,,,,,,,,1534769254275000,3815d233c65e0ed5c46b0e210e2fe10c,uk.co.skoda.assistant.ios,1.1.6,,1:571703561616:ios:777087d7f78ec12a,manual_install,tablet,Apple,iPad,,"iPad7,5",IOS,11.4.1,,,en-gb,No,3600,,,Europe,United Kingdom,England,Andover,,,(direct),(none),(direct),3815d233c65e0ed5c46b0e210e2fe10c_0
20180829,1535529412486000,2018-08-29T08:56:52,screen_view,1535529399603000,2018-08-29T08:56:39,,45,133817,3815d233c65e0ed5c46b0e210e2fe10c,A030146C3D7F4F43B80C6182F70A03C2,1534769254275000,2018-08-20T13:47:34,,1220499683,IOS,,LoginViewController,auto,7419981379968766813,,1,7419981379968766748,SplashViewController,28007,3,,,,,,,,,,,1534769254275000,3815d233c65e0ed5c46b0e210e2fe10c,uk.co.skoda.assistant.ios,1.1.6,,1:571703561616:ios:777087d7f78ec12a,manual_install,tablet,Apple,iPad,,"iPad7,5",IOS,11.4.1,,,en-gb,No,3600,,,Europe,United Kingdom,England,Andover,,,(direct),(none),(direct),3815d233c65e0ed5c46b0e210e2fe10c_0
20180829,1535529421882001,2018-08-29T08:57:01,session_start,1535205668926001,2018-08-25T15:01:08,,45,133817,3815d233c65e0ed5c46b0e210e2fe10c,A030146C3D7F4F43B80C6182F70A03C2,1534769254275000,2018-08-20T13:47:34,,1220499683,IOS,,LoginViewController,auto,7419981379968766813,,1,,,28007,3,,,,,,,,,,,1534769254275000,3815d233c65e0ed5c46b0e210e2fe10c,uk.co.skoda.assistant.ios,1.1.6,,1:571703561616:ios:777087d7f78ec12a,manual_install,tablet,Apple,iPad,,"iPad7,5",IOS,11.4.1,,,en-gb,No,3600,,,Europe,United Kingdom,England,Andover,,,(direct),(none),(direct),3815d233c65e0ed5c46b0e210e2fe10c_0
20180829,1535529427212002,2018-08-29T08:57:07,user_engagement,1535529399955002,2018-08-29T08:56:39,,45,133817,3815d233c65e0ed5c46b0e210e2fe10c,A030146C3D7F4F43B80C6182F70A03C2,1534769254275000,2018-08-20T13:47:34,,1220499683,IOS,,LoginViewController,auto,7419981379968766813,15328,,,,28007,3,,,,,,,,,,,1534769254275000,3815d233c65e0ed5c46b0e210e2fe10c,uk.co.skoda.assistant.ios,1.1.6,,1:571703561616:ios:777087d7f78ec12a,manual_install,tablet,Apple,iPad,,"iPad7,5",IOS,11.4.1,,,en-gb,No,3600,,,Europe,United Kingdom,England,Andover,,,(direct),(none),(direct),3815d233c65e0ed5c46b0e210e2fe10c_0
20180829,1535529430283000,2018-08-29T08:57:10,screen_view,1535529412486000,2018-08-29T08:56:52,,46,171866,3815d233c65e0ed5c46b0e210e2fe10c,A030146C3D7F4F43B80C6182F70A03C2,1534769254275000,2018-08-20T13:47:34,,1220499683,IOS,,SplashViewController,auto,7419981379968766748,,1,7419981379968766813,LoginViewController,28007,3,,,,,,,,,,,1534769254275000,3815d233c65e0ed5c46b0e210e2fe10c,uk.co.skoda.assistant.ios,1.1.6,,1:571703561616:ios:777087d7f78ec12a,manual_install,tablet,Apple,iPad,,"iPad7,5",IOS,11.4.1,,,en-gb,No,3600,,,Europe,United Kingdom,England,Andover,,,(direct),(none),(direct),3815d233c65e0ed5c46b0e210e2fe10c_0
20180829,1535529430392001,2018-08-29T08:57:10,screen_view,1535529430283001,2018-08-29T08:57:10,,46,171866,3815d233c65e0ed5c46b0e210e2fe10c,A030146C3D7F4F43B80C6182F70A03C2,1534769254275000,2018-08-20T13:47:34,,1220499683,IOS,,LoginViewController,auto,7419981379968766814,,1,7419981379968766748,SplashViewController,28007,3,,,,,,,,,,,1534769254275000,3815d233c65e0ed5c46b0e210e2fe10c,uk.co.skoda.assistant.ios,1.1.6,,1:571703561616:ios:777087d7f78ec12a,manual_install,tablet,Apple,iPad,,"iPad7,5",IOS,11.4.1,,,en-gb,No,3600,,,Europe,United Kingdom,England,Andover,,,(direct),(none),(direct),3815d233c65e0ed5c46b0e210e2fe10c_0
20180829,1535529452913002,2018-08-29T08:57:32,user_engagement,1535529427212002,2018-08-29T08:57:07,,46,171866,3815d233c65e0ed5c46b0e210e2fe10c,A030146C3D7F4F43B80C6182F70A03C2,1534769254275000,2018-08-20T13:47:34,,1220499683,IOS,,LoginViewController,auto,7419981379968766814,23141,,,,28007,3,,,,,,,,,,,1534769254275000,3815d233c65e0ed5c46b0e210e2fe10c,uk.co.skoda.assistant.ios,1.1.6,,1:571703561616:ios:777087d7f78ec12a,manual_install,tablet,Apple,iPad,,"iPad7,5",IOS,11.4.1,,,en-gb,No,3600,,,Europe,United Kingdom,England,Andover,,,(direct),(none),(direct),3815d233c65e0ed5c46b0e210e2fe10c_0
20180829,1535529452914002,2018-08-29T08:57:32,screen_view,1535529430392002,2018-08-29T08:57:10,,46,171866,3815d233c65e0ed5c46b0e210e2fe10c,A030146C3D7F4F43B80C6182F70A03C2,1534769254275000,2018-08-20T13:47:34,,1220499683,IOS,,SplashViewController,auto,7419981379968766748,,1,7419981379968766814,LoginViewController,28007,3,,,,,,,,,,,1534769254275000,3815d233c65e0ed5c46b0e210e2fe10c,uk.co.skoda.assistant.ios,1.1.6,,1:571703561616:ios:777087d7f78ec12a,manual_install,tablet,Apple,iPad,,"iPad7,5",IOS,11.4.1,,,en-gb,No,3600,,,Europe,United Kingdom,England,Andover,,,(direct),(none),(direct),3815d233c65e0ed5c46b0e210e2fe10c_0
