event_date,event_timestamp,event_iso8601,event_name,event_previous_timestamp,event_previous_iso8601,event_value_in_usd,event_bundle_sequence_id,event_server_timestamp_offset,user_id,user_pseudo_id,user_first_touch_timestamp,user_first_touch_iso8601,user_ltv,stream_id,platform,event_dimensions,firebase_screen_class,firebase_event_origin,firebase_screen_id,engagement_time_msec,firebase_conversion,firebase_previous_id,firebase_previous_class,user_retailer,user_area,AnalyticsParameterTerm,button_name,AnalyticsParameterItemID,engine,Compared_vehicle_1,Compared_vehicle_2,update_with_analytics,previous_first_open_count,previous_app_version,Compared_vehicle_3,first_open_time,user_id,id,version,install_store,firebase_app_id,install_source,category,mobile_brand_name,mobile_model_name,mobile_marketing_name,mobile_os_hardware_model,operating_system,operating_system_version,vendor_id,advertising_id,language,is_limited_ad_tracking,time_zone_offset_seconds,browser,browser,continent,country,region,city,sub_continent,metro,name,medium,source
20180829,1535529500845004,2018-08-29T08:58:20,AnalyticsEventViewItem,1535461791189004,2018-08-28T14:09:51,,222,87708,cc9c8ab3df6acfd2ca81c7bbef2e4c6a,7377B44DC66D47FE922EC1794773196F,1534866945842000,2018-08-21T16:55:45,,1220499683,IOS,,SkodaContentViewController,app,8549608140516702894,,1,,,,,,,5b85669dc55b2021360696,,,,,,,,1534866945842000,cc9c8ab3df6acfd2ca81c7bbef2e4c6a,uk.co.skoda.assistant.uat,1.1.6,,1:571703561616:ios:777087d7f78ec12a,manual_install,tablet,Apple,iPad,,"iPad7,5",IOS,11.4,,,en-gb,No,3600,,,Europe,United Kingdom,England,Newport Pagnell,,,(direct),(none),(direct)
20180829,1535530358270014,2018-08-29T09:12:38,AnalyticsEventViewItem,1535462001687014,2018-08-28T14:13:21,,112,305506,352133e211bbdb63baa0ef1de05a92f6,14D78D5E23C341FCA0F179A27E5652EE,1534926269410000,2018-08-22T09:24:29,,1220499683,IOS,,TrimViewController,app,-4189340690112878100,,1,,,,,,,5b2a76fe2c231974707499,,,,,,,,1534926269410000,352133e211bbdb63baa0ef1de05a92f6,uk.co.skoda.assistant.uat,1.1.3,,1:571703561616:ios:777087d7f78ec12a,manual_install,tablet,Apple,iPad Air 2,,"iPad5,4",IOS,11.4.1,A32BF78F-CE5A-45C8-8A8D-A28FC9819091,,en-gb,No,3600,,,Europe,United Kingdom,England,London,,,(direct),(none),(direct)
20180829,1535530725738043,2018-08-29T09:18:45,AnalyticsEventViewItem,1535530358270043,2018-08-29T09:12:38,,112,305506,352133e211bbdb63baa0ef1de05a92f6,14D78D5E23C341FCA0F179A27E5652EE,1534926269410000,2018-08-22T09:24:29,,1220499683,IOS,,SkodaContentViewController,app,-4189340690112878102,,1,,,,,,,5b339c19a3b6e927850347,,,,,,,,1534926269410000,352133e211bbdb63baa0ef1de05a92f6,uk.co.skoda.assistant.uat,1.1.3,,1:571703561616:ios:777087d7f78ec12a,manual_install,tablet,Apple,iPad Air 2,,"iPad5,4",IOS,11.4.1,A32BF78F-CE5A-45C8-8A8D-A28FC9819091,,en-gb,No,3600,,,Europe,United Kingdom,England,London,,,(direct),(none),(direct)
20180829,1535531792554012,2018-08-29T09:36:32,AnalyticsEventViewItem,1535291220869012,2018-08-26T14:47:00,,217,145878,6adf7dcd7358e4c15d9a44c23348678f,CD40E53301BD4F62BA2C91352C14FB4C,1534751892109000,2018-08-20T08:58:12,,1220499683,IOS,,SkodaContentViewController,app,-970542389135931746,,1,,,,,,,5b33d71162fde989559265,,,,,,,,1534751892109000,6adf7dcd7358e4c15d9a44c23348678f,uk.co.skoda.assistant.ios,1.1.6,,1:571703561616:ios:777087d7f78ec12a,manual_install,tablet,Apple,iPad,,"iPad7,6",IOS,11.4.1,,,en-gb,No,3600,,,Europe,United Kingdom,England,Andover,,,(direct),(none),(direct)
20180829,1535534132214006,2018-08-29T10:15:32,AnalyticsEventViewItem,,,,8,100878,27a773ed5ce9ed04a0580b749b5dda9c,12E6C1DFE1EC4F3FBD4EEE00D2C79EEB,1535286409676000,2018-08-26T13:26:49,,1220499683,IOS,,SkodaContentViewController,app,8866720084579865578,,1,,,,,,,5b3f3ea007c40909652444,,,,,,,,1535286409676000,27a773ed5ce9ed04a0580b749b5dda9c,uk.co.skoda.assistant.ios,1.1.6,,1:571703561616:ios:777087d7f78ec12a,manual_install,tablet,Apple,iPad 5th gen,,"iPad6,11",IOS,11.4,,,en-gb,No,3600,,,Europe,United Kingdom,England,Birmingham,,,(direct),(none),(direct)
20180829,1535536188786099,2018-08-29T10:49:48,AnalyticsEventViewItem,1535534132214099,2018-08-29T10:15:32,,11,177643,27a773ed5ce9ed04a0580b749b5dda9c,12E6C1DFE1EC4F3FBD4EEE00D2C79EEB,1535286409676000,2018-08-26T13:26:49,,1220499683,IOS,,SkodaContentViewController,app,8866720084579865596,,1,,,,,,,5b33db2c04ada227196514,,,,,,,,1535286409676000,27a773ed5ce9ed04a0580b749b5dda9c,uk.co.skoda.assistant.ios,1.1.6,,1:571703561616:ios:777087d7f78ec12a,manual_install,tablet,Apple,iPad 5th gen,,"iPad6,11",IOS,11.4,,,en-gb,No,3600,,,Europe,United Kingdom,England,Birmingham,,,(direct),(none),(direct)
20180829,1535536205470103,2018-08-29T10:50:05,AnalyticsEventViewItem,1535536188786103,2018-08-29T10:49:48,,11,177643,27a773ed5ce9ed04a0580b749b5dda9c,12E6C1DFE1EC4F3FBD4EEE00D2C79EEB,1535286409676000,2018-08-26T13:26:49,,1220499683,IOS,,SkodaContentViewController,app,8866720084579865596,,1,,,,,,,5b33d71162fde989559265,,,,,,,,1535286409676000,27a773ed5ce9ed04a0580b749b5dda9c,uk.co.skoda.assistant.ios,1.1.6,,1:571703561616:ios:777087d7f78ec12a,manual_install,tablet,Apple,iPad 5th gen,,"iPad6,11",IOS,11.4,,,en-gb,No,3600,,,Europe,United Kingdom,England,Birmingham,,,(direct),(none),(direct)
20180829,1535536261540107,2018-08-29T10:51:01,AnalyticsEventViewItem,1535536205470107,2018-08-29T10:50:05,,11,177643,27a773ed5ce9ed04a0580b749b5dda9c,12E6C1DFE1EC4F3FBD4EEE00D2C79EEB,1535286409676000,2018-08-26T13:26:49,,1220499683,IOS,,SkodaContentViewController,app,8866720084579865596,,1,,,,,,,5b33dbfb2481f847765312,,,,,,,,1535286409676000,27a773ed5ce9ed04a0580b749b5dda9c,uk.co.skoda.assistant.ios,1.1.6,,1:571703561616:ios:777087d7f78ec12a,manual_install,tablet,Apple,iPad 5th gen,,"iPad6,11",IOS,11.4,,,en-gb,No,3600,,,Europe,United Kingdom,England,Birmingham,,,(direct),(none),(direct)
20180829,1535536914050008,2018-08-29T11:01:54,AnalyticsEventViewItem,1535536261540008,2018-08-29T10:51:01,,13,87586,27a773ed5ce9ed04a0580b749b5dda9c,12E6C1DFE1EC4F3FBD4EEE00D2C79EEB,1535286409676000,2018-08-26T13:26:49,,1220499683,IOS,,TrimViewController,app,8866720084579865647,,1,,,,,,,5b7c2fee4dec4860249025,,,,,,,,1535286409676000,27a773ed5ce9ed04a0580b749b5dda9c,uk.co.skoda.assistant.ios,1.1.6,,1:571703561616:ios:777087d7f78ec12a,manual_install,tablet,Apple,iPad 5th gen,,"iPad6,11",IOS,11.4,,,en-gb,No,3600,,,Europe,United Kingdom,England,Birmingham,,,(direct),(none),(direct)
20180829,1535537117169002,2018-08-29T11:05:17,AnalyticsEventViewItem,1535536914050002,2018-08-29T11:01:54,,15,94655,27a773ed5ce9ed04a0580b749b5dda9c,12E6C1DFE1EC4F3FBD4EEE00D2C79EEB,1535286409676000,2018-08-26T13:26:49,,1220499683,IOS,,TrimViewController,app,8866720084579865647,,1,,,,,,,5b0428948d714845179248,,,,,,,,1535286409676000,27a773ed5ce9ed04a0580b749b5dda9c,uk.co.skoda.assistant.ios,1.1.6,,1:571703561616:ios:777087d7f78ec12a,manual_install,tablet,Apple,iPad 5th gen,,"iPad6,11",IOS,11.4,,,en-gb,No,3600,,,Europe,United Kingdom,England,Birmingham,,,(direct),(none),(direct)
20180829,1535537117173003,2018-08-29T11:05:17,AnalyticsEventViewItem,1535537117169003,2018-08-29T11:05:17,,15,94655,27a773ed5ce9ed04a0580b749b5dda9c,12E6C1DFE1EC4F3FBD4EEE00D2C79EEB,1535286409676000,2018-08-26T13:26:49,,1220499683,IOS,,TrimViewController,app,8866720084579865647,,1,,,,,,,trim_home_view_gallery_item,,,,,,,,1535286409676000,27a773ed5ce9ed04a0580b749b5dda9c,uk.co.skoda.assistant.ios,1.1.6,,1:571703561616:ios:777087d7f78ec12a,manual_install,tablet,Apple,iPad 5th gen,,"iPad6,11",IOS,11.4,,,en-gb,No,3600,,,Europe,United Kingdom,England,Birmingham,,,(direct),(none),(direct)
20180829,1535537130102007,2018-08-29T11:05:30,AnalyticsEventViewItem,1535537117173007,2018-08-29T11:05:17,,15,94655,27a773ed5ce9ed04a0580b749b5dda9c,12E6C1DFE1EC4F3FBD4EEE00D2C79EEB,1535286409676000,2018-08-26T13:26:49,,1220499683,IOS,,TrimViewController,app,8866720084579865647,,1,,,,,,,5b04288744466774292417,,,,,,,,1535286409676000,27a773ed5ce9ed04a0580b749b5dda9c,uk.co.skoda.assistant.ios,1.1.6,,1:571703561616:ios:777087d7f78ec12a,manual_install,tablet,Apple,iPad 5th gen,,"iPad6,11",IOS,11.4,,,en-gb,No,3600,,,Europe,United Kingdom,England,Birmingham,,,(direct),(none),(direct)
20180829,1535537130105008,2018-08-29T11:05:30,AnalyticsEventViewItem,1535537130102008,2018-08-29T11:05:30,,15,94655,27a773ed5ce9ed04a0580b749b5dda9c,12E6C1DFE1EC4F3FBD4EEE00D2C79EEB,1535286409676000,2018-08-26T13:26:49,,1220499683,IOS,,TrimViewController,app,8866720084579865647,,1,,,,,,,trim_home_view_gallery_item,,,,,,,,1535286409676000,27a773ed5ce9ed04a0580b749b5dda9c,uk.co.skoda.assistant.ios,1.1.6,,1:571703561616:ios:777087d7f78ec12a,manual_install,tablet,Apple,iPad 5th gen,,"iPad6,11",IOS,11.4,,,en-gb,No,3600,,,Europe,United Kingdom,England,Birmingham,,,(direct),(none),(direct)
20180829,1535537132388011,2018-08-29T11:05:32,AnalyticsEventViewItem,1535537130105011,2018-08-29T11:05:30,,15,94655,27a773ed5ce9ed04a0580b749b5dda9c,12E6C1DFE1EC4F3FBD4EEE00D2C79EEB,1535286409676000,2018-08-26T13:26:49,,1220499683,IOS,,TrimViewController,app,8866720084579865647,,1,,,,,,,5b04288744466774292417,,,,,,,,1535286409676000,27a773ed5ce9ed04a0580b749b5dda9c,uk.co.skoda.assistant.ios,1.1.6,,1:571703561616:ios:777087d7f78ec12a,manual_install,tablet,Apple,iPad 5th gen,,"iPad6,11",IOS,11.4,,,en-gb,No,3600,,,Europe,United Kingdom,England,Birmingham,,,(direct),(none),(direct)
20180829,1535537132392012,2018-08-29T11:05:32,AnalyticsEventViewItem,1535537132388012,2018-08-29T11:05:32,,15,94655,27a773ed5ce9ed04a0580b749b5dda9c,12E6C1DFE1EC4F3FBD4EEE00D2C79EEB,1535286409676000,2018-08-26T13:26:49,,1220499683,IOS,,TrimViewController,app,8866720084579865647,,1,,,,,,,trim_home_view_gallery_item,,,,,,,,1535286409676000,27a773ed5ce9ed04a0580b749b5dda9c,uk.co.skoda.assistant.ios,1.1.6,,1:571703561616:ios:777087d7f78ec12a,manual_install,tablet,Apple,iPad 5th gen,,"iPad6,11",IOS,11.4,,,en-gb,No,3600,,,Europe,United Kingdom,England,Birmingham,,,(direct),(none),(direct)
20180829,1535537141489015,2018-08-29T11:05:41,AnalyticsEventViewItem,1535537132392015,2018-08-29T11:05:32,,15,94655,27a773ed5ce9ed04a0580b749b5dda9c,12E6C1DFE1EC4F3FBD4EEE00D2C79EEB,1535286409676000,2018-08-26T13:26:49,,1220499683,IOS,,TrimViewController,app,8866720084579865647,,1,,,,,,,5b042887634ed602216480,,,,,,,,1535286409676000,27a773ed5ce9ed04a0580b749b5dda9c,uk.co.skoda.assistant.ios,1.1.6,,1:571703561616:ios:777087d7f78ec12a,manual_install,tablet,Apple,iPad 5th gen,,"iPad6,11",IOS,11.4,,,en-gb,No,3600,,,Europe,United Kingdom,England,Birmingham,,,(direct),(none),(direct)
20180829,1535537141493016,2018-08-29T11:05:41,AnalyticsEventViewItem,1535537141489016,2018-08-29T11:05:41,,15,94655,27a773ed5ce9ed04a0580b749b5dda9c,12E6C1DFE1EC4F3FBD4EEE00D2C79EEB,1535286409676000,2018-08-26T13:26:49,,1220499683,IOS,,TrimViewController,app,8866720084579865647,,1,,,,,,,trim_home_view_gallery_item,,,,,,,,1535286409676000,27a773ed5ce9ed04a0580b749b5dda9c,uk.co.skoda.assistant.ios,1.1.6,,1:571703561616:ios:777087d7f78ec12a,manual_install,tablet,Apple,iPad 5th gen,,"iPad6,11",IOS,11.4,,,en-gb,No,3600,,,Europe,United Kingdom,England,Birmingham,,,(direct),(none),(direct)
20180829,1535537143303019,2018-08-29T11:05:43,AnalyticsEventViewItem,1535537141493019,2018-08-29T11:05:41,,15,94655,27a773ed5ce9ed04a0580b749b5dda9c,12E6C1DFE1EC4F3FBD4EEE00D2C79EEB,1535286409676000,2018-08-26T13:26:49,,1220499683,IOS,,TrimViewController,app,8866720084579865647,,1,,,,,,,5b04288791993347543053,,,,,,,,1535286409676000,27a773ed5ce9ed04a0580b749b5dda9c,uk.co.skoda.assistant.ios,1.1.6,,1:571703561616:ios:777087d7f78ec12a,manual_install,tablet,Apple,iPad 5th gen,,"iPad6,11",IOS,11.4,,,en-gb,No,3600,,,Europe,United Kingdom,England,Birmingham,,,(direct),(none),(direct)
20180829,1535537143305020,2018-08-29T11:05:43,AnalyticsEventViewItem,1535537143303020,2018-08-29T11:05:43,,15,94655,27a773ed5ce9ed04a0580b749b5dda9c,12E6C1DFE1EC4F3FBD4EEE00D2C79EEB,1535286409676000,2018-08-26T13:26:49,,1220499683,IOS,,TrimViewController,app,8866720084579865647,,1,,,,,,,trim_home_view_gallery_item,,,,,,,,1535286409676000,27a773ed5ce9ed04a0580b749b5dda9c,uk.co.skoda.assistant.ios,1.1.6,,1:571703561616:ios:777087d7f78ec12a,manual_install,tablet,Apple,iPad 5th gen,,"iPad6,11",IOS,11.4,,,en-gb,No,3600,,,Europe,United Kingdom,England,Birmingham,,,(direct),(none),(direct)
20180829,1535537822559000,2018-08-29T11:17:02,AnalyticsEventViewItem,1535120122220000,2018-08-24T15:15:22,,114,88752,5923b6e92cddb92053bd283b9bcb6730,CF72BE0F3C0C46338C1F4580FD621EF6,1533816862477000,2018-08-09T13:14:22,,1220499683,IOS,,TrimViewController,app,5370564723095293805,,1,,,,,,,5b339c19a3b6e927850347,,,,,,,,1533816862477000,5923b6e92cddb92053bd283b9bcb6730,uk.co.skoda.assistant.ios,1.1.6,,1:571703561616:ios:777087d7f78ec12a,manual_install,tablet,Apple,iPad,,"iPad7,6",IOS,11.4.1,,,en-gb,No,3600,,,Europe,United Kingdom,England,Nottingham,,,(direct),(none),(direct)
20180829,1535537985434013,2018-08-29T11:19:45,AnalyticsEventViewItem,1535474023173013,2018-08-28T17:33:43,,213,91711,c6b535f66ecd3748583afa7e7b39bb3b,9D05C71DD0774D72B4326C0273C3570F,1533819733967000,2018-08-09T14:02:13,,1220499683,IOS,,SkodaContentViewController,app,964496880845775988,,1,,,,,,,5b7c2fee4dec4860249025,,,,,,,,1533819733967000,c6b535f66ecd3748583afa7e7b39bb3b,uk.co.skoda.assistant.ios,1.1.6,,1:571703561616:ios:777087d7f78ec12a,manual_install,tablet,Apple,iPad,,"iPad7,5",IOS,11.4.1,,,en-gb,No,3600,,,Europe,United Kingdom,England,Nottingham,,,(direct),(none),(direct)
20180829,1535538068934017,2018-08-29T11:21:08,AnalyticsEventViewItem,1535537985434017,2018-08-29T11:19:45,,213,91711,c6b535f66ecd3748583afa7e7b39bb3b,9D05C71DD0774D72B4326C0273C3570F,1533819733967000,2018-08-09T14:02:13,,1220499683,IOS,,SkodaContentViewController,app,964496880845775988,,1,,,,,,,5b7c2fee4dec4860249025,,,,,,,,1533819733967000,c6b535f66ecd3748583afa7e7b39bb3b,uk.co.skoda.assistant.ios,1.1.6,,1:571703561616:ios:777087d7f78ec12a,manual_install,tablet,Apple,iPad,,"iPad7,5",IOS,11.4.1,,,en-gb,No,3600,,,Europe,United Kingdom,England,Nottingham,,,(direct),(none),(direct)
20180829,1535538074025023,2018-08-29T11:21:14,AnalyticsEventViewItem,1535530725738023,2018-08-29T09:18:45,,116,305510,352133e211bbdb63baa0ef1de05a92f6,14D78D5E23C341FCA0F179A27E5652EE,1534926269410000,2018-08-22T09:24:29,,1220499683,IOS,,SkodaContentViewController,app,-4189340690112878053,,1,,,,,,,5b7c2fee4dec4860249025,,,,,,,,1534926269410000,352133e211bbdb63baa0ef1de05a92f6,uk.co.skoda.assistant.uat,1.1.3,,1:571703561616:ios:777087d7f78ec12a,manual_install,tablet,Apple,iPad Air 2,,"iPad5,4",IOS,11.4.1,A32BF78F-CE5A-45C8-8A8D-A28FC9819091,,en-gb,No,3600,,,Europe,United Kingdom,England,London,,,(direct),(none),(direct)
20180829,1535538111099030,2018-08-29T11:21:51,AnalyticsEventViewItem,1535538074025030,2018-08-29T11:21:14,,116,305510,352133e211bbdb63baa0ef1de05a92f6,14D78D5E23C341FCA0F179A27E5652EE,1534926269410000,2018-08-22T09:24:29,,1220499683,IOS,,SkodaContentViewController,app,-4189340690112878053,,1,,,,,,,5b85491912a0e403036040,,,,,,,,1534926269410000,352133e211bbdb63baa0ef1de05a92f6,uk.co.skoda.assistant.uat,1.1.3,,1:571703561616:ios:777087d7f78ec12a,manual_install,tablet,Apple,iPad Air 2,,"iPad5,4",IOS,11.4.1,A32BF78F-CE5A-45C8-8A8D-A28FC9819091,,en-gb,No,3600,,,Europe,United Kingdom,England,London,,,(direct),(none),(direct)
20180829,1535538115585021,2018-08-29T11:21:55,AnalyticsEventViewItem,1535538068934021,2018-08-29T11:21:08,,213,91711,c6b535f66ecd3748583afa7e7b39bb3b,9D05C71DD0774D72B4326C0273C3570F,1533819733967000,2018-08-09T14:02:13,,1220499683,IOS,,SkodaContentViewController,app,964496880845775988,,1,,,,,,,5b339bfec8b8a190889659,,,,,,,,1533819733967000,c6b535f66ecd3748583afa7e7b39bb3b,uk.co.skoda.assistant.ios,1.1.6,,1:571703561616:ios:777087d7f78ec12a,manual_install,tablet,Apple,iPad,,"iPad7,5",IOS,11.4.1,,,en-gb,No,3600,,,Europe,United Kingdom,England,Nottingham,,,(direct),(none),(direct)
20180829,1535538166975034,2018-08-29T11:22:46,AnalyticsEventViewItem,1535538111099034,2018-08-29T11:21:51,,116,305510,352133e211bbdb63baa0ef1de05a92f6,14D78D5E23C341FCA0F179A27E5652EE,1534926269410000,2018-08-22T09:24:29,,1220499683,IOS,,SkodaContentViewController,app,-4189340690112878053,,1,,,,,,,5b7c2fee4dec4860249025,,,,,,,,1534926269410000,352133e211bbdb63baa0ef1de05a92f6,uk.co.skoda.assistant.uat,1.1.3,,1:571703561616:ios:777087d7f78ec12a,manual_install,tablet,Apple,iPad Air 2,,"iPad5,4",IOS,11.4.1,A32BF78F-CE5A-45C8-8A8D-A28FC9819091,,en-gb,No,3600,,,Europe,United Kingdom,England,London,,,(direct),(none),(direct)
20180829,1535538236991006,2018-08-29T11:23:56,AnalyticsEventViewItem,1535531792554006,2018-08-29T09:36:32,,226,129317,6adf7dcd7358e4c15d9a44c23348678f,CD40E53301BD4F62BA2C91352C14FB4C,1534751892109000,2018-08-20T08:58:12,,1220499683,IOS,,TrimViewController,app,-5098327230150829065,,1,,,,,,,5b7c2fee4dec4860249025,,,,,,,,1534751892109000,6adf7dcd7358e4c15d9a44c23348678f,uk.co.skoda.assistant.ios,1.1.6,,1:571703561616:ios:777087d7f78ec12a,manual_install,tablet,Apple,iPad,,"iPad7,6",IOS,11.4.1,,,en-gb,No,3600,,,Europe,United Kingdom,England,Andover,,,(direct),(none),(direct)
20180829,1535538258732010,2018-08-29T11:24:18,AnalyticsEventViewItem,1535538236991010,2018-08-29T11:23:56,,226,129317,6adf7dcd7358e4c15d9a44c23348678f,CD40E53301BD4F62BA2C91352C14FB4C,1534751892109000,2018-08-20T08:58:12,,1220499683,IOS,,TrimViewController,app,-5098327230150829065,,1,,,,,,,5b7c2fee4dec4860249025,,,,,,,,1534751892109000,6adf7dcd7358e4c15d9a44c23348678f,uk.co.skoda.assistant.ios,1.1.6,,1:571703561616:ios:777087d7f78ec12a,manual_install,tablet,Apple,iPad,,"iPad7,6",IOS,11.4.1,,,en-gb,No,3600,,,Europe,United Kingdom,England,Andover,,,(direct),(none),(direct)
20180829,1535538366496014,2018-08-29T11:26:06,AnalyticsEventViewItem,1535538258732014,2018-08-29T11:24:18,,226,129317,6adf7dcd7358e4c15d9a44c23348678f,CD40E53301BD4F62BA2C91352C14FB4C,1534751892109000,2018-08-20T08:58:12,,1220499683,IOS,,TrimViewController,app,-5098327230150829065,,1,,,,,,,5b7c2fee4dec4860249025,,,,,,,,1534751892109000,6adf7dcd7358e4c15d9a44c23348678f,uk.co.skoda.assistant.ios,1.1.6,,1:571703561616:ios:777087d7f78ec12a,manual_install,tablet,Apple,iPad,,"iPad7,6",IOS,11.4.1,,,en-gb,No,3600,,,Europe,United Kingdom,England,Andover,,,(direct),(none),(direct)
20180829,1535539656959086,2018-08-29T11:47:36,AnalyticsEventViewItem,,,,9,759617,b8140050d3b610ff8a93bef7a6d60f0d,A9D750AECB6B4381BE23FD8F809F088B,1535533324747000,2018-08-29T10:02:04,,1220499683,IOS,,SkodaContentViewController,app,7051004047525632038,,1,,,,,,,5b33df81d653e242153309,,,,,,,,1535533324747000,b8140050d3b610ff8a93bef7a6d60f0d,uk.co.skoda.assistant.ios,1.1.6,,1:571703561616:ios:777087d7f78ec12a,manual_install,tablet,Apple,iPad,,"iPad7,5",IOS,11.4.1,,,en-gb,No,3600,,,Europe,United Kingdom,England,London,,,(direct),(none),(direct)
20180829,1535540121678149,2018-08-29T11:55:21,AnalyticsEventViewItem,1535539656959149,2018-08-29T11:47:36,,9,759617,b8140050d3b610ff8a93bef7a6d60f0d,A9D750AECB6B4381BE23FD8F809F088B,1535533324747000,2018-08-29T10:02:04,,1220499683,IOS,,TrimViewController,app,7051004047525632056,,1,,,,,,,5b2a5a368d095786977344,,,,,,,,1535533324747000,b8140050d3b610ff8a93bef7a6d60f0d,uk.co.skoda.assistant.ios,1.1.6,,1:571703561616:ios:777087d7f78ec12a,manual_install,tablet,Apple,iPad,,"iPad7,5",IOS,11.4.1,,,en-gb,No,3600,,,Europe,United Kingdom,England,London,,,(direct),(none),(direct)
20180829,1535540121684150,2018-08-29T11:55:21,AnalyticsEventViewItem,1535540121678150,2018-08-29T11:55:21,,9,759617,b8140050d3b610ff8a93bef7a6d60f0d,A9D750AECB6B4381BE23FD8F809F088B,1535533324747000,2018-08-29T10:02:04,,1220499683,IOS,,TrimViewController,app,7051004047525632056,,1,,,,,,,trim_home_view_gallery_item,,,,,,,,1535533324747000,b8140050d3b610ff8a93bef7a6d60f0d,uk.co.skoda.assistant.ios,1.1.6,,1:571703561616:ios:777087d7f78ec12a,manual_install,tablet,Apple,iPad,,"iPad7,5",IOS,11.4.1,,,en-gb,No,3600,,,Europe,United Kingdom,England,London,,,(direct),(none),(direct)
20180829,1535540527602004,2018-08-29T12:02:07,AnalyticsEventViewItem,1535461567466004,2018-08-28T14:06:07,,115,156369,edc414157e224dd8c2045f87cbb52c7b,2C9580CD92C74F0BBD053576BD11AA51,1534253270072000,2018-08-14T14:27:50,,1220499683,IOS,,TrimViewController,app,-2135305417362460760,,1,,,,,,,5b7c33035833f795331202,,,,,,,,1534253270072000,edc414157e224dd8c2045f87cbb52c7b,uk.co.skoda.assistant.ios,1.1.6,,1:571703561616:ios:777087d7f78ec12a,manual_install,tablet,Apple,iPad,,"iPad7,6",IOS,11.4.1,,,en-gb,No,3600,,,Europe,United Kingdom,England,London,,,(direct),(none),(direct)
20180829,1535540567669011,2018-08-29T12:02:47,AnalyticsEventViewItem,1535540527602011,2018-08-29T12:02:07,,115,156369,edc414157e224dd8c2045f87cbb52c7b,2C9580CD92C74F0BBD053576BD11AA51,1534253270072000,2018-08-14T14:27:50,,1220499683,IOS,,TrimViewController,app,-2135305417362460760,,1,,,,,,,5b339c74e0780714524430,,,,,,,,1534253270072000,edc414157e224dd8c2045f87cbb52c7b,uk.co.skoda.assistant.ios,1.1.6,,1:571703561616:ios:777087d7f78ec12a,manual_install,tablet,Apple,iPad,,"iPad7,6",IOS,11.4.1,,,en-gb,No,3600,,,Europe,United Kingdom,England,London,,,(direct),(none),(direct)
20180829,1535540633864001,2018-08-29T12:03:53,AnalyticsEventViewItem,1535540567669001,2018-08-29T12:02:47,,116,125396,edc414157e224dd8c2045f87cbb52c7b,2C9580CD92C74F0BBD053576BD11AA51,1534253270072000,2018-08-14T14:27:50,,1220499683,IOS,,TrimViewController,app,-2135305417362460760,,1,,,,,,,5b7c33035833f795331202,,,,,,,,1534253270072000,edc414157e224dd8c2045f87cbb52c7b,uk.co.skoda.assistant.ios,1.1.6,,1:571703561616:ios:777087d7f78ec12a,manual_install,tablet,Apple,iPad,,"iPad7,6",IOS,11.4.1,,,en-gb,No,3600,,,Europe,United Kingdom,England,London,,,(direct),(none),(direct)
20180829,1535542837875033,2018-08-29T12:40:37,AnalyticsEventViewItem,1534508129520033,2018-08-17T13:15:29,,103,566436,96b9cae1b9cb767955a1610196bbe477,0B88BF99ABB14601BCDCA9DD19AE9559,1534348675851000,2018-08-15T16:57:55,,1220499683,IOS,,TrimViewController,app,-7249943685492479971,,1,,,,,,,5b2a7447a4cb7794918594,,,,,,,,1534348675851000,96b9cae1b9cb767955a1610196bbe477,uk.co.skoda.assistant.ios,1.1.6,,1:571703561616:ios:777087d7f78ec12a,manual_install,tablet,Apple,iPad,,"iPad7,5",IOS,11.4.1,,,en-gb,No,-25200,,,Europe,United Kingdom,England,London,,,(direct),(none),(direct)
20180829,1535542945004021,2018-08-29T12:42:25,AnalyticsEventViewItem,1535538366496021,2018-08-29T11:26:06,,229,149632,6adf7dcd7358e4c15d9a44c23348678f,CD40E53301BD4F62BA2C91352C14FB4C,1534751892109000,2018-08-20T08:58:12,,1220499683,IOS,,TrimViewController,app,-5098327230150829050,,1,,,,,,,5b339c74e0780714524430,,,,,,,,1534751892109000,6adf7dcd7358e4c15d9a44c23348678f,uk.co.skoda.assistant.ios,1.1.6,,1:571703561616:ios:777087d7f78ec12a,manual_install,tablet,Apple,iPad,,"iPad7,6",IOS,11.4.1,,,en-gb,No,3600,,,Europe,United Kingdom,England,Andover,,,(direct),(none),(direct)
20180829,1535543053628029,2018-08-29T12:44:13,AnalyticsEventViewItem,1535542945004029,2018-08-29T12:42:25,,229,149632,6adf7dcd7358e4c15d9a44c23348678f,CD40E53301BD4F62BA2C91352C14FB4C,1534751892109000,2018-08-20T08:58:12,,1220499683,IOS,,TrimViewController,app,-5098327230150829047,,1,,,,,,,5b339c74e0780714524430,,,,,,,,1534751892109000,6adf7dcd7358e4c15d9a44c23348678f,uk.co.skoda.assistant.ios,1.1.6,,1:571703561616:ios:777087d7f78ec12a,manual_install,tablet,Apple,iPad,,"iPad7,6",IOS,11.4.1,,,en-gb,No,3600,,,Europe,United Kingdom,England,Andover,,,(direct),(none),(direct)
20180829,1535543445346000,2018-08-29T12:50:45,AnalyticsEventViewItem,,,,17,141463,ca6a908acc5d9b22e1f92b06781b07a9,34DB4AD6741342CD93885057A27A4C90,1533821671647000,2018-08-09T14:34:31,,1220499683,IOS,,TrimViewController,app,-362460847759049967,,1,,,,,,,5b2a7447a4cb7794918594,,,,,,,,1533821671647000,ca6a908acc5d9b22e1f92b06781b07a9,uk.co.skoda.assistant.ios,1.1.6,,1:571703561616:ios:777087d7f78ec12a,manual_install,tablet,Apple,iPad,,"iPad7,5",IOS,11.4.1,,,en-gb,No,3600,,,Europe,United Kingdom,England,Nottingham,,,(direct),(none),(direct)
20180829,1535543515385004,2018-08-29T12:51:55,AnalyticsEventViewItem,1535543445346004,2018-08-29T12:50:45,,17,141463,ca6a908acc5d9b22e1f92b06781b07a9,34DB4AD6741342CD93885057A27A4C90,1533821671647000,2018-08-09T14:34:31,,1220499683,IOS,,TrimViewController,app,-362460847759049967,,1,,,,,,,5b1fe49b4145f950324944,,,,,,,,1533821671647000,ca6a908acc5d9b22e1f92b06781b07a9,uk.co.skoda.assistant.ios,1.1.6,,1:571703561616:ios:777087d7f78ec12a,manual_install,tablet,Apple,iPad,,"iPad7,5",IOS,11.4.1,,,en-gb,No,3600,,,Europe,United Kingdom,England,Nottingham,,,(direct),(none),(direct)
20180829,1535543547345008,2018-08-29T12:52:27,AnalyticsEventViewItem,1535543515385008,2018-08-29T12:51:55,,17,141463,ca6a908acc5d9b22e1f92b06781b07a9,34DB4AD6741342CD93885057A27A4C90,1533821671647000,2018-08-09T14:34:31,,1220499683,IOS,,TrimViewController,app,-362460847759049967,,1,,,,,,,5b1fe5aa096cb238280002,,,,,,,,1533821671647000,ca6a908acc5d9b22e1f92b06781b07a9,uk.co.skoda.assistant.ios,1.1.6,,1:571703561616:ios:777087d7f78ec12a,manual_install,tablet,Apple,iPad,,"iPad7,5",IOS,11.4.1,,,en-gb,No,3600,,,Europe,United Kingdom,England,Nottingham,,,(direct),(none),(direct)
20180829,1535543560939012,2018-08-29T12:52:40,AnalyticsEventViewItem,1535543547345012,2018-08-29T12:52:27,,17,141463,ca6a908acc5d9b22e1f92b06781b07a9,34DB4AD6741342CD93885057A27A4C90,1533821671647000,2018-08-09T14:34:31,,1220499683,IOS,,TrimViewController,app,-362460847759049967,,1,,,,,,,5b20f58e70be6954119401,,,,,,,,1533821671647000,ca6a908acc5d9b22e1f92b06781b07a9,uk.co.skoda.assistant.ios,1.1.6,,1:571703561616:ios:777087d7f78ec12a,manual_install,tablet,Apple,iPad,,"iPad7,5",IOS,11.4.1,,,en-gb,No,3600,,,Europe,United Kingdom,England,Nottingham,,,(direct),(none),(direct)
20180829,1535545671944007,2018-08-29T13:27:51,AnalyticsEventViewItem,1535543053628007,2018-08-29T12:44:13,,236,155107,6adf7dcd7358e4c15d9a44c23348678f,CD40E53301BD4F62BA2C91352C14FB4C,1534751892109000,2018-08-20T08:58:12,,1220499683,IOS,,TrimViewController,app,-5098327230150829036,,1,,,,,,,5b339c74e0780714524430,,,,,,,,1534751892109000,6adf7dcd7358e4c15d9a44c23348678f,uk.co.skoda.assistant.ios,1.1.6,,1:571703561616:ios:777087d7f78ec12a,manual_install,tablet,Apple,iPad,,"iPad7,6",IOS,11.4.1,,,en-gb,No,3600,,,Europe,United Kingdom,England,Andover,,,(direct),(none),(direct)
20180829,1535546631614001,2018-08-29T13:43:51,AnalyticsEventViewItem,1535538115585001,2018-08-29T11:21:55,,214,91712,c6b535f66ecd3748583afa7e7b39bb3b,9D05C71DD0774D72B4326C0273C3570F,1533819733967000,2018-08-09T14:02:13,,1220499683,IOS,,SkodaContentViewController,app,964496880845775988,,1,,,,,,,5b3f3ea007c40909652444,,,,,,,,1533819733967000,c6b535f66ecd3748583afa7e7b39bb3b,uk.co.skoda.assistant.ios,1.1.6,,1:571703561616:ios:777087d7f78ec12a,manual_install,tablet,Apple,iPad,,"iPad7,5",IOS,11.4.1,,,en-gb,No,3600,,,Europe,United Kingdom,England,Nottingham,,,(direct),(none),(direct)
20180829,1535546724084009,2018-08-29T13:45:24,AnalyticsEventViewItem,1535546631614009,2018-08-29T13:43:51,,214,91712,c6b535f66ecd3748583afa7e7b39bb3b,9D05C71DD0774D72B4326C0273C3570F,1533819733967000,2018-08-09T14:02:13,,1220499683,IOS,,SkodaContentViewController,app,964496880845775988,,1,,,,,,,5b3f3ea007c40909652444,,,,,,,,1533819733967000,c6b535f66ecd3748583afa7e7b39bb3b,uk.co.skoda.assistant.ios,1.1.6,,1:571703561616:ios:777087d7f78ec12a,manual_install,tablet,Apple,iPad,,"iPad7,5",IOS,11.4.1,,,en-gb,No,3600,,,Europe,United Kingdom,England,Nottingham,,,(direct),(none),(direct)
20180829,1535546734108013,2018-08-29T13:45:34,AnalyticsEventViewItem,1535546724084013,2018-08-29T13:45:24,,214,91712,c6b535f66ecd3748583afa7e7b39bb3b,9D05C71DD0774D72B4326C0273C3570F,1533819733967000,2018-08-09T14:02:13,,1220499683,IOS,,SkodaContentViewController,app,964496880845775988,,1,,,,,,,5b3f3ea007c40909652444,,,,,,,,1533819733967000,c6b535f66ecd3748583afa7e7b39bb3b,uk.co.skoda.assistant.ios,1.1.6,,1:571703561616:ios:777087d7f78ec12a,manual_install,tablet,Apple,iPad,,"iPad7,5",IOS,11.4.1,,,en-gb,No,3600,,,Europe,United Kingdom,England,Nottingham,,,(direct),(none),(direct)
20180829,1535546744000025,2018-08-29T13:45:44,AnalyticsEventViewItem,1535546734108025,2018-08-29T13:45:34,,214,91712,c6b535f66ecd3748583afa7e7b39bb3b,9D05C71DD0774D72B4326C0273C3570F,1533819733967000,2018-08-09T14:02:13,,1220499683,IOS,,SkodaContentViewController,app,964496880845775988,,1,,,,,,,5b33db2c04ada227196514,,,,,,,,1533819733967000,c6b535f66ecd3748583afa7e7b39bb3b,uk.co.skoda.assistant.ios,1.1.6,,1:571703561616:ios:777087d7f78ec12a,manual_install,tablet,Apple,iPad,,"iPad7,5",IOS,11.4.1,,,en-gb,No,3600,,,Europe,United Kingdom,England,Nottingham,,,(direct),(none),(direct)
20180829,1535547038992009,2018-08-29T13:50:38,AnalyticsEventViewItem,1534502255890009,2018-08-17T11:37:35,,78,79035,cf45cf67225c8db6fae2aa19b9fc3f14,A6C4FC6E2A16448DACC5EF768EC0D466,1533915225464000,2018-08-10T16:33:45,,1220499683,IOS,,SkodaContentViewController,app,1120063461576609443,,1,,,,,,,5b33dbfb2481f847765312,,,,,,,,1533915225464000,cf45cf67225c8db6fae2aa19b9fc3f14,uk.co.skoda.assistant.ios,1.1.6,,1:571703561616:ios:777087d7f78ec12a,manual_install,tablet,Apple,iPad 5th gen,,"iPad6,11",IOS,11.4.1,,,en-gb,No,3600,,,Europe,United Kingdom,England,Birmingham,,,(direct),(none),(direct)
20180829,1535547071812013,2018-08-29T13:51:11,AnalyticsEventViewItem,1535547038992013,2018-08-29T13:50:38,,78,79035,cf45cf67225c8db6fae2aa19b9fc3f14,A6C4FC6E2A16448DACC5EF768EC0D466,1533915225464000,2018-08-10T16:33:45,,1220499683,IOS,,SkodaContentViewController,app,1120063461576609443,,1,,,,,,,5b33d71162fde989559265,,,,,,,,1533915225464000,cf45cf67225c8db6fae2aa19b9fc3f14,uk.co.skoda.assistant.ios,1.1.6,,1:571703561616:ios:777087d7f78ec12a,manual_install,tablet,Apple,iPad 5th gen,,"iPad6,11",IOS,11.4.1,,,en-gb,No,3600,,,Europe,United Kingdom,England,Birmingham,,,(direct),(none),(direct)
20180829,1535547782720017,2018-08-29T14:03:02,AnalyticsEventViewItem,1535540633864017,2018-08-29T12:03:53,,121,150339,edc414157e224dd8c2045f87cbb52c7b,2C9580CD92C74F0BBD053576BD11AA51,1534253270072000,2018-08-14T14:27:50,,1220499683,IOS,,TrimViewController,app,-2135305417362460751,,1,,,,,,,5b7c33035833f795331202,,,,,,,,1534253270072000,edc414157e224dd8c2045f87cbb52c7b,uk.co.skoda.assistant.ios,1.1.6,,1:571703561616:ios:777087d7f78ec12a,manual_install,tablet,Apple,iPad,,"iPad7,6",IOS,11.4.1,,,en-gb,No,3600,,,Europe,United Kingdom,England,London,,,(direct),(none),(direct)
20180829,1535547807195026,2018-08-29T14:03:27,AnalyticsEventViewItem,1535547782720026,2018-08-29T14:03:02,,121,150339,edc414157e224dd8c2045f87cbb52c7b,2C9580CD92C74F0BBD053576BD11AA51,1534253270072000,2018-08-14T14:27:50,,1220499683,IOS,,TrimViewController,app,-2135305417362460751,,1,,,,,,,5b7c33035833f795331202,,,,,,,,1534253270072000,edc414157e224dd8c2045f87cbb52c7b,uk.co.skoda.assistant.ios,1.1.6,,1:571703561616:ios:777087d7f78ec12a,manual_install,tablet,Apple,iPad,,"iPad7,6",IOS,11.4.1,,,en-gb,No,3600,,,Europe,United Kingdom,England,London,,,(direct),(none),(direct)
20180829,1535547822340034,2018-08-29T14:03:42,AnalyticsEventViewItem,1535547807195034,2018-08-29T14:03:27,,121,150339,edc414157e224dd8c2045f87cbb52c7b,2C9580CD92C74F0BBD053576BD11AA51,1534253270072000,2018-08-14T14:27:50,,1220499683,IOS,,TrimViewController,app,-2135305417362460751,,1,,,,,,,5b339c74e0780714524430,,,,,,,,1534253270072000,edc414157e224dd8c2045f87cbb52c7b,uk.co.skoda.assistant.ios,1.1.6,,1:571703561616:ios:777087d7f78ec12a,manual_install,tablet,Apple,iPad,,"iPad7,6",IOS,11.4.1,,,en-gb,No,3600,,,Europe,United Kingdom,England,London,,,(direct),(none),(direct)
20180829,1535547840640043,2018-08-29T14:04:00,AnalyticsEventViewItem,1535547822340043,2018-08-29T14:03:42,,121,150339,edc414157e224dd8c2045f87cbb52c7b,2C9580CD92C74F0BBD053576BD11AA51,1534253270072000,2018-08-14T14:27:50,,1220499683,IOS,,TrimViewController,app,-2135305417362460751,,1,,,,,,,5b7c33035833f795331202,,,,,,,,1534253270072000,edc414157e224dd8c2045f87cbb52c7b,uk.co.skoda.assistant.ios,1.1.6,,1:571703561616:ios:777087d7f78ec12a,manual_install,tablet,Apple,iPad,,"iPad7,6",IOS,11.4.1,,,en-gb,No,3600,,,Europe,United Kingdom,England,London,,,(direct),(none),(direct)
20180829,1535547865624060,2018-08-29T14:04:25,AnalyticsEventViewItem,1535547840640060,2018-08-29T14:04:00,,121,150339,edc414157e224dd8c2045f87cbb52c7b,2C9580CD92C74F0BBD053576BD11AA51,1534253270072000,2018-08-14T14:27:50,,1220499683,IOS,,TrimViewController,app,-2135305417362460751,,1,,,,,,,5b7c33035833f795331202,,,,,,,,1534253270072000,edc414157e224dd8c2045f87cbb52c7b,uk.co.skoda.assistant.ios,1.1.6,,1:571703561616:ios:777087d7f78ec12a,manual_install,tablet,Apple,iPad,,"iPad7,6",IOS,11.4.1,,,en-gb,No,3600,,,Europe,United Kingdom,England,London,,,(direct),(none),(direct)
20180829,1535547875929065,2018-08-29T14:04:35,AnalyticsEventViewItem,1535547865624065,2018-08-29T14:04:25,,121,150339,edc414157e224dd8c2045f87cbb52c7b,2C9580CD92C74F0BBD053576BD11AA51,1534253270072000,2018-08-14T14:27:50,,1220499683,IOS,,TrimViewController,app,-2135305417362460751,,1,,,,,,,5b1fe49b4145f950324944,,,,,,,,1534253270072000,edc414157e224dd8c2045f87cbb52c7b,uk.co.skoda.assistant.ios,1.1.6,,1:571703561616:ios:777087d7f78ec12a,manual_install,tablet,Apple,iPad,,"iPad7,6",IOS,11.4.1,,,en-gb,No,3600,,,Europe,United Kingdom,England,London,,,(direct),(none),(direct)
20180829,1535547880943071,2018-08-29T14:04:40,AnalyticsEventViewItem,1535547875929071,2018-08-29T14:04:35,,121,150339,edc414157e224dd8c2045f87cbb52c7b,2C9580CD92C74F0BBD053576BD11AA51,1534253270072000,2018-08-14T14:27:50,,1220499683,IOS,,TrimViewController,app,-2135305417362460751,,1,,,,,,,5b06a1c855b01003112376,,,,,,,,1534253270072000,edc414157e224dd8c2045f87cbb52c7b,uk.co.skoda.assistant.ios,1.1.6,,1:571703561616:ios:777087d7f78ec12a,manual_install,tablet,Apple,iPad,,"iPad7,6",IOS,11.4.1,,,en-gb,No,3600,,,Europe,United Kingdom,England,London,,,(direct),(none),(direct)
20180829,1535547880953072,2018-08-29T14:04:40,AnalyticsEventViewItem,1535547880943072,2018-08-29T14:04:40,,121,150339,edc414157e224dd8c2045f87cbb52c7b,2C9580CD92C74F0BBD053576BD11AA51,1534253270072000,2018-08-14T14:27:50,,1220499683,IOS,,TrimViewController,app,-2135305417362460751,,1,,,,,,,trim_home_view_gallery_item,,,,,,,,1534253270072000,edc414157e224dd8c2045f87cbb52c7b,uk.co.skoda.assistant.ios,1.1.6,,1:571703561616:ios:777087d7f78ec12a,manual_install,tablet,Apple,iPad,,"iPad7,6",IOS,11.4.1,,,en-gb,No,3600,,,Europe,United Kingdom,England,London,,,(direct),(none),(direct)
20180829,1535549928856051,2018-08-29T14:38:48,AnalyticsEventViewItem,1535542837875051,2018-08-29T12:40:37,,107,2171388,96b9cae1b9cb767955a1610196bbe477,0B88BF99ABB14601BCDCA9DD19AE9559,1534348675851000,2018-08-15T16:57:55,,1220499683,IOS,,TrimViewController,app,6242823001408267233,,1,,,,,,,5b339cc9b7556998274114,,,,,,,,1534348675851000,96b9cae1b9cb767955a1610196bbe477,uk.co.skoda.assistant.ios,1.1.6,,1:571703561616:ios:777087d7f78ec12a,manual_install,tablet,Apple,iPad,,"iPad7,5",IOS,11.4.1,,,en-gb,No,-25200,,,Europe,United Kingdom,England,London,,,(direct),(none),(direct)
20180829,1535549935567056,2018-08-29T14:38:55,AnalyticsEventViewItem,1535549928856056,2018-08-29T14:38:48,,107,2171388,96b9cae1b9cb767955a1610196bbe477,0B88BF99ABB14601BCDCA9DD19AE9559,1534348675851000,2018-08-15T16:57:55,,1220499683,IOS,,TrimViewController,app,6242823001408267233,,1,,,,,,,5b339cc9b7556998274114,,,,,,,,1534348675851000,96b9cae1b9cb767955a1610196bbe477,uk.co.skoda.assistant.ios,1.1.6,,1:571703561616:ios:777087d7f78ec12a,manual_install,tablet,Apple,iPad,,"iPad7,5",IOS,11.4.1,,,en-gb,No,-25200,,,Europe,United Kingdom,England,London,,,(direct),(none),(direct)
20180829,1535549950236062,2018-08-29T14:39:10,AnalyticsEventViewItem,1535549935567062,2018-08-29T14:38:55,,107,2171388,96b9cae1b9cb767955a1610196bbe477,0B88BF99ABB14601BCDCA9DD19AE9559,1534348675851000,2018-08-15T16:57:55,,1220499683,IOS,,TrimViewController,app,6242823001408267233,,1,,,,,,,5b339cc9b7556998274114,,,,,,,,1534348675851000,96b9cae1b9cb767955a1610196bbe477,uk.co.skoda.assistant.ios,1.1.6,,1:571703561616:ios:777087d7f78ec12a,manual_install,tablet,Apple,iPad,,"iPad7,5",IOS,11.4.1,,,en-gb,No,-25200,,,Europe,United Kingdom,England,London,,,(direct),(none),(direct)
20180829,1535549982654070,2018-08-29T14:39:42,AnalyticsEventViewItem,1535549950236070,2018-08-29T14:39:10,,107,2171388,96b9cae1b9cb767955a1610196bbe477,0B88BF99ABB14601BCDCA9DD19AE9559,1534348675851000,2018-08-15T16:57:55,,1220499683,IOS,,SkodaContentViewController,app,6242823001408267225,,1,,,,,,,5b339cc9b7556998274114,,,,,,,,1534348675851000,96b9cae1b9cb767955a1610196bbe477,uk.co.skoda.assistant.ios,1.1.6,,1:571703561616:ios:777087d7f78ec12a,manual_install,tablet,Apple,iPad,,"iPad7,5",IOS,11.4.1,,,en-gb,No,-25200,,,Europe,United Kingdom,England,London,,,(direct),(none),(direct)
20180829,1535550501214009,2018-08-29T14:48:21,AnalyticsEventViewItem,1535549982654009,2018-08-29T14:39:42,,109,611923,96b9cae1b9cb767955a1610196bbe477,0B88BF99ABB14601BCDCA9DD19AE9559,1534348675851000,2018-08-15T16:57:55,,1220499683,IOS,,TrimViewController,app,6242823001408267259,,1,,,,,,,5b7c2fee4dec4860249025,,,,,,,,1534348675851000,96b9cae1b9cb767955a1610196bbe477,uk.co.skoda.assistant.ios,1.1.6,,1:571703561616:ios:777087d7f78ec12a,manual_install,tablet,Apple,iPad,,"iPad7,5",IOS,11.4.1,,,en-gb,No,-25200,,,Europe,United Kingdom,England,London,,,(direct),(none),(direct)
20180829,1535550533488015,2018-08-29T14:48:53,AnalyticsEventViewItem,1535550501214015,2018-08-29T14:48:21,,109,611923,96b9cae1b9cb767955a1610196bbe477,0B88BF99ABB14601BCDCA9DD19AE9559,1534348675851000,2018-08-15T16:57:55,,1220499683,IOS,,TrimViewController,app,6242823001408267259,,1,,,,,,,5b7c2fee4dec4860249025,,,,,,,,1534348675851000,96b9cae1b9cb767955a1610196bbe477,uk.co.skoda.assistant.ios,1.1.6,,1:571703561616:ios:777087d7f78ec12a,manual_install,tablet,Apple,iPad,,"iPad7,5",IOS,11.4.1,,,en-gb,No,-25200,,,Europe,United Kingdom,England,London,,,(direct),(none),(direct)
20180829,1535550983087009,2018-08-29T14:56:23,AnalyticsEventViewItem,,,,21,114091,1b537722419fcaeeda617408f78f5d72,D31B89327DC04B1FB78742BB37A6A6AD,1535469858649000,2018-08-28T16:24:18,,1220499683,IOS,,TrimViewController,app,-7214799512009187790,,1,,,,,,,5b2a76fe2c231974707499,,,,,,,,1535469858649000,1b537722419fcaeeda617408f78f5d72,uk.co.skoda.assistant.uat,1.1.7,,1:571703561616:ios:777087d7f78ec12a,manual_install,tablet,Apple,iPad Air 2,,"iPad5,4",IOS,11.4.1,,,en-gb,No,3600,,,Europe,United Kingdom,England,London,,,(direct),(none),(direct)
20180829,1535551045727014,2018-08-29T14:57:25,AnalyticsEventViewItem,1535550983087014,2018-08-29T14:56:23,,21,114091,1b537722419fcaeeda617408f78f5d72,D31B89327DC04B1FB78742BB37A6A6AD,1535469858649000,2018-08-28T16:24:18,,1220499683,IOS,,TrimViewController,app,-7214799512009187790,,1,,,,,,,5b339b93bcfa3775060711,,,,,,,,1535469858649000,1b537722419fcaeeda617408f78f5d72,uk.co.skoda.assistant.uat,1.1.7,,1:571703561616:ios:777087d7f78ec12a,manual_install,tablet,Apple,iPad Air 2,,"iPad5,4",IOS,11.4.1,,,en-gb,No,3600,,,Europe,United Kingdom,England,London,,,(direct),(none),(direct)
20180829,1535551065851026,2018-08-29T14:57:45,AnalyticsEventViewItem,1535551045727026,2018-08-29T14:57:25,,21,114091,1b537722419fcaeeda617408f78f5d72,D31B89327DC04B1FB78742BB37A6A6AD,1535469858649000,2018-08-28T16:24:18,,1220499683,IOS,,SkodaContentViewController,app,-7214799512009187796,,1,,,,,,,5b855fc611562182390031,,,,,,,,1535469858649000,1b537722419fcaeeda617408f78f5d72,uk.co.skoda.assistant.uat,1.1.7,,1:571703561616:ios:777087d7f78ec12a,manual_install,tablet,Apple,iPad Air 2,,"iPad5,4",IOS,11.4.1,,,en-gb,No,3600,,,Europe,United Kingdom,England,London,,,(direct),(none),(direct)
20180829,1535551694657007,2018-08-29T15:08:14,AnalyticsEventViewItem,1535545671944007,2018-08-29T13:27:51,,238,141723,6adf7dcd7358e4c15d9a44c23348678f,CD40E53301BD4F62BA2C91352C14FB4C,1534751892109000,2018-08-20T08:58:12,,1220499683,IOS,,TrimViewController,app,-5098327230150829033,,1,,,,,,,5b339c942121f324320657,,,,,,,,1534751892109000,6adf7dcd7358e4c15d9a44c23348678f,uk.co.skoda.assistant.ios,1.1.6,,1:571703561616:ios:777087d7f78ec12a,manual_install,tablet,Apple,iPad,,"iPad7,6",IOS,11.4.1,,,en-gb,No,3600,,,Europe,United Kingdom,England,Andover,,,(direct),(none),(direct)
20180829,1535552079911016,2018-08-29T15:14:39,AnalyticsEventViewItem,1535471594690016,2018-08-28T16:53:14,,92,127142,6776a5bbdb8392012a9c0ba2c19dac34,7DD2DAD06C3D42B293861A4E53DCC977,1534924685291000,2018-08-22T08:58:05,,1220499683,IOS,,SkodaContentViewController,app,1188875215498756247,,1,,,,,,,5b339a6fd7e56171551686,,,,,,,,1534924685291000,6776a5bbdb8392012a9c0ba2c19dac34,uk.co.skoda.assistant.ios,1.1.6,,1:571703561616:ios:777087d7f78ec12a,manual_install,tablet,Apple,iPad,,"iPad7,6",IOS,11.4.1,,,en-gb,No,3600,,,Europe,United Kingdom,England,London,,,(direct),(none),(direct)
20180829,1535553375743014,2018-08-29T15:36:15,AnalyticsEventViewItem,1535547880953014,2018-08-29T14:04:40,,128,209467,edc414157e224dd8c2045f87cbb52c7b,2C9580CD92C74F0BBD053576BD11AA51,1534253270072000,2018-08-14T14:27:50,,1220499683,IOS,,TrimViewController,app,-6575195997575011648,,1,,,,,,,5b7c33035833f795331202,,,,,,,,1534253270072000,edc414157e224dd8c2045f87cbb52c7b,uk.co.skoda.assistant.ios,1.1.6,,1:571703561616:ios:777087d7f78ec12a,manual_install,tablet,Apple,iPad,,"iPad7,6",IOS,11.4.1,,,en-gb,No,3600,,,Europe,United Kingdom,England,London,,,(direct),(none),(direct)
20180829,1535553398828025,2018-08-29T15:36:38,AnalyticsEventViewItem,1535553375743025,2018-08-29T15:36:15,,128,209467,edc414157e224dd8c2045f87cbb52c7b,2C9580CD92C74F0BBD053576BD11AA51,1534253270072000,2018-08-14T14:27:50,,1220499683,IOS,,TrimViewController,app,-6575195997575011648,,1,,,,,,,5b339c74e0780714524430,,,,,,,,1534253270072000,edc414157e224dd8c2045f87cbb52c7b,uk.co.skoda.assistant.ios,1.1.6,,1:571703561616:ios:777087d7f78ec12a,manual_install,tablet,Apple,iPad,,"iPad7,6",IOS,11.4.1,,,en-gb,No,3600,,,Europe,United Kingdom,England,London,,,(direct),(none),(direct)
20180829,1535553667572052,2018-08-29T15:41:07,AnalyticsEventViewItem,1535553398828052,2018-08-29T15:36:38,,128,209467,edc414157e224dd8c2045f87cbb52c7b,2C9580CD92C74F0BBD053576BD11AA51,1534253270072000,2018-08-14T14:27:50,,1220499683,IOS,,TrimViewController,app,-6575195997575011638,,1,,,,,,,5b1fe5aa096cb238280002,,,,,,,,1534253270072000,edc414157e224dd8c2045f87cbb52c7b,uk.co.skoda.assistant.ios,1.1.6,,1:571703561616:ios:777087d7f78ec12a,manual_install,tablet,Apple,iPad,,"iPad7,6",IOS,11.4.1,,,en-gb,No,3600,,,Europe,United Kingdom,England,London,,,(direct),(none),(direct)
20180829,1535553682838056,2018-08-29T15:41:22,AnalyticsEventViewItem,1535553667572056,2018-08-29T15:41:07,,128,209467,edc414157e224dd8c2045f87cbb52c7b,2C9580CD92C74F0BBD053576BD11AA51,1534253270072000,2018-08-14T14:27:50,,1220499683,IOS,,TrimViewController,app,-6575195997575011638,,1,,,,,,,5b339c74e0780714524430,,,,,,,,1534253270072000,edc414157e224dd8c2045f87cbb52c7b,uk.co.skoda.assistant.ios,1.1.6,,1:571703561616:ios:777087d7f78ec12a,manual_install,tablet,Apple,iPad,,"iPad7,6",IOS,11.4.1,,,en-gb,No,3600,,,Europe,United Kingdom,England,London,,,(direct),(none),(direct)
20180829,1535554464079007,2018-08-29T15:54:24,AnalyticsEventViewItem,1535537822559007,2018-08-29T11:17:02,,118,105935,5923b6e92cddb92053bd283b9bcb6730,CF72BE0F3C0C46338C1F4580FD621EF6,1533816862477000,2018-08-09T13:14:22,,1220499683,IOS,,SkodaContentViewController,app,8066943244169021222,,1,,,,,,,5b339b08d1f7f937693824,,,,,,,,1533816862477000,5923b6e92cddb92053bd283b9bcb6730,uk.co.skoda.assistant.ios,1.1.6,,1:571703561616:ios:777087d7f78ec12a,manual_install,tablet,Apple,iPad,,"iPad7,6",IOS,11.4.1,,,en-gb,No,3600,,,Europe,United Kingdom,England,Nottingham,,,(direct),(none),(direct)
20180829,1535554520959014,2018-08-29T15:55:20,AnalyticsEventViewItem,1535554464079014,2018-08-29T15:54:24,,118,105935,5923b6e92cddb92053bd283b9bcb6730,CF72BE0F3C0C46338C1F4580FD621EF6,1533816862477000,2018-08-09T13:14:22,,1220499683,IOS,,SkodaContentViewController,app,8066943244169021222,,1,,,,,,,5b33e49c3b6ba468542992,,,,,,,,1533816862477000,5923b6e92cddb92053bd283b9bcb6730,uk.co.skoda.assistant.ios,1.1.6,,1:571703561616:ios:777087d7f78ec12a,manual_install,tablet,Apple,iPad,,"iPad7,6",IOS,11.4.1,,,en-gb,No,3600,,,Europe,United Kingdom,England,Nottingham,,,(direct),(none),(direct)
20180829,1535554996044007,2018-08-29T16:03:16,AnalyticsEventViewItem,1535553682838007,2018-08-29T15:41:22,,131,179368,edc414157e224dd8c2045f87cbb52c7b,2C9580CD92C74F0BBD053576BD11AA51,1534253270072000,2018-08-14T14:27:50,,1220499683,IOS,,TrimViewController,app,-6575195997575011630,,1,,,,,,,5b339c74e0780714524430,,,,,,,,1534253270072000,edc414157e224dd8c2045f87cbb52c7b,uk.co.skoda.assistant.ios,1.1.6,,1:571703561616:ios:777087d7f78ec12a,manual_install,tablet,Apple,iPad,,"iPad7,6",IOS,11.4.1,,,en-gb,No,3600,,,Europe,United Kingdom,England,London,,,(direct),(none),(direct)
20180829,1535556980822003,2018-08-29T16:36:20,AnalyticsEventViewItem,1535208455744003,2018-08-25T15:47:35,,53,118473,e65ed16c595914f10b59a8d872f916b0,52A0FD435CAA428E86D603157F72F23A,1534758431647000,2018-08-20T10:47:11,,1220499683,IOS,,SkodaContentViewController,app,-5074745263819787412,,1,,,,,,,5b7c33035833f795331202,,,,,,,,1534758431647000,e65ed16c595914f10b59a8d872f916b0,uk.co.skoda.assistant.ios,1.1.6,,1:571703561616:ios:777087d7f78ec12a,manual_install,tablet,Apple,iPad,,"iPad7,5",IOS,11.4.1,,,en-gb,No,3600,,,Europe,United Kingdom,England,Andover,,,(direct),(none),(direct)
20180829,1535557306061007,2018-08-29T16:41:46,AnalyticsEventViewItem,1535554520959007,2018-08-29T15:55:20,,122,92598,5923b6e92cddb92053bd283b9bcb6730,CF72BE0F3C0C46338C1F4580FD621EF6,1533816862477000,2018-08-09T13:14:22,,1220499683,IOS,,SkodaContentViewController,app,6600130136643342844,,1,,,,,,,5b33dd4db4145500797775,,,,,,,,1533816862477000,5923b6e92cddb92053bd283b9bcb6730,uk.co.skoda.assistant.ios,1.1.6,,1:571703561616:ios:777087d7f78ec12a,manual_install,tablet,Apple,iPad,,"iPad7,6",IOS,11.4.1,,,en-gb,No,3600,,,Europe,United Kingdom,England,Nottingham,,,(direct),(none),(direct)
20180829,1535557391489006,2018-08-29T16:43:11,AnalyticsEventViewItem,1535097796968006,2018-08-24T09:03:16,,52,135231,8f2b77997259d6be3353027fbb502927,1EDAFE98C7404D2B9451D7C0AC39EB17,1533976041467000,2018-08-11T09:27:21,,1220499683,IOS,,SkodaContentViewController,app,5176688217233934129,,1,,,,,,,5b7c33035833f795331202,,,,,,,,1533976041467000,8f2b77997259d6be3353027fbb502927,uk.co.skoda.assistant.ios,1.1.6,,1:571703561616:ios:777087d7f78ec12a,manual_install,tablet,Apple,iPad Air 2,,"iPad5,3",IOS,11.4.1,09A27059-9619-47A8-9DD1-B796AF2A09DF,,en-gb,No,3600,,,Europe,United Kingdom,Wales,Newport,,,(direct),(none),(direct)
20180829,1535557449497005,2018-08-29T16:44:09,AnalyticsEventViewItem,1535557391489005,2018-08-29T16:43:11,,53,97672,8f2b77997259d6be3353027fbb502927,1EDAFE98C7404D2B9451D7C0AC39EB17,1533976041467000,2018-08-11T09:27:21,,1220499683,IOS,,SkodaContentViewController,app,5176688217233934129,,1,,,,,,,5b339c74e0780714524430,,,,,,,,1533976041467000,8f2b77997259d6be3353027fbb502927,uk.co.skoda.assistant.ios,1.1.6,,1:571703561616:ios:777087d7f78ec12a,manual_install,tablet,Apple,iPad Air 2,,"iPad5,3",IOS,11.4.1,09A27059-9619-47A8-9DD1-B796AF2A09DF,,en-gb,No,3600,,,Europe,United Kingdom,Wales,Newport,,,(direct),(none),(direct)
20180829,1535559267133003,2018-08-29T17:14:27,AnalyticsEventViewItem,1535557306061003,2018-08-29T16:41:46,,123,229039,5923b6e92cddb92053bd283b9bcb6730,CF72BE0F3C0C46338C1F4580FD621EF6,1533816862477000,2018-08-09T13:14:22,,1220499683,IOS,,TrimViewController,app,6600130136643342858,,1,,,,,,,5b339bcba5a91956761144,,,,,,,,1533816862477000,5923b6e92cddb92053bd283b9bcb6730,uk.co.skoda.assistant.ios,1.1.6,,1:571703561616:ios:777087d7f78ec12a,manual_install,tablet,Apple,iPad,,"iPad7,6",IOS,11.4.1,,,en-gb,No,3600,,,Europe,United Kingdom,England,Nottingham,,,(direct),(none),(direct)
20180829,1535560417890000,2018-08-29T17:33:37,AnalyticsEventViewItem,1535546744000000,2018-08-29T13:45:44,,216,91714,c6b535f66ecd3748583afa7e7b39bb3b,9D05C71DD0774D72B4326C0273C3570F,1533819733967000,2018-08-09T14:02:13,,1220499683,IOS,,SkodaContentViewController,app,964496880845775988,,1,,,,,,,5b7c33035833f795331202,,,,,,,,1533819733967000,c6b535f66ecd3748583afa7e7b39bb3b,uk.co.skoda.assistant.ios,1.1.6,,1:571703561616:ios:777087d7f78ec12a,manual_install,tablet,Apple,iPad,,"iPad7,5",IOS,11.4.1,,,en-gb,No,3600,,,Europe,United Kingdom,England,Nottingham,,,(direct),(none),(direct)
20180829,1535560445375008,2018-08-29T17:34:05,AnalyticsEventViewItem,1535560417890008,2018-08-29T17:33:37,,216,91714,c6b535f66ecd3748583afa7e7b39bb3b,9D05C71DD0774D72B4326C0273C3570F,1533819733967000,2018-08-09T14:02:13,,1220499683,IOS,,SkodaContentViewController,app,964496880845775988,,1,,,,,,,5b339c942121f324320657,,,,,,,,1533819733967000,c6b535f66ecd3748583afa7e7b39bb3b,uk.co.skoda.assistant.ios,1.1.6,,1:571703561616:ios:777087d7f78ec12a,manual_install,tablet,Apple,iPad,,"iPad7,5",IOS,11.4.1,,,en-gb,No,3600,,,Europe,United Kingdom,England,Nottingham,,,(direct),(none),(direct)
20180829,1535560454171015,2018-08-29T17:34:14,AnalyticsEventViewItem,1535560445375015,2018-08-29T17:34:05,,216,91714,c6b535f66ecd3748583afa7e7b39bb3b,9D05C71DD0774D72B4326C0273C3570F,1533819733967000,2018-08-09T14:02:13,,1220499683,IOS,,SkodaContentViewController,app,964496880845775988,,1,,,,,,,5b339c74e0780714524430,,,,,,,,1533819733967000,c6b535f66ecd3748583afa7e7b39bb3b,uk.co.skoda.assistant.ios,1.1.6,,1:571703561616:ios:777087d7f78ec12a,manual_install,tablet,Apple,iPad,,"iPad7,5",IOS,11.4.1,,,en-gb,No,3600,,,Europe,United Kingdom,England,Nottingham,,,(direct),(none),(direct)
20180829,1535560467875022,2018-08-29T17:34:27,AnalyticsEventViewItem,1535560454171022,2018-08-29T17:34:14,,216,91714,c6b535f66ecd3748583afa7e7b39bb3b,9D05C71DD0774D72B4326C0273C3570F,1533819733967000,2018-08-09T14:02:13,,1220499683,IOS,,SkodaContentViewController,app,964496880845775988,,1,,,,,,,5b339b93bcfa3775060711,,,,,,,,1533819733967000,c6b535f66ecd3748583afa7e7b39bb3b,uk.co.skoda.assistant.ios,1.1.6,,1:571703561616:ios:777087d7f78ec12a,manual_install,tablet,Apple,iPad,,"iPad7,5",IOS,11.4.1,,,en-gb,No,3600,,,Europe,United Kingdom,England,Nottingham,,,(direct),(none),(direct)
20180829,1535560486435029,2018-08-29T17:34:46,AnalyticsEventViewItem,1535560467875029,2018-08-29T17:34:27,,216,91714,c6b535f66ecd3748583afa7e7b39bb3b,9D05C71DD0774D72B4326C0273C3570F,1533819733967000,2018-08-09T14:02:13,,1220499683,IOS,,SkodaContentViewController,app,964496880845775988,,1,,,,,,,5b339c942121f324320657,,,,,,,,1533819733967000,c6b535f66ecd3748583afa7e7b39bb3b,uk.co.skoda.assistant.ios,1.1.6,,1:571703561616:ios:777087d7f78ec12a,manual_install,tablet,Apple,iPad,,"iPad7,5",IOS,11.4.1,,,en-gb,No,3600,,,Europe,United Kingdom,England,Nottingham,,,(direct),(none),(direct)
20180829,1535560553941033,2018-08-29T17:35:53,AnalyticsEventViewItem,1535560486435033,2018-08-29T17:34:46,,216,91714,c6b535f66ecd3748583afa7e7b39bb3b,9D05C71DD0774D72B4326C0273C3570F,1533819733967000,2018-08-09T14:02:13,,1220499683,IOS,,SkodaContentViewController,app,964496880845775988,,1,,,,,,,5b339c74e0780714524430,,,,,,,,1533819733967000,c6b535f66ecd3748583afa7e7b39bb3b,uk.co.skoda.assistant.ios,1.1.6,,1:571703561616:ios:777087d7f78ec12a,manual_install,tablet,Apple,iPad,,"iPad7,5",IOS,11.4.1,,,en-gb,No,3600,,,Europe,United Kingdom,England,Nottingham,,,(direct),(none),(direct)
20180829,1535560597876037,2018-08-29T17:36:37,AnalyticsEventViewItem,1535560553941037,2018-08-29T17:35:53,,216,91714,c6b535f66ecd3748583afa7e7b39bb3b,9D05C71DD0774D72B4326C0273C3570F,1533819733967000,2018-08-09T14:02:13,,1220499683,IOS,,SkodaContentViewController,app,964496880845775988,,1,,,,,,,5b339c74e0780714524430,,,,,,,,1533819733967000,c6b535f66ecd3748583afa7e7b39bb3b,uk.co.skoda.assistant.ios,1.1.6,,1:571703561616:ios:777087d7f78ec12a,manual_install,tablet,Apple,iPad,,"iPad7,5",IOS,11.4.1,,,en-gb,No,3600,,,Europe,United Kingdom,England,Nottingham,,,(direct),(none),(direct)
20180829,1535565748101006,2018-08-29T19:02:28,AnalyticsEventViewItem,1534324761683006,2018-08-15T10:19:21,,92,-28792633164,cdacf5419947b286b98cd669991f534a,D7665953F7DE47F791BFD2F71BCEC745,1534254909946000,2018-08-14T14:55:09,,1220499683,IOS,,TrimViewController,app,5537654674160040779,,1,,,,,,,5b7c2fee4dec4860249025,,,,,,,,1534254909946000,cdacf5419947b286b98cd669991f534a,uk.co.skoda.assistant.ios,1.1.6,,1:571703561616:ios:777087d7f78ec12a,manual_install,tablet,Apple,iPad,,"iPad7,5",IOS,11.4.1,,,en-gb,No,-25200,,,Europe,United Kingdom,England,Birmingham,,,(direct),(none),(direct)
20180829,1535573790727000,2018-08-29T21:16:30,AnalyticsEventViewItem,1535547071812000,2018-08-29T13:51:11,,83,404610,cf45cf67225c8db6fae2aa19b9fc3f14,A6C4FC6E2A16448DACC5EF768EC0D466,1533915225464000,2018-08-10T16:33:45,,1220499683,IOS,,SkodaContentViewController,app,1120063461576609443,,1,,,,,,,5b33e49c3b6ba468542992,,,,,,,,1533915225464000,cf45cf67225c8db6fae2aa19b9fc3f14,uk.co.skoda.assistant.ios,1.1.6,,1:571703561616:ios:777087d7f78ec12a,manual_install,tablet,Apple,iPad 5th gen,,"iPad6,11",IOS,11.4.1,,,en-gb,No,3600,,,Europe,United Kingdom,England,Herne Bay,,,(direct),(none),(direct)
20180829,1535573954998006,2018-08-29T21:19:14,AnalyticsEventViewItem,1535573790727006,2018-08-29T21:16:30,,84,200722,cf45cf67225c8db6fae2aa19b9fc3f14,A6C4FC6E2A16448DACC5EF768EC0D466,1533915225464000,2018-08-10T16:33:45,,1220499683,IOS,,SkodaContentViewController,app,1120063461576609443,,1,,,,,,,5b33e450ec323421238284,,,,,,,,1533915225464000,cf45cf67225c8db6fae2aa19b9fc3f14,uk.co.skoda.assistant.ios,1.1.6,,1:571703561616:ios:777087d7f78ec12a,manual_install,tablet,Apple,iPad 5th gen,,"iPad6,11",IOS,11.4.1,,,en-gb,No,3600,,,Europe,United Kingdom,England,Herne Bay,,,(direct),(none),(direct)
20180829,1535574049190014,2018-08-29T21:20:49,AnalyticsEventViewItem,1535573954998014,2018-08-29T21:19:14,,84,200722,cf45cf67225c8db6fae2aa19b9fc3f14,A6C4FC6E2A16448DACC5EF768EC0D466,1533915225464000,2018-08-10T16:33:45,,1220499683,IOS,,SkodaContentViewController,app,1120063461576609443,,1,,,,,,,5b33e35304088372569119,,,,,,,,1533915225464000,cf45cf67225c8db6fae2aa19b9fc3f14,uk.co.skoda.assistant.ios,1.1.6,,1:571703561616:ios:777087d7f78ec12a,manual_install,tablet,Apple,iPad 5th gen,,"iPad6,11",IOS,11.4.1,,,en-gb,No,3600,,,Europe,United Kingdom,England,Herne Bay,,,(direct),(none),(direct)
