event_date,event_timestamp,event_iso8601,event_name,event_previous_timestamp,event_previous_iso8601,event_value_in_usd,event_bundle_sequence_id,event_server_timestamp_offset,user_id,user_pseudo_id,user_first_touch_timestamp,user_first_touch_iso8601,user_ltv,stream_id,platform,event_dimensions,firebase_screen_class,firebase_event_origin,firebase_screen_id,engagement_time_msec,firebase_conversion,firebase_previous_id,firebase_previous_class,user_retailer,user_area,AnalyticsParameterTerm,button_name,AnalyticsParameterItemID,engine,Compared_vehicle_1,Compared_vehicle_2,update_with_analytics,previous_first_open_count,previous_app_version,Compared_vehicle_3,first_open_time,user_id,id,version,install_store,firebase_app_id,install_source,category,mobile_brand_name,mobile_model_name,mobile_marketing_name,mobile_os_hardware_model,operating_system,operating_system_version,vendor_id,advertising_id,language,is_limited_ad_tracking,time_zone_offset_seconds,browser,browser,continent,country,region,city,sub_continent,metro,name,medium,source
20180829,1535573790727000,2018-08-29T21:16:30,AnalyticsEventViewItem,1535547071812000,2018-08-29T13:51:11,,83,404610,cf45cf67225c8db6fae2aa19b9fc3f14,A6C4FC6E2A16448DACC5EF768EC0D466,1533915225464000,2018-08-10T16:33:45,,1220499683,IOS,,SkodaContentViewController,app,1120063461576609443,,1,,,,,,,5b33e49c3b6ba468542992,,,,,,,,1533915225464000,cf45cf67225c8db6fae2aa19b9fc3f14,uk.co.skoda.assistant.ios,1.1.6,,1:571703561616:ios:777087d7f78ec12a,manual_install,tablet,Apple,iPad 5th gen,,"iPad6,11",IOS,11.4.1,,,en-gb,No,3600,,,Europe,United Kingdom,England,Herne Bay,,,(direct),(none),(direct)
20180829,1535573791136001,2018-08-29T21:16:31,user_engagement,1535559537809001,2018-08-29T17:18:57,,83,404610,cf45cf67225c8db6fae2aa19b9fc3f14,A6C4FC6E2A16448DACC5EF768EC0D466,1533915225464000,2018-08-10T16:33:45,,1220499683,IOS,,SkodaContentViewController,auto,1120063461576609443,3085,,,,,,,,,,,,,,,,1533915225464000,cf45cf67225c8db6fae2aa19b9fc3f14,uk.co.skoda.assistant.ios,1.1.6,,1:571703561616:ios:777087d7f78ec12a,manual_install,tablet,Apple,iPad 5th gen,,"iPad6,11",IOS,11.4.1,,,en-gb,No,3600,,,Europe,United Kingdom,England,Herne Bay,,,(direct),(none),(direct)
20180829,1535573791137001,2018-08-29T21:16:31,screen_view,1535547738827001,2018-08-29T14:02:18,,83,404610,cf45cf67225c8db6fae2aa19b9fc3f14,A6C4FC6E2A16448DACC5EF768EC0D466,1533915225464000,2018-08-10T16:33:45,,1220499683,IOS,,PresentationExploreSegmentedViewController,auto,1120063461576609452,,1,1120063461576609443,SkodaContentViewController,,,,,,,,,,,,,1533915225464000,cf45cf67225c8db6fae2aa19b9fc3f14,uk.co.skoda.assistant.ios,1.1.6,,1:571703561616:ios:777087d7f78ec12a,manual_install,tablet,Apple,iPad 5th gen,,"iPad6,11",IOS,11.4.1,,,en-gb,No,3600,,,Europe,United Kingdom,England,Herne Bay,,,(direct),(none),(direct)
20180829,1535573791388002,2018-08-29T21:16:31,screen_view,1535573791137002,2018-08-29T21:16:31,,83,404610,cf45cf67225c8db6fae2aa19b9fc3f14,A6C4FC6E2A16448DACC5EF768EC0D466,1533915225464000,2018-08-10T16:33:45,,1220499683,IOS,,PresentationEditorViewController,auto,1120063461576609453,,1,1120063461576609452,PresentationExploreSegmentedViewController,,,,,,,,,,,,,1533915225464000,cf45cf67225c8db6fae2aa19b9fc3f14,uk.co.skoda.assistant.ios,1.1.6,,1:571703561616:ios:777087d7f78ec12a,manual_install,tablet,Apple,iPad 5th gen,,"iPad6,11",IOS,11.4.1,,,en-gb,No,3600,,,Europe,United Kingdom,England,Herne Bay,,,(direct),(none),(direct)
20180829,1535573794265003,2018-08-29T21:16:34,screen_view,1535573791388003,2018-08-29T21:16:31,,83,404610,cf45cf67225c8db6fae2aa19b9fc3f14,A6C4FC6E2A16448DACC5EF768EC0D466,1533915225464000,2018-08-10T16:33:45,,1220499683,IOS,,AVPlayerViewController,auto,1120063461576609454,,1,1120063461576609453,PresentationEditorViewController,,,,,,,,,,,,,1533915225464000,cf45cf67225c8db6fae2aa19b9fc3f14,uk.co.skoda.assistant.ios,1.1.6,,1:571703561616:ios:777087d7f78ec12a,manual_install,tablet,Apple,iPad 5th gen,,"iPad6,11",IOS,11.4.1,,,en-gb,No,3600,,,Europe,United Kingdom,England,Herne Bay,,,(direct),(none),(direct)
20180829,1535573794265004,2018-08-29T21:16:34,user_engagement,1535573791136004,2018-08-29T21:16:31,,83,404610,cf45cf67225c8db6fae2aa19b9fc3f14,A6C4FC6E2A16448DACC5EF768EC0D466,1533915225464000,2018-08-10T16:33:45,,1220499683,IOS,,PresentationEditorViewController,auto,1120063461576609453,3128,,,,,,,,,,,,,,,,1533915225464000,cf45cf67225c8db6fae2aa19b9fc3f14,uk.co.skoda.assistant.ios,1.1.6,,1:571703561616:ios:777087d7f78ec12a,manual_install,tablet,Apple,iPad 5th gen,,"iPad6,11",IOS,11.4.1,,,en-gb,No,3600,,,Europe,United Kingdom,England,Herne Bay,,,(direct),(none),(direct)
20180829,1535573798053004,2018-08-29T21:16:38,session_start,1535545767014004,2018-08-29T13:29:27,,83,404610,cf45cf67225c8db6fae2aa19b9fc3f14,A6C4FC6E2A16448DACC5EF768EC0D466,1533915225464000,2018-08-10T16:33:45,,1220499683,IOS,,AVPlayerViewController,auto,1120063461576609454,,1,,,,,,,,,,,,,,,1533915225464000,cf45cf67225c8db6fae2aa19b9fc3f14,uk.co.skoda.assistant.ios,1.1.6,,1:571703561616:ios:777087d7f78ec12a,manual_install,tablet,Apple,iPad 5th gen,,"iPad6,11",IOS,11.4.1,,,en-gb,No,3600,,,Europe,United Kingdom,England,Herne Bay,,,(direct),(none),(direct)
20180829,1535573832390000,2018-08-29T21:17:12,user_engagement,1535573794265000,2018-08-29T21:16:34,,84,200722,cf45cf67225c8db6fae2aa19b9fc3f14,A6C4FC6E2A16448DACC5EF768EC0D466,1533915225464000,2018-08-10T16:33:45,,1220499683,IOS,,AVPlayerViewController,auto,1120063461576609454,38125,,,,,,,,,,,,,,,,1533915225464000,cf45cf67225c8db6fae2aa19b9fc3f14,uk.co.skoda.assistant.ios,1.1.6,,1:571703561616:ios:777087d7f78ec12a,manual_install,tablet,Apple,iPad 5th gen,,"iPad6,11",IOS,11.4.1,,,en-gb,No,3600,,,Europe,United Kingdom,England,Herne Bay,,,(direct),(none),(direct)
20180829,1535573832391000,2018-08-29T21:17:12,screen_view,1535573794265000,2018-08-29T21:16:34,,84,200722,cf45cf67225c8db6fae2aa19b9fc3f14,A6C4FC6E2A16448DACC5EF768EC0D466,1533915225464000,2018-08-10T16:33:45,,1220499683,IOS,,PresentationExploreSegmentedViewController,auto,1120063461576609452,,1,1120063461576609454,AVPlayerViewController,,,,,,,,,,,,,1533915225464000,cf45cf67225c8db6fae2aa19b9fc3f14,uk.co.skoda.assistant.ios,1.1.6,,1:571703561616:ios:777087d7f78ec12a,manual_install,tablet,Apple,iPad 5th gen,,"iPad6,11",IOS,11.4.1,,,en-gb,No,3600,,,Europe,United Kingdom,England,Herne Bay,,,(direct),(none),(direct)
20180829,1535573832659001,2018-08-29T21:17:12,screen_view,1535573832391001,2018-08-29T21:17:12,,84,200722,cf45cf67225c8db6fae2aa19b9fc3f14,A6C4FC6E2A16448DACC5EF768EC0D466,1533915225464000,2018-08-10T16:33:45,,1220499683,IOS,,AVPlayerViewController,auto,1120063461576609454,,1,1120063461576609452,PresentationExploreSegmentedViewController,,,,,,,,,,,,,1533915225464000,cf45cf67225c8db6fae2aa19b9fc3f14,uk.co.skoda.assistant.ios,1.1.6,,1:571703561616:ios:777087d7f78ec12a,manual_install,tablet,Apple,iPad 5th gen,,"iPad6,11",IOS,11.4.1,,,en-gb,No,3600,,,Europe,United Kingdom,England,Herne Bay,,,(direct),(none),(direct)
20180829,1535573946074003,2018-08-29T21:19:06,user_engagement,1535573832390003,2018-08-29T21:17:12,,84,200722,cf45cf67225c8db6fae2aa19b9fc3f14,A6C4FC6E2A16448DACC5EF768EC0D466,1533915225464000,2018-08-10T16:33:45,,1220499683,IOS,,AVPlayerViewController,auto,1120063461576609454,113683,,,,,,,,,,,,,,,,1533915225464000,cf45cf67225c8db6fae2aa19b9fc3f14,uk.co.skoda.assistant.ios,1.1.6,,1:571703561616:ios:777087d7f78ec12a,manual_install,tablet,Apple,iPad 5th gen,,"iPad6,11",IOS,11.4.1,,,en-gb,No,3600,,,Europe,United Kingdom,England,Herne Bay,,,(direct),(none),(direct)
20180829,1535573946075002,2018-08-29T21:19:06,screen_view,1535573832659002,2018-08-29T21:17:12,,84,200722,cf45cf67225c8db6fae2aa19b9fc3f14,A6C4FC6E2A16448DACC5EF768EC0D466,1533915225464000,2018-08-10T16:33:45,,1220499683,IOS,,PresentationExploreSegmentedViewController,auto,1120063461576609452,,1,1120063461576609454,AVPlayerViewController,,,,,,,,,,,,,1533915225464000,cf45cf67225c8db6fae2aa19b9fc3f14,uk.co.skoda.assistant.ios,1.1.6,,1:571703561616:ios:777087d7f78ec12a,manual_install,tablet,Apple,iPad 5th gen,,"iPad6,11",IOS,11.4.1,,,en-gb,No,3600,,,Europe,United Kingdom,England,Herne Bay,,,(direct),(none),(direct)
20180829,1535573946489003,2018-08-29T21:19:06,screen_view,1535573946075003,2018-08-29T21:19:06,,84,200722,cf45cf67225c8db6fae2aa19b9fc3f14,A6C4FC6E2A16448DACC5EF768EC0D466,1533915225464000,2018-08-10T16:33:45,,1220499683,IOS,,SkodaContentViewController,auto,1120063461576609443,,1,1120063461576609452,PresentationExploreSegmentedViewController,,,,,,,,,,,,,1533915225464000,cf45cf67225c8db6fae2aa19b9fc3f14,uk.co.skoda.assistant.ios,1.1.6,,1:571703561616:ios:777087d7f78ec12a,manual_install,tablet,Apple,iPad 5th gen,,"iPad6,11",IOS,11.4.1,,,en-gb,No,3600,,,Europe,United Kingdom,England,Herne Bay,,,(direct),(none),(direct)
20180829,1535573946490004,2018-08-29T21:19:06,screen_view,1535573946489004,2018-08-29T21:19:06,,84,200722,cf45cf67225c8db6fae2aa19b9fc3f14,A6C4FC6E2A16448DACC5EF768EC0D466,1533915225464000,2018-08-10T16:33:45,,1220499683,IOS,,PresentationEditorViewController,auto,1120063461576609453,,1,1120063461576609443,SkodaContentViewController,,,,,,,,,,,,,1533915225464000,cf45cf67225c8db6fae2aa19b9fc3f14,uk.co.skoda.assistant.ios,1.1.6,,1:571703561616:ios:777087d7f78ec12a,manual_install,tablet,Apple,iPad 5th gen,,"iPad6,11",IOS,11.4.1,,,en-gb,No,3600,,,Europe,United Kingdom,England,Herne Bay,,,(direct),(none),(direct)
20180829,1535573952340007,2018-08-29T21:19:12,user_engagement,1535573946074007,2018-08-29T21:19:06,,84,200722,cf45cf67225c8db6fae2aa19b9fc3f14,A6C4FC6E2A16448DACC5EF768EC0D466,1533915225464000,2018-08-10T16:33:45,,1220499683,IOS,,PresentationEditorViewController,auto,1120063461576609453,6265,,,,,,,,,,,,,,,,1533915225464000,cf45cf67225c8db6fae2aa19b9fc3f14,uk.co.skoda.assistant.ios,1.1.6,,1:571703561616:ios:777087d7f78ec12a,manual_install,tablet,Apple,iPad 5th gen,,"iPad6,11",IOS,11.4.1,,,en-gb,No,3600,,,Europe,United Kingdom,England,Herne Bay,,,(direct),(none),(direct)
20180829,1535573952341005,2018-08-29T21:19:12,screen_view,1535573946490005,2018-08-29T21:19:06,,84,200722,cf45cf67225c8db6fae2aa19b9fc3f14,A6C4FC6E2A16448DACC5EF768EC0D466,1533915225464000,2018-08-10T16:33:45,,1220499683,IOS,,SkodaContentViewController,auto,1120063461576609443,,1,1120063461576609453,PresentationEditorViewController,,,,,,,,,,,,,1533915225464000,cf45cf67225c8db6fae2aa19b9fc3f14,uk.co.skoda.assistant.ios,1.1.6,,1:571703561616:ios:777087d7f78ec12a,manual_install,tablet,Apple,iPad 5th gen,,"iPad6,11",IOS,11.4.1,,,en-gb,No,3600,,,Europe,United Kingdom,England,Herne Bay,,,(direct),(none),(direct)
20180829,1535573954998006,2018-08-29T21:19:14,AnalyticsEventViewItem,1535573790727006,2018-08-29T21:16:30,,84,200722,cf45cf67225c8db6fae2aa19b9fc3f14,A6C4FC6E2A16448DACC5EF768EC0D466,1533915225464000,2018-08-10T16:33:45,,1220499683,IOS,,SkodaContentViewController,app,1120063461576609443,,1,,,,,,,5b33e450ec323421238284,,,,,,,,1533915225464000,cf45cf67225c8db6fae2aa19b9fc3f14,uk.co.skoda.assistant.ios,1.1.6,,1:571703561616:ios:777087d7f78ec12a,manual_install,tablet,Apple,iPad 5th gen,,"iPad6,11",IOS,11.4.1,,,en-gb,No,3600,,,Europe,United Kingdom,England,Herne Bay,,,(direct),(none),(direct)
20180829,1535573955295007,2018-08-29T21:19:15,screen_view,1535573952341007,2018-08-29T21:19:12,,84,200722,cf45cf67225c8db6fae2aa19b9fc3f14,A6C4FC6E2A16448DACC5EF768EC0D466,1533915225464000,2018-08-10T16:33:45,,1220499683,IOS,,PresentationExploreSegmentedViewController,auto,1120063461576609455,,1,1120063461576609443,SkodaContentViewController,,,,,,,,,,,,,1533915225464000,cf45cf67225c8db6fae2aa19b9fc3f14,uk.co.skoda.assistant.ios,1.1.6,,1:571703561616:ios:777087d7f78ec12a,manual_install,tablet,Apple,iPad 5th gen,,"iPad6,11",IOS,11.4.1,,,en-gb,No,3600,,,Europe,United Kingdom,England,Herne Bay,,,(direct),(none),(direct)
20180829,1535573955295010,2018-08-29T21:19:15,user_engagement,1535573952340010,2018-08-29T21:19:12,,84,200722,cf45cf67225c8db6fae2aa19b9fc3f14,A6C4FC6E2A16448DACC5EF768EC0D466,1533915225464000,2018-08-10T16:33:45,,1220499683,IOS,,SkodaContentViewController,auto,1120063461576609443,2954,,,,,,,,,,,,,,,,1533915225464000,cf45cf67225c8db6fae2aa19b9fc3f14,uk.co.skoda.assistant.ios,1.1.6,,1:571703561616:ios:777087d7f78ec12a,manual_install,tablet,Apple,iPad 5th gen,,"iPad6,11",IOS,11.4.1,,,en-gb,No,3600,,,Europe,United Kingdom,England,Herne Bay,,,(direct),(none),(direct)
20180829,1535573955653008,2018-08-29T21:19:15,screen_view,1535573955295008,2018-08-29T21:19:15,,84,200722,cf45cf67225c8db6fae2aa19b9fc3f14,A6C4FC6E2A16448DACC5EF768EC0D466,1533915225464000,2018-08-10T16:33:45,,1220499683,IOS,,PresentationEditorViewController,auto,1120063461576609456,,1,1120063461576609455,PresentationExploreSegmentedViewController,,,,,,,,,,,,,1533915225464000,cf45cf67225c8db6fae2aa19b9fc3f14,uk.co.skoda.assistant.ios,1.1.6,,1:571703561616:ios:777087d7f78ec12a,manual_install,tablet,Apple,iPad 5th gen,,"iPad6,11",IOS,11.4.1,,,en-gb,No,3600,,,Europe,United Kingdom,England,Herne Bay,,,(direct),(none),(direct)
20180829,1535573958571013,2018-08-29T21:19:18,user_engagement,1535573955295013,2018-08-29T21:19:15,,84,200722,cf45cf67225c8db6fae2aa19b9fc3f14,A6C4FC6E2A16448DACC5EF768EC0D466,1533915225464000,2018-08-10T16:33:45,,1220499683,IOS,,PresentationEditorViewController,auto,1120063461576609456,3276,,,,,,,,,,,,,,,,1533915225464000,cf45cf67225c8db6fae2aa19b9fc3f14,uk.co.skoda.assistant.ios,1.1.6,,1:571703561616:ios:777087d7f78ec12a,manual_install,tablet,Apple,iPad 5th gen,,"iPad6,11",IOS,11.4.1,,,en-gb,No,3600,,,Europe,United Kingdom,England,Herne Bay,,,(direct),(none),(direct)
20180829,1535573958573009,2018-08-29T21:19:18,screen_view,1535573955653009,2018-08-29T21:19:15,,84,200722,cf45cf67225c8db6fae2aa19b9fc3f14,A6C4FC6E2A16448DACC5EF768EC0D466,1533915225464000,2018-08-10T16:33:45,,1220499683,IOS,,AVPlayerViewController,auto,1120063461576609457,,1,1120063461576609456,PresentationEditorViewController,,,,,,,,,,,,,1533915225464000,cf45cf67225c8db6fae2aa19b9fc3f14,uk.co.skoda.assistant.ios,1.1.6,,1:571703561616:ios:777087d7f78ec12a,manual_install,tablet,Apple,iPad 5th gen,,"iPad6,11",IOS,11.4.1,,,en-gb,No,3600,,,Europe,United Kingdom,England,Herne Bay,,,(direct),(none),(direct)
20180829,1535574009992015,2018-08-29T21:20:09,user_engagement,1535573958571015,2018-08-29T21:19:18,,84,200722,cf45cf67225c8db6fae2aa19b9fc3f14,A6C4FC6E2A16448DACC5EF768EC0D466,1533915225464000,2018-08-10T16:33:45,,1220499683,IOS,,AVPlayerViewController,auto,1120063461576609457,51420,,,,,,,,,,,,,,,,1533915225464000,cf45cf67225c8db6fae2aa19b9fc3f14,uk.co.skoda.assistant.ios,1.1.6,,1:571703561616:ios:777087d7f78ec12a,manual_install,tablet,Apple,iPad 5th gen,,"iPad6,11",IOS,11.4.1,,,en-gb,No,3600,,,Europe,United Kingdom,England,Herne Bay,,,(direct),(none),(direct)
20180829,1535574009993010,2018-08-29T21:20:09,screen_view,1535573958573010,2018-08-29T21:19:18,,84,200722,cf45cf67225c8db6fae2aa19b9fc3f14,A6C4FC6E2A16448DACC5EF768EC0D466,1533915225464000,2018-08-10T16:33:45,,1220499683,IOS,,PresentationExploreSegmentedViewController,auto,1120063461576609455,,1,1120063461576609457,AVPlayerViewController,,,,,,,,,,,,,1533915225464000,cf45cf67225c8db6fae2aa19b9fc3f14,uk.co.skoda.assistant.ios,1.1.6,,1:571703561616:ios:777087d7f78ec12a,manual_install,tablet,Apple,iPad 5th gen,,"iPad6,11",IOS,11.4.1,,,en-gb,No,3600,,,Europe,United Kingdom,England,Herne Bay,,,(direct),(none),(direct)
20180829,1535574010416011,2018-08-29T21:20:10,screen_view,1535574009993011,2018-08-29T21:20:09,,84,200722,cf45cf67225c8db6fae2aa19b9fc3f14,A6C4FC6E2A16448DACC5EF768EC0D466,1533915225464000,2018-08-10T16:33:45,,1220499683,IOS,,SkodaContentViewController,auto,1120063461576609443,,1,1120063461576609455,PresentationExploreSegmentedViewController,,,,,,,,,,,,,1533915225464000,cf45cf67225c8db6fae2aa19b9fc3f14,uk.co.skoda.assistant.ios,1.1.6,,1:571703561616:ios:777087d7f78ec12a,manual_install,tablet,Apple,iPad 5th gen,,"iPad6,11",IOS,11.4.1,,,en-gb,No,3600,,,Europe,United Kingdom,England,Herne Bay,,,(direct),(none),(direct)
20180829,1535574010418012,2018-08-29T21:20:10,screen_view,1535574010416012,2018-08-29T21:20:10,,84,200722,cf45cf67225c8db6fae2aa19b9fc3f14,A6C4FC6E2A16448DACC5EF768EC0D466,1533915225464000,2018-08-10T16:33:45,,1220499683,IOS,,PresentationEditorViewController,auto,1120063461576609456,,1,1120063461576609443,SkodaContentViewController,,,,,,,,,,,,,1533915225464000,cf45cf67225c8db6fae2aa19b9fc3f14,uk.co.skoda.assistant.ios,1.1.6,,1:571703561616:ios:777087d7f78ec12a,manual_install,tablet,Apple,iPad 5th gen,,"iPad6,11",IOS,11.4.1,,,en-gb,No,3600,,,Europe,United Kingdom,England,Herne Bay,,,(direct),(none),(direct)
20180829,1535574019228019,2018-08-29T21:20:19,user_engagement,1535574009992019,2018-08-29T21:20:09,,84,200722,cf45cf67225c8db6fae2aa19b9fc3f14,A6C4FC6E2A16448DACC5EF768EC0D466,1533915225464000,2018-08-10T16:33:45,,1220499683,IOS,,PresentationEditorViewController,auto,1120063461576609456,9235,,,,,,,,,,,,,,,,1533915225464000,cf45cf67225c8db6fae2aa19b9fc3f14,uk.co.skoda.assistant.ios,1.1.6,,1:571703561616:ios:777087d7f78ec12a,manual_install,tablet,Apple,iPad 5th gen,,"iPad6,11",IOS,11.4.1,,,en-gb,No,3600,,,Europe,United Kingdom,England,Herne Bay,,,(direct),(none),(direct)
20180829,1535574019229013,2018-08-29T21:20:19,screen_view,1535574010418013,2018-08-29T21:20:10,,84,200722,cf45cf67225c8db6fae2aa19b9fc3f14,A6C4FC6E2A16448DACC5EF768EC0D466,1533915225464000,2018-08-10T16:33:45,,1220499683,IOS,,SkodaContentViewController,auto,1120063461576609443,,1,1120063461576609456,PresentationEditorViewController,,,,,,,,,,,,,1533915225464000,cf45cf67225c8db6fae2aa19b9fc3f14,uk.co.skoda.assistant.ios,1.1.6,,1:571703561616:ios:777087d7f78ec12a,manual_install,tablet,Apple,iPad 5th gen,,"iPad6,11",IOS,11.4.1,,,en-gb,No,3600,,,Europe,United Kingdom,England,Herne Bay,,,(direct),(none),(direct)
20180829,1535574049190014,2018-08-29T21:20:49,AnalyticsEventViewItem,1535573954998014,2018-08-29T21:19:14,,84,200722,cf45cf67225c8db6fae2aa19b9fc3f14,A6C4FC6E2A16448DACC5EF768EC0D466,1533915225464000,2018-08-10T16:33:45,,1220499683,IOS,,SkodaContentViewController,app,1120063461576609443,,1,,,,,,,5b33e35304088372569119,,,,,,,,1533915225464000,cf45cf67225c8db6fae2aa19b9fc3f14,uk.co.skoda.assistant.ios,1.1.6,,1:571703561616:ios:777087d7f78ec12a,manual_install,tablet,Apple,iPad 5th gen,,"iPad6,11",IOS,11.4.1,,,en-gb,No,3600,,,Europe,United Kingdom,England,Herne Bay,,,(direct),(none),(direct)
20180829,1535574049265015,2018-08-29T21:20:49,screen_view,1535574019229015,2018-08-29T21:20:19,,84,200722,cf45cf67225c8db6fae2aa19b9fc3f14,A6C4FC6E2A16448DACC5EF768EC0D466,1533915225464000,2018-08-10T16:33:45,,1220499683,IOS,,PresentationExploreSegmentedViewController,auto,1120063461576609458,,1,1120063461576609443,SkodaContentViewController,,,,,,,,,,,,,1533915225464000,cf45cf67225c8db6fae2aa19b9fc3f14,uk.co.skoda.assistant.ios,1.1.6,,1:571703561616:ios:777087d7f78ec12a,manual_install,tablet,Apple,iPad 5th gen,,"iPad6,11",IOS,11.4.1,,,en-gb,No,3600,,,Europe,United Kingdom,England,Herne Bay,,,(direct),(none),(direct)
20180829,1535574049265022,2018-08-29T21:20:49,user_engagement,1535574019228022,2018-08-29T21:20:19,,84,200722,cf45cf67225c8db6fae2aa19b9fc3f14,A6C4FC6E2A16448DACC5EF768EC0D466,1533915225464000,2018-08-10T16:33:45,,1220499683,IOS,,SkodaContentViewController,auto,1120063461576609443,30036,,,,,,,,,,,,,,,,1533915225464000,cf45cf67225c8db6fae2aa19b9fc3f14,uk.co.skoda.assistant.ios,1.1.6,,1:571703561616:ios:777087d7f78ec12a,manual_install,tablet,Apple,iPad 5th gen,,"iPad6,11",IOS,11.4.1,,,en-gb,No,3600,,,Europe,United Kingdom,England,Herne Bay,,,(direct),(none),(direct)
20180829,1535574049777016,2018-08-29T21:20:49,screen_view,1535574049265016,2018-08-29T21:20:49,,84,200722,cf45cf67225c8db6fae2aa19b9fc3f14,A6C4FC6E2A16448DACC5EF768EC0D466,1533915225464000,2018-08-10T16:33:45,,1220499683,IOS,,PresentationEditorViewController,auto,1120063461576609459,,1,1120063461576609458,PresentationExploreSegmentedViewController,,,,,,,,,,,,,1533915225464000,cf45cf67225c8db6fae2aa19b9fc3f14,uk.co.skoda.assistant.ios,1.1.6,,1:571703561616:ios:777087d7f78ec12a,manual_install,tablet,Apple,iPad 5th gen,,"iPad6,11",IOS,11.4.1,,,en-gb,No,3600,,,Europe,United Kingdom,England,Herne Bay,,,(direct),(none),(direct)
20180829,1535574054591017,2018-08-29T21:20:54,screen_view,1535574049777017,2018-08-29T21:20:49,,84,200722,cf45cf67225c8db6fae2aa19b9fc3f14,A6C4FC6E2A16448DACC5EF768EC0D466,1533915225464000,2018-08-10T16:33:45,,1220499683,IOS,,AVPlayerViewController,auto,1120063461576609460,,1,1120063461576609459,PresentationEditorViewController,,,,,,,,,,,,,1533915225464000,cf45cf67225c8db6fae2aa19b9fc3f14,uk.co.skoda.assistant.ios,1.1.6,,1:571703561616:ios:777087d7f78ec12a,manual_install,tablet,Apple,iPad 5th gen,,"iPad6,11",IOS,11.4.1,,,en-gb,No,3600,,,Europe,United Kingdom,England,Herne Bay,,,(direct),(none),(direct)
20180829,1535574054591025,2018-08-29T21:20:54,user_engagement,1535574049265025,2018-08-29T21:20:49,,84,200722,cf45cf67225c8db6fae2aa19b9fc3f14,A6C4FC6E2A16448DACC5EF768EC0D466,1533915225464000,2018-08-10T16:33:45,,1220499683,IOS,,PresentationEditorViewController,auto,1120063461576609459,5325,,,,,,,,,,,,,,,,1533915225464000,cf45cf67225c8db6fae2aa19b9fc3f14,uk.co.skoda.assistant.ios,1.1.6,,1:571703561616:ios:777087d7f78ec12a,manual_install,tablet,Apple,iPad 5th gen,,"iPad6,11",IOS,11.4.1,,,en-gb,No,3600,,,Europe,United Kingdom,England,Herne Bay,,,(direct),(none),(direct)
20180829,1535574090365027,2018-08-29T21:21:30,user_engagement,1535574054591027,2018-08-29T21:20:54,,84,200722,cf45cf67225c8db6fae2aa19b9fc3f14,A6C4FC6E2A16448DACC5EF768EC0D466,1533915225464000,2018-08-10T16:33:45,,1220499683,IOS,,AVPlayerViewController,auto,1120063461576609460,35774,,,,,,,,,,,,,,,,1533915225464000,cf45cf67225c8db6fae2aa19b9fc3f14,uk.co.skoda.assistant.ios,1.1.6,,1:571703561616:ios:777087d7f78ec12a,manual_install,tablet,Apple,iPad 5th gen,,"iPad6,11",IOS,11.4.1,,,en-gb,No,3600,,,Europe,United Kingdom,England,Herne Bay,,,(direct),(none),(direct)
20180829,1535574090367018,2018-08-29T21:21:30,screen_view,1535574054591018,2018-08-29T21:20:54,,84,200722,cf45cf67225c8db6fae2aa19b9fc3f14,A6C4FC6E2A16448DACC5EF768EC0D466,1533915225464000,2018-08-10T16:33:45,,1220499683,IOS,,PresentationExploreSegmentedViewController,auto,1120063461576609458,,1,1120063461576609460,AVPlayerViewController,,,,,,,,,,,,,1533915225464000,cf45cf67225c8db6fae2aa19b9fc3f14,uk.co.skoda.assistant.ios,1.1.6,,1:571703561616:ios:777087d7f78ec12a,manual_install,tablet,Apple,iPad 5th gen,,"iPad6,11",IOS,11.4.1,,,en-gb,No,3600,,,Europe,United Kingdom,England,Herne Bay,,,(direct),(none),(direct)
20180829,1535574090790019,2018-08-29T21:21:30,screen_view,1535574090367019,2018-08-29T21:21:30,,84,200722,cf45cf67225c8db6fae2aa19b9fc3f14,A6C4FC6E2A16448DACC5EF768EC0D466,1533915225464000,2018-08-10T16:33:45,,1220499683,IOS,,SkodaContentViewController,auto,1120063461576609443,,1,1120063461576609458,PresentationExploreSegmentedViewController,,,,,,,,,,,,,1533915225464000,cf45cf67225c8db6fae2aa19b9fc3f14,uk.co.skoda.assistant.ios,1.1.6,,1:571703561616:ios:777087d7f78ec12a,manual_install,tablet,Apple,iPad 5th gen,,"iPad6,11",IOS,11.4.1,,,en-gb,No,3600,,,Europe,United Kingdom,England,Herne Bay,,,(direct),(none),(direct)
20180829,1535574090792020,2018-08-29T21:21:30,screen_view,1535574090790020,2018-08-29T21:21:30,,84,200722,cf45cf67225c8db6fae2aa19b9fc3f14,A6C4FC6E2A16448DACC5EF768EC0D466,1533915225464000,2018-08-10T16:33:45,,1220499683,IOS,,PresentationEditorViewController,auto,1120063461576609459,,1,1120063461576609443,SkodaContentViewController,,,,,,,,,,,,,1533915225464000,cf45cf67225c8db6fae2aa19b9fc3f14,uk.co.skoda.assistant.ios,1.1.6,,1:571703561616:ios:777087d7f78ec12a,manual_install,tablet,Apple,iPad 5th gen,,"iPad6,11",IOS,11.4.1,,,en-gb,No,3600,,,Europe,United Kingdom,England,Herne Bay,,,(direct),(none),(direct)
20180829,1535574094401031,2018-08-29T21:21:34,user_engagement,1535574090365031,2018-08-29T21:21:30,,84,200722,cf45cf67225c8db6fae2aa19b9fc3f14,A6C4FC6E2A16448DACC5EF768EC0D466,1533915225464000,2018-08-10T16:33:45,,1220499683,IOS,,PresentationEditorViewController,auto,1120063461576609459,4035,,,,,,,,,,,,,,,,1533915225464000,cf45cf67225c8db6fae2aa19b9fc3f14,uk.co.skoda.assistant.ios,1.1.6,,1:571703561616:ios:777087d7f78ec12a,manual_install,tablet,Apple,iPad 5th gen,,"iPad6,11",IOS,11.4.1,,,en-gb,No,3600,,,Europe,United Kingdom,England,Herne Bay,,,(direct),(none),(direct)
20180829,1535574094402021,2018-08-29T21:21:34,screen_view,1535574090792021,2018-08-29T21:21:30,,84,200722,cf45cf67225c8db6fae2aa19b9fc3f14,A6C4FC6E2A16448DACC5EF768EC0D466,1533915225464000,2018-08-10T16:33:45,,1220499683,IOS,,SkodaContentViewController,auto,1120063461576609443,,1,1120063461576609459,PresentationEditorViewController,,,,,,,,,,,,,1533915225464000,cf45cf67225c8db6fae2aa19b9fc3f14,uk.co.skoda.assistant.ios,1.1.6,,1:571703561616:ios:777087d7f78ec12a,manual_install,tablet,Apple,iPad 5th gen,,"iPad6,11",IOS,11.4.1,,,en-gb,No,3600,,,Europe,United Kingdom,England,Herne Bay,,,(direct),(none),(direct)
20180829,1535574222766033,2018-08-29T21:23:42,user_engagement,1535574094401033,2018-08-29T21:21:34,,84,200722,cf45cf67225c8db6fae2aa19b9fc3f14,A6C4FC6E2A16448DACC5EF768EC0D466,1533915225464000,2018-08-10T16:33:45,,1220499683,IOS,,SkodaContentViewController,auto,1120063461576609443,128364,,,,,,,,,,,,,,,,1533915225464000,cf45cf67225c8db6fae2aa19b9fc3f14,uk.co.skoda.assistant.ios,1.1.6,,1:571703561616:ios:777087d7f78ec12a,manual_install,tablet,Apple,iPad 5th gen,,"iPad6,11",IOS,11.4.1,,,en-gb,No,3600,,,Europe,United Kingdom,England,Herne Bay,,,(direct),(none),(direct)
20180829,1535575206880000,2018-08-29T21:40:06,user_engagement,1535574222766000,2018-08-29T21:23:42,,85,113226,cf45cf67225c8db6fae2aa19b9fc3f14,A6C4FC6E2A16448DACC5EF768EC0D466,1533915225464000,2018-08-10T16:33:45,,1220499683,IOS,,SkodaContentViewController,auto,1120063461576609443,120342,,,,,,,,,,,,,,,,1533915225464000,cf45cf67225c8db6fae2aa19b9fc3f14,uk.co.skoda.assistant.ios,1.1.6,,1:571703561616:ios:777087d7f78ec12a,manual_install,tablet,Apple,iPad 5th gen,,"iPad6,11",IOS,11.4.1,,,en-gb,No,3600,,,Europe,United Kingdom,England,Herne Bay,,,(direct),(none),(direct)
