event_date,event_timestamp,event_iso8601,event_name,event_previous_timestamp,event_previous_iso8601,event_value_in_usd,event_bundle_sequence_id,event_server_timestamp_offset,user_id,user_pseudo_id,user_first_touch_timestamp,user_first_touch_iso8601,user_ltv,stream_id,platform,event_dimensions,firebase_screen_class,firebase_event_origin,firebase_screen_id,engagement_time_msec,firebase_conversion,firebase_previous_id,firebase_previous_class,user_retailer,user_area,AnalyticsParameterTerm,button_name,AnalyticsParameterItemID,engine,Compared_vehicle_1,Compared_vehicle_2,update_with_analytics,previous_first_open_count,previous_app_version,Compared_vehicle_3,first_open_time,user_id,id,version,install_store,firebase_app_id,install_source,category,mobile_brand_name,mobile_model_name,mobile_marketing_name,mobile_os_hardware_model,operating_system,operating_system_version,vendor_id,advertising_id,language,is_limited_ad_tracking,time_zone_offset_seconds,browser,browser,continent,country,region,city,sub_continent,metro,name,medium,source
20180829,1535530540320039,2018-08-29T09:15:40,AnalyticsEventComparison,1535461115516039,2018-08-28T13:58:35,,112,305506,352133e211bbdb63baa0ef1de05a92f6,14D78D5E23C341FCA0F179A27E5652EE,1534926269410000,2018-08-22T09:24:29,,1220499683,IOS,,ComparisonResultViewController,app,-4189340690112878095,,,,,,,,,,,225336,233020,,,,,1534926269410000,352133e211bbdb63baa0ef1de05a92f6,uk.co.skoda.assistant.uat,1.1.3,,1:571703561616:ios:777087d7f78ec12a,manual_install,tablet,Apple,iPad Air 2,,"iPad5,4",IOS,11.4.1,A32BF78F-CE5A-45C8-8A8D-A28FC9819091,,en-gb,No,3600,,,Europe,United Kingdom,England,London,,,(direct),(none),(direct)
20180829,1535530558572045,2018-08-29T09:15:58,AnalyticsEventComparison,1535530540320045,2018-08-29T09:15:40,,112,305506,352133e211bbdb63baa0ef1de05a92f6,14D78D5E23C341FCA0F179A27E5652EE,1534926269410000,2018-08-22T09:24:29,,1220499683,IOS,,ComparisonResultViewController,app,-4189340690112878094,,,,,,,,,,,225336,233020,,,,,1534926269410000,352133e211bbdb63baa0ef1de05a92f6,uk.co.skoda.assistant.uat,1.1.3,,1:571703561616:ios:777087d7f78ec12a,manual_install,tablet,Apple,iPad Air 2,,"iPad5,4",IOS,11.4.1,A32BF78F-CE5A-45C8-8A8D-A28FC9819091,,en-gb,No,3600,,,Europe,United Kingdom,England,London,,,(direct),(none),(direct)
20180829,1535530646990058,2018-08-29T09:17:26,AnalyticsEventComparison,1535530558572058,2018-08-29T09:15:58,,112,305506,352133e211bbdb63baa0ef1de05a92f6,14D78D5E23C341FCA0F179A27E5652EE,1534926269410000,2018-08-22T09:24:29,,1220499683,IOS,,ComparisonResultViewController,app,-4189340690112878094,,,,,,,,,,,225336,233020,,,,,1534926269410000,352133e211bbdb63baa0ef1de05a92f6,uk.co.skoda.assistant.uat,1.1.3,,1:571703561616:ios:777087d7f78ec12a,manual_install,tablet,Apple,iPad Air 2,,"iPad5,4",IOS,11.4.1,A32BF78F-CE5A-45C8-8A8D-A28FC9819091,,en-gb,No,3600,,,Europe,United Kingdom,England,London,,,(direct),(none),(direct)
20180829,1535533779233021,2018-08-29T10:09:39,AnalyticsEventComparison,1534501326312021,2018-08-17T11:22:06,,95,167644,96b9cae1b9cb767955a1610196bbe477,0B88BF99ABB14601BCDCA9DD19AE9559,1534348675851000,2018-08-15T16:57:55,,1220499683,IOS,,ComparisonResultViewController,app,-7249943685492479991,,,,,,,,,,,218368,218132,,,,,1534348675851000,96b9cae1b9cb767955a1610196bbe477,uk.co.skoda.assistant.ios,1.1.6,,1:571703561616:ios:777087d7f78ec12a,manual_install,tablet,Apple,iPad,,"iPad7,5",IOS,11.4.1,,,en-gb,No,-25200,,,Europe,United Kingdom,England,Andover,,,(direct),(none),(direct)
20180829,1535533846081005,2018-08-29T10:10:46,AnalyticsEventComparison,1535533779233005,2018-08-29T10:09:39,,96,135529,96b9cae1b9cb767955a1610196bbe477,0B88BF99ABB14601BCDCA9DD19AE9559,1534348675851000,2018-08-15T16:57:55,,1220499683,IOS,,ComparisonResultViewController,app,-7249943685492479990,,,,,,,,,,,218369,218132,,,,,1534348675851000,96b9cae1b9cb767955a1610196bbe477,uk.co.skoda.assistant.ios,1.1.6,,1:571703561616:ios:777087d7f78ec12a,manual_install,tablet,Apple,iPad,,"iPad7,5",IOS,11.4.1,,,en-gb,No,-25200,,,Europe,United Kingdom,England,Andover,,,(direct),(none),(direct)
20180829,1535535073617027,2018-08-29T10:31:13,AnalyticsEventComparison,,,,9,113049,27a773ed5ce9ed04a0580b749b5dda9c,12E6C1DFE1EC4F3FBD4EEE00D2C79EEB,1535286409676000,2018-08-26T13:26:49,,1220499683,IOS,,ComparisonResultViewController,app,8866720084579865591,,,,,,,,,,,242172,237874,,,,,1535286409676000,27a773ed5ce9ed04a0580b749b5dda9c,uk.co.skoda.assistant.ios,1.1.6,,1:571703561616:ios:777087d7f78ec12a,manual_install,tablet,Apple,iPad 5th gen,,"iPad6,11",IOS,11.4,,,en-gb,No,3600,,,Europe,United Kingdom,England,Birmingham,,,(direct),(none),(direct)
20180829,1535535170898007,2018-08-29T10:32:50,AnalyticsEventComparison,1535533846081007,2018-08-29T10:10:46,,101,566434,96b9cae1b9cb767955a1610196bbe477,0B88BF99ABB14601BCDCA9DD19AE9559,1534348675851000,2018-08-15T16:57:55,,1220499683,IOS,,ComparisonResultViewController,app,-7249943685492479977,,,,,,,,,,,218369,218132,,,,,1534348675851000,96b9cae1b9cb767955a1610196bbe477,uk.co.skoda.assistant.ios,1.1.6,,1:571703561616:ios:777087d7f78ec12a,manual_install,tablet,Apple,iPad,,"iPad7,5",IOS,11.4.1,,,en-gb,No,-25200,,,Europe,United Kingdom,England,London,,,(direct),(none),(direct)
20180829,1535538737815049,2018-08-29T11:32:17,AnalyticsEventComparison,,,,9,759617,b8140050d3b610ff8a93bef7a6d60f0d,A9D750AECB6B4381BE23FD8F809F088B,1535533324747000,2018-08-29T10:02:04,,1220499683,IOS,,ComparisonResultViewController,app,7051004047525632044,,,,,,,,,,,241969,218132,,,,,1535533324747000,b8140050d3b610ff8a93bef7a6d60f0d,uk.co.skoda.assistant.ios,1.1.6,,1:571703561616:ios:777087d7f78ec12a,manual_install,tablet,Apple,iPad,,"iPad7,5",IOS,11.4.1,,,en-gb,No,3600,,,Europe,United Kingdom,England,London,,,(direct),(none),(direct)
20180829,1535542631832040,2018-08-29T12:37:11,AnalyticsEventComparison,1535535170898040,2018-08-29T10:32:50,,103,566436,96b9cae1b9cb767955a1610196bbe477,0B88BF99ABB14601BCDCA9DD19AE9559,1534348675851000,2018-08-15T16:57:55,,1220499683,IOS,,ComparisonResultViewController,app,-7249943685492479972,,,,,,,,,,,225329,225331,,,,,1534348675851000,96b9cae1b9cb767955a1610196bbe477,uk.co.skoda.assistant.ios,1.1.6,,1:571703561616:ios:777087d7f78ec12a,manual_install,tablet,Apple,iPad,,"iPad7,5",IOS,11.4.1,,,en-gb,No,-25200,,,Europe,United Kingdom,England,London,,,(direct),(none),(direct)
20180829,1535542660863030,2018-08-29T12:37:40,AnalyticsEventComparison,1535208157246030,2018-08-25T15:42:37,,46,125166,e65ed16c595914f10b59a8d872f916b0,52A0FD435CAA428E86D603157F72F23A,1534758431647000,2018-08-20T10:47:11,,1220499683,IOS,,ComparisonResultViewController,app,-5074745263819787404,,,,,,,,,,,225329,225331,,,,,1534758431647000,e65ed16c595914f10b59a8d872f916b0,uk.co.skoda.assistant.ios,1.1.6,,1:571703561616:ios:777087d7f78ec12a,manual_install,tablet,Apple,iPad,,"iPad7,5",IOS,11.4.1,,,en-gb,No,3600,,,Europe,United Kingdom,England,Andover,,,(direct),(none),(direct)
20180829,1535543439175024,2018-08-29T12:50:39,AnalyticsEventComparison,,,,32,1403767,c0795c1b0be2d3efe8c6cc158277dc44,F7993CD81B8D4DFEB0424CF94D2EA130,1534952797272000,2018-08-22T16:46:37,,1220499683,IOS,,ComparisonResultViewController,app,-5426362898991794728,,,,,,,,,,,242027,237195,,,,,1534952797272000,c0795c1b0be2d3efe8c6cc158277dc44,uk.co.skoda.assistant.ios,1.1.6,,1:571703561616:ios:777087d7f78ec12a,manual_install,tablet,Apple,iPad,,"iPad7,5",IOS,11.4.1,,,en-gb,No,3600,,,Europe,United Kingdom,England,London,,,(direct),(none),(direct)
20180829,1535543688034007,2018-08-29T12:54:48,AnalyticsEventComparison,1535530646990007,2018-08-29T09:17:26,,117,305511,352133e211bbdb63baa0ef1de05a92f6,14D78D5E23C341FCA0F179A27E5652EE,1534926269410000,2018-08-22T09:24:29,,1220499683,IOS,,ComparisonResultViewController,app,-4189340690112878045,,,,,,,,,,,241976,225652,,,,,1534926269410000,352133e211bbdb63baa0ef1de05a92f6,uk.co.skoda.assistant.uat,1.1.3,,1:571703561616:ios:777087d7f78ec12a,manual_install,tablet,Apple,iPad Air 2,,"iPad5,4",IOS,11.4.1,A32BF78F-CE5A-45C8-8A8D-A28FC9819091,,en-gb,No,3600,,,Europe,United Kingdom,England,London,,,(direct),(none),(direct)
20180829,1535543804471010,2018-08-29T12:56:44,AnalyticsEventComparison,1535543688034010,2018-08-29T12:54:48,,117,305511,352133e211bbdb63baa0ef1de05a92f6,14D78D5E23C341FCA0F179A27E5652EE,1534926269410000,2018-08-22T09:24:29,,1220499683,IOS,,ComparisonResultViewController,app,-4189340690112878045,,,,,,,,,,,241976,225652,,,,,1534926269410000,352133e211bbdb63baa0ef1de05a92f6,uk.co.skoda.assistant.uat,1.1.3,,1:571703561616:ios:777087d7f78ec12a,manual_install,tablet,Apple,iPad Air 2,,"iPad5,4",IOS,11.4.1,A32BF78F-CE5A-45C8-8A8D-A28FC9819091,,en-gb,No,3600,,,Europe,United Kingdom,England,London,,,(direct),(none),(direct)
20180829,1535543831348013,2018-08-29T12:57:11,AnalyticsEventComparison,1535543804471013,2018-08-29T12:56:44,,117,305511,352133e211bbdb63baa0ef1de05a92f6,14D78D5E23C341FCA0F179A27E5652EE,1534926269410000,2018-08-22T09:24:29,,1220499683,IOS,,ComparisonResultViewController,app,-4189340690112878045,,,,,,,,,,,241976,225652,,,,,1534926269410000,352133e211bbdb63baa0ef1de05a92f6,uk.co.skoda.assistant.uat,1.1.3,,1:571703561616:ios:777087d7f78ec12a,manual_install,tablet,Apple,iPad Air 2,,"iPad5,4",IOS,11.4.1,A32BF78F-CE5A-45C8-8A8D-A28FC9819091,,en-gb,No,3600,,,Europe,United Kingdom,England,London,,,(direct),(none),(direct)
20180829,1535547826721008,2018-08-29T14:03:46,AnalyticsEventComparison,1535535073617008,2018-08-29T10:31:13,,19,52466,27a773ed5ce9ed04a0580b749b5dda9c,12E6C1DFE1EC4F3FBD4EEE00D2C79EEB,1535286409676000,2018-08-26T13:26:49,,1220499683,IOS,,ComparisonResultViewController,app,91144493130371403,,,,,,,,,,,225329,229855,,,,,1535286409676000,27a773ed5ce9ed04a0580b749b5dda9c,uk.co.skoda.assistant.ios,1.1.6,,1:571703561616:ios:777087d7f78ec12a,manual_install,tablet,Apple,iPad 5th gen,,"iPad6,11",IOS,11.4,,,en-gb,No,3600,,,Europe,United Kingdom,England,Birmingham,,,(direct),(none),(direct)
20180829,1535547907425015,2018-08-29T14:05:07,AnalyticsEventComparison,1535547826721015,2018-08-29T14:03:46,,19,52466,27a773ed5ce9ed04a0580b749b5dda9c,12E6C1DFE1EC4F3FBD4EEE00D2C79EEB,1535286409676000,2018-08-26T13:26:49,,1220499683,IOS,,ComparisonResultViewController,app,91144493130371404,,,,,,,,,,,225329,229855,,,,223666,1535286409676000,27a773ed5ce9ed04a0580b749b5dda9c,uk.co.skoda.assistant.ios,1.1.6,,1:571703561616:ios:777087d7f78ec12a,manual_install,tablet,Apple,iPad 5th gen,,"iPad6,11",IOS,11.4,,,en-gb,No,3600,,,Europe,United Kingdom,England,Birmingham,,,(direct),(none),(direct)
20180829,1535552329399004,2018-08-29T15:18:49,AnalyticsEventComparison,,,,30,131552,da32f3bc62f2c2abf62680e457a110d2,D6FB27FF9E2A4784AFC7C3E80CBF2B7E,1534935558584000,2018-08-22T11:59:18,,1220499683,IOS,,ComparisonResultViewController,app,9152738656528423473,,,,,,,,,,,241964,218135,,,,,1534935558584000,da32f3bc62f2c2abf62680e457a110d2,uk.co.skoda.assistant.ios,1.1.6,,1:571703561616:ios:777087d7f78ec12a,manual_install,tablet,Apple,iPad,,"iPad7,5",IOS,11.4.1,,,en-gb,No,3600,,,Europe,United Kingdom,England,London,,,(direct),(none),(direct)
20180829,1535554779343009,2018-08-29T15:59:39,AnalyticsEventComparison,1535192526716009,2018-08-25T11:22:06,,129,131202,edc414157e224dd8c2045f87cbb52c7b,2C9580CD92C74F0BBD053576BD11AA51,1534253270072000,2018-08-14T14:27:50,,1220499683,IOS,,ComparisonResultViewController,app,-6575195997575011632,,,,,,,,,,,225336,220057,,,,,1534253270072000,edc414157e224dd8c2045f87cbb52c7b,uk.co.skoda.assistant.ios,1.1.6,,1:571703561616:ios:777087d7f78ec12a,manual_install,tablet,Apple,iPad,,"iPad7,6",IOS,11.4.1,,,en-gb,No,3600,,,Europe,United Kingdom,England,London,,,(direct),(none),(direct)
20180829,1535554875125005,2018-08-29T16:01:15,AnalyticsEventComparison,1535554779343005,2018-08-29T15:59:39,,130,131203,edc414157e224dd8c2045f87cbb52c7b,2C9580CD92C74F0BBD053576BD11AA51,1534253270072000,2018-08-14T14:27:50,,1220499683,IOS,,ComparisonResultViewController,app,-6575195997575011631,,,,,,,,,,,225327,219255,,,,,1534253270072000,edc414157e224dd8c2045f87cbb52c7b,uk.co.skoda.assistant.ios,1.1.6,,1:571703561616:ios:777087d7f78ec12a,manual_install,tablet,Apple,iPad,,"iPad7,6",IOS,11.4.1,,,en-gb,No,3600,,,Europe,United Kingdom,England,London,,,(direct),(none),(direct)
20180829,1535555149161029,2018-08-29T16:05:49,AnalyticsEventComparison,1535554875125029,2018-08-29T16:01:15,,131,179368,edc414157e224dd8c2045f87cbb52c7b,2C9580CD92C74F0BBD053576BD11AA51,1534253270072000,2018-08-14T14:27:50,,1220499683,IOS,,ComparisonResultViewController,app,-6575195997575011627,,,,,,,,,,,225327,225331,,,,,1534253270072000,edc414157e224dd8c2045f87cbb52c7b,uk.co.skoda.assistant.ios,1.1.6,,1:571703561616:ios:777087d7f78ec12a,manual_install,tablet,Apple,iPad,,"iPad7,6",IOS,11.4.1,,,en-gb,No,3600,,,Europe,United Kingdom,England,London,,,(direct),(none),(direct)
20180829,1535555349470035,2018-08-29T16:09:09,AnalyticsEventComparison,1535555149161035,2018-08-29T16:05:49,,131,179368,edc414157e224dd8c2045f87cbb52c7b,2C9580CD92C74F0BBD053576BD11AA51,1534253270072000,2018-08-14T14:27:50,,1220499683,IOS,,ComparisonResultViewController,app,-6575195997575011626,,,,,,,,,,,225327,225331,,,,223666,1534253270072000,edc414157e224dd8c2045f87cbb52c7b,uk.co.skoda.assistant.ios,1.1.6,,1:571703561616:ios:777087d7f78ec12a,manual_install,tablet,Apple,iPad,,"iPad7,6",IOS,11.4.1,,,en-gb,No,3600,,,Europe,United Kingdom,England,London,,,(direct),(none),(direct)
20180829,1535555480551057,2018-08-29T16:11:20,AnalyticsEventComparison,1535555349470057,2018-08-29T16:09:09,,131,179368,edc414157e224dd8c2045f87cbb52c7b,2C9580CD92C74F0BBD053576BD11AA51,1534253270072000,2018-08-14T14:27:50,,1220499683,IOS,,SkodaContentViewController,app,-6575195997575011650,,,,,,,,,,,225327,225331,,,,223666,1534253270072000,edc414157e224dd8c2045f87cbb52c7b,uk.co.skoda.assistant.ios,1.1.6,,1:571703561616:ios:777087d7f78ec12a,manual_install,tablet,Apple,iPad,,"iPad7,6",IOS,11.4.1,,,en-gb,No,3600,,,Europe,United Kingdom,England,London,,,(direct),(none),(direct)
20180829,1535559959976024,2018-08-29T17:25:59,AnalyticsEventComparison,1535555480551024,2018-08-29T16:11:20,,135,77020,edc414157e224dd8c2045f87cbb52c7b,2C9580CD92C74F0BBD053576BD11AA51,1534253270072000,2018-08-14T14:27:50,,1220499683,IOS,,ComparisonResultViewController,app,-6575195997575011614,,,,,,,,,,,225331,225323,,,,,1534253270072000,edc414157e224dd8c2045f87cbb52c7b,uk.co.skoda.assistant.ios,1.1.6,,1:571703561616:ios:777087d7f78ec12a,manual_install,tablet,Apple,iPad,,"iPad7,6",IOS,11.4.1,,,en-gb,No,3600,,,Europe,United Kingdom,England,London,,,(direct),(none),(direct)
20180829,1535576079671005,2018-08-29T21:54:39,AnalyticsEventComparison,1535471697818005,2018-08-28T16:54:57,,109,-28792652809,cdacf5419947b286b98cd669991f534a,D7665953F7DE47F791BFD2F71BCEC745,1534254909946000,2018-08-14T14:55:09,,1220499683,IOS,,ComparisonResultViewController,app,5537654674160040808,,,,,,,,,,,242189,234847,,,,,1534254909946000,cdacf5419947b286b98cd669991f534a,uk.co.skoda.assistant.ios,1.1.6,,1:571703561616:ios:777087d7f78ec12a,manual_install,tablet,Apple,iPad,,"iPad7,5",IOS,11.4.1,,,en-gb,No,-25200,,,Europe,United Kingdom,England,Birmingham,,,(direct),(none),(direct)
