event_date,event_timestamp,event_iso8601,event_name,event_previous_timestamp,event_previous_iso8601,event_value_in_usd,event_bundle_sequence_id,event_server_timestamp_offset,user_id,user_pseudo_id,user_first_touch_timestamp,user_first_touch_iso8601,user_ltv,stream_id,platform,event_dimensions,firebase_screen_class,firebase_event_origin,firebase_screen_id,engagement_time_msec,firebase_conversion,firebase_previous_id,firebase_previous_class,user_retailer,user_area,AnalyticsParameterTerm,button_name,AnalyticsParameterItemID,engine,Compared_vehicle_1,Compared_vehicle_2,update_with_analytics,previous_first_open_count,previous_app_version,Compared_vehicle_3,first_open_time,user_id,id,version,install_store,firebase_app_id,install_source,category,mobile_brand_name,mobile_model_name,mobile_marketing_name,mobile_os_hardware_model,operating_system,operating_system_version,vendor_id,advertising_id,language,is_limited_ad_tracking,time_zone_offset_seconds,browser,browser,continent,country,region,city,sub_continent,metro,name,medium,source
20180829,1535529534728000,2018-08-29T08:58:54,user_engagement,1535472743899000,2018-08-28T17:12:23,,3,185281,,BC57F9E26A384FCB91CE2CD301733CDA,1535472680059000,2018-08-28T17:11:20,,1220499683,IOS,,LoginViewController,auto,1151263977431400879,809,,,,,,,,,,,,,,,,1535472680059000,,uk.co.skoda.assistant.uat,1.1.7,,1:571703561616:ios:777087d7f78ec12a,manual_install,tablet,Apple,iPad 5th gen,,"iPad6,11",IOS,11.4.1,,,en-gb,No,3600,,,Europe,United Kingdom,England,London,,,(direct),(none),(direct)
20180829,1535532377093000,2018-08-29T09:46:17,screen_view,1535472680426000,2018-08-28T17:11:20,,4,185282,,BC57F9E26A384FCB91CE2CD301733CDA,1535472680059000,2018-08-28T17:11:20,,1220499683,IOS,,LoginViewController,auto,-5321473143137198607,,1,,,,,,,,,,,,,,,1535472680059000,,uk.co.skoda.assistant.uat,1.1.7,,1:571703561616:ios:777087d7f78ec12a,manual_install,tablet,Apple,iPad 5th gen,,"iPad6,11",IOS,11.4.1,,,en-gb,No,3600,,,Europe,United Kingdom,England,London,,,(direct),(none),(direct)
20180829,1535532387094001,2018-08-29T09:46:27,session_start,1535472691958001,2018-08-28T17:11:31,,4,185282,,BC57F9E26A384FCB91CE2CD301733CDA,1535472680059000,2018-08-28T17:11:20,,1220499683,IOS,,LoginViewController,auto,-5321473143137198607,,1,,,,,,,,,,,,,,,1535472680059000,,uk.co.skoda.assistant.uat,1.1.7,,1:571703561616:ios:777087d7f78ec12a,manual_install,tablet,Apple,iPad 5th gen,,"iPad6,11",IOS,11.4.1,,,en-gb,No,3600,,,Europe,United Kingdom,England,London,,,(direct),(none),(direct)
20180829,1535532396424002,2018-08-29T09:46:36,user_engagement,1535529534728002,2018-08-29T08:58:54,,4,185282,,BC57F9E26A384FCB91CE2CD301733CDA,1535472680059000,2018-08-28T17:11:20,,1220499683,IOS,,LoginViewController,auto,-5321473143137198607,19331,,,,,,,,,,,,,,,,1535472680059000,,uk.co.skoda.assistant.uat,1.1.7,,1:571703561616:ios:777087d7f78ec12a,manual_install,tablet,Apple,iPad 5th gen,,"iPad6,11",IOS,11.4.1,,,en-gb,No,3600,,,Europe,United Kingdom,England,London,,,(direct),(none),(direct)
20180829,1535533324747000,2018-08-29T10:02:04,first_open,,,,1,-1567261,,A9D750AECB6B4381BE23FD8F809F088B,1535533324747000,2018-08-29T10:02:04,,1220499683,IOS,,LoginViewController,auto,-7873892803081472379,,1,,,,,,,,,,,0,0,,,1535533324747000,,uk.co.skoda.assistant.ios,1.1.1,,1:571703561616:ios:777087d7f78ec12a,manual_install,tablet,Apple,iPad,,"iPad7,5",IOS,11.4.1,,,en-gb,No,-25200,,,Europe,United Kingdom,England,Andover,,,(direct),(none),(direct)
20180829,1535533324747001,2018-08-29T10:02:04,user_engagement,,,,1,-1567261,,A9D750AECB6B4381BE23FD8F809F088B,1535533324747000,2018-08-29T10:02:04,,1220499683,IOS,,LoginViewController,auto,-7873892803081472379,1,,,,,,,,,,,,,,,,1535533324747000,,uk.co.skoda.assistant.ios,1.1.1,,1:571703561616:ios:777087d7f78ec12a,manual_install,tablet,Apple,iPad,,"iPad7,5",IOS,11.4.1,,,en-gb,No,-25200,,,Europe,United Kingdom,England,Andover,,,(direct),(none),(direct)
20180829,1535533325473001,2018-08-29T10:02:05,screen_view,,,,1,-1567261,,A9D750AECB6B4381BE23FD8F809F088B,1535533324747000,2018-08-29T10:02:04,,1220499683,IOS,,SplashViewController,auto,-7873892803081472380,,1,,,,,,,,,,,,,,,1535533324747000,,uk.co.skoda.assistant.ios,1.1.1,,1:571703561616:ios:777087d7f78ec12a,manual_install,tablet,Apple,iPad,,"iPad7,5",IOS,11.4.1,,,en-gb,No,-25200,,,Europe,United Kingdom,England,Andover,,,(direct),(none),(direct)
20180829,1535533325500002,2018-08-29T10:02:05,screen_view,1535533325473002,2018-08-29T10:02:05,,1,-1567261,,A9D750AECB6B4381BE23FD8F809F088B,1535533324747000,2018-08-29T10:02:04,,1220499683,IOS,,LoginViewController,auto,-7873892803081472379,,1,-7873892803081472380,SplashViewController,,,,,,,,,,,,,1535533324747000,,uk.co.skoda.assistant.ios,1.1.1,,1:571703561616:ios:777087d7f78ec12a,manual_install,tablet,Apple,iPad,,"iPad7,5",IOS,11.4.1,,,en-gb,No,-25200,,,Europe,United Kingdom,England,Andover,,,(direct),(none),(direct)
20180829,1535533337014003,2018-08-29T10:02:17,session_start,,,,1,-1567261,,A9D750AECB6B4381BE23FD8F809F088B,1535533324747000,2018-08-29T10:02:04,,1220499683,IOS,,LoginViewController,auto,-7873892803081472379,,1,,,,,,,,,,,,,,,1535533324747000,,uk.co.skoda.assistant.ios,1.1.1,,1:571703561616:ios:777087d7f78ec12a,manual_install,tablet,Apple,iPad,,"iPad7,5",IOS,11.4.1,,,en-gb,No,-25200,,,Europe,United Kingdom,England,Andover,,,(direct),(none),(direct)
20180829,1535533576239000,2018-08-29T10:06:16,screen_view,1535286410101000,2018-08-26T13:26:50,,2,73839,,12E6C1DFE1EC4F3FBD4EEE00D2C79EEB,1535286409676000,2018-08-26T13:26:49,,1220499683,IOS,,SplashViewController,auto,8866720084579865575,,1,,,,,,,,,,,,,,,1535286409676000,,uk.co.skoda.assistant.ios,1.1.6,,1:571703561616:ios:777087d7f78ec12a,manual_install,tablet,Apple,iPad 5th gen,,"iPad6,11",IOS,11.4,,,en-gb,No,3600,,,Europe,United Kingdom,England,Birmingham,,,(direct),(none),(direct)
20180829,1535533576468001,2018-08-29T10:06:16,screen_view,1535533576239001,2018-08-29T10:06:16,,2,73839,,12E6C1DFE1EC4F3FBD4EEE00D2C79EEB,1535286409676000,2018-08-26T13:26:49,,1220499683,IOS,,LoginViewController,auto,8866720084579865576,,1,8866720084579865575,SplashViewController,,,,,,,,,,,,,1535286409676000,,uk.co.skoda.assistant.ios,1.1.6,,1:571703561616:ios:777087d7f78ec12a,manual_install,tablet,Apple,iPad 5th gen,,"iPad6,11",IOS,11.4,,,en-gb,No,3600,,,Europe,United Kingdom,England,Birmingham,,,(direct),(none),(direct)
20180829,1535533586315000,2018-08-29T10:06:26,session_start,,,,3,108800,,12E6C1DFE1EC4F3FBD4EEE00D2C79EEB,1535286409676000,2018-08-26T13:26:49,,1220499683,IOS,,LoginViewController,auto,8866720084579865576,,1,,,,,,,,,,,,,,,1535286409676000,,uk.co.skoda.assistant.ios,1.1.6,,1:571703561616:ios:777087d7f78ec12a,manual_install,tablet,Apple,iPad 5th gen,,"iPad6,11",IOS,11.4,,,en-gb,No,3600,,,Europe,United Kingdom,England,Birmingham,,,(direct),(none),(direct)
20180829,1535533625595000,2018-08-29T10:07:05,user_engagement,1535286428189000,2018-08-26T13:27:08,,4,109479,,12E6C1DFE1EC4F3FBD4EEE00D2C79EEB,1535286409676000,2018-08-26T13:26:49,,1220499683,IOS,,LoginViewController,auto,8866720084579865576,49283,,,,,,,,,,,,,,,,1535286409676000,,uk.co.skoda.assistant.ios,1.1.6,,1:571703561616:ios:777087d7f78ec12a,manual_install,tablet,Apple,iPad 5th gen,,"iPad6,11",IOS,11.4,,,en-gb,No,3600,,,Europe,United Kingdom,England,Birmingham,,,(direct),(none),(direct)
20180829,1535533625596000,2018-08-29T10:07:05,screen_view,1535533576468000,2018-08-29T10:06:16,,4,109479,,12E6C1DFE1EC4F3FBD4EEE00D2C79EEB,1535286409676000,2018-08-26T13:26:49,,1220499683,IOS,,SplashViewController,auto,8866720084579865575,,1,8866720084579865576,LoginViewController,,,,,,,,,,,,,1535286409676000,,uk.co.skoda.assistant.ios,1.1.6,,1:571703561616:ios:777087d7f78ec12a,manual_install,tablet,Apple,iPad 5th gen,,"iPad6,11",IOS,11.4,,,en-gb,No,3600,,,Europe,United Kingdom,England,Birmingham,,,(direct),(none),(direct)
20180829,1535533625634001,2018-08-29T10:07:05,AnalyticsEventLogin,,,,4,109479,,12E6C1DFE1EC4F3FBD4EEE00D2C79EEB,1535286409676000,2018-08-26T13:26:49,,1220499683,IOS,,SplashViewController,app,8866720084579865575,,1,,,,8,27a773ed5ce9ed04a0580b749b5dda9c,,,,,,,,,,1535286409676000,,uk.co.skoda.assistant.ios,1.1.6,,1:571703561616:ios:777087d7f78ec12a,manual_install,tablet,Apple,iPad 5th gen,,"iPad6,11",IOS,11.4,,,en-gb,No,3600,,,Europe,United Kingdom,England,Birmingham,,,(direct),(none),(direct)
20180829,1535533626165002,2018-08-29T10:07:06,screen_view,1535533625596002,2018-08-29T10:07:05,,4,109479,,12E6C1DFE1EC4F3FBD4EEE00D2C79EEB,1535286409676000,2018-08-26T13:26:49,,1220499683,IOS,,ContentLoaderViewController,auto,8866720084579865577,,1,8866720084579865575,SplashViewController,,,,,,,,,,,,,1535286409676000,,uk.co.skoda.assistant.ios,1.1.6,,1:571703561616:ios:777087d7f78ec12a,manual_install,tablet,Apple,iPad 5th gen,,"iPad6,11",IOS,11.4,,,en-gb,No,3600,,,Europe,United Kingdom,England,Birmingham,,,(direct),(none),(direct)
20180829,1535533643160005,2018-08-29T10:07:23,user_engagement,1535533324747005,2018-08-29T10:02:04,,1,-1567261,,A9D750AECB6B4381BE23FD8F809F088B,1535533324747000,2018-08-29T10:02:04,,1220499683,IOS,,LoginViewController,auto,-7873892803081472379,316148,,,,,,,,,,,,,,,,1535533324747000,,uk.co.skoda.assistant.ios,1.1.1,,1:571703561616:ios:777087d7f78ec12a,manual_install,tablet,Apple,iPad,,"iPad7,5",IOS,11.4.1,,,en-gb,No,-25200,,,Europe,United Kingdom,England,Andover,,,(direct),(none),(direct)
20180829,1535533871546000,2018-08-29T10:11:11,screen_view,1535533626165000,2018-08-29T10:07:06,,5,112554,,12E6C1DFE1EC4F3FBD4EEE00D2C79EEB,1535286409676000,2018-08-26T13:26:49,,1220499683,IOS,,SplashViewController,auto,8866720084579865575,,1,8866720084579865577,ContentLoaderViewController,,,,,,,,,,,,,1535286409676000,,uk.co.skoda.assistant.ios,1.1.6,,1:571703561616:ios:777087d7f78ec12a,manual_install,tablet,Apple,iPad 5th gen,,"iPad6,11",IOS,11.4,,,en-gb,No,3600,,,Europe,United Kingdom,England,Birmingham,,,(direct),(none),(direct)
20180829,1535533871546000,2018-08-29T10:11:11,user_engagement,1535533625595000,2018-08-29T10:07:05,,5,112554,,12E6C1DFE1EC4F3FBD4EEE00D2C79EEB,1535286409676000,2018-08-26T13:26:49,,1220499683,IOS,,ContentLoaderViewController,auto,8866720084579865577,245950,,,,,,,,,,,,,,,,1535286409676000,,uk.co.skoda.assistant.ios,1.1.6,,1:571703561616:ios:777087d7f78ec12a,manual_install,tablet,Apple,iPad 5th gen,,"iPad6,11",IOS,11.4,,,en-gb,No,3600,,,Europe,United Kingdom,England,Birmingham,,,(direct),(none),(direct)
20180829,1535533926146006,2018-08-29T10:12:06,user_engagement,1535533643160006,2018-08-29T10:07:23,,1,-1567261,,A9D750AECB6B4381BE23FD8F809F088B,1535533324747000,2018-08-29T10:02:04,,1220499683,IOS,,LoginViewController,auto,-7873892803081472379,112640,,,,,,,,,,,,,,,,1535533324747000,,uk.co.skoda.assistant.ios,1.1.1,,1:571703561616:ios:777087d7f78ec12a,manual_install,tablet,Apple,iPad,,"iPad7,5",IOS,11.4.1,,,en-gb,No,-25200,,,Europe,United Kingdom,England,Andover,,,(direct),(none),(direct)
20180829,1535534003519000,2018-08-29T10:13:23,app_update,,,,2,164441,,A9D750AECB6B4381BE23FD8F809F088B,1535533324747000,2018-08-29T10:02:04,,1220499683,IOS,,,auto,,,,,,,,,,,,,,,,1.1.1,,1535533324747000,,uk.co.skoda.assistant.ios,1.1.6,,1:571703561616:ios:777087d7f78ec12a,manual_install,tablet,Apple,iPad,,"iPad7,5",IOS,11.4.1,,,en-gb,No,-25200,,,Europe,United Kingdom,England,Andover,,,(direct),(none),(direct)
20180829,1535534003651000,2018-08-29T10:13:23,screen_view,1535533325500000,2018-08-29T10:02:05,,2,164441,,A9D750AECB6B4381BE23FD8F809F088B,1535533324747000,2018-08-29T10:02:04,,1220499683,IOS,,SplashViewController,auto,7051004047525632035,,1,,,,,,,,,,,,,,,1535533324747000,,uk.co.skoda.assistant.ios,1.1.6,,1:571703561616:ios:777087d7f78ec12a,manual_install,tablet,Apple,iPad,,"iPad7,5",IOS,11.4.1,,,en-gb,No,-25200,,,Europe,United Kingdom,England,Andover,,,(direct),(none),(direct)
20180829,1535534003733001,2018-08-29T10:13:23,screen_view,1535534003651001,2018-08-29T10:13:23,,2,164441,,A9D750AECB6B4381BE23FD8F809F088B,1535533324747000,2018-08-29T10:02:04,,1220499683,IOS,,LoginViewController,auto,7051004047525632036,,1,7051004047525632035,SplashViewController,,,,,,,,,,,,,1535533324747000,,uk.co.skoda.assistant.ios,1.1.6,,1:571703561616:ios:777087d7f78ec12a,manual_install,tablet,Apple,iPad,,"iPad7,5",IOS,11.4.1,,,en-gb,No,-25200,,,Europe,United Kingdom,England,Andover,,,(direct),(none),(direct)
20180829,1535534043200000,2018-08-29T10:14:03,user_engagement,1535533926146000,2018-08-29T10:12:06,,3,144033,,A9D750AECB6B4381BE23FD8F809F088B,1535533324747000,2018-08-29T10:02:04,,1220499683,IOS,,LoginViewController,auto,7051004047525632036,39548,,,,,,,,,,,,,,,,1535533324747000,,uk.co.skoda.assistant.ios,1.1.6,,1:571703561616:ios:777087d7f78ec12a,manual_install,tablet,Apple,iPad,,"iPad7,5",IOS,11.4.1,,,en-gb,No,-25200,,,Europe,United Kingdom,England,Andover,,,(direct),(none),(direct)
20180829,1535534043201000,2018-08-29T10:14:03,screen_view,1535534003733000,2018-08-29T10:13:23,,3,144033,,A9D750AECB6B4381BE23FD8F809F088B,1535533324747000,2018-08-29T10:02:04,,1220499683,IOS,,SplashViewController,auto,7051004047525632035,,1,7051004047525632036,LoginViewController,,,,,,,,,,,,,1535533324747000,,uk.co.skoda.assistant.ios,1.1.6,,1:571703561616:ios:777087d7f78ec12a,manual_install,tablet,Apple,iPad,,"iPad7,5",IOS,11.4.1,,,en-gb,No,-25200,,,Europe,United Kingdom,England,Andover,,,(direct),(none),(direct)
20180829,1535534043234001,2018-08-29T10:14:03,AnalyticsEventLogin,,,,3,144033,,A9D750AECB6B4381BE23FD8F809F088B,1535533324747000,2018-08-29T10:02:04,,1220499683,IOS,,SplashViewController,app,7051004047525632035,,1,,,,1,b8140050d3b610ff8a93bef7a6d60f0d,,,,,,,,,,1535533324747000,,uk.co.skoda.assistant.ios,1.1.6,,1:571703561616:ios:777087d7f78ec12a,manual_install,tablet,Apple,iPad,,"iPad7,5",IOS,11.4.1,,,en-gb,No,-25200,,,Europe,United Kingdom,England,Andover,,,(direct),(none),(direct)
20180829,1535534043757002,2018-08-29T10:14:03,screen_view,1535534043201002,2018-08-29T10:14:03,,3,144033,,A9D750AECB6B4381BE23FD8F809F088B,1535533324747000,2018-08-29T10:02:04,,1220499683,IOS,,ContentLoaderViewController,auto,7051004047525632037,,1,7051004047525632035,SplashViewController,,,,,,,,,,,,,1535533324747000,,uk.co.skoda.assistant.ios,1.1.6,,1:571703561616:ios:777087d7f78ec12a,manual_install,tablet,Apple,iPad,,"iPad7,5",IOS,11.4.1,,,en-gb,No,-25200,,,Europe,United Kingdom,England,Andover,,,(direct),(none),(direct)
20180829,1535534147762000,2018-08-29T10:15:47,user_engagement,1535534043200000,2018-08-29T10:14:03,,4,190097,,A9D750AECB6B4381BE23FD8F809F088B,1535533324747000,2018-08-29T10:02:04,,1220499683,IOS,,ContentLoaderViewController,auto,7051004047525632037,104562,,,,,,,,,,,,,,,,1535533324747000,,uk.co.skoda.assistant.ios,1.1.6,,1:571703561616:ios:777087d7f78ec12a,manual_install,tablet,Apple,iPad,,"iPad7,5",IOS,11.4.1,,,en-gb,No,-25200,,,Europe,United Kingdom,England,Andover,,,(direct),(none),(direct)
20180829,1535534147763000,2018-08-29T10:15:47,screen_view,1535534043757000,2018-08-29T10:14:03,,4,190097,,A9D750AECB6B4381BE23FD8F809F088B,1535533324747000,2018-08-29T10:02:04,,1220499683,IOS,,SplashViewController,auto,7051004047525632035,,1,7051004047525632037,ContentLoaderViewController,,,,,,,,,,,,,1535533324747000,,uk.co.skoda.assistant.ios,1.1.6,,1:571703561616:ios:777087d7f78ec12a,manual_install,tablet,Apple,iPad,,"iPad7,5",IOS,11.4.1,,,en-gb,No,-25200,,,Europe,United Kingdom,England,Andover,,,(direct),(none),(direct)
20180829,1535535008011000,2018-08-29T10:30:08,first_open,,,,1,82623,,005CD1EBC43740318D623F44188D5C9B,1535535008011000,2018-08-29T10:30:08,,1220499683,IOS,,LoginViewController,auto,8823697641706503979,,1,,,,,,,,,,,0,1,,,1535535008011000,,uk.co.skoda.assistant.test,1.1.6,,1:571703561616:ios:777087d7f78ec12a,manual_install,tablet,Apple,iPad 5th gen,,"iPad6,11",IOS,11.4.1,,,en-gb,No,3600,,,Europe,United Kingdom,England,Bristol,,,(direct),(none),(direct)
20180829,1535535008011001,2018-08-29T10:30:08,user_engagement,,,,1,82623,,005CD1EBC43740318D623F44188D5C9B,1535535008011000,2018-08-29T10:30:08,,1220499683,IOS,,LoginViewController,auto,8823697641706503979,1,,,,,,,,,,,,,,,,1535535008011000,,uk.co.skoda.assistant.test,1.1.6,,1:571703561616:ios:777087d7f78ec12a,manual_install,tablet,Apple,iPad 5th gen,,"iPad6,11",IOS,11.4.1,,,en-gb,No,3600,,,Europe,United Kingdom,England,Bristol,,,(direct),(none),(direct)
20180829,1535535008215001,2018-08-29T10:30:08,screen_view,,,,1,82623,,005CD1EBC43740318D623F44188D5C9B,1535535008011000,2018-08-29T10:30:08,,1220499683,IOS,,SplashViewController,auto,8823697641706503978,,1,,,,,,,,,,,,,,,1535535008011000,,uk.co.skoda.assistant.test,1.1.6,,1:571703561616:ios:777087d7f78ec12a,manual_install,tablet,Apple,iPad 5th gen,,"iPad6,11",IOS,11.4.1,,,en-gb,No,3600,,,Europe,United Kingdom,England,Bristol,,,(direct),(none),(direct)
20180829,1535535008415002,2018-08-29T10:30:08,screen_view,1535535008215002,2018-08-29T10:30:08,,1,82623,,005CD1EBC43740318D623F44188D5C9B,1535535008011000,2018-08-29T10:30:08,,1220499683,IOS,,LoginViewController,auto,8823697641706503979,,1,8823697641706503978,SplashViewController,,,,,,,,,,,,,1535535008011000,,uk.co.skoda.assistant.test,1.1.6,,1:571703561616:ios:777087d7f78ec12a,manual_install,tablet,Apple,iPad 5th gen,,"iPad6,11",IOS,11.4.1,,,en-gb,No,3600,,,Europe,United Kingdom,England,Bristol,,,(direct),(none),(direct)
20180829,1535535019151003,2018-08-29T10:30:19,session_start,,,,1,82623,,005CD1EBC43740318D623F44188D5C9B,1535535008011000,2018-08-29T10:30:08,,1220499683,IOS,,LoginViewController,auto,8823697641706503979,,1,,,,,,,,,,,,,,,1535535008011000,,uk.co.skoda.assistant.test,1.1.6,,1:571703561616:ios:777087d7f78ec12a,manual_install,tablet,Apple,iPad 5th gen,,"iPad6,11",IOS,11.4.1,,,en-gb,No,3600,,,Europe,United Kingdom,England,Bristol,,,(direct),(none),(direct)
20180829,1535535023530000,2018-08-29T10:30:23,user_engagement,1535535008011000,2018-08-29T10:30:08,,2,61507,,005CD1EBC43740318D623F44188D5C9B,1535535008011000,2018-08-29T10:30:08,,1220499683,IOS,,LoginViewController,auto,8823697641706503979,14381,,,,,,,,,,,,,,,,1535535008011000,,uk.co.skoda.assistant.test,1.1.6,,1:571703561616:ios:777087d7f78ec12a,manual_install,tablet,Apple,iPad 5th gen,,"iPad6,11",IOS,11.4.1,,,en-gb,No,3600,,,Europe,United Kingdom,England,Bristol,,,(direct),(none),(direct)
20180829,1535535023531000,2018-08-29T10:30:23,screen_view,1535535008415000,2018-08-29T10:30:08,,2,61507,,005CD1EBC43740318D623F44188D5C9B,1535535008011000,2018-08-29T10:30:08,,1220499683,IOS,,SplashViewController,auto,8823697641706503978,,1,8823697641706503979,LoginViewController,,,,,,,,,,,,,1535535008011000,,uk.co.skoda.assistant.test,1.1.6,,1:571703561616:ios:777087d7f78ec12a,manual_install,tablet,Apple,iPad 5th gen,,"iPad6,11",IOS,11.4.1,,,en-gb,No,3600,,,Europe,United Kingdom,England,Bristol,,,(direct),(none),(direct)
20180829,1535535023557001,2018-08-29T10:30:23,AnalyticsEventLogin,,,,2,61507,,005CD1EBC43740318D623F44188D5C9B,1535535008011000,2018-08-29T10:30:08,,1220499683,IOS,,SplashViewController,app,8823697641706503978,,1,,,,0,6a618b77d08300f8cb0cfb6bd619c9c9,,,,,,,,,,1535535008011000,,uk.co.skoda.assistant.test,1.1.6,,1:571703561616:ios:777087d7f78ec12a,manual_install,tablet,Apple,iPad 5th gen,,"iPad6,11",IOS,11.4.1,,,en-gb,No,3600,,,Europe,United Kingdom,England,Bristol,,,(direct),(none),(direct)
20180829,1535535024103002,2018-08-29T10:30:24,screen_view,1535535023531002,2018-08-29T10:30:23,,2,61507,,005CD1EBC43740318D623F44188D5C9B,1535535008011000,2018-08-29T10:30:08,,1220499683,IOS,,ContentLoaderViewController,auto,8823697641706503980,,1,8823697641706503978,SplashViewController,,,,,,,,,,,,,1535535008011000,,uk.co.skoda.assistant.test,1.1.6,,1:571703561616:ios:777087d7f78ec12a,manual_install,tablet,Apple,iPad 5th gen,,"iPad6,11",IOS,11.4.1,,,en-gb,No,3600,,,Europe,United Kingdom,England,Bristol,,,(direct),(none),(direct)
20180829,1535535084892000,2018-08-29T10:31:24,screen_view,1535535024103000,2018-08-29T10:30:24,,3,97982,,005CD1EBC43740318D623F44188D5C9B,1535535008011000,2018-08-29T10:30:08,,1220499683,IOS,,SplashViewController,auto,8823697641706503978,,1,8823697641706503980,ContentLoaderViewController,,,,,,,,,,,,,1535535008011000,,uk.co.skoda.assistant.test,1.1.6,,1:571703561616:ios:777087d7f78ec12a,manual_install,tablet,Apple,iPad 5th gen,,"iPad6,11",IOS,11.4.1,,,en-gb,No,3600,,,Europe,United Kingdom,England,Bristol,,,(direct),(none),(direct)
20180829,1535535084892000,2018-08-29T10:31:24,user_engagement,1535535023530000,2018-08-29T10:30:23,,3,97982,,005CD1EBC43740318D623F44188D5C9B,1535535008011000,2018-08-29T10:30:08,,1220499683,IOS,,ContentLoaderViewController,auto,8823697641706503980,61362,,,,,,,,,,,,,,,,1535535008011000,,uk.co.skoda.assistant.test,1.1.6,,1:571703561616:ios:777087d7f78ec12a,manual_install,tablet,Apple,iPad 5th gen,,"iPad6,11",IOS,11.4.1,,,en-gb,No,3600,,,Europe,United Kingdom,England,Bristol,,,(direct),(none),(direct)
20180829,1535540815624000,2018-08-29T12:06:55,screen_view,1534955452902000,2018-08-22T17:30:52,,5,124165,,31A7EDAD427043C0BFD2C44CE78B4293,1534943788295000,2018-08-22T14:16:28,,1220499683,IOS,,SplashViewController,auto,5970905877229776692,,1,,,,,,,,,,,,,,,1534943788295000,,uk.co.skoda.assistant.ios,1.1.6,,1:571703561616:ios:777087d7f78ec12a,manual_install,tablet,Apple,iPad 5th gen,,"iPad6,11",IOS,11.4.1,,,en-gb,No,3600,,,Europe,United Kingdom,England,Birmingham,,,(direct),(none),(direct)
20180829,1535540815824001,2018-08-29T12:06:55,screen_view,1535540815624001,2018-08-29T12:06:55,,5,124165,,31A7EDAD427043C0BFD2C44CE78B4293,1534943788295000,2018-08-22T14:16:28,,1220499683,IOS,,LoginViewController,auto,5970905877229776693,,1,5970905877229776692,SplashViewController,,,,,,,,,,,,,1534943788295000,,uk.co.skoda.assistant.ios,1.1.6,,1:571703561616:ios:777087d7f78ec12a,manual_install,tablet,Apple,iPad 5th gen,,"iPad6,11",IOS,11.4.1,,,en-gb,No,3600,,,Europe,United Kingdom,England,Birmingham,,,(direct),(none),(direct)
20180829,1535540825691002,2018-08-29T12:07:05,session_start,1534943799540002,2018-08-22T14:16:39,,5,124165,,31A7EDAD427043C0BFD2C44CE78B4293,1534943788295000,2018-08-22T14:16:28,,1220499683,IOS,,LoginViewController,auto,5970905877229776693,,1,,,,,,,,,,,,,,,1534943788295000,,uk.co.skoda.assistant.ios,1.1.6,,1:571703561616:ios:777087d7f78ec12a,manual_install,tablet,Apple,iPad 5th gen,,"iPad6,11",IOS,11.4.1,,,en-gb,No,3600,,,Europe,United Kingdom,England,Birmingham,,,(direct),(none),(direct)
20180829,1535540855446000,2018-08-29T12:07:35,user_engagement,1534955458806000,2018-08-22T17:30:58,,6,100180,,31A7EDAD427043C0BFD2C44CE78B4293,1534943788295000,2018-08-22T14:16:28,,1220499683,IOS,,LoginViewController,auto,5970905877229776693,39757,,,,,,,,,,,,,,,,1534943788295000,,uk.co.skoda.assistant.ios,1.1.6,,1:571703561616:ios:777087d7f78ec12a,manual_install,tablet,Apple,iPad 5th gen,,"iPad6,11",IOS,11.4.1,,,en-gb,No,3600,,,Europe,United Kingdom,England,Birmingham,,,(direct),(none),(direct)
20180829,1535540855447000,2018-08-29T12:07:35,screen_view,1535540815824000,2018-08-29T12:06:55,,6,100180,,31A7EDAD427043C0BFD2C44CE78B4293,1534943788295000,2018-08-22T14:16:28,,1220499683,IOS,,SplashViewController,auto,5970905877229776692,,1,5970905877229776693,LoginViewController,,,,,,,,,,,,,1534943788295000,,uk.co.skoda.assistant.ios,1.1.6,,1:571703561616:ios:777087d7f78ec12a,manual_install,tablet,Apple,iPad 5th gen,,"iPad6,11",IOS,11.4.1,,,en-gb,No,3600,,,Europe,United Kingdom,England,Birmingham,,,(direct),(none),(direct)
20180829,1535540855491001,2018-08-29T12:07:35,AnalyticsEventLogin,,,,6,100180,,31A7EDAD427043C0BFD2C44CE78B4293,1534943788295000,2018-08-22T14:16:28,,1220499683,IOS,,SplashViewController,app,5970905877229776692,,1,,,,1,26ba0412a6b291ec3aed55794cd0e7bb,,,,,,,,,,1534943788295000,,uk.co.skoda.assistant.ios,1.1.6,,1:571703561616:ios:777087d7f78ec12a,manual_install,tablet,Apple,iPad 5th gen,,"iPad6,11",IOS,11.4.1,,,en-gb,No,3600,,,Europe,United Kingdom,England,Birmingham,,,(direct),(none),(direct)
20180829,1535540856018002,2018-08-29T12:07:36,screen_view,1535540855447002,2018-08-29T12:07:35,,6,100180,,31A7EDAD427043C0BFD2C44CE78B4293,1534943788295000,2018-08-22T14:16:28,,1220499683,IOS,,ContentLoaderViewController,auto,5970905877229776694,,1,5970905877229776692,SplashViewController,,,,,,,,,,,,,1534943788295000,,uk.co.skoda.assistant.ios,1.1.6,,1:571703561616:ios:777087d7f78ec12a,manual_install,tablet,Apple,iPad 5th gen,,"iPad6,11",IOS,11.4.1,,,en-gb,No,3600,,,Europe,United Kingdom,England,Birmingham,,,(direct),(none),(direct)
20180829,1535541111935000,2018-08-29T12:11:51,user_engagement,1535540855446000,2018-08-29T12:07:35,,7,101796,,31A7EDAD427043C0BFD2C44CE78B4293,1534943788295000,2018-08-22T14:16:28,,1220499683,IOS,,ContentLoaderViewController,auto,5970905877229776694,256489,,,,,,,,,,,,,,,,1534943788295000,,uk.co.skoda.assistant.ios,1.1.6,,1:571703561616:ios:777087d7f78ec12a,manual_install,tablet,Apple,iPad 5th gen,,"iPad6,11",IOS,11.4.1,,,en-gb,No,3600,,,Europe,United Kingdom,England,Birmingham,,,(direct),(none),(direct)
20180829,1535541111936000,2018-08-29T12:11:51,screen_view,1535540856018000,2018-08-29T12:07:36,,7,101796,,31A7EDAD427043C0BFD2C44CE78B4293,1534943788295000,2018-08-22T14:16:28,,1220499683,IOS,,SplashViewController,auto,5970905877229776692,,1,5970905877229776694,ContentLoaderViewController,,,,,,,,,,,,,1534943788295000,,uk.co.skoda.assistant.ios,1.1.6,,1:571703561616:ios:777087d7f78ec12a,manual_install,tablet,Apple,iPad 5th gen,,"iPad6,11",IOS,11.4.1,,,en-gb,No,3600,,,Europe,United Kingdom,England,Birmingham,,,(direct),(none),(direct)
20180829,1535546745206000,2018-08-29T13:45:45,first_open,,,,1,87884,,DC006A2B90D34FBF94E0CC3C42B52538,1535546745206000,2018-08-29T13:45:45,,1220499683,IOS,,LoginViewController,auto,3782094526264168976,,1,,,,,,,,,,,0,1,,,1535546745206000,,uk.co.skoda.assistant.test,1.1.7,,1:571703561616:ios:777087d7f78ec12a,manual_install,tablet,Apple,iPad Air 2,,"iPad5,4",IOS,11.4.1,,,en-gb,No,3600,,,Europe,United Kingdom,England,London,,,(direct),(none),(direct)
20180829,1535546745206001,2018-08-29T13:45:45,user_engagement,,,,1,87884,,DC006A2B90D34FBF94E0CC3C42B52538,1535546745206000,2018-08-29T13:45:45,,1220499683,IOS,,LoginViewController,auto,3782094526264168976,1,,,,,,,,,,,,,,,,1535546745206000,,uk.co.skoda.assistant.test,1.1.7,,1:571703561616:ios:777087d7f78ec12a,manual_install,tablet,Apple,iPad Air 2,,"iPad5,4",IOS,11.4.1,,,en-gb,No,3600,,,Europe,United Kingdom,England,London,,,(direct),(none),(direct)
20180829,1535546745626001,2018-08-29T13:45:45,screen_view,,,,1,87884,,DC006A2B90D34FBF94E0CC3C42B52538,1535546745206000,2018-08-29T13:45:45,,1220499683,IOS,,SplashViewController,auto,3782094526264168975,,1,,,,,,,,,,,,,,,1535546745206000,,uk.co.skoda.assistant.test,1.1.7,,1:571703561616:ios:777087d7f78ec12a,manual_install,tablet,Apple,iPad Air 2,,"iPad5,4",IOS,11.4.1,,,en-gb,No,3600,,,Europe,United Kingdom,England,London,,,(direct),(none),(direct)
20180829,1535546745734002,2018-08-29T13:45:45,screen_view,1535546745626002,2018-08-29T13:45:45,,1,87884,,DC006A2B90D34FBF94E0CC3C42B52538,1535546745206000,2018-08-29T13:45:45,,1220499683,IOS,,LoginViewController,auto,3782094526264168976,,1,3782094526264168975,SplashViewController,,,,,,,,,,,,,1535546745206000,,uk.co.skoda.assistant.test,1.1.7,,1:571703561616:ios:777087d7f78ec12a,manual_install,tablet,Apple,iPad Air 2,,"iPad5,4",IOS,11.4.1,,,en-gb,No,3600,,,Europe,United Kingdom,England,London,,,(direct),(none),(direct)
20180829,1535546756859003,2018-08-29T13:45:56,session_start,,,,1,87884,,DC006A2B90D34FBF94E0CC3C42B52538,1535546745206000,2018-08-29T13:45:45,,1220499683,IOS,,LoginViewController,auto,3782094526264168976,,1,,,,,,,,,,,,,,,1535546745206000,,uk.co.skoda.assistant.test,1.1.7,,1:571703561616:ios:777087d7f78ec12a,manual_install,tablet,Apple,iPad Air 2,,"iPad5,4",IOS,11.4.1,,,en-gb,No,3600,,,Europe,United Kingdom,England,London,,,(direct),(none),(direct)
20180829,1535546814992000,2018-08-29T13:46:54,first_open,,,,1,90540,,70D168A4C87C4120865D9DA1D95684AF,1535546814992000,2018-08-29T13:46:54,,1220499683,IOS,,LoginViewController,auto,-3167492771312255132,,1,,,,,,,,,,,0,13,,,1535546814992000,,uk.co.skoda.assistant.uat,1.1.6,,1:571703561616:ios:777087d7f78ec12a,manual_install,tablet,Apple,iPad 5th gen,,"iPad6,11",IOS,11.4.1,,,en-gb,No,3600,,,Europe,United Kingdom,England,Bristol,,,(direct),(none),(direct)
20180829,1535546814992001,2018-08-29T13:46:54,user_engagement,,,,1,90540,,70D168A4C87C4120865D9DA1D95684AF,1535546814992000,2018-08-29T13:46:54,,1220499683,IOS,,LoginViewController,auto,-3167492771312255132,1,,,,,,,,,,,,,,,,1535546814992000,,uk.co.skoda.assistant.uat,1.1.6,,1:571703561616:ios:777087d7f78ec12a,manual_install,tablet,Apple,iPad 5th gen,,"iPad6,11",IOS,11.4.1,,,en-gb,No,3600,,,Europe,United Kingdom,England,Bristol,,,(direct),(none),(direct)
20180829,1535546815209001,2018-08-29T13:46:55,screen_view,,,,1,90540,,70D168A4C87C4120865D9DA1D95684AF,1535546814992000,2018-08-29T13:46:54,,1220499683,IOS,,SplashViewController,auto,-3167492771312255133,,1,,,,,,,,,,,,,,,1535546814992000,,uk.co.skoda.assistant.uat,1.1.6,,1:571703561616:ios:777087d7f78ec12a,manual_install,tablet,Apple,iPad 5th gen,,"iPad6,11",IOS,11.4.1,,,en-gb,No,3600,,,Europe,United Kingdom,England,Bristol,,,(direct),(none),(direct)
20180829,1535546815387002,2018-08-29T13:46:55,screen_view,1535546815209002,2018-08-29T13:46:55,,1,90540,,70D168A4C87C4120865D9DA1D95684AF,1535546814992000,2018-08-29T13:46:54,,1220499683,IOS,,LoginViewController,auto,-3167492771312255132,,1,-3167492771312255133,SplashViewController,,,,,,,,,,,,,1535546814992000,,uk.co.skoda.assistant.uat,1.1.6,,1:571703561616:ios:777087d7f78ec12a,manual_install,tablet,Apple,iPad 5th gen,,"iPad6,11",IOS,11.4.1,,,en-gb,No,3600,,,Europe,United Kingdom,England,Bristol,,,(direct),(none),(direct)
20180829,1535546827284003,2018-08-29T13:47:07,session_start,,,,1,90540,,70D168A4C87C4120865D9DA1D95684AF,1535546814992000,2018-08-29T13:46:54,,1220499683,IOS,,LoginViewController,auto,-3167492771312255132,,1,,,,,,,,,,,,,,,1535546814992000,,uk.co.skoda.assistant.uat,1.1.6,,1:571703561616:ios:777087d7f78ec12a,manual_install,tablet,Apple,iPad 5th gen,,"iPad6,11",IOS,11.4.1,,,en-gb,No,3600,,,Europe,United Kingdom,England,Bristol,,,(direct),(none),(direct)
20180829,1535546854481000,2018-08-29T13:47:34,user_engagement,1535546745206000,2018-08-29T13:45:45,,2,105754,,DC006A2B90D34FBF94E0CC3C42B52538,1535546745206000,2018-08-29T13:45:45,,1220499683,IOS,,LoginViewController,auto,3782094526264168976,107625,,,,,,,,,,,,,,,,1535546745206000,,uk.co.skoda.assistant.test,1.1.7,,1:571703561616:ios:777087d7f78ec12a,manual_install,tablet,Apple,iPad Air 2,,"iPad5,4",IOS,11.4.1,,,en-gb,No,3600,,,Europe,United Kingdom,England,London,,,(direct),(none),(direct)
20180829,1535546854482000,2018-08-29T13:47:34,screen_view,1535546745734000,2018-08-29T13:45:45,,2,105754,,DC006A2B90D34FBF94E0CC3C42B52538,1535546745206000,2018-08-29T13:45:45,,1220499683,IOS,,SplashViewController,auto,3782094526264168975,,1,3782094526264168976,LoginViewController,,,,,,,,,,,,,1535546745206000,,uk.co.skoda.assistant.test,1.1.7,,1:571703561616:ios:777087d7f78ec12a,manual_install,tablet,Apple,iPad Air 2,,"iPad5,4",IOS,11.4.1,,,en-gb,No,3600,,,Europe,United Kingdom,England,London,,,(direct),(none),(direct)
20180829,1535546854548001,2018-08-29T13:47:34,AnalyticsEventLogin,,,,2,105754,,DC006A2B90D34FBF94E0CC3C42B52538,1535546745206000,2018-08-29T13:45:45,,1220499683,IOS,,SplashViewController,app,3782094526264168975,,1,,,,0,ba946113c0e08d7a4a1358ea0077a98e,,,,,,,,,,1535546745206000,,uk.co.skoda.assistant.test,1.1.7,,1:571703561616:ios:777087d7f78ec12a,manual_install,tablet,Apple,iPad Air 2,,"iPad5,4",IOS,11.4.1,,,en-gb,No,3600,,,Europe,United Kingdom,England,London,,,(direct),(none),(direct)
20180829,1535546855095002,2018-08-29T13:47:35,screen_view,1535546854482002,2018-08-29T13:47:34,,2,105754,,DC006A2B90D34FBF94E0CC3C42B52538,1535546745206000,2018-08-29T13:45:45,,1220499683,IOS,,ContentLoaderViewController,auto,3782094526264168977,,1,3782094526264168975,SplashViewController,,,,,,,,,,,,,1535546745206000,,uk.co.skoda.assistant.test,1.1.7,,1:571703561616:ios:777087d7f78ec12a,manual_install,tablet,Apple,iPad Air 2,,"iPad5,4",IOS,11.4.1,,,en-gb,No,3600,,,Europe,United Kingdom,England,London,,,(direct),(none),(direct)
20180829,1535546860400000,2018-08-29T13:47:40,user_engagement,1535546814992000,2018-08-29T13:46:54,,2,468724,,70D168A4C87C4120865D9DA1D95684AF,1535546814992000,2018-08-29T13:46:54,,1220499683,IOS,,LoginViewController,auto,-3167492771312255132,43120,,,,,,,,,,,,,,,,1535546814992000,,uk.co.skoda.assistant.uat,1.1.6,,1:571703561616:ios:777087d7f78ec12a,manual_install,tablet,Apple,iPad 5th gen,,"iPad6,11",IOS,11.4.1,,,en-gb,No,3600,,,Europe,United Kingdom,England,Bristol,,,(direct),(none),(direct)
20180829,1535546860401000,2018-08-29T13:47:40,screen_view,1535546815387000,2018-08-29T13:46:55,,2,468724,,70D168A4C87C4120865D9DA1D95684AF,1535546814992000,2018-08-29T13:46:54,,1220499683,IOS,,SplashViewController,auto,-3167492771312255133,,1,-3167492771312255132,LoginViewController,,,,,,,,,,,,,1535546814992000,,uk.co.skoda.assistant.uat,1.1.6,,1:571703561616:ios:777087d7f78ec12a,manual_install,tablet,Apple,iPad 5th gen,,"iPad6,11",IOS,11.4.1,,,en-gb,No,3600,,,Europe,United Kingdom,England,Bristol,,,(direct),(none),(direct)
20180829,1535546860430001,2018-08-29T13:47:40,AnalyticsEventLogin,,,,2,468724,,70D168A4C87C4120865D9DA1D95684AF,1535546814992000,2018-08-29T13:46:54,,1220499683,IOS,,SplashViewController,app,-3167492771312255133,,1,,,,1,7b17711799bf9e41f4114f7d998ee54e,,,,,,,,,,1535546814992000,,uk.co.skoda.assistant.uat,1.1.6,,1:571703561616:ios:777087d7f78ec12a,manual_install,tablet,Apple,iPad 5th gen,,"iPad6,11",IOS,11.4.1,,,en-gb,No,3600,,,Europe,United Kingdom,England,Bristol,,,(direct),(none),(direct)
20180829,1535546860958002,2018-08-29T13:47:40,screen_view,1535546860401002,2018-08-29T13:47:40,,2,468724,,70D168A4C87C4120865D9DA1D95684AF,1535546814992000,2018-08-29T13:46:54,,1220499683,IOS,,ContentLoaderViewController,auto,-3167492771312255131,,1,-3167492771312255133,SplashViewController,,,,,,,,,,,,,1535546814992000,,uk.co.skoda.assistant.uat,1.1.6,,1:571703561616:ios:777087d7f78ec12a,manual_install,tablet,Apple,iPad 5th gen,,"iPad6,11",IOS,11.4.1,,,en-gb,No,3600,,,Europe,United Kingdom,England,Bristol,,,(direct),(none),(direct)
20180829,1535546924434000,2018-08-29T13:48:44,screen_view,1535546855095000,2018-08-29T13:47:35,,3,112945,,DC006A2B90D34FBF94E0CC3C42B52538,1535546745206000,2018-08-29T13:45:45,,1220499683,IOS,,SplashViewController,auto,3782094526264168975,,1,3782094526264168977,ContentLoaderViewController,,,,,,,,,,,,,1535546745206000,,uk.co.skoda.assistant.test,1.1.7,,1:571703561616:ios:777087d7f78ec12a,manual_install,tablet,Apple,iPad Air 2,,"iPad5,4",IOS,11.4.1,,,en-gb,No,3600,,,Europe,United Kingdom,England,London,,,(direct),(none),(direct)
20180829,1535546924434000,2018-08-29T13:48:44,user_engagement,1535546854481000,2018-08-29T13:47:34,,3,112945,,DC006A2B90D34FBF94E0CC3C42B52538,1535546745206000,2018-08-29T13:45:45,,1220499683,IOS,,ContentLoaderViewController,auto,3782094526264168977,69952,,,,,,,,,,,,,,,,1535546745206000,,uk.co.skoda.assistant.test,1.1.7,,1:571703561616:ios:777087d7f78ec12a,manual_install,tablet,Apple,iPad Air 2,,"iPad5,4",IOS,11.4.1,,,en-gb,No,3600,,,Europe,United Kingdom,England,London,,,(direct),(none),(direct)
20180829,1535546932026000,2018-08-29T13:48:52,user_engagement,1535546860400000,2018-08-29T13:47:40,,3,98111,,70D168A4C87C4120865D9DA1D95684AF,1535546814992000,2018-08-29T13:46:54,,1220499683,IOS,,ContentLoaderViewController,auto,-3167492771312255131,71626,,,,,,,,,,,,,,,,1535546814992000,,uk.co.skoda.assistant.uat,1.1.6,,1:571703561616:ios:777087d7f78ec12a,manual_install,tablet,Apple,iPad 5th gen,,"iPad6,11",IOS,11.4.1,,,en-gb,No,3600,,,Europe,United Kingdom,England,Bristol,,,(direct),(none),(direct)
20180829,1535546932027000,2018-08-29T13:48:52,screen_view,1535546860958000,2018-08-29T13:47:40,,3,98111,,70D168A4C87C4120865D9DA1D95684AF,1535546814992000,2018-08-29T13:46:54,,1220499683,IOS,,SplashViewController,auto,-3167492771312255133,,1,-3167492771312255131,ContentLoaderViewController,,,,,,,,,,,,,1535546814992000,,uk.co.skoda.assistant.uat,1.1.6,,1:571703561616:ios:777087d7f78ec12a,manual_install,tablet,Apple,iPad 5th gen,,"iPad6,11",IOS,11.4.1,,,en-gb,No,3600,,,Europe,United Kingdom,England,Bristol,,,(direct),(none),(direct)
20180829,1535547987173000,2018-08-29T14:06:27,first_open,,,,1,96692,,CB3FEB7091B04C28B1C346643E420CB5,1535547987173000,2018-08-29T14:06:27,,1220499683,IOS,,LoginViewController,auto,8423363233382753758,,1,,,,,,,,,,,0,14,,,1535547987173000,,uk.co.skoda.assistant.uat,1.1.6,,1:571703561616:ios:777087d7f78ec12a,manual_install,tablet,Apple,iPad 5th gen,,"iPad6,11",IOS,11.4.1,,,en-gb,No,3600,,,Europe,United Kingdom,England,Bristol,,,(direct),(none),(direct)
20180829,1535547987173001,2018-08-29T14:06:27,user_engagement,,,,1,96692,,CB3FEB7091B04C28B1C346643E420CB5,1535547987173000,2018-08-29T14:06:27,,1220499683,IOS,,LoginViewController,auto,8423363233382753758,1,,,,,,,,,,,,,,,,1535547987173000,,uk.co.skoda.assistant.uat,1.1.6,,1:571703561616:ios:777087d7f78ec12a,manual_install,tablet,Apple,iPad 5th gen,,"iPad6,11",IOS,11.4.1,,,en-gb,No,3600,,,Europe,United Kingdom,England,Bristol,,,(direct),(none),(direct)
20180829,1535547987380001,2018-08-29T14:06:27,screen_view,,,,1,96692,,CB3FEB7091B04C28B1C346643E420CB5,1535547987173000,2018-08-29T14:06:27,,1220499683,IOS,,SplashViewController,auto,8423363233382753757,,1,,,,,,,,,,,,,,,1535547987173000,,uk.co.skoda.assistant.uat,1.1.6,,1:571703561616:ios:777087d7f78ec12a,manual_install,tablet,Apple,iPad 5th gen,,"iPad6,11",IOS,11.4.1,,,en-gb,No,3600,,,Europe,United Kingdom,England,Bristol,,,(direct),(none),(direct)
20180829,1535547987563002,2018-08-29T14:06:27,screen_view,1535547987380002,2018-08-29T14:06:27,,1,96692,,CB3FEB7091B04C28B1C346643E420CB5,1535547987173000,2018-08-29T14:06:27,,1220499683,IOS,,LoginViewController,auto,8423363233382753758,,1,8423363233382753757,SplashViewController,,,,,,,,,,,,,1535547987173000,,uk.co.skoda.assistant.uat,1.1.6,,1:571703561616:ios:777087d7f78ec12a,manual_install,tablet,Apple,iPad 5th gen,,"iPad6,11",IOS,11.4.1,,,en-gb,No,3600,,,Europe,United Kingdom,England,Bristol,,,(direct),(none),(direct)
20180829,1535547998714003,2018-08-29T14:06:38,session_start,,,,1,96692,,CB3FEB7091B04C28B1C346643E420CB5,1535547987173000,2018-08-29T14:06:27,,1220499683,IOS,,LoginViewController,auto,8423363233382753758,,1,,,,,,,,,,,,,,,1535547987173000,,uk.co.skoda.assistant.uat,1.1.6,,1:571703561616:ios:777087d7f78ec12a,manual_install,tablet,Apple,iPad 5th gen,,"iPad6,11",IOS,11.4.1,,,en-gb,No,3600,,,Europe,United Kingdom,England,Bristol,,,(direct),(none),(direct)
20180829,1535548082710000,2018-08-29T14:08:02,screen_view,1535547987563000,2018-08-29T14:06:27,,2,424300,,CB3FEB7091B04C28B1C346643E420CB5,1535547987173000,2018-08-29T14:06:27,,1220499683,IOS,,SplashViewController,auto,8423363233382753757,,1,8423363233382753758,LoginViewController,,,,,,,,,,,,,1535547987173000,,uk.co.skoda.assistant.uat,1.1.6,,1:571703561616:ios:777087d7f78ec12a,manual_install,tablet,Apple,iPad 5th gen,,"iPad6,11",IOS,11.4.1,,,en-gb,No,3600,,,Europe,United Kingdom,England,Bristol,,,(direct),(none),(direct)
20180829,1535548082710000,2018-08-29T14:08:02,user_engagement,1535547987173000,2018-08-29T14:06:27,,2,424300,,CB3FEB7091B04C28B1C346643E420CB5,1535547987173000,2018-08-29T14:06:27,,1220499683,IOS,,LoginViewController,auto,8423363233382753758,94001,,,,,,,,,,,,,,,,1535547987173000,,uk.co.skoda.assistant.uat,1.1.6,,1:571703561616:ios:777087d7f78ec12a,manual_install,tablet,Apple,iPad 5th gen,,"iPad6,11",IOS,11.4.1,,,en-gb,No,3600,,,Europe,United Kingdom,England,Bristol,,,(direct),(none),(direct)
20180829,1535548082733001,2018-08-29T14:08:02,AnalyticsEventLogin,,,,2,424300,,CB3FEB7091B04C28B1C346643E420CB5,1535547987173000,2018-08-29T14:06:27,,1220499683,IOS,,SplashViewController,app,8423363233382753757,,1,,,,1,7b17711799bf9e41f4114f7d998ee54e,,,,,,,,,,1535547987173000,,uk.co.skoda.assistant.uat,1.1.6,,1:571703561616:ios:777087d7f78ec12a,manual_install,tablet,Apple,iPad 5th gen,,"iPad6,11",IOS,11.4.1,,,en-gb,No,3600,,,Europe,United Kingdom,England,Bristol,,,(direct),(none),(direct)
20180829,1535548083264002,2018-08-29T14:08:03,screen_view,1535548082710002,2018-08-29T14:08:02,,2,424300,,CB3FEB7091B04C28B1C346643E420CB5,1535547987173000,2018-08-29T14:06:27,,1220499683,IOS,,ContentLoaderViewController,auto,8423363233382753759,,1,8423363233382753757,SplashViewController,,,,,,,,,,,,,1535547987173000,,uk.co.skoda.assistant.uat,1.1.6,,1:571703561616:ios:777087d7f78ec12a,manual_install,tablet,Apple,iPad 5th gen,,"iPad6,11",IOS,11.4.1,,,en-gb,No,3600,,,Europe,United Kingdom,England,Bristol,,,(direct),(none),(direct)
20180829,1535548154071000,2018-08-29T14:09:14,screen_view,1535548083264000,2018-08-29T14:08:03,,3,114525,,CB3FEB7091B04C28B1C346643E420CB5,1535547987173000,2018-08-29T14:06:27,,1220499683,IOS,,SplashViewController,auto,8423363233382753757,,1,8423363233382753759,ContentLoaderViewController,,,,,,,,,,,,,1535547987173000,,uk.co.skoda.assistant.uat,1.1.6,,1:571703561616:ios:777087d7f78ec12a,manual_install,tablet,Apple,iPad 5th gen,,"iPad6,11",IOS,11.4.1,,,en-gb,No,3600,,,Europe,United Kingdom,England,Bristol,,,(direct),(none),(direct)
20180829,1535548154071000,2018-08-29T14:09:14,user_engagement,1535548082710000,2018-08-29T14:08:02,,3,114525,,CB3FEB7091B04C28B1C346643E420CB5,1535547987173000,2018-08-29T14:06:27,,1220499683,IOS,,ContentLoaderViewController,auto,8423363233382753759,71360,,,,,,,,,,,,,,,,1535547987173000,,uk.co.skoda.assistant.uat,1.1.6,,1:571703561616:ios:777087d7f78ec12a,manual_install,tablet,Apple,iPad 5th gen,,"iPad6,11",IOS,11.4.1,,,en-gb,No,3600,,,Europe,United Kingdom,England,Bristol,,,(direct),(none),(direct)
20180829,1535548720374000,2018-08-29T14:18:40,session_start,1535532387094000,2018-08-29T09:46:27,,5,185283,,BC57F9E26A384FCB91CE2CD301733CDA,1535472680059000,2018-08-28T17:11:20,,1220499683,IOS,,LoginViewController,auto,-5321473143137198607,,1,,,,,,,,,,,,,,,1535472680059000,,uk.co.skoda.assistant.uat,1.1.7,,1:571703561616:ios:777087d7f78ec12a,manual_install,tablet,Apple,iPad 5th gen,,"iPad6,11",IOS,11.4.1,,,en-gb,No,3600,,,Europe,United Kingdom,England,London,,,(direct),(none),(direct)
20180829,1535548889861001,2018-08-29T14:21:29,user_engagement,1535532396424001,2018-08-29T09:46:36,,5,185283,,BC57F9E26A384FCB91CE2CD301733CDA,1535472680059000,2018-08-28T17:11:20,,1220499683,IOS,,LoginViewController,auto,-5321473143137198607,179488,,,,,,,,,,,,,,,,1535472680059000,,uk.co.skoda.assistant.uat,1.1.7,,1:571703561616:ios:777087d7f78ec12a,manual_install,tablet,Apple,iPad 5th gen,,"iPad6,11",IOS,11.4.1,,,en-gb,No,3600,,,Europe,United Kingdom,England,London,,,(direct),(none),(direct)
20180829,1535548892718001,2018-08-29T14:21:32,screen_view,1535532377093001,2018-08-29T09:46:17,,5,185283,,BC57F9E26A384FCB91CE2CD301733CDA,1535472680059000,2018-08-28T17:11:20,,1220499683,IOS,,LoginViewController,auto,321837848716665843,,1,,,,,,,,,,,,,,,1535472680059000,,uk.co.skoda.assistant.uat,1.1.7,,1:571703561616:ios:777087d7f78ec12a,manual_install,tablet,Apple,iPad 5th gen,,"iPad6,11",IOS,11.4.1,,,en-gb,No,3600,,,Europe,United Kingdom,England,London,,,(direct),(none),(direct)
20180829,1535548944481003,2018-08-29T14:22:24,user_engagement,1535548889861003,2018-08-29T14:21:29,,5,185283,,BC57F9E26A384FCB91CE2CD301733CDA,1535472680059000,2018-08-28T17:11:20,,1220499683,IOS,,LoginViewController,auto,321837848716665843,51763,,,,,,,,,,,,,,,,1535472680059000,,uk.co.skoda.assistant.uat,1.1.7,,1:571703561616:ios:777087d7f78ec12a,manual_install,tablet,Apple,iPad 5th gen,,"iPad6,11",IOS,11.4.1,,,en-gb,No,3600,,,Europe,United Kingdom,England,London,,,(direct),(none),(direct)
20180829,1535549278809000,2018-08-29T14:27:58,first_open,,,,1,63020,,D0E62C2A40284F8C9468C815BEB378A1,1535549278809000,2018-08-29T14:27:58,,1220499683,IOS,,LoginViewController,auto,-7365834083796793832,,1,,,,,,,,,,,0,2,,,1535549278809000,,uk.co.skoda.assistant.test,1.1.7,,1:571703561616:ios:777087d7f78ec12a,manual_install,tablet,Apple,iPad 5th gen,,"iPad6,11",IOS,11.4.1,,,en-gb,No,3600,,,Europe,United Kingdom,England,Bristol,,,(direct),(none),(direct)
20180829,1535549278809001,2018-08-29T14:27:58,user_engagement,,,,1,63020,,D0E62C2A40284F8C9468C815BEB378A1,1535549278809000,2018-08-29T14:27:58,,1220499683,IOS,,LoginViewController,auto,-7365834083796793832,1,,,,,,,,,,,,,,,,1535549278809000,,uk.co.skoda.assistant.test,1.1.7,,1:571703561616:ios:777087d7f78ec12a,manual_install,tablet,Apple,iPad 5th gen,,"iPad6,11",IOS,11.4.1,,,en-gb,No,3600,,,Europe,United Kingdom,England,Bristol,,,(direct),(none),(direct)
20180829,1535549279030001,2018-08-29T14:27:59,screen_view,,,,1,63020,,D0E62C2A40284F8C9468C815BEB378A1,1535549278809000,2018-08-29T14:27:58,,1220499683,IOS,,SplashViewController,auto,-7365834083796793833,,1,,,,,,,,,,,,,,,1535549278809000,,uk.co.skoda.assistant.test,1.1.7,,1:571703561616:ios:777087d7f78ec12a,manual_install,tablet,Apple,iPad 5th gen,,"iPad6,11",IOS,11.4.1,,,en-gb,No,3600,,,Europe,United Kingdom,England,Bristol,,,(direct),(none),(direct)
20180829,1535549279202002,2018-08-29T14:27:59,screen_view,1535549279030002,2018-08-29T14:27:59,,1,63020,,D0E62C2A40284F8C9468C815BEB378A1,1535549278809000,2018-08-29T14:27:58,,1220499683,IOS,,LoginViewController,auto,-7365834083796793832,,1,-7365834083796793833,SplashViewController,,,,,,,,,,,,,1535549278809000,,uk.co.skoda.assistant.test,1.1.7,,1:571703561616:ios:777087d7f78ec12a,manual_install,tablet,Apple,iPad 5th gen,,"iPad6,11",IOS,11.4.1,,,en-gb,No,3600,,,Europe,United Kingdom,England,Bristol,,,(direct),(none),(direct)
20180829,1535549290745003,2018-08-29T14:28:10,session_start,,,,1,63020,,D0E62C2A40284F8C9468C815BEB378A1,1535549278809000,2018-08-29T14:27:58,,1220499683,IOS,,LoginViewController,auto,-7365834083796793832,,1,,,,,,,,,,,,,,,1535549278809000,,uk.co.skoda.assistant.test,1.1.7,,1:571703561616:ios:777087d7f78ec12a,manual_install,tablet,Apple,iPad 5th gen,,"iPad6,11",IOS,11.4.1,,,en-gb,No,3600,,,Europe,United Kingdom,England,Bristol,,,(direct),(none),(direct)
20180829,1535549308759000,2018-08-29T14:28:28,user_engagement,1535549278809000,2018-08-29T14:27:58,,2,53259,,D0E62C2A40284F8C9468C815BEB378A1,1535549278809000,2018-08-29T14:27:58,,1220499683,IOS,,LoginViewController,auto,-7365834083796793832,28017,,,,,,,,,,,,,,,,1535549278809000,,uk.co.skoda.assistant.test,1.1.7,,1:571703561616:ios:777087d7f78ec12a,manual_install,tablet,Apple,iPad 5th gen,,"iPad6,11",IOS,11.4.1,,,en-gb,No,3600,,,Europe,United Kingdom,England,Bristol,,,(direct),(none),(direct)
20180829,1535549308760000,2018-08-29T14:28:28,screen_view,1535549279202000,2018-08-29T14:27:59,,2,53259,,D0E62C2A40284F8C9468C815BEB378A1,1535549278809000,2018-08-29T14:27:58,,1220499683,IOS,,SplashViewController,auto,-7365834083796793833,,1,-7365834083796793832,LoginViewController,,,,,,,,,,,,,1535549278809000,,uk.co.skoda.assistant.test,1.1.7,,1:571703561616:ios:777087d7f78ec12a,manual_install,tablet,Apple,iPad 5th gen,,"iPad6,11",IOS,11.4.1,,,en-gb,No,3600,,,Europe,United Kingdom,England,Bristol,,,(direct),(none),(direct)
20180829,1535549308790001,2018-08-29T14:28:28,AnalyticsEventLogin,,,,2,53259,,D0E62C2A40284F8C9468C815BEB378A1,1535549278809000,2018-08-29T14:27:58,,1220499683,IOS,,SplashViewController,app,-7365834083796793833,,1,,,,0,6a618b77d08300f8cb0cfb6bd619c9c9,,,,,,,,,,1535549278809000,,uk.co.skoda.assistant.test,1.1.7,,1:571703561616:ios:777087d7f78ec12a,manual_install,tablet,Apple,iPad 5th gen,,"iPad6,11",IOS,11.4.1,,,en-gb,No,3600,,,Europe,United Kingdom,England,Bristol,,,(direct),(none),(direct)
20180829,1535549309333002,2018-08-29T14:28:29,screen_view,1535549308760002,2018-08-29T14:28:28,,2,53259,,D0E62C2A40284F8C9468C815BEB378A1,1535549278809000,2018-08-29T14:27:58,,1220499683,IOS,,ContentLoaderViewController,auto,-7365834083796793831,,1,-7365834083796793833,SplashViewController,,,,,,,,,,,,,1535549278809000,,uk.co.skoda.assistant.test,1.1.7,,1:571703561616:ios:777087d7f78ec12a,manual_install,tablet,Apple,iPad 5th gen,,"iPad6,11",IOS,11.4.1,,,en-gb,No,3600,,,Europe,United Kingdom,England,Bristol,,,(direct),(none),(direct)
20180829,1535549369731000,2018-08-29T14:29:29,user_engagement,1535549308759000,2018-08-29T14:28:28,,3,138367,,D0E62C2A40284F8C9468C815BEB378A1,1535549278809000,2018-08-29T14:27:58,,1220499683,IOS,,ContentLoaderViewController,auto,-7365834083796793831,60972,,,,,,,,,,,,,,,,1535549278809000,,uk.co.skoda.assistant.test,1.1.7,,1:571703561616:ios:777087d7f78ec12a,manual_install,tablet,Apple,iPad 5th gen,,"iPad6,11",IOS,11.4.1,,,en-gb,No,3600,,,Europe,United Kingdom,England,Bristol,,,(direct),(none),(direct)
20180829,1535549369732000,2018-08-29T14:29:29,screen_view,1535549309333000,2018-08-29T14:28:29,,3,138367,,D0E62C2A40284F8C9468C815BEB378A1,1535549278809000,2018-08-29T14:27:58,,1220499683,IOS,,SplashViewController,auto,-7365834083796793833,,1,-7365834083796793831,ContentLoaderViewController,,,,,,,,,,,,,1535549278809000,,uk.co.skoda.assistant.test,1.1.7,,1:571703561616:ios:777087d7f78ec12a,manual_install,tablet,Apple,iPad 5th gen,,"iPad6,11",IOS,11.4.1,,,en-gb,No,3600,,,Europe,United Kingdom,England,Bristol,,,(direct),(none),(direct)
20180829,1535558199856000,2018-08-29T16:56:39,session_start,1535472734088000,2018-08-28T17:12:14,,3,-1532308,,2238582BA9A54A1EA26FAC8EE831050B,1535472722849000,2018-08-28T17:12:02,,1220499683,IOS,,LoginViewController,auto,663068733484837411,,1,,,,,,,,,,,,,,,1535472722849000,,uk.co.skoda.assistant.uat,1.1.7,,1:571703561616:ios:777087d7f78ec12a,manual_install,tablet,Apple,iPad 5th gen,,"iPad6,11",IOS,11.4.1,,,en-gb,No,3600,,,Europe,United Kingdom,England,Newport Pagnell,,,(direct),(none),(direct)
20180829,1535558618625000,2018-08-29T17:03:38,user_engagement,1535472770938000,2018-08-28T17:12:50,,4,-1532307,,2238582BA9A54A1EA26FAC8EE831050B,1535472722849000,2018-08-28T17:12:02,,1220499683,IOS,,LoginViewController,auto,663068733484837411,428772,,,,,,,,,,,,,,,,1535472722849000,,uk.co.skoda.assistant.uat,1.1.7,,1:571703561616:ios:777087d7f78ec12a,manual_install,tablet,Apple,iPad 5th gen,,"iPad6,11",IOS,11.4.1,,,en-gb,No,3600,,,Europe,United Kingdom,England,Newport Pagnell,,,(direct),(none),(direct)
20180829,1535559513052000,2018-08-29T17:18:33,user_engagement,1535558618625000,2018-08-29T17:03:38,,5,-1535946,,2238582BA9A54A1EA26FAC8EE831050B,1535472722849000,2018-08-28T17:12:02,,1220499683,IOS,,LoginViewController,auto,663068733484837411,31984,,,,,,,,,,,,,,,,1535472722849000,,uk.co.skoda.assistant.uat,1.1.7,,1:571703561616:ios:777087d7f78ec12a,manual_install,tablet,Apple,iPad 5th gen,,"iPad6,11",IOS,11.4.1,,,en-gb,No,3600,,,Europe,United Kingdom,England,Newport Pagnell,,,(direct),(none),(direct)
20180829,1535559537490000,2018-08-29T17:18:57,user_engagement,1535559513052000,2018-08-29T17:18:33,,6,-1488546,,2238582BA9A54A1EA26FAC8EE831050B,1535472722849000,2018-08-28T17:12:02,,1220499683,IOS,,LoginViewController,auto,663068733484837411,22524,,,,,,,,,,,,,,,,1535472722849000,,uk.co.skoda.assistant.uat,1.1.7,,1:571703561616:ios:777087d7f78ec12a,manual_install,tablet,Apple,iPad 5th gen,,"iPad6,11",IOS,11.4.1,,,en-gb,No,3600,,,Europe,United Kingdom,England,Newport Pagnell,,,(direct),(none),(direct)
20180829,1535559537491000,2018-08-29T17:18:57,screen_view,1535472723216000,2018-08-28T17:12:03,,6,-1488546,,2238582BA9A54A1EA26FAC8EE831050B,1535472722849000,2018-08-28T17:12:02,,1220499683,IOS,,SplashViewController,auto,663068733484837410,,1,663068733484837411,LoginViewController,,,,,,,,,,,,,1535472722849000,,uk.co.skoda.assistant.uat,1.1.7,,1:571703561616:ios:777087d7f78ec12a,manual_install,tablet,Apple,iPad 5th gen,,"iPad6,11",IOS,11.4.1,,,en-gb,No,3600,,,Europe,United Kingdom,England,Newport Pagnell,,,(direct),(none),(direct)
20180829,1535559537551001,2018-08-29T17:18:57,AnalyticsEventLogin,,,,6,-1488546,,2238582BA9A54A1EA26FAC8EE831050B,1535472722849000,2018-08-28T17:12:02,,1220499683,IOS,,SplashViewController,app,663068733484837410,,1,,,,1,1a9f4d0183ebff4d1b5a22b360df9183,,,,,,,,,,1535472722849000,,uk.co.skoda.assistant.uat,1.1.7,,1:571703561616:ios:777087d7f78ec12a,manual_install,tablet,Apple,iPad 5th gen,,"iPad6,11",IOS,11.4.1,,,en-gb,No,3600,,,Europe,United Kingdom,England,Newport Pagnell,,,(direct),(none),(direct)
20180829,1535559538091002,2018-08-29T17:18:58,screen_view,1535559537491002,2018-08-29T17:18:57,,6,-1488546,,2238582BA9A54A1EA26FAC8EE831050B,1535472722849000,2018-08-28T17:12:02,,1220499683,IOS,,ContentLoaderViewController,auto,663068733484837412,,1,663068733484837410,SplashViewController,,,,,,,,,,,,,1535472722849000,,uk.co.skoda.assistant.uat,1.1.7,,1:571703561616:ios:777087d7f78ec12a,manual_install,tablet,Apple,iPad 5th gen,,"iPad6,11",IOS,11.4.1,,,en-gb,No,3600,,,Europe,United Kingdom,England,Newport Pagnell,,,(direct),(none),(direct)
20180829,1535559654888000,2018-08-29T17:20:54,user_engagement,1535559537490000,2018-08-29T17:18:57,,7,-1488487,,2238582BA9A54A1EA26FAC8EE831050B,1535472722849000,2018-08-28T17:12:02,,1220499683,IOS,,ContentLoaderViewController,auto,663068733484837412,117397,,,,,,,,,,,,,,,,1535472722849000,,uk.co.skoda.assistant.uat,1.1.7,,1:571703561616:ios:777087d7f78ec12a,manual_install,tablet,Apple,iPad 5th gen,,"iPad6,11",IOS,11.4.1,,,en-gb,No,3600,,,Europe,United Kingdom,England,Newport Pagnell,,,(direct),(none),(direct)
20180829,1535559654889000,2018-08-29T17:20:54,screen_view,1535559538091000,2018-08-29T17:18:58,,7,-1488487,,2238582BA9A54A1EA26FAC8EE831050B,1535472722849000,2018-08-28T17:12:02,,1220499683,IOS,,SplashViewController,auto,663068733484837410,,1,663068733484837412,ContentLoaderViewController,,,,,,,,,,,,,1535472722849000,,uk.co.skoda.assistant.uat,1.1.7,,1:571703561616:ios:777087d7f78ec12a,manual_install,tablet,Apple,iPad 5th gen,,"iPad6,11",IOS,11.4.1,,,en-gb,No,3600,,,Europe,United Kingdom,England,Newport Pagnell,,,(direct),(none),(direct)
