event_date,event_timestamp,event_iso8601,event_name,event_previous_timestamp,event_previous_iso8601,event_value_in_usd,event_bundle_sequence_id,event_server_timestamp_offset,user_id,user_pseudo_id,user_first_touch_timestamp,user_first_touch_iso8601,user_ltv,stream_id,platform,event_dimensions,firebase_screen_class,firebase_event_origin,firebase_screen_id,engagement_time_msec,firebase_conversion,firebase_previous_id,firebase_previous_class,user_retailer,user_area,AnalyticsParameterTerm,button_name,AnalyticsParameterItemID,engine,Compared_vehicle_1,Compared_vehicle_2,update_with_analytics,previous_first_open_count,previous_app_version,Compared_vehicle_3,first_open_time,user_id,id,version,install_store,firebase_app_id,install_source,category,mobile_brand_name,mobile_model_name,mobile_marketing_name,mobile_os_hardware_model,operating_system,operating_system_version,vendor_id,advertising_id,language,is_limited_ad_tracking,time_zone_offset_seconds,browser,browser,continent,country,region,city,sub_continent,metro,name,medium,source
20180829,1535531095190000,2018-08-29T09:24:55,screen_view,1534952896276000,2018-08-22T16:48:16,,36,148610,0e54e19c4e691e1b89af2585c70d4acd,39CCEC8C480C4901A6EF5F5553E7F22A,1534328809706000,2018-08-15T11:26:49,,1220499683,IOS,,SplashViewController,auto,-1905423073944543930,,1,,,,,,,,,,,,,,,1534328809706000,0e54e19c4e691e1b89af2585c70d4acd,uk.co.skoda.assistant.ios,1.1.6,,1:571703561616:ios:777087d7f78ec12a,manual_install,tablet,Apple,iPad,,"iPad7,5",IOS,11.4.1,,,en-gb,No,3600,,,Europe,United Kingdom,England,Andover,,,(direct),(none),(direct)
20180829,1535531095380001,2018-08-29T09:24:55,screen_view,1535531095190001,2018-08-29T09:24:55,,36,148610,0e54e19c4e691e1b89af2585c70d4acd,39CCEC8C480C4901A6EF5F5553E7F22A,1534328809706000,2018-08-15T11:26:49,,1220499683,IOS,,LoginViewController,auto,-1905423073944543929,,1,-1905423073944543930,SplashViewController,,,,,,,,,,,,,1534328809706000,0e54e19c4e691e1b89af2585c70d4acd,uk.co.skoda.assistant.ios,1.1.6,,1:571703561616:ios:777087d7f78ec12a,manual_install,tablet,Apple,iPad,,"iPad7,5",IOS,11.4.1,,,en-gb,No,3600,,,Europe,United Kingdom,England,Andover,,,(direct),(none),(direct)
20180829,1535531101779002,2018-08-29T09:25:01,user_engagement,1534952902267002,2018-08-22T16:48:22,,36,148610,0e54e19c4e691e1b89af2585c70d4acd,39CCEC8C480C4901A6EF5F5553E7F22A,1534328809706000,2018-08-15T11:26:49,,1220499683,IOS,,LoginViewController,auto,-1905423073944543929,6590,,,,,,,,,,,,,,,,1534328809706000,0e54e19c4e691e1b89af2585c70d4acd,uk.co.skoda.assistant.ios,1.1.6,,1:571703561616:ios:777087d7f78ec12a,manual_install,tablet,Apple,iPad,,"iPad7,5",IOS,11.4.1,,,en-gb,No,3600,,,Europe,United Kingdom,England,Andover,,,(direct),(none),(direct)
20180829,1535533344444000,2018-08-29T10:02:24,session_start,1534776763422000,2018-08-20T15:52:43,,37,146635,0e54e19c4e691e1b89af2585c70d4acd,39CCEC8C480C4901A6EF5F5553E7F22A,1534328809706000,2018-08-15T11:26:49,,1220499683,IOS,,LoginViewController,auto,-1905423073944543929,,1,,,,,,,,,,,,,,,1534328809706000,0e54e19c4e691e1b89af2585c70d4acd,uk.co.skoda.assistant.ios,1.1.6,,1:571703561616:ios:777087d7f78ec12a,manual_install,tablet,Apple,iPad,,"iPad7,5",IOS,11.4.1,,,en-gb,No,3600,,,Europe,United Kingdom,England,Andover,,,(direct),(none),(direct)
20180829,1535533398424000,2018-08-29T10:03:18,screen_view,1535531095380000,2018-08-29T09:24:55,,38,165697,0e54e19c4e691e1b89af2585c70d4acd,39CCEC8C480C4901A6EF5F5553E7F22A,1534328809706000,2018-08-15T11:26:49,,1220499683,IOS,,SplashViewController,auto,-1905423073944543930,,1,-1905423073944543929,LoginViewController,,,,,,,,,,,,,1534328809706000,0e54e19c4e691e1b89af2585c70d4acd,uk.co.skoda.assistant.ios,1.1.6,,1:571703561616:ios:777087d7f78ec12a,manual_install,tablet,Apple,iPad,,"iPad7,5",IOS,11.4.1,,,en-gb,No,3600,,,Europe,United Kingdom,England,Andover,,,(direct),(none),(direct)
20180829,1535533398424000,2018-08-29T10:03:18,user_engagement,1535531101779000,2018-08-29T09:25:01,,38,165697,0e54e19c4e691e1b89af2585c70d4acd,39CCEC8C480C4901A6EF5F5553E7F22A,1534328809706000,2018-08-15T11:26:49,,1220499683,IOS,,LoginViewController,auto,-1905423073944543929,63984,,,,,,,,,,,,,,,,1534328809706000,0e54e19c4e691e1b89af2585c70d4acd,uk.co.skoda.assistant.ios,1.1.6,,1:571703561616:ios:777087d7f78ec12a,manual_install,tablet,Apple,iPad,,"iPad7,5",IOS,11.4.1,,,en-gb,No,3600,,,Europe,United Kingdom,England,Andover,,,(direct),(none),(direct)
20180829,1535533398440001,2018-08-29T10:03:18,AnalyticsEventLogin,1534753990412001,2018-08-20T09:33:10,,38,165697,0e54e19c4e691e1b89af2585c70d4acd,39CCEC8C480C4901A6EF5F5553E7F22A,1534328809706000,2018-08-15T11:26:49,,1220499683,IOS,,SplashViewController,app,-1905423073944543930,,1,,,,3,0e54e19c4e691e1b89af2585c70d4acd,,,,,,,,,,1534328809706000,0e54e19c4e691e1b89af2585c70d4acd,uk.co.skoda.assistant.ios,1.1.6,,1:571703561616:ios:777087d7f78ec12a,manual_install,tablet,Apple,iPad,,"iPad7,5",IOS,11.4.1,,,en-gb,No,3600,,,Europe,United Kingdom,England,Andover,,,(direct),(none),(direct)
20180829,1535533398984002,2018-08-29T10:03:18,screen_view,1535533398424002,2018-08-29T10:03:18,,38,165697,0e54e19c4e691e1b89af2585c70d4acd,39CCEC8C480C4901A6EF5F5553E7F22A,1534328809706000,2018-08-15T11:26:49,,1220499683,IOS,,ContentLoaderViewController,auto,-1905423073944543928,,1,-1905423073944543930,SplashViewController,,,,,,,,,,,,,1534328809706000,0e54e19c4e691e1b89af2585c70d4acd,uk.co.skoda.assistant.ios,1.1.6,,1:571703561616:ios:777087d7f78ec12a,manual_install,tablet,Apple,iPad,,"iPad7,5",IOS,11.4.1,,,en-gb,No,3600,,,Europe,United Kingdom,England,Andover,,,(direct),(none),(direct)
20180829,1535533405057003,2018-08-29T10:03:25,screen_view,1535533398984003,2018-08-29T10:03:18,,38,165697,0e54e19c4e691e1b89af2585c70d4acd,39CCEC8C480C4901A6EF5F5553E7F22A,1534328809706000,2018-08-15T11:26:49,,1220499683,IOS,,SplashViewController,auto,-1905423073944543930,,1,-1905423073944543928,ContentLoaderViewController,,,,,,,,,,,,,1534328809706000,0e54e19c4e691e1b89af2585c70d4acd,uk.co.skoda.assistant.ios,1.1.6,,1:571703561616:ios:777087d7f78ec12a,manual_install,tablet,Apple,iPad,,"iPad7,5",IOS,11.4.1,,,en-gb,No,3600,,,Europe,United Kingdom,England,Andover,,,(direct),(none),(direct)
20180829,1535533405057004,2018-08-29T10:03:25,user_engagement,1535533398424004,2018-08-29T10:03:18,,38,165697,0e54e19c4e691e1b89af2585c70d4acd,39CCEC8C480C4901A6EF5F5553E7F22A,1534328809706000,2018-08-15T11:26:49,,1220499683,IOS,,ContentLoaderViewController,auto,-1905423073944543928,6632,,,,,,,,,,,,,,,,1534328809706000,0e54e19c4e691e1b89af2585c70d4acd,uk.co.skoda.assistant.ios,1.1.6,,1:571703561616:ios:777087d7f78ec12a,manual_install,tablet,Apple,iPad,,"iPad7,5",IOS,11.4.1,,,en-gb,No,3600,,,Europe,United Kingdom,England,Andover,,,(direct),(none),(direct)
20180829,1535533405240000,2018-08-29T10:03:25,button_press,1534756401482000,2018-08-20T10:13:21,,39,165698,0e54e19c4e691e1b89af2585c70d4acd,39CCEC8C480C4901A6EF5F5553E7F22A,1534328809706000,2018-08-15T11:26:49,,1220499683,IOS,,SplashViewController,app,-1905423073944543930,,1,,,,,,globalnav_range,,,,,,,,,1534328809706000,0e54e19c4e691e1b89af2585c70d4acd,uk.co.skoda.assistant.ios,1.1.6,,1:571703561616:ios:777087d7f78ec12a,manual_install,tablet,Apple,iPad,,"iPad7,5",IOS,11.4.1,,,en-gb,No,3600,,,Europe,United Kingdom,England,Andover,,,(direct),(none),(direct)
20180829,1535533405240001,2018-08-29T10:03:25,button_press,1535533405240001,2018-08-29T10:03:25,,39,165698,0e54e19c4e691e1b89af2585c70d4acd,39CCEC8C480C4901A6EF5F5553E7F22A,1534328809706000,2018-08-15T11:26:49,,1220499683,IOS,,SplashViewController,app,-1905423073944543930,,1,,,,,,range,,,,,,,,,1534328809706000,0e54e19c4e691e1b89af2585c70d4acd,uk.co.skoda.assistant.ios,1.1.6,,1:571703561616:ios:777087d7f78ec12a,manual_install,tablet,Apple,iPad,,"iPad7,5",IOS,11.4.1,,,en-gb,No,3600,,,Europe,United Kingdom,England,Andover,,,(direct),(none),(direct)
20180829,1535533406011002,2018-08-29T10:03:26,screen_view,1535533405057002,2018-08-29T10:03:25,,39,165698,0e54e19c4e691e1b89af2585c70d4acd,39CCEC8C480C4901A6EF5F5553E7F22A,1534328809706000,2018-08-15T11:26:49,,1220499683,IOS,,SkodaContentViewController,auto,-1905423073944543927,,1,-1905423073944543930,SplashViewController,,,,,,,,,,,,,1534328809706000,0e54e19c4e691e1b89af2585c70d4acd,uk.co.skoda.assistant.ios,1.1.6,,1:571703561616:ios:777087d7f78ec12a,manual_install,tablet,Apple,iPad,,"iPad7,5",IOS,11.4.1,,,en-gb,No,3600,,,Europe,United Kingdom,England,Andover,,,(direct),(none),(direct)
20180829,1535533406012003,2018-08-29T10:03:26,screen_view,1535533406011003,2018-08-29T10:03:26,,39,165698,0e54e19c4e691e1b89af2585c70d4acd,39CCEC8C480C4901A6EF5F5553E7F22A,1534328809706000,2018-08-15T11:26:49,,1220499683,IOS,,RangeContentViewController,auto,-1905423073944543926,,1,-1905423073944543927,SkodaContentViewController,,,,,,,,,,,,,1534328809706000,0e54e19c4e691e1b89af2585c70d4acd,uk.co.skoda.assistant.ios,1.1.6,,1:571703561616:ios:777087d7f78ec12a,manual_install,tablet,Apple,iPad,,"iPad7,5",IOS,11.4.1,,,en-gb,No,3600,,,Europe,United Kingdom,England,Andover,,,(direct),(none),(direct)
20180829,1535533524964000,2018-08-29T10:05:24,user_engagement,1535533405057000,2018-08-29T10:03:25,,40,117920,0e54e19c4e691e1b89af2585c70d4acd,39CCEC8C480C4901A6EF5F5553E7F22A,1534328809706000,2018-08-15T11:26:49,,1220499683,IOS,,RangeContentViewController,auto,-1905423073944543926,119907,,,,,,,,,,,,,,,,1534328809706000,0e54e19c4e691e1b89af2585c70d4acd,uk.co.skoda.assistant.ios,1.1.6,,1:571703561616:ios:777087d7f78ec12a,manual_install,tablet,Apple,iPad,,"iPad7,5",IOS,11.4.1,,,en-gb,No,3600,,,Europe,United Kingdom,England,Andover,,,(direct),(none),(direct)
