event_date,event_timestamp,event_iso8601,event_name,event_previous_timestamp,event_previous_iso8601,event_value_in_usd,event_bundle_sequence_id,event_server_timestamp_offset,user_id,user_pseudo_id,user_first_touch_timestamp,user_first_touch_iso8601,user_ltv,stream_id,platform,event_dimensions,firebase_screen_class,firebase_event_origin,firebase_screen_id,engagement_time_msec,firebase_conversion,firebase_previous_id,firebase_previous_class,user_retailer,user_area,AnalyticsParameterTerm,button_name,AnalyticsParameterItemID,engine,Compared_vehicle_1,Compared_vehicle_2,update_with_analytics,previous_first_open_count,previous_app_version,Compared_vehicle_3,first_open_time,user_id,id,version,install_store,firebase_app_id,install_source,category,mobile_brand_name,mobile_model_name,mobile_marketing_name,mobile_os_hardware_model,operating_system,operating_system_version,vendor_id,advertising_id,language,is_limited_ad_tracking,time_zone_offset_seconds,browser,browser,continent,country,region,city,sub_continent,metro,name,medium,source
20180829,1535557331414000,2018-08-29T16:42:11,screen_view,1535097844260000,2018-08-24T09:04:04,,48,84252,8f2b77997259d6be3353027fbb502927,1EDAFE98C7404D2B9451D7C0AC39EB17,1533976041467000,2018-08-11T09:27:21,,1220499683,IOS,,SplashViewController,auto,5176688217233934127,,1,,,,,,,,,,,,,,,1533976041467000,8f2b77997259d6be3353027fbb502927,uk.co.skoda.assistant.ios,1.1.6,,1:571703561616:ios:777087d7f78ec12a,manual_install,tablet,Apple,iPad Air 2,,"iPad5,3",IOS,11.4.1,09A27059-9619-47A8-9DD1-B796AF2A09DF,,en-gb,No,3600,,,Europe,United Kingdom,Wales,Newport,,,(direct),(none),(direct)
20180829,1535557361049001,2018-08-29T16:42:41,screen_view,1535557331414001,2018-08-29T16:42:11,,48,84252,8f2b77997259d6be3353027fbb502927,1EDAFE98C7404D2B9451D7C0AC39EB17,1533976041467000,2018-08-11T09:27:21,,1220499683,IOS,,LoginViewController,auto,5176688217233934128,,1,5176688217233934127,SplashViewController,,,,,,,,,,,,,1533976041467000,8f2b77997259d6be3353027fbb502927,uk.co.skoda.assistant.ios,1.1.6,,1:571703561616:ios:777087d7f78ec12a,manual_install,tablet,Apple,iPad Air 2,,"iPad5,3",IOS,11.4.1,09A27059-9619-47A8-9DD1-B796AF2A09DF,,en-gb,No,3600,,,Europe,United Kingdom,Wales,Newport,,,(direct),(none),(direct)
20180829,1535557369952000,2018-08-29T16:42:49,screen_view,1535557361049000,2018-08-29T16:42:41,,49,508191,8f2b77997259d6be3353027fbb502927,1EDAFE98C7404D2B9451D7C0AC39EB17,1533976041467000,2018-08-11T09:27:21,,1220499683,IOS,,SplashViewController,auto,5176688217233934127,,1,5176688217233934128,LoginViewController,,,,,,,,,,,,,1533976041467000,8f2b77997259d6be3353027fbb502927,uk.co.skoda.assistant.ios,1.1.6,,1:571703561616:ios:777087d7f78ec12a,manual_install,tablet,Apple,iPad Air 2,,"iPad5,3",IOS,11.4.1,09A27059-9619-47A8-9DD1-B796AF2A09DF,,en-gb,No,3600,,,Europe,United Kingdom,Wales,Newport,,,(direct),(none),(direct)
20180829,1535557369952000,2018-08-29T16:42:49,user_engagement,1535097969812000,2018-08-24T09:06:09,,49,508191,8f2b77997259d6be3353027fbb502927,1EDAFE98C7404D2B9451D7C0AC39EB17,1533976041467000,2018-08-11T09:27:21,,1220499683,IOS,,LoginViewController,auto,5176688217233934128,8903,,,,,,,,,,,,,,,,1533976041467000,8f2b77997259d6be3353027fbb502927,uk.co.skoda.assistant.ios,1.1.6,,1:571703561616:ios:777087d7f78ec12a,manual_install,tablet,Apple,iPad Air 2,,"iPad5,3",IOS,11.4.1,09A27059-9619-47A8-9DD1-B796AF2A09DF,,en-gb,No,3600,,,Europe,United Kingdom,Wales,Newport,,,(direct),(none),(direct)
20180829,1535557370076001,2018-08-29T16:42:50,AnalyticsEventLogin,1535097616378001,2018-08-24T09:00:16,,49,508191,8f2b77997259d6be3353027fbb502927,1EDAFE98C7404D2B9451D7C0AC39EB17,1533976041467000,2018-08-11T09:27:21,,1220499683,IOS,,SplashViewController,app,5176688217233934127,,1,,,,1,8f2b77997259d6be3353027fbb502927,,,,,,,,,,1533976041467000,8f2b77997259d6be3353027fbb502927,uk.co.skoda.assistant.ios,1.1.6,,1:571703561616:ios:777087d7f78ec12a,manual_install,tablet,Apple,iPad Air 2,,"iPad5,3",IOS,11.4.1,09A27059-9619-47A8-9DD1-B796AF2A09DF,,en-gb,No,3600,,,Europe,United Kingdom,Wales,Newport,,,(direct),(none),(direct)
20180829,1535557370489000,2018-08-29T16:42:50,button_press,1535097834083000,2018-08-24T09:03:54,,50,508192,8f2b77997259d6be3353027fbb502927,1EDAFE98C7404D2B9451D7C0AC39EB17,1533976041467000,2018-08-11T09:27:21,,1220499683,IOS,,SplashViewController,app,5176688217233934127,,1,,,,,,globalnav_range,,,,,,,,,1533976041467000,8f2b77997259d6be3353027fbb502927,uk.co.skoda.assistant.ios,1.1.6,,1:571703561616:ios:777087d7f78ec12a,manual_install,tablet,Apple,iPad Air 2,,"iPad5,3",IOS,11.4.1,09A27059-9619-47A8-9DD1-B796AF2A09DF,,en-gb,No,3600,,,Europe,United Kingdom,Wales,Newport,,,(direct),(none),(direct)
20180829,1535557370491001,2018-08-29T16:42:50,button_press,1535557370489001,2018-08-29T16:42:50,,50,508192,8f2b77997259d6be3353027fbb502927,1EDAFE98C7404D2B9451D7C0AC39EB17,1533976041467000,2018-08-11T09:27:21,,1220499683,IOS,,SplashViewController,app,5176688217233934127,,1,,,,,,range,,,,,,,,,1533976041467000,8f2b77997259d6be3353027fbb502927,uk.co.skoda.assistant.ios,1.1.6,,1:571703561616:ios:777087d7f78ec12a,manual_install,tablet,Apple,iPad Air 2,,"iPad5,3",IOS,11.4.1,09A27059-9619-47A8-9DD1-B796AF2A09DF,,en-gb,No,3600,,,Europe,United Kingdom,Wales,Newport,,,(direct),(none),(direct)
20180829,1535557371197002,2018-08-29T16:42:51,session_start,1535097620059002,2018-08-24T09:00:20,,50,508192,8f2b77997259d6be3353027fbb502927,1EDAFE98C7404D2B9451D7C0AC39EB17,1533976041467000,2018-08-11T09:27:21,,1220499683,IOS,,SplashViewController,auto,5176688217233934127,,1,,,,,,,,,,,,,,,1533976041467000,8f2b77997259d6be3353027fbb502927,uk.co.skoda.assistant.ios,1.1.6,,1:571703561616:ios:777087d7f78ec12a,manual_install,tablet,Apple,iPad Air 2,,"iPad5,3",IOS,11.4.1,09A27059-9619-47A8-9DD1-B796AF2A09DF,,en-gb,No,3600,,,Europe,United Kingdom,Wales,Newport,,,(direct),(none),(direct)
20180829,1535557371985000,2018-08-29T16:42:51,user_engagement,1535557369952000,2018-08-29T16:42:49,,51,100310,8f2b77997259d6be3353027fbb502927,1EDAFE98C7404D2B9451D7C0AC39EB17,1533976041467000,2018-08-11T09:27:21,,1220499683,IOS,,SplashViewController,auto,5176688217233934127,2033,,,,,,,,,,,,,,,,1533976041467000,8f2b77997259d6be3353027fbb502927,uk.co.skoda.assistant.ios,1.1.6,,1:571703561616:ios:777087d7f78ec12a,manual_install,tablet,Apple,iPad Air 2,,"iPad5,3",IOS,11.4.1,09A27059-9619-47A8-9DD1-B796AF2A09DF,,en-gb,No,3600,,,Europe,United Kingdom,Wales,Newport,,,(direct),(none),(direct)
20180829,1535557371986000,2018-08-29T16:42:51,screen_view,1535557369952000,2018-08-29T16:42:49,,51,100310,8f2b77997259d6be3353027fbb502927,1EDAFE98C7404D2B9451D7C0AC39EB17,1533976041467000,2018-08-11T09:27:21,,1220499683,IOS,,SkodaContentViewController,auto,5176688217233934129,,1,5176688217233934127,SplashViewController,,,,,,,,,,,,,1533976041467000,8f2b77997259d6be3353027fbb502927,uk.co.skoda.assistant.ios,1.1.6,,1:571703561616:ios:777087d7f78ec12a,manual_install,tablet,Apple,iPad Air 2,,"iPad5,3",IOS,11.4.1,09A27059-9619-47A8-9DD1-B796AF2A09DF,,en-gb,No,3600,,,Europe,United Kingdom,Wales,Newport,,,(direct),(none),(direct)
20180829,1535557371988001,2018-08-29T16:42:51,screen_view,1535557371986001,2018-08-29T16:42:51,,51,100310,8f2b77997259d6be3353027fbb502927,1EDAFE98C7404D2B9451D7C0AC39EB17,1533976041467000,2018-08-11T09:27:21,,1220499683,IOS,,RangeContentViewController,auto,5176688217233934130,,1,5176688217233934129,SkodaContentViewController,,,,,,,,,,,,,1533976041467000,8f2b77997259d6be3353027fbb502927,uk.co.skoda.assistant.ios,1.1.6,,1:571703561616:ios:777087d7f78ec12a,manual_install,tablet,Apple,iPad Air 2,,"iPad5,3",IOS,11.4.1,09A27059-9619-47A8-9DD1-B796AF2A09DF,,en-gb,No,3600,,,Europe,United Kingdom,Wales,Newport,,,(direct),(none),(direct)
20180829,1535557383713000,2018-08-29T16:43:03,button_press,1535557370491000,2018-08-29T16:42:50,,52,135231,8f2b77997259d6be3353027fbb502927,1EDAFE98C7404D2B9451D7C0AC39EB17,1533976041467000,2018-08-11T09:27:21,,1220499683,IOS,,RangeContentViewController,app,5176688217233934130,,1,,,,,,globalnav_compare,,,,,,,,,1533976041467000,8f2b77997259d6be3353027fbb502927,uk.co.skoda.assistant.ios,1.1.6,,1:571703561616:ios:777087d7f78ec12a,manual_install,tablet,Apple,iPad Air 2,,"iPad5,3",IOS,11.4.1,09A27059-9619-47A8-9DD1-B796AF2A09DF,,en-gb,No,3600,,,Europe,United Kingdom,Wales,Newport,,,(direct),(none),(direct)
20180829,1535557383737001,2018-08-29T16:43:03,button_press,1535557383713001,2018-08-29T16:43:03,,52,135231,8f2b77997259d6be3353027fbb502927,1EDAFE98C7404D2B9451D7C0AC39EB17,1533976041467000,2018-08-11T09:27:21,,1220499683,IOS,,RangeContentViewController,app,5176688217233934130,,1,,,,,,compare,,,,,,,,,1533976041467000,8f2b77997259d6be3353027fbb502927,uk.co.skoda.assistant.ios,1.1.6,,1:571703561616:ios:777087d7f78ec12a,manual_install,tablet,Apple,iPad Air 2,,"iPad5,3",IOS,11.4.1,09A27059-9619-47A8-9DD1-B796AF2A09DF,,en-gb,No,3600,,,Europe,United Kingdom,Wales,Newport,,,(direct),(none),(direct)
20180829,1535557383978002,2018-08-29T16:43:03,screen_view,1535557371988002,2018-08-29T16:42:51,,52,135231,8f2b77997259d6be3353027fbb502927,1EDAFE98C7404D2B9451D7C0AC39EB17,1533976041467000,2018-08-11T09:27:21,,1220499683,IOS,,SkodaContentViewController,auto,5176688217233934129,,1,5176688217233934130,RangeContentViewController,,,,,,,,,,,,,1533976041467000,8f2b77997259d6be3353027fbb502927,uk.co.skoda.assistant.ios,1.1.6,,1:571703561616:ios:777087d7f78ec12a,manual_install,tablet,Apple,iPad Air 2,,"iPad5,3",IOS,11.4.1,09A27059-9619-47A8-9DD1-B796AF2A09DF,,en-gb,No,3600,,,Europe,United Kingdom,Wales,Newport,,,(direct),(none),(direct)
20180829,1535557383978002,2018-08-29T16:43:03,user_engagement,1535557371985002,2018-08-29T16:42:51,,52,135231,8f2b77997259d6be3353027fbb502927,1EDAFE98C7404D2B9451D7C0AC39EB17,1533976041467000,2018-08-11T09:27:21,,1220499683,IOS,,RangeContentViewController,auto,5176688217233934130,11992,,,,,,,,,,,,,,,,1533976041467000,8f2b77997259d6be3353027fbb502927,uk.co.skoda.assistant.ios,1.1.6,,1:571703561616:ios:777087d7f78ec12a,manual_install,tablet,Apple,iPad Air 2,,"iPad5,3",IOS,11.4.1,09A27059-9619-47A8-9DD1-B796AF2A09DF,,en-gb,No,3600,,,Europe,United Kingdom,Wales,Newport,,,(direct),(none),(direct)
20180829,1535557384687003,2018-08-29T16:43:04,button_press,1535557383737003,2018-08-29T16:43:03,,52,135231,8f2b77997259d6be3353027fbb502927,1EDAFE98C7404D2B9451D7C0AC39EB17,1533976041467000,2018-08-11T09:27:21,,1220499683,IOS,,SkodaContentViewController,app,5176688217233934129,,1,,,,,,globalnav_presentation,,,,,,,,,1533976041467000,8f2b77997259d6be3353027fbb502927,uk.co.skoda.assistant.ios,1.1.6,,1:571703561616:ios:777087d7f78ec12a,manual_install,tablet,Apple,iPad Air 2,,"iPad5,3",IOS,11.4.1,09A27059-9619-47A8-9DD1-B796AF2A09DF,,en-gb,No,3600,,,Europe,United Kingdom,Wales,Newport,,,(direct),(none),(direct)
20180829,1535557384696004,2018-08-29T16:43:04,button_press,1535557384687004,2018-08-29T16:43:04,,52,135231,8f2b77997259d6be3353027fbb502927,1EDAFE98C7404D2B9451D7C0AC39EB17,1533976041467000,2018-08-11T09:27:21,,1220499683,IOS,,SkodaContentViewController,app,5176688217233934129,,1,,,,,,presentation,,,,,,,,,1533976041467000,8f2b77997259d6be3353027fbb502927,uk.co.skoda.assistant.ios,1.1.6,,1:571703561616:ios:777087d7f78ec12a,manual_install,tablet,Apple,iPad Air 2,,"iPad5,3",IOS,11.4.1,09A27059-9619-47A8-9DD1-B796AF2A09DF,,en-gb,No,3600,,,Europe,United Kingdom,Wales,Newport,,,(direct),(none),(direct)
20180829,1535557389606005,2018-08-29T16:43:09,button_press,1535557384696005,2018-08-29T16:43:04,,52,135231,8f2b77997259d6be3353027fbb502927,1EDAFE98C7404D2B9451D7C0AC39EB17,1533976041467000,2018-08-11T09:27:21,,1220499683,IOS,,SkodaContentViewController,app,5176688217233934129,,1,,,,,,presentation_home_download_asset,,,,,,,,,1533976041467000,8f2b77997259d6be3353027fbb502927,uk.co.skoda.assistant.ios,1.1.6,,1:571703561616:ios:777087d7f78ec12a,manual_install,tablet,Apple,iPad Air 2,,"iPad5,3",IOS,11.4.1,09A27059-9619-47A8-9DD1-B796AF2A09DF,,en-gb,No,3600,,,Europe,United Kingdom,Wales,Newport,,,(direct),(none),(direct)
20180829,1535557391489006,2018-08-29T16:43:11,AnalyticsEventViewItem,1535097796968006,2018-08-24T09:03:16,,52,135231,8f2b77997259d6be3353027fbb502927,1EDAFE98C7404D2B9451D7C0AC39EB17,1533976041467000,2018-08-11T09:27:21,,1220499683,IOS,,SkodaContentViewController,app,5176688217233934129,,1,,,,,,,5b7c33035833f795331202,,,,,,,,1533976041467000,8f2b77997259d6be3353027fbb502927,uk.co.skoda.assistant.ios,1.1.6,,1:571703561616:ios:777087d7f78ec12a,manual_install,tablet,Apple,iPad Air 2,,"iPad5,3",IOS,11.4.1,09A27059-9619-47A8-9DD1-B796AF2A09DF,,en-gb,No,3600,,,Europe,United Kingdom,Wales,Newport,,,(direct),(none),(direct)
20180829,1535557391743008,2018-08-29T16:43:11,user_engagement,1535557383978008,2018-08-29T16:43:03,,52,135231,8f2b77997259d6be3353027fbb502927,1EDAFE98C7404D2B9451D7C0AC39EB17,1533976041467000,2018-08-11T09:27:21,,1220499683,IOS,,SkodaContentViewController,auto,5176688217233934129,7764,,,,,,,,,,,,,,,,1533976041467000,8f2b77997259d6be3353027fbb502927,uk.co.skoda.assistant.ios,1.1.6,,1:571703561616:ios:777087d7f78ec12a,manual_install,tablet,Apple,iPad Air 2,,"iPad5,3",IOS,11.4.1,09A27059-9619-47A8-9DD1-B796AF2A09DF,,en-gb,No,3600,,,Europe,United Kingdom,Wales,Newport,,,(direct),(none),(direct)
20180829,1535557391744007,2018-08-29T16:43:11,screen_view,1535557383978007,2018-08-29T16:43:03,,52,135231,8f2b77997259d6be3353027fbb502927,1EDAFE98C7404D2B9451D7C0AC39EB17,1533976041467000,2018-08-11T09:27:21,,1220499683,IOS,,PresentationExploreSegmentedViewController,auto,5176688217233934131,,1,5176688217233934129,SkodaContentViewController,,,,,,,,,,,,,1533976041467000,8f2b77997259d6be3353027fbb502927,uk.co.skoda.assistant.ios,1.1.6,,1:571703561616:ios:777087d7f78ec12a,manual_install,tablet,Apple,iPad Air 2,,"iPad5,3",IOS,11.4.1,09A27059-9619-47A8-9DD1-B796AF2A09DF,,en-gb,No,3600,,,Europe,United Kingdom,Wales,Newport,,,(direct),(none),(direct)
20180829,1535557392239008,2018-08-29T16:43:12,screen_view,1535557391744008,2018-08-29T16:43:11,,52,135231,8f2b77997259d6be3353027fbb502927,1EDAFE98C7404D2B9451D7C0AC39EB17,1533976041467000,2018-08-11T09:27:21,,1220499683,IOS,,PresentationEditorViewController,auto,5176688217233934132,,1,5176688217233934131,PresentationExploreSegmentedViewController,,,,,,,,,,,,,1533976041467000,8f2b77997259d6be3353027fbb502927,uk.co.skoda.assistant.ios,1.1.6,,1:571703561616:ios:777087d7f78ec12a,manual_install,tablet,Apple,iPad Air 2,,"iPad5,3",IOS,11.4.1,09A27059-9619-47A8-9DD1-B796AF2A09DF,,en-gb,No,3600,,,Europe,United Kingdom,Wales,Newport,,,(direct),(none),(direct)
20180829,1535557400768000,2018-08-29T16:43:20,button_press,1535557389606000,2018-08-29T16:43:09,,53,97672,8f2b77997259d6be3353027fbb502927,1EDAFE98C7404D2B9451D7C0AC39EB17,1533976041467000,2018-08-11T09:27:21,,1220499683,IOS,,PresentationEditorViewController,app,5176688217233934132,,1,,,,,,presentation_home_email_presentation,,,,,,,,,1533976041467000,8f2b77997259d6be3353027fbb502927,uk.co.skoda.assistant.ios,1.1.6,,1:571703561616:ios:777087d7f78ec12a,manual_install,tablet,Apple,iPad Air 2,,"iPad5,3",IOS,11.4.1,09A27059-9619-47A8-9DD1-B796AF2A09DF,,en-gb,No,3600,,,Europe,United Kingdom,Wales,Newport,,,(direct),(none),(direct)
20180829,1535557401152001,2018-08-29T16:43:21,user_engagement,1535557391743001,2018-08-29T16:43:11,,53,97672,8f2b77997259d6be3353027fbb502927,1EDAFE98C7404D2B9451D7C0AC39EB17,1533976041467000,2018-08-11T09:27:21,,1220499683,IOS,,PresentationEditorViewController,auto,5176688217233934132,9409,,,,,,,,,,,,,,,,1533976041467000,8f2b77997259d6be3353027fbb502927,uk.co.skoda.assistant.ios,1.1.6,,1:571703561616:ios:777087d7f78ec12a,manual_install,tablet,Apple,iPad Air 2,,"iPad5,3",IOS,11.4.1,09A27059-9619-47A8-9DD1-B796AF2A09DF,,en-gb,No,3600,,,Europe,United Kingdom,Wales,Newport,,,(direct),(none),(direct)
20180829,1535557401153001,2018-08-29T16:43:21,screen_view,1535557392239001,2018-08-29T16:43:12,,53,97672,8f2b77997259d6be3353027fbb502927,1EDAFE98C7404D2B9451D7C0AC39EB17,1533976041467000,2018-08-11T09:27:21,,1220499683,IOS,,MFMailComposeInternalViewController,auto,5176688217233934133,,1,5176688217233934132,PresentationEditorViewController,,,,,,,,,,,,,1533976041467000,8f2b77997259d6be3353027fbb502927,uk.co.skoda.assistant.ios,1.1.6,,1:571703561616:ios:777087d7f78ec12a,manual_install,tablet,Apple,iPad Air 2,,"iPad5,3",IOS,11.4.1,09A27059-9619-47A8-9DD1-B796AF2A09DF,,en-gb,No,3600,,,Europe,United Kingdom,Wales,Newport,,,(direct),(none),(direct)
20180829,1535557435627003,2018-08-29T16:43:55,user_engagement,1535557401152003,2018-08-29T16:43:21,,53,97672,8f2b77997259d6be3353027fbb502927,1EDAFE98C7404D2B9451D7C0AC39EB17,1533976041467000,2018-08-11T09:27:21,,1220499683,IOS,,MFMailComposeInternalViewController,auto,5176688217233934133,34475,,,,,,,,,,,,,,,,1533976041467000,8f2b77997259d6be3353027fbb502927,uk.co.skoda.assistant.ios,1.1.6,,1:571703561616:ios:777087d7f78ec12a,manual_install,tablet,Apple,iPad Air 2,,"iPad5,3",IOS,11.4.1,09A27059-9619-47A8-9DD1-B796AF2A09DF,,en-gb,No,3600,,,Europe,United Kingdom,Wales,Newport,,,(direct),(none),(direct)
20180829,1535557435628002,2018-08-29T16:43:55,screen_view,1535557401153002,2018-08-29T16:43:21,,53,97672,8f2b77997259d6be3353027fbb502927,1EDAFE98C7404D2B9451D7C0AC39EB17,1533976041467000,2018-08-11T09:27:21,,1220499683,IOS,,PresentationEditorViewController,auto,5176688217233934132,,1,5176688217233934133,MFMailComposeInternalViewController,,,,,,,,,,,,,1533976041467000,8f2b77997259d6be3353027fbb502927,uk.co.skoda.assistant.ios,1.1.6,,1:571703561616:ios:777087d7f78ec12a,manual_install,tablet,Apple,iPad Air 2,,"iPad5,3",IOS,11.4.1,09A27059-9619-47A8-9DD1-B796AF2A09DF,,en-gb,No,3600,,,Europe,United Kingdom,Wales,Newport,,,(direct),(none),(direct)
20180829,1535557437085005,2018-08-29T16:43:57,user_engagement,1535557435627005,2018-08-29T16:43:55,,53,97672,8f2b77997259d6be3353027fbb502927,1EDAFE98C7404D2B9451D7C0AC39EB17,1533976041467000,2018-08-11T09:27:21,,1220499683,IOS,,PresentationEditorViewController,auto,5176688217233934132,1457,,,,,,,,,,,,,,,,1533976041467000,8f2b77997259d6be3353027fbb502927,uk.co.skoda.assistant.ios,1.1.6,,1:571703561616:ios:777087d7f78ec12a,manual_install,tablet,Apple,iPad Air 2,,"iPad5,3",IOS,11.4.1,09A27059-9619-47A8-9DD1-B796AF2A09DF,,en-gb,No,3600,,,Europe,United Kingdom,Wales,Newport,,,(direct),(none),(direct)
20180829,1535557437086003,2018-08-29T16:43:57,screen_view,1535557435628003,2018-08-29T16:43:55,,53,97672,8f2b77997259d6be3353027fbb502927,1EDAFE98C7404D2B9451D7C0AC39EB17,1533976041467000,2018-08-11T09:27:21,,1220499683,IOS,,SkodaContentViewController,auto,5176688217233934129,,1,5176688217233934132,PresentationEditorViewController,,,,,,,,,,,,,1533976041467000,8f2b77997259d6be3353027fbb502927,uk.co.skoda.assistant.ios,1.1.6,,1:571703561616:ios:777087d7f78ec12a,manual_install,tablet,Apple,iPad Air 2,,"iPad5,3",IOS,11.4.1,09A27059-9619-47A8-9DD1-B796AF2A09DF,,en-gb,No,3600,,,Europe,United Kingdom,Wales,Newport,,,(direct),(none),(direct)
20180829,1535557447576004,2018-08-29T16:44:07,button_press,1535557400768004,2018-08-29T16:43:20,,53,97672,8f2b77997259d6be3353027fbb502927,1EDAFE98C7404D2B9451D7C0AC39EB17,1533976041467000,2018-08-11T09:27:21,,1220499683,IOS,,SkodaContentViewController,app,5176688217233934129,,1,,,,,,presentation_home_download_asset,,,,,,,,,1533976041467000,8f2b77997259d6be3353027fbb502927,uk.co.skoda.assistant.ios,1.1.6,,1:571703561616:ios:777087d7f78ec12a,manual_install,tablet,Apple,iPad Air 2,,"iPad5,3",IOS,11.4.1,09A27059-9619-47A8-9DD1-B796AF2A09DF,,en-gb,No,3600,,,Europe,United Kingdom,Wales,Newport,,,(direct),(none),(direct)
20180829,1535557449497005,2018-08-29T16:44:09,AnalyticsEventViewItem,1535557391489005,2018-08-29T16:43:11,,53,97672,8f2b77997259d6be3353027fbb502927,1EDAFE98C7404D2B9451D7C0AC39EB17,1533976041467000,2018-08-11T09:27:21,,1220499683,IOS,,SkodaContentViewController,app,5176688217233934129,,1,,,,,,,5b339c74e0780714524430,,,,,,,,1533976041467000,8f2b77997259d6be3353027fbb502927,uk.co.skoda.assistant.ios,1.1.6,,1:571703561616:ios:777087d7f78ec12a,manual_install,tablet,Apple,iPad Air 2,,"iPad5,3",IOS,11.4.1,09A27059-9619-47A8-9DD1-B796AF2A09DF,,en-gb,No,3600,,,Europe,United Kingdom,Wales,Newport,,,(direct),(none),(direct)
20180829,1535557449875006,2018-08-29T16:44:09,screen_view,1535557437086006,2018-08-29T16:43:57,,53,97672,8f2b77997259d6be3353027fbb502927,1EDAFE98C7404D2B9451D7C0AC39EB17,1533976041467000,2018-08-11T09:27:21,,1220499683,IOS,,PresentationExploreSegmentedViewController,auto,5176688217233934134,,1,5176688217233934129,SkodaContentViewController,,,,,,,,,,,,,1533976041467000,8f2b77997259d6be3353027fbb502927,uk.co.skoda.assistant.ios,1.1.6,,1:571703561616:ios:777087d7f78ec12a,manual_install,tablet,Apple,iPad Air 2,,"iPad5,3",IOS,11.4.1,09A27059-9619-47A8-9DD1-B796AF2A09DF,,en-gb,No,3600,,,Europe,United Kingdom,Wales,Newport,,,(direct),(none),(direct)
20180829,1535557449875009,2018-08-29T16:44:09,user_engagement,1535557437085009,2018-08-29T16:43:57,,53,97672,8f2b77997259d6be3353027fbb502927,1EDAFE98C7404D2B9451D7C0AC39EB17,1533976041467000,2018-08-11T09:27:21,,1220499683,IOS,,SkodaContentViewController,auto,5176688217233934129,12789,,,,,,,,,,,,,,,,1533976041467000,8f2b77997259d6be3353027fbb502927,uk.co.skoda.assistant.ios,1.1.6,,1:571703561616:ios:777087d7f78ec12a,manual_install,tablet,Apple,iPad Air 2,,"iPad5,3",IOS,11.4.1,09A27059-9619-47A8-9DD1-B796AF2A09DF,,en-gb,No,3600,,,Europe,United Kingdom,Wales,Newport,,,(direct),(none),(direct)
20180829,1535557450195007,2018-08-29T16:44:10,screen_view,1535557449875007,2018-08-29T16:44:09,,53,97672,8f2b77997259d6be3353027fbb502927,1EDAFE98C7404D2B9451D7C0AC39EB17,1533976041467000,2018-08-11T09:27:21,,1220499683,IOS,,PresentationEditorViewController,auto,5176688217233934135,,1,5176688217233934134,PresentationExploreSegmentedViewController,,,,,,,,,,,,,1533976041467000,8f2b77997259d6be3353027fbb502927,uk.co.skoda.assistant.ios,1.1.6,,1:571703561616:ios:777087d7f78ec12a,manual_install,tablet,Apple,iPad Air 2,,"iPad5,3",IOS,11.4.1,09A27059-9619-47A8-9DD1-B796AF2A09DF,,en-gb,No,3600,,,Europe,United Kingdom,Wales,Newport,,,(direct),(none),(direct)
20180829,1535557452914008,2018-08-29T16:44:12,button_press,1535557447576008,2018-08-29T16:44:07,,53,97672,8f2b77997259d6be3353027fbb502927,1EDAFE98C7404D2B9451D7C0AC39EB17,1533976041467000,2018-08-11T09:27:21,,1220499683,IOS,,PresentationEditorViewController,app,5176688217233934135,,1,,,,,,presentation_home_email_presentation,,,,,,,,,1533976041467000,8f2b77997259d6be3353027fbb502927,uk.co.skoda.assistant.ios,1.1.6,,1:571703561616:ios:777087d7f78ec12a,manual_install,tablet,Apple,iPad Air 2,,"iPad5,3",IOS,11.4.1,09A27059-9619-47A8-9DD1-B796AF2A09DF,,en-gb,No,3600,,,Europe,United Kingdom,Wales,Newport,,,(direct),(none),(direct)
20180829,1535557453244009,2018-08-29T16:44:13,screen_view,1535557450195009,2018-08-29T16:44:10,,53,97672,8f2b77997259d6be3353027fbb502927,1EDAFE98C7404D2B9451D7C0AC39EB17,1533976041467000,2018-08-11T09:27:21,,1220499683,IOS,,MFMailComposeInternalViewController,auto,5176688217233934136,,1,5176688217233934135,PresentationEditorViewController,,,,,,,,,,,,,1533976041467000,8f2b77997259d6be3353027fbb502927,uk.co.skoda.assistant.ios,1.1.6,,1:571703561616:ios:777087d7f78ec12a,manual_install,tablet,Apple,iPad Air 2,,"iPad5,3",IOS,11.4.1,09A27059-9619-47A8-9DD1-B796AF2A09DF,,en-gb,No,3600,,,Europe,United Kingdom,Wales,Newport,,,(direct),(none),(direct)
20180829,1535557453244013,2018-08-29T16:44:13,user_engagement,1535557449875013,2018-08-29T16:44:09,,53,97672,8f2b77997259d6be3353027fbb502927,1EDAFE98C7404D2B9451D7C0AC39EB17,1533976041467000,2018-08-11T09:27:21,,1220499683,IOS,,PresentationEditorViewController,auto,5176688217233934135,3368,,,,,,,,,,,,,,,,1533976041467000,8f2b77997259d6be3353027fbb502927,uk.co.skoda.assistant.ios,1.1.6,,1:571703561616:ios:777087d7f78ec12a,manual_install,tablet,Apple,iPad Air 2,,"iPad5,3",IOS,11.4.1,09A27059-9619-47A8-9DD1-B796AF2A09DF,,en-gb,No,3600,,,Europe,United Kingdom,Wales,Newport,,,(direct),(none),(direct)
20180829,1535557479100015,2018-08-29T16:44:39,user_engagement,1535557453244015,2018-08-29T16:44:13,,53,97672,8f2b77997259d6be3353027fbb502927,1EDAFE98C7404D2B9451D7C0AC39EB17,1533976041467000,2018-08-11T09:27:21,,1220499683,IOS,,MFMailComposeInternalViewController,auto,5176688217233934136,25856,,,,,,,,,,,,,,,,1533976041467000,8f2b77997259d6be3353027fbb502927,uk.co.skoda.assistant.ios,1.1.6,,1:571703561616:ios:777087d7f78ec12a,manual_install,tablet,Apple,iPad Air 2,,"iPad5,3",IOS,11.4.1,09A27059-9619-47A8-9DD1-B796AF2A09DF,,en-gb,No,3600,,,Europe,United Kingdom,Wales,Newport,,,(direct),(none),(direct)
20180829,1535557489006000,2018-08-29T16:44:49,screen_view,1535557453244000,2018-08-29T16:44:13,,54,84404,8f2b77997259d6be3353027fbb502927,1EDAFE98C7404D2B9451D7C0AC39EB17,1533976041467000,2018-08-11T09:27:21,,1220499683,IOS,,PresentationEditorViewController,auto,5176688217233934135,,1,5176688217233934136,MFMailComposeInternalViewController,,,,,,,,,,,,,1533976041467000,8f2b77997259d6be3353027fbb502927,uk.co.skoda.assistant.ios,1.1.6,,1:571703561616:ios:777087d7f78ec12a,manual_install,tablet,Apple,iPad Air 2,,"iPad5,3",IOS,11.4.1,09A27059-9619-47A8-9DD1-B796AF2A09DF,,en-gb,No,3600,,,Europe,United Kingdom,Wales,Newport,,,(direct),(none),(direct)
20180829,1535557489006000,2018-08-29T16:44:49,user_engagement,1535557479100000,2018-08-29T16:44:39,,54,84404,8f2b77997259d6be3353027fbb502927,1EDAFE98C7404D2B9451D7C0AC39EB17,1533976041467000,2018-08-11T09:27:21,,1220499683,IOS,,MFMailComposeInternalViewController,auto,5176688217233934136,8087,,,,,,,,,,,,,,,,1533976041467000,8f2b77997259d6be3353027fbb502927,uk.co.skoda.assistant.ios,1.1.6,,1:571703561616:ios:777087d7f78ec12a,manual_install,tablet,Apple,iPad Air 2,,"iPad5,3",IOS,11.4.1,09A27059-9619-47A8-9DD1-B796AF2A09DF,,en-gb,No,3600,,,Europe,United Kingdom,Wales,Newport,,,(direct),(none),(direct)
20180829,1535557490043002,2018-08-29T16:44:50,user_engagement,1535557489006002,2018-08-29T16:44:49,,54,84404,8f2b77997259d6be3353027fbb502927,1EDAFE98C7404D2B9451D7C0AC39EB17,1533976041467000,2018-08-11T09:27:21,,1220499683,IOS,,PresentationEditorViewController,auto,5176688217233934135,1036,,,,,,,,,,,,,,,,1533976041467000,8f2b77997259d6be3353027fbb502927,uk.co.skoda.assistant.ios,1.1.6,,1:571703561616:ios:777087d7f78ec12a,manual_install,tablet,Apple,iPad Air 2,,"iPad5,3",IOS,11.4.1,09A27059-9619-47A8-9DD1-B796AF2A09DF,,en-gb,No,3600,,,Europe,United Kingdom,Wales,Newport,,,(direct),(none),(direct)
