event_date,event_timestamp,event_iso8601,event_name,event_previous_timestamp,event_previous_iso8601,event_value_in_usd,event_bundle_sequence_id,event_server_timestamp_offset,user_id,user_pseudo_id,user_first_touch_timestamp,user_first_touch_iso8601,user_ltv,stream_id,platform,event_dimensions,firebase_screen_class,firebase_event_origin,firebase_screen_id,engagement_time_msec,firebase_conversion,firebase_previous_id,firebase_previous_class,user_retailer,user_area,AnalyticsParameterTerm,button_name,AnalyticsParameterItemID,engine,Compared_vehicle_1,Compared_vehicle_2,update_with_analytics,previous_first_open_count,previous_app_version,Compared_vehicle_3,first_open_time,user_id,id,version,install_store,firebase_app_id,install_source,category,mobile_brand_name,mobile_model_name,mobile_marketing_name,mobile_os_hardware_model,operating_system,operating_system_version,vendor_id,advertising_id,language,is_limited_ad_tracking,time_zone_offset_seconds,browser,browser,continent,country,region,city,sub_continent,metro,name,medium,source
20180829,1535529143839001,2018-08-29T08:52:23,AnalyticsEventLogin,1535462442702001,2018-08-28T14:20:42,,219,88327,cc9c8ab3df6acfd2ca81c7bbef2e4c6a,7377B44DC66D47FE922EC1794773196F,1534866945842000,2018-08-21T16:55:45,,1220499683,IOS,,SplashViewController,app,8549608140516702891,,1,,,,1,cc9c8ab3df6acfd2ca81c7bbef2e4c6a,,,,,,,,,,1534866945842000,cc9c8ab3df6acfd2ca81c7bbef2e4c6a,uk.co.skoda.assistant.uat,1.1.6,,1:571703561616:ios:777087d7f78ec12a,manual_install,tablet,Apple,iPad,,"iPad7,5",IOS,11.4,,,en-gb,No,3600,,,Europe,United Kingdom,England,Newport Pagnell,,,(direct),(none),(direct)
20180829,1535529452944003,2018-08-29T08:57:32,AnalyticsEventLogin,1535184353962003,2018-08-25T09:05:53,,46,171866,3815d233c65e0ed5c46b0e210e2fe10c,A030146C3D7F4F43B80C6182F70A03C2,1534769254275000,2018-08-20T13:47:34,,1220499683,IOS,,SplashViewController,app,7419981379968766748,,1,,,,3,3815d233c65e0ed5c46b0e210e2fe10c,,,,,,,,,,1534769254275000,3815d233c65e0ed5c46b0e210e2fe10c,uk.co.skoda.assistant.ios,1.1.6,,1:571703561616:ios:777087d7f78ec12a,manual_install,tablet,Apple,iPad,,"iPad7,5",IOS,11.4.1,,,en-gb,No,3600,,,Europe,United Kingdom,England,Andover,,,(direct),(none),(direct)
20180829,1535529775774007,2018-08-29T09:02:55,AnalyticsEventLogin,1535459776398007,2018-08-28T13:36:16,,111,305505,352133e211bbdb63baa0ef1de05a92f6,14D78D5E23C341FCA0F179A27E5652EE,1534926269410000,2018-08-22T09:24:29,,1220499683,IOS,,SplashViewController,app,-4189340690112878122,,1,,,,1,352133e211bbdb63baa0ef1de05a92f6,,,,,,,,,,1534926269410000,352133e211bbdb63baa0ef1de05a92f6,uk.co.skoda.assistant.uat,1.1.3,,1:571703561616:ios:777087d7f78ec12a,manual_install,tablet,Apple,iPad Air 2,,"iPad5,4",IOS,11.4.1,A32BF78F-CE5A-45C8-8A8D-A28FC9819091,,en-gb,No,3600,,,Europe,United Kingdom,England,London,,,(direct),(none),(direct)
20180829,1535530892213002,2018-08-29T09:21:32,AnalyticsEventLogin,1535480840234002,2018-08-28T19:27:20,,89,152900,96b9cae1b9cb767955a1610196bbe477,0B88BF99ABB14601BCDCA9DD19AE9559,1534348675851000,2018-08-15T16:57:55,,1220499683,IOS,,SplashViewController,app,-7249943685492480008,,1,,,,1,96b9cae1b9cb767955a1610196bbe477,,,,,,,,,,1534348675851000,96b9cae1b9cb767955a1610196bbe477,uk.co.skoda.assistant.ios,1.1.6,,1:571703561616:ios:777087d7f78ec12a,manual_install,tablet,Apple,iPad,,"iPad7,5",IOS,11.4.1,,,en-gb,No,-25200,,,Europe,United Kingdom,England,Andover,,,(direct),(none),(direct)
20180829,1535531114906010,2018-08-29T09:25:14,AnalyticsEventLogin,1535451575800010,2018-08-28T11:19:35,,213,106054,6adf7dcd7358e4c15d9a44c23348678f,CD40E53301BD4F62BA2C91352C14FB4C,1534751892109000,2018-08-20T08:58:12,,1220499683,IOS,,SplashViewController,app,-970542389135931802,,1,,,,3,6adf7dcd7358e4c15d9a44c23348678f,,,,,,,,,,1534751892109000,6adf7dcd7358e4c15d9a44c23348678f,uk.co.skoda.assistant.ios,1.1.6,,1:571703561616:ios:777087d7f78ec12a,manual_install,tablet,Apple,iPad,,"iPad7,6",IOS,11.4.1,,,en-gb,No,3600,,,Europe,United Kingdom,England,Andover,,,(direct),(none),(direct)
20180829,1535531476129001,2018-08-29T09:31:16,AnalyticsEventLogin,1535470630282001,2018-08-28T16:37:10,,73,336257,cdacf5419947b286b98cd669991f534a,D7665953F7DE47F791BFD2F71BCEC745,1534254909946000,2018-08-14T14:55:09,,1220499683,IOS,,SplashViewController,app,5537654674160040719,,1,,,,1,cdacf5419947b286b98cd669991f534a,,,,,,,,,,1534254909946000,cdacf5419947b286b98cd669991f534a,uk.co.skoda.assistant.ios,1.1.6,,1:571703561616:ios:777087d7f78ec12a,manual_install,tablet,Apple,iPad,,"iPad7,5",IOS,11.4.1,,,en-gb,No,-25200,,,Europe,United Kingdom,England,London,,,(direct),(none),(direct)
20180829,1535532084028001,2018-08-29T09:41:24,AnalyticsEventLogin,1535116891874001,2018-08-24T14:21:31,,23,66133,1b537722419fcaeeda617408f78f5d72,9BF5745711734138AD1E9DAE144722AB,1534929994251000,2018-08-22T10:26:34,,1220499683,IOS,,SplashViewController,app,8371214745814010294,,1,,,,1,1b537722419fcaeeda617408f78f5d72,,,,,,,,,,1534929994251000,1b537722419fcaeeda617408f78f5d72,uk.co.skoda.assistant.ios,1.1.6,,1:571703561616:ios:777087d7f78ec12a,manual_install,tablet,Apple,iPad Air 2,,"iPad5,4",IOS,11.4.1,,,en-gb,No,3600,,,Europe,United Kingdom,England,London,,,(direct),(none),(direct)
20180829,1535533398440001,2018-08-29T10:03:18,AnalyticsEventLogin,1534753990412001,2018-08-20T09:33:10,,38,165697,0e54e19c4e691e1b89af2585c70d4acd,39CCEC8C480C4901A6EF5F5553E7F22A,1534328809706000,2018-08-15T11:26:49,,1220499683,IOS,,SplashViewController,app,-1905423073944543930,,1,,,,3,0e54e19c4e691e1b89af2585c70d4acd,,,,,,,,,,1534328809706000,0e54e19c4e691e1b89af2585c70d4acd,uk.co.skoda.assistant.ios,1.1.6,,1:571703561616:ios:777087d7f78ec12a,manual_install,tablet,Apple,iPad,,"iPad7,5",IOS,11.4.1,,,en-gb,No,3600,,,Europe,United Kingdom,England,Andover,,,(direct),(none),(direct)
20180829,1535533534893001,2018-08-29T10:05:34,AnalyticsEventLogin,1535464381586001,2018-08-28T14:53:01,,16,34854,6a618b77d08300f8cb0cfb6bd619c9c9,122A4297CA874280B4CD2FA347C4AFEB,1535447121442000,2018-08-28T10:05:21,,1220499683,IOS,,SplashViewController,app,-276605407780152137,,1,,,,0,6a618b77d08300f8cb0cfb6bd619c9c9,,,,,,,,,,1535447121442000,6a618b77d08300f8cb0cfb6bd619c9c9,uk.co.skoda.assistant.test,1.1.6,,1:571703561616:ios:777087d7f78ec12a,manual_install,tablet,Apple,iPad 5th gen,,"iPad6,11",IOS,11.4.1,,,en-gb,No,3600,,,Europe,United Kingdom,England,Bristol,,,(direct),(none),(direct)
20180829,1535533625634001,2018-08-29T10:07:05,AnalyticsEventLogin,,,,4,109479,,12E6C1DFE1EC4F3FBD4EEE00D2C79EEB,1535286409676000,2018-08-26T13:26:49,,1220499683,IOS,,SplashViewController,app,8866720084579865575,,1,,,,8,27a773ed5ce9ed04a0580b749b5dda9c,,,,,,,,,,1535286409676000,,uk.co.skoda.assistant.ios,1.1.6,,1:571703561616:ios:777087d7f78ec12a,manual_install,tablet,Apple,iPad 5th gen,,"iPad6,11",IOS,11.4,,,en-gb,No,3600,,,Europe,United Kingdom,England,Birmingham,,,(direct),(none),(direct)
20180829,1535533747671007,2018-08-29T10:09:07,AnalyticsEventLogin,1535529775774007,2018-08-29T09:02:55,,113,305507,352133e211bbdb63baa0ef1de05a92f6,14D78D5E23C341FCA0F179A27E5652EE,1534926269410000,2018-08-22T09:24:29,,1220499683,IOS,,SplashViewController,app,-4189340690112878122,,1,,,,1,352133e211bbdb63baa0ef1de05a92f6,,,,,,,,,,1534926269410000,352133e211bbdb63baa0ef1de05a92f6,uk.co.skoda.assistant.uat,1.1.3,,1:571703561616:ios:777087d7f78ec12a,manual_install,tablet,Apple,iPad Air 2,,"iPad5,4",IOS,11.4.1,A32BF78F-CE5A-45C8-8A8D-A28FC9819091,,en-gb,No,3600,,,Europe,United Kingdom,England,London,,,(direct),(none),(direct)
20180829,1535533926923001,2018-08-29T10:12:06,AnalyticsEventLogin,1535533534893001,2018-08-29T10:05:34,,23,127622,6a618b77d08300f8cb0cfb6bd619c9c9,122A4297CA874280B4CD2FA347C4AFEB,1535447121442000,2018-08-28T10:05:21,,1220499683,IOS,,SplashViewController,app,-1960452987742547585,,1,,,,0,6a618b77d08300f8cb0cfb6bd619c9c9,,,,,,,,,,1535447121442000,6a618b77d08300f8cb0cfb6bd619c9c9,uk.co.skoda.assistant.test,1.1.6,,1:571703561616:ios:777087d7f78ec12a,manual_install,tablet,Apple,iPad 5th gen,,"iPad6,11",IOS,11.4.1,,,en-gb,No,3600,,,Europe,United Kingdom,England,Bristol,,,(direct),(none),(direct)
20180829,1535534043234001,2018-08-29T10:14:03,AnalyticsEventLogin,,,,3,144033,,A9D750AECB6B4381BE23FD8F809F088B,1535533324747000,2018-08-29T10:02:04,,1220499683,IOS,,SplashViewController,app,7051004047525632035,,1,,,,1,b8140050d3b610ff8a93bef7a6d60f0d,,,,,,,,,,1535533324747000,,uk.co.skoda.assistant.ios,1.1.6,,1:571703561616:ios:777087d7f78ec12a,manual_install,tablet,Apple,iPad,,"iPad7,5",IOS,11.4.1,,,en-gb,No,-25200,,,Europe,United Kingdom,England,Andover,,,(direct),(none),(direct)
20180829,1535534431938001,2018-08-29T10:20:31,AnalyticsEventLogin,1535031538047001,2018-08-23T14:38:58,,61,82336,ba946113c0e08d7a4a1358ea0077a98e,5783228E70934E968FF40707CC1971D8,1534951137328000,2018-08-22T16:18:57,,1220499683,IOS,,SplashViewController,app,-8006726766134836490,,1,,,,1,ba946113c0e08d7a4a1358ea0077a98e,,,,,,,,,,1534951137328000,ba946113c0e08d7a4a1358ea0077a98e,uk.co.skoda.assistant.uat,1.1.7,,1:571703561616:ios:777087d7f78ec12a,manual_install,tablet,Apple,iPad Air 2,,"iPad5,4",IOS,11.4.1,,,en-gb,No,3600,,,Europe,United Kingdom,England,London,,,(direct),(none),(direct)
20180829,1535534454253001,2018-08-29T10:20:54,AnalyticsEventLogin,1535531114906001,2018-08-29T09:25:14,,221,117381,6adf7dcd7358e4c15d9a44c23348678f,CD40E53301BD4F62BA2C91352C14FB4C,1534751892109000,2018-08-20T08:58:12,,1220499683,IOS,,SplashViewController,app,-5098327230150829070,,1,,,,3,6adf7dcd7358e4c15d9a44c23348678f,,,,,,,,,,1534751892109000,6adf7dcd7358e4c15d9a44c23348678f,uk.co.skoda.assistant.ios,1.1.6,,1:571703561616:ios:777087d7f78ec12a,manual_install,tablet,Apple,iPad,,"iPad7,6",IOS,11.4.1,,,en-gb,No,3600,,,Europe,United Kingdom,England,Andover,,,(direct),(none),(direct)
20180829,1535535023557001,2018-08-29T10:30:23,AnalyticsEventLogin,,,,2,61507,,005CD1EBC43740318D623F44188D5C9B,1535535008011000,2018-08-29T10:30:08,,1220499683,IOS,,SplashViewController,app,8823697641706503978,,1,,,,0,6a618b77d08300f8cb0cfb6bd619c9c9,,,,,,,,,,1535535008011000,,uk.co.skoda.assistant.test,1.1.6,,1:571703561616:ios:777087d7f78ec12a,manual_install,tablet,Apple,iPad 5th gen,,"iPad6,11",IOS,11.4.1,,,en-gb,No,3600,,,Europe,United Kingdom,England,Bristol,,,(direct),(none),(direct)
20180829,1535536714171001,2018-08-29T10:58:34,AnalyticsEventLogin,1535019781321001,2018-08-23T11:23:01,,14,189538,ba946113c0e08d7a4a1358ea0077a98e,B82ADB697C2140B59BADCDEEB8509769,1535019703852000,2018-08-23T11:21:43,,1220499683,IOS,,SplashViewController,app,-7134482481562243140,,1,,,,0,ba946113c0e08d7a4a1358ea0077a98e,,,,,,,,,,1535019703852000,ba946113c0e08d7a4a1358ea0077a98e,uk.co.skoda.assistant.test,1.1.6,,1:571703561616:ios:777087d7f78ec12a,manual_install,tablet,Apple,iPad Air 2,,"iPad5,4",IOS,11.4.1,,,en-gb,No,3600,,,Europe,United Kingdom,England,London,,,(direct),(none),(direct)
20180829,1535537196795004,2018-08-29T11:06:36,AnalyticsEventLogin,1535444668464004,2018-08-28T09:24:28,,36,160533,e65ed16c595914f10b59a8d872f916b0,52A0FD435CAA428E86D603157F72F23A,1534758431647000,2018-08-20T10:47:11,,1220499683,IOS,,SplashViewController,app,-5074745263819787414,,1,,,,3,e65ed16c595914f10b59a8d872f916b0,,,,,,,,,,1534758431647000,e65ed16c595914f10b59a8d872f916b0,uk.co.skoda.assistant.ios,1.1.6,,1:571703561616:ios:777087d7f78ec12a,manual_install,tablet,Apple,iPad,,"iPad7,5",IOS,11.4.1,,,en-gb,No,3600,,,Europe,United Kingdom,England,Andover,,,(direct),(none),(direct)
20180829,1535537252322003,2018-08-29T11:07:32,AnalyticsEventLogin,1535533625634003,2018-08-29T10:07:05,,16,70236,27a773ed5ce9ed04a0580b749b5dda9c,12E6C1DFE1EC4F3FBD4EEE00D2C79EEB,1535286409676000,2018-08-26T13:26:49,,1220499683,IOS,,SplashViewController,app,91144493130371399,,1,,,,8,27a773ed5ce9ed04a0580b749b5dda9c,,,,,,,,,,1535286409676000,27a773ed5ce9ed04a0580b749b5dda9c,uk.co.skoda.assistant.ios,1.1.6,,1:571703561616:ios:777087d7f78ec12a,manual_install,tablet,Apple,iPad 5th gen,,"iPad6,11",IOS,11.4,,,en-gb,No,3600,,,Europe,United Kingdom,England,Birmingham,,,(direct),(none),(direct)
20180829,1535537800828001,2018-08-29T11:16:40,AnalyticsEventLogin,1535441537399001,2018-08-28T08:32:17,,111,390143,5923b6e92cddb92053bd283b9bcb6730,CF72BE0F3C0C46338C1F4580FD621EF6,1533816862477000,2018-08-09T13:14:22,,1220499683,IOS,,SplashViewController,app,5370564723095293801,,1,,,,4,5923b6e92cddb92053bd283b9bcb6730,,,,,,,,,,1533816862477000,5923b6e92cddb92053bd283b9bcb6730,uk.co.skoda.assistant.ios,1.1.6,,1:571703561616:ios:777087d7f78ec12a,manual_install,tablet,Apple,iPad,,"iPad7,6",IOS,11.4.1,,,en-gb,No,3600,,,Europe,United Kingdom,England,Nottingham,,,(direct),(none),(direct)
20180829,1535537968091007,2018-08-29T11:19:28,AnalyticsEventLogin,1535533747671007,2018-08-29T10:09:07,,115,305509,352133e211bbdb63baa0ef1de05a92f6,14D78D5E23C341FCA0F179A27E5652EE,1534926269410000,2018-08-22T09:24:29,,1220499683,IOS,,SplashViewController,app,-4189340690112878122,,1,,,,1,352133e211bbdb63baa0ef1de05a92f6,,,,,,,,,,1534926269410000,352133e211bbdb63baa0ef1de05a92f6,uk.co.skoda.assistant.uat,1.1.3,,1:571703561616:ios:777087d7f78ec12a,manual_install,tablet,Apple,iPad Air 2,,"iPad5,4",IOS,11.4.1,A32BF78F-CE5A-45C8-8A8D-A28FC9819091,,en-gb,No,3600,,,Europe,United Kingdom,England,London,,,(direct),(none),(direct)
20180829,1535537970342015,2018-08-29T11:19:30,AnalyticsEventLogin,1535454409011015,2018-08-28T12:06:49,,212,91710,c6b535f66ecd3748583afa7e7b39bb3b,9D05C71DD0774D72B4326C0273C3570F,1533819733967000,2018-08-09T14:02:13,,1220499683,IOS,,SplashViewController,app,964496880845775960,,1,,,,4,c6b535f66ecd3748583afa7e7b39bb3b,,,,,,,,,,1533819733967000,c6b535f66ecd3748583afa7e7b39bb3b,uk.co.skoda.assistant.ios,1.1.6,,1:571703561616:ios:777087d7f78ec12a,manual_install,tablet,Apple,iPad,,"iPad7,5",IOS,11.4.1,,,en-gb,No,3600,,,Europe,United Kingdom,England,Nottingham,,,(direct),(none),(direct)
20180829,1535539988916001,2018-08-29T11:53:08,AnalyticsEventLogin,1535534431938001,2018-08-29T10:20:31,,66,72145,ba946113c0e08d7a4a1358ea0077a98e,5783228E70934E968FF40707CC1971D8,1534951137328000,2018-08-22T16:18:57,,1220499683,IOS,,SplashViewController,app,5797213001127530433,,1,,,,1,ba946113c0e08d7a4a1358ea0077a98e,,,,,,,,,,1534951137328000,ba946113c0e08d7a4a1358ea0077a98e,uk.co.skoda.assistant.uat,1.1.7,,1:571703561616:ios:777087d7f78ec12a,manual_install,tablet,Apple,iPad Air 2,,"iPad5,4",IOS,11.4.1,,,en-gb,No,3600,,,Europe,United Kingdom,England,London,,,(direct),(none),(direct)
20180829,1535540495051001,2018-08-29T12:01:35,AnalyticsEventLogin,1535461294912001,2018-08-28T14:01:34,,112,180824,edc414157e224dd8c2045f87cbb52c7b,2C9580CD92C74F0BBD053576BD11AA51,1534253270072000,2018-08-14T14:27:50,,1220499683,IOS,,SplashViewController,app,-2135305417362460765,,1,,,,3,edc414157e224dd8c2045f87cbb52c7b,,,,,,,,,,1534253270072000,edc414157e224dd8c2045f87cbb52c7b,uk.co.skoda.assistant.ios,1.1.6,,1:571703561616:ios:777087d7f78ec12a,manual_install,tablet,Apple,iPad,,"iPad7,6",IOS,11.4.1,,,en-gb,No,3600,,,Europe,United Kingdom,England,London,,,(direct),(none),(direct)
20180829,1535540855491001,2018-08-29T12:07:35,AnalyticsEventLogin,,,,6,100180,,31A7EDAD427043C0BFD2C44CE78B4293,1534943788295000,2018-08-22T14:16:28,,1220499683,IOS,,SplashViewController,app,5970905877229776692,,1,,,,1,26ba0412a6b291ec3aed55794cd0e7bb,,,,,,,,,,1534943788295000,,uk.co.skoda.assistant.ios,1.1.6,,1:571703561616:ios:777087d7f78ec12a,manual_install,tablet,Apple,iPad 5th gen,,"iPad6,11",IOS,11.4.1,,,en-gb,No,3600,,,Europe,United Kingdom,England,Birmingham,,,(direct),(none),(direct)
20180829,1535542401834001,2018-08-29T12:33:21,AnalyticsEventLogin,1535187705814001,2018-08-25T10:01:45,,69,105589,9801ea9bd1869c5c827ba092c9c2f678,483D696063AF449395F5A96439B79B60,1533913118902000,2018-08-10T15:58:38,,1220499683,IOS,,SplashViewController,app,1670940663789272801,,1,,,,4,9801ea9bd1869c5c827ba092c9c2f678,,,,,,,,,,1533913118902000,9801ea9bd1869c5c827ba092c9c2f678,uk.co.skoda.assistant.ios,1.1.6,,1:571703561616:ios:777087d7f78ec12a,manual_install,tablet,Apple,iPad,,"iPad7,5",IOS,11.4.1,,,en-gb,No,3600,,,Europe,United Kingdom,England,Nottingham,,,(direct),(none),(direct)
20180829,1535542539005001,2018-08-29T12:35:39,AnalyticsEventLogin,1535536714171001,2018-08-29T10:58:34,,30,64167,ba946113c0e08d7a4a1358ea0077a98e,B82ADB697C2140B59BADCDEEB8509769,1535019703852000,2018-08-23T11:21:43,,1220499683,IOS,,SplashViewController,app,-7332700297110623571,,1,,,,0,ba946113c0e08d7a4a1358ea0077a98e,,,,,,,,,,1535019703852000,ba946113c0e08d7a4a1358ea0077a98e,uk.co.skoda.assistant.test,1.1.7,,1:571703561616:ios:777087d7f78ec12a,manual_install,tablet,Apple,iPad Air 2,,"iPad5,4",IOS,11.4.1,,,en-gb,No,3600,,,Europe,United Kingdom,England,London,,,(direct),(none),(direct)
20180829,1535542754118001,2018-08-29T12:39:14,AnalyticsEventLogin,1535542539005001,2018-08-29T12:35:39,,33,57363,ba946113c0e08d7a4a1358ea0077a98e,B82ADB697C2140B59BADCDEEB8509769,1535019703852000,2018-08-23T11:21:43,,1220499683,IOS,,SplashViewController,app,8610847210683230280,,1,,,,0,ba946113c0e08d7a4a1358ea0077a98e,,,,,,,,,,1535019703852000,ba946113c0e08d7a4a1358ea0077a98e,uk.co.skoda.assistant.test,1.1.7,,1:571703561616:ios:777087d7f78ec12a,manual_install,tablet,Apple,iPad Air 2,,"iPad5,4",IOS,11.4.1,,,en-gb,No,3600,,,Europe,United Kingdom,England,London,,,(direct),(none),(direct)
20180829,1535542786578001,2018-08-29T12:39:46,AnalyticsEventLogin,1535542754118001,2018-08-29T12:39:14,,35,237610,ba946113c0e08d7a4a1358ea0077a98e,B82ADB697C2140B59BADCDEEB8509769,1535019703852000,2018-08-23T11:21:43,,1220499683,IOS,,SplashViewController,app,8417064327492935145,,1,,,,0,ba946113c0e08d7a4a1358ea0077a98e,,,,,,,,,,1535019703852000,ba946113c0e08d7a4a1358ea0077a98e,uk.co.skoda.assistant.test,1.1.7,,1:571703561616:ios:777087d7f78ec12a,manual_install,tablet,Apple,iPad Air 2,,"iPad5,4",IOS,11.4.1,,,en-gb,No,3600,,,Europe,United Kingdom,England,London,,,(direct),(none),(direct)
20180829,1535542957644002,2018-08-29T12:42:37,AnalyticsEventLogin,1535101662363002,2018-08-24T10:07:42,,15,101559,ca6a908acc5d9b22e1f92b06781b07a9,34DB4AD6741342CD93885057A27A4C90,1533821671647000,2018-08-09T14:34:31,,1220499683,IOS,,SplashViewController,app,-362460847759049982,,1,,,,4,ca6a908acc5d9b22e1f92b06781b07a9,,,,,,,,,,1533821671647000,ca6a908acc5d9b22e1f92b06781b07a9,uk.co.skoda.assistant.ios,1.1.6,,1:571703561616:ios:777087d7f78ec12a,manual_install,tablet,Apple,iPad,,"iPad7,5",IOS,11.4.1,,,en-gb,No,3600,,,Europe,United Kingdom,England,Nottingham,,,(direct),(none),(direct)
20180829,1535543072201003,2018-08-29T12:44:32,AnalyticsEventLogin,1535104239183003,2018-08-24T10:50:39,,31,1403766,c0795c1b0be2d3efe8c6cc158277dc44,F7993CD81B8D4DFEB0424CF94D2EA130,1534952797272000,2018-08-22T16:46:37,,1220499683,IOS,,SplashViewController,app,-5426362898991794806,,1,,,,3,c0795c1b0be2d3efe8c6cc158277dc44,,,,,,,,,,1534952797272000,c0795c1b0be2d3efe8c6cc158277dc44,uk.co.skoda.assistant.ios,1.1.6,,1:571703561616:ios:777087d7f78ec12a,manual_install,tablet,Apple,iPad,,"iPad7,5",IOS,11.4.1,,,en-gb,No,3600,,,Europe,United Kingdom,England,London,,,(direct),(none),(direct)
20180829,1535545767182004,2018-08-29T13:29:27,AnalyticsEventLogin,1535278039522004,2018-08-26T11:07:19,,74,50577,cf45cf67225c8db6fae2aa19b9fc3f14,A6C4FC6E2A16448DACC5EF768EC0D466,1533915225464000,2018-08-10T16:33:45,,1220499683,IOS,,SplashViewController,app,1120063461576609441,,1,,,,8,cf45cf67225c8db6fae2aa19b9fc3f14,,,,,,,,,,1533915225464000,cf45cf67225c8db6fae2aa19b9fc3f14,uk.co.skoda.assistant.ios,1.1.6,,1:571703561616:ios:777087d7f78ec12a,manual_install,tablet,Apple,iPad 5th gen,,"iPad6,11",IOS,11.4.1,,,en-gb,No,3600,,,Europe,United Kingdom,England,Birmingham,,,(direct),(none),(direct)
20180829,1535546854548001,2018-08-29T13:47:34,AnalyticsEventLogin,,,,2,105754,,DC006A2B90D34FBF94E0CC3C42B52538,1535546745206000,2018-08-29T13:45:45,,1220499683,IOS,,SplashViewController,app,3782094526264168975,,1,,,,0,ba946113c0e08d7a4a1358ea0077a98e,,,,,,,,,,1535546745206000,,uk.co.skoda.assistant.test,1.1.7,,1:571703561616:ios:777087d7f78ec12a,manual_install,tablet,Apple,iPad Air 2,,"iPad5,4",IOS,11.4.1,,,en-gb,No,3600,,,Europe,United Kingdom,England,London,,,(direct),(none),(direct)
20180829,1535546860430001,2018-08-29T13:47:40,AnalyticsEventLogin,,,,2,468724,,70D168A4C87C4120865D9DA1D95684AF,1535546814992000,2018-08-29T13:46:54,,1220499683,IOS,,SplashViewController,app,-3167492771312255133,,1,,,,1,7b17711799bf9e41f4114f7d998ee54e,,,,,,,,,,1535546814992000,,uk.co.skoda.assistant.uat,1.1.6,,1:571703561616:ios:777087d7f78ec12a,manual_install,tablet,Apple,iPad 5th gen,,"iPad6,11",IOS,11.4.1,,,en-gb,No,3600,,,Europe,United Kingdom,England,Bristol,,,(direct),(none),(direct)
20180829,1535547099907001,2018-08-29T13:51:39,AnalyticsEventLogin,1535546854548001,2018-08-29T13:47:34,,7,100824,ba946113c0e08d7a4a1358ea0077a98e,DC006A2B90D34FBF94E0CC3C42B52538,1535546745206000,2018-08-29T13:45:45,,1220499683,IOS,,SplashViewController,app,4466858389555777243,,1,,,,0,ba946113c0e08d7a4a1358ea0077a98e,,,,,,,,,,1535546745206000,ba946113c0e08d7a4a1358ea0077a98e,uk.co.skoda.assistant.test,1.1.7,,1:571703561616:ios:777087d7f78ec12a,manual_install,tablet,Apple,iPad Air 2,,"iPad5,4",IOS,11.4.1,,,en-gb,No,3600,,,Europe,United Kingdom,England,London,,,(direct),(none),(direct)
20180829,1535547749601001,2018-08-29T14:02:29,AnalyticsEventLogin,1535547099907001,2018-08-29T13:51:39,,11,67563,ba946113c0e08d7a4a1358ea0077a98e,DC006A2B90D34FBF94E0CC3C42B52538,1535546745206000,2018-08-29T13:45:45,,1220499683,IOS,,SplashViewController,app,-2568797053873353533,,1,,,,0,ba946113c0e08d7a4a1358ea0077a98e,,,,,,,,,,1535546745206000,ba946113c0e08d7a4a1358ea0077a98e,uk.co.skoda.assistant.test,1.1.7,,1:571703561616:ios:777087d7f78ec12a,manual_install,tablet,Apple,iPad Air 2,,"iPad5,4",IOS,11.4.1,,,en-gb,No,3600,,,Europe,United Kingdom,England,London,,,(direct),(none),(direct)
20180829,1535547853888001,2018-08-29T14:04:13,AnalyticsEventLogin,1535547749601001,2018-08-29T14:02:29,,14,78132,ba946113c0e08d7a4a1358ea0077a98e,DC006A2B90D34FBF94E0CC3C42B52538,1535546745206000,2018-08-29T13:45:45,,1220499683,IOS,,SplashViewController,app,-483852119262409461,,1,,,,0,ba946113c0e08d7a4a1358ea0077a98e,,,,,,,,,,1535546745206000,ba946113c0e08d7a4a1358ea0077a98e,uk.co.skoda.assistant.test,1.1.7,,1:571703561616:ios:777087d7f78ec12a,manual_install,tablet,Apple,iPad Air 2,,"iPad5,4",IOS,11.4.1,,,en-gb,No,3600,,,Europe,United Kingdom,England,London,,,(direct),(none),(direct)
20180829,1535548082733001,2018-08-29T14:08:02,AnalyticsEventLogin,,,,2,424300,,CB3FEB7091B04C28B1C346643E420CB5,1535547987173000,2018-08-29T14:06:27,,1220499683,IOS,,SplashViewController,app,8423363233382753757,,1,,,,1,7b17711799bf9e41f4114f7d998ee54e,,,,,,,,,,1535547987173000,,uk.co.skoda.assistant.uat,1.1.6,,1:571703561616:ios:777087d7f78ec12a,manual_install,tablet,Apple,iPad 5th gen,,"iPad6,11",IOS,11.4.1,,,en-gb,No,3600,,,Europe,United Kingdom,England,Bristol,,,(direct),(none),(direct)
20180829,1535548262967001,2018-08-29T14:11:02,AnalyticsEventLogin,1535469903659001,2018-08-28T16:25:03,,15,81840,1b537722419fcaeeda617408f78f5d72,D31B89327DC04B1FB78742BB37A6A6AD,1535469858649000,2018-08-28T16:24:18,,1220499683,IOS,,SplashViewController,app,-7214799512009187805,,1,,,,1,1b537722419fcaeeda617408f78f5d72,,,,,,,,,,1535469858649000,1b537722419fcaeeda617408f78f5d72,uk.co.skoda.assistant.uat,1.1.7,,1:571703561616:ios:777087d7f78ec12a,manual_install,tablet,Apple,iPad Air 2,,"iPad5,4",IOS,11.4.1,,,en-gb,No,3600,,,Europe,United Kingdom,England,London,,,(direct),(none),(direct)
20180829,1535548337719001,2018-08-29T14:12:17,AnalyticsEventLogin,1535547853888001,2018-08-29T14:04:13,,17,71696,ba946113c0e08d7a4a1358ea0077a98e,DC006A2B90D34FBF94E0CC3C42B52538,1535546745206000,2018-08-29T13:45:45,,1220499683,IOS,,SplashViewController,app,4009556246499342452,,1,,,,0,ba946113c0e08d7a4a1358ea0077a98e,,,,,,,,,,1535546745206000,ba946113c0e08d7a4a1358ea0077a98e,uk.co.skoda.assistant.test,1.1.7,,1:571703561616:ios:777087d7f78ec12a,manual_install,tablet,Apple,iPad Air 2,,"iPad5,4",IOS,11.4.1,,,en-gb,No,3600,,,Europe,United Kingdom,England,London,,,(direct),(none),(direct)
20180829,1535549308790001,2018-08-29T14:28:28,AnalyticsEventLogin,,,,2,53259,,D0E62C2A40284F8C9468C815BEB378A1,1535549278809000,2018-08-29T14:27:58,,1220499683,IOS,,SplashViewController,app,-7365834083796793833,,1,,,,0,6a618b77d08300f8cb0cfb6bd619c9c9,,,,,,,,,,1535549278809000,,uk.co.skoda.assistant.test,1.1.7,,1:571703561616:ios:777087d7f78ec12a,manual_install,tablet,Apple,iPad 5th gen,,"iPad6,11",IOS,11.4.1,,,en-gb,No,3600,,,Europe,United Kingdom,England,Bristol,,,(direct),(none),(direct)
20180829,1535549356158002,2018-08-29T14:29:16,AnalyticsEventLogin,1535530892213002,2018-08-29T09:21:32,,106,2171387,96b9cae1b9cb767955a1610196bbe477,0B88BF99ABB14601BCDCA9DD19AE9559,1534348675851000,2018-08-15T16:57:55,,1220499683,IOS,,SplashViewController,app,6242823001408267223,,1,,,,1,96b9cae1b9cb767955a1610196bbe477,,,,,,,,,,1534348675851000,96b9cae1b9cb767955a1610196bbe477,uk.co.skoda.assistant.ios,1.1.6,,1:571703561616:ios:777087d7f78ec12a,manual_install,tablet,Apple,iPad,,"iPad7,5",IOS,11.4.1,,,en-gb,No,-25200,,,Europe,United Kingdom,England,London,,,(direct),(none),(direct)
20180829,1535549800747001,2018-08-29T14:36:40,AnalyticsEventLogin,1535539988916001,2018-08-29T11:53:08,,70,105397,ba946113c0e08d7a4a1358ea0077a98e,5783228E70934E968FF40707CC1971D8,1534951137328000,2018-08-22T16:18:57,,1220499683,IOS,,SplashViewController,app,6136825225178854523,,1,,,,1,ba946113c0e08d7a4a1358ea0077a98e,,,,,,,,,,1534951137328000,ba946113c0e08d7a4a1358ea0077a98e,uk.co.skoda.assistant.uat,1.1.7,,1:571703561616:ios:777087d7f78ec12a,manual_install,tablet,Apple,iPad Air 2,,"iPad5,4",IOS,11.4.1,,,en-gb,No,3600,,,Europe,United Kingdom,England,London,,,(direct),(none),(direct)
20180829,1535550267884001,2018-08-29T14:44:27,AnalyticsEventLogin,1535549800747001,2018-08-29T14:36:40,,75,79548,ba946113c0e08d7a4a1358ea0077a98e,5783228E70934E968FF40707CC1971D8,1534951137328000,2018-08-22T16:18:57,,1220499683,IOS,,SplashViewController,app,-1526090351550313118,,1,,,,1,ba946113c0e08d7a4a1358ea0077a98e,,,,,,,,,,1534951137328000,ba946113c0e08d7a4a1358ea0077a98e,uk.co.skoda.assistant.uat,1.1.7,,1:571703561616:ios:777087d7f78ec12a,manual_install,tablet,Apple,iPad Air 2,,"iPad5,4",IOS,11.4.1,,,en-gb,No,3600,,,Europe,United Kingdom,England,London,,,(direct),(none),(direct)
20180829,1535551731229001,2018-08-29T15:08:51,AnalyticsEventLogin,1535455501212001,2018-08-28T12:25:01,,87,132714,6776a5bbdb8392012a9c0ba2c19dac34,7DD2DAD06C3D42B293861A4E53DCC977,1534924685291000,2018-08-22T08:58:05,,1220499683,IOS,,SplashViewController,app,1188875215498756245,,1,,,,3,6776a5bbdb8392012a9c0ba2c19dac34,,,,,,,,,,1534924685291000,6776a5bbdb8392012a9c0ba2c19dac34,uk.co.skoda.assistant.ios,1.1.6,,1:571703561616:ios:777087d7f78ec12a,manual_install,tablet,Apple,iPad,,"iPad7,6",IOS,11.4.1,,,en-gb,No,3600,,,Europe,United Kingdom,England,London,,,(direct),(none),(direct)
20180829,1535552288834001,2018-08-29T15:18:08,AnalyticsEventLogin,1535019930948001,2018-08-23T11:25:30,,28,145931,da32f3bc62f2c2abf62680e457a110d2,D6FB27FF9E2A4784AFC7C3E80CBF2B7E,1534935558584000,2018-08-22T11:59:18,,1220499683,IOS,,SplashViewController,app,9152738656528423469,,1,,,,3,da32f3bc62f2c2abf62680e457a110d2,,,,,,,,,,1534935558584000,da32f3bc62f2c2abf62680e457a110d2,uk.co.skoda.assistant.ios,1.1.6,,1:571703561616:ios:777087d7f78ec12a,manual_install,tablet,Apple,iPad,,"iPad7,5",IOS,11.4.1,,,en-gb,No,3600,,,Europe,United Kingdom,England,London,,,(direct),(none),(direct)
20180829,1535552451336001,2018-08-29T15:20:51,AnalyticsEventLogin,1535550267884001,2018-08-29T14:44:27,,78,81752,ba946113c0e08d7a4a1358ea0077a98e,5783228E70934E968FF40707CC1971D8,1534951137328000,2018-08-22T16:18:57,,1220499683,IOS,,SplashViewController,app,1008387520062371243,,1,,,,1,ba946113c0e08d7a4a1358ea0077a98e,,,,,,,,,,1534951137328000,ba946113c0e08d7a4a1358ea0077a98e,uk.co.skoda.assistant.uat,1.1.7,,1:571703561616:ios:777087d7f78ec12a,manual_install,tablet,Apple,iPad Air 2,,"iPad5,4",IOS,11.4.1,,,en-gb,No,3600,,,Europe,United Kingdom,England,London,,,(direct),(none),(direct)
20180829,1535552541961001,2018-08-29T15:22:21,AnalyticsEventLogin,1535552451336001,2018-08-29T15:20:51,,81,75806,ba946113c0e08d7a4a1358ea0077a98e,5783228E70934E968FF40707CC1971D8,1534951137328000,2018-08-22T16:18:57,,1220499683,IOS,,SplashViewController,app,-6678687925883258554,,1,,,,1,ba946113c0e08d7a4a1358ea0077a98e,,,,,,,,,,1534951137328000,ba946113c0e08d7a4a1358ea0077a98e,uk.co.skoda.assistant.uat,1.1.7,,1:571703561616:ios:777087d7f78ec12a,manual_install,tablet,Apple,iPad Air 2,,"iPad5,4",IOS,11.4.1,,,en-gb,No,3600,,,Europe,United Kingdom,England,London,,,(direct),(none),(direct)
20180829,1535552920863001,2018-08-29T15:28:40,AnalyticsEventLogin,1535552541961001,2018-08-29T15:22:21,,84,78356,ba946113c0e08d7a4a1358ea0077a98e,5783228E70934E968FF40707CC1971D8,1534951137328000,2018-08-22T16:18:57,,1220499683,IOS,,SplashViewController,app,1224847455107851393,,1,,,,1,ba946113c0e08d7a4a1358ea0077a98e,,,,,,,,,,1534951137328000,ba946113c0e08d7a4a1358ea0077a98e,uk.co.skoda.assistant.uat,1.1.7,,1:571703561616:ios:777087d7f78ec12a,manual_install,tablet,Apple,iPad Air 2,,"iPad5,4",IOS,11.4.1,,,en-gb,No,3600,,,Europe,United Kingdom,England,London,,,(direct),(none),(direct)
20180829,1535553005471001,2018-08-29T15:30:05,AnalyticsEventLogin,1535552920863001,2018-08-29T15:28:40,,87,98388,ba946113c0e08d7a4a1358ea0077a98e,5783228E70934E968FF40707CC1971D8,1534951137328000,2018-08-22T16:18:57,,1220499683,IOS,,SplashViewController,app,-923994951905297365,,1,,,,1,ba946113c0e08d7a4a1358ea0077a98e,,,,,,,,,,1534951137328000,ba946113c0e08d7a4a1358ea0077a98e,uk.co.skoda.assistant.uat,1.1.7,,1:571703561616:ios:777087d7f78ec12a,manual_install,tablet,Apple,iPad Air 2,,"iPad5,4",IOS,11.4.1,,,en-gb,No,3600,,,Europe,United Kingdom,England,London,,,(direct),(none),(direct)
20180829,1535553358173001,2018-08-29T15:35:58,AnalyticsEventLogin,1535540495051001,2018-08-29T12:01:35,,127,209466,edc414157e224dd8c2045f87cbb52c7b,2C9580CD92C74F0BBD053576BD11AA51,1534253270072000,2018-08-14T14:27:50,,1220499683,IOS,,SplashViewController,app,-6575195997575011652,,1,,,,3,edc414157e224dd8c2045f87cbb52c7b,,,,,,,,,,1534253270072000,edc414157e224dd8c2045f87cbb52c7b,uk.co.skoda.assistant.ios,1.1.6,,1:571703561616:ios:777087d7f78ec12a,manual_install,tablet,Apple,iPad,,"iPad7,6",IOS,11.4.1,,,en-gb,No,3600,,,Europe,United Kingdom,England,London,,,(direct),(none),(direct)
20180829,1535553524883001,2018-08-29T15:38:44,AnalyticsEventLogin,1535553005471001,2018-08-29T15:30:05,,90,86601,ba946113c0e08d7a4a1358ea0077a98e,5783228E70934E968FF40707CC1971D8,1534951137328000,2018-08-22T16:18:57,,1220499683,IOS,,SplashViewController,app,7018922485763443986,,1,,,,1,ba946113c0e08d7a4a1358ea0077a98e,,,,,,,,,,1534951137328000,ba946113c0e08d7a4a1358ea0077a98e,uk.co.skoda.assistant.uat,1.1.7,,1:571703561616:ios:777087d7f78ec12a,manual_install,tablet,Apple,iPad Air 2,,"iPad5,4",IOS,11.4.1,,,en-gb,No,3600,,,Europe,United Kingdom,England,London,,,(direct),(none),(direct)
20180829,1535553579697001,2018-08-29T15:39:39,AnalyticsEventLogin,1535553524883001,2018-08-29T15:38:44,,93,83793,ba946113c0e08d7a4a1358ea0077a98e,5783228E70934E968FF40707CC1971D8,1534951137328000,2018-08-22T16:18:57,,1220499683,IOS,,SplashViewController,app,3479520245731084179,,1,,,,1,ba946113c0e08d7a4a1358ea0077a98e,,,,,,,,,,1534951137328000,ba946113c0e08d7a4a1358ea0077a98e,uk.co.skoda.assistant.uat,1.1.7,,1:571703561616:ios:777087d7f78ec12a,manual_install,tablet,Apple,iPad Air 2,,"iPad5,4",IOS,11.4.1,,,en-gb,No,3600,,,Europe,United Kingdom,England,London,,,(direct),(none),(direct)
20180829,1535554046662001,2018-08-29T15:47:26,AnalyticsEventLogin,1534177589868001,2018-08-13T17:26:29,,39,205355,696c911815a7522e5ea87e8805be0883,37DB4FC1181E4F7A9C3BF76990FDD747,1533812960647000,2018-08-09T12:09:20,,1220499683,IOS,,SplashViewController,app,-2010729346857695422,,1,,,,1,e067a5452f0f29be2806dec15d947940,,,,,,,,,,1533812960647000,696c911815a7522e5ea87e8805be0883,uk.co.skoda.assistant.ios,1.1.6,,1:571703561616:ios:777087d7f78ec12a,manual_install,tablet,Apple,iPad Air 2,,"iPad5,3",IOS,11.4.1,31BAE25F-8B65-4294-B231-4F49BB045774,,en-gb,No,3600,,,Europe,United Kingdom,Wales,Newport,,,(direct),(none),(direct)
20180829,1535554446446001,2018-08-29T15:54:06,AnalyticsEventLogin,1535537800828001,2018-08-29T11:16:40,,117,105934,5923b6e92cddb92053bd283b9bcb6730,CF72BE0F3C0C46338C1F4580FD621EF6,1533816862477000,2018-08-09T13:14:22,,1220499683,IOS,,SplashViewController,app,8066943244169021220,,1,,,,4,5923b6e92cddb92053bd283b9bcb6730,,,,,,,,,,1533816862477000,5923b6e92cddb92053bd283b9bcb6730,uk.co.skoda.assistant.ios,1.1.6,,1:571703561616:ios:777087d7f78ec12a,manual_install,tablet,Apple,iPad,,"iPad7,6",IOS,11.4.1,,,en-gb,No,3600,,,Europe,United Kingdom,England,Nottingham,,,(direct),(none),(direct)
20180829,1535557283222001,2018-08-29T16:41:23,AnalyticsEventLogin,1535554446446001,2018-08-29T15:54:06,,121,92597,5923b6e92cddb92053bd283b9bcb6730,CF72BE0F3C0C46338C1F4580FD621EF6,1533816862477000,2018-08-09T13:14:22,,1220499683,IOS,,SplashViewController,app,6600130136643342842,,1,,,,4,5923b6e92cddb92053bd283b9bcb6730,,,,,,,,,,1533816862477000,5923b6e92cddb92053bd283b9bcb6730,uk.co.skoda.assistant.ios,1.1.6,,1:571703561616:ios:777087d7f78ec12a,manual_install,tablet,Apple,iPad,,"iPad7,6",IOS,11.4.1,,,en-gb,No,3600,,,Europe,United Kingdom,England,Nottingham,,,(direct),(none),(direct)
20180829,1535557370076001,2018-08-29T16:42:50,AnalyticsEventLogin,1535097616378001,2018-08-24T09:00:16,,49,508191,8f2b77997259d6be3353027fbb502927,1EDAFE98C7404D2B9451D7C0AC39EB17,1533976041467000,2018-08-11T09:27:21,,1220499683,IOS,,SplashViewController,app,5176688217233934127,,1,,,,1,8f2b77997259d6be3353027fbb502927,,,,,,,,,,1533976041467000,8f2b77997259d6be3353027fbb502927,uk.co.skoda.assistant.ios,1.1.6,,1:571703561616:ios:777087d7f78ec12a,manual_install,tablet,Apple,iPad Air 2,,"iPad5,3",IOS,11.4.1,09A27059-9619-47A8-9DD1-B796AF2A09DF,,en-gb,No,3600,,,Europe,United Kingdom,Wales,Newport,,,(direct),(none),(direct)
20180829,1535559537551001,2018-08-29T17:18:57,AnalyticsEventLogin,,,,6,-1488546,,2238582BA9A54A1EA26FAC8EE831050B,1535472722849000,2018-08-28T17:12:02,,1220499683,IOS,,SplashViewController,app,663068733484837410,,1,,,,1,1a9f4d0183ebff4d1b5a22b360df9183,,,,,,,,,,1535472722849000,,uk.co.skoda.assistant.uat,1.1.7,,1:571703561616:ios:777087d7f78ec12a,manual_install,tablet,Apple,iPad 5th gen,,"iPad6,11",IOS,11.4.1,,,en-gb,No,3600,,,Europe,United Kingdom,England,Newport Pagnell,,,(direct),(none),(direct)
