name,count
screen_view_LoginViewController,1
screen_view_SplashViewController,1
user_engagement_SplashViewController,1
user_engagement_LoginViewController,1
button_globalnav_range,1
button_range,1
screen_view_SkodaContentViewController,1
screen_view_RangeContentViewController,1
user_engagement_RangeContentViewController,1
button_globalnav_links,1
button_links,1
screen_view_SFSafariViewController,1
user_engagement_SkodaContentViewController,1
user_engagement_SFSafariViewController,1
button_globalnav_compare,1
button_compare,1
