name,count
button_globalnav_range,1
button_range,1
screen_view_SkodaContentViewController,1
screen_view_RangeContentViewController,1
button_range_home_business_toggle,1
button_range_home_retail_toggle,1
button_globalnav_compare,1
button_compare,1
user_engagement_RangeContentViewController,1
button_globalnav_presentation,1
button_presentation,1
button_globalnav_links,1
button_links,1
button_presentation_home_download_asset,1
user_engagement_SkodaContentViewController,1
button_range_home_trim_select,1
screen_view_TrimViewController,1
button_trim_home_engine_select,1
button_trim_home_trim_dropdown_select,1
button_trim_home_trim_select_from_dropdown,1
button_trim_home_view_full_details,1
user_engagement_TrimViewController,1
screen_view_EngineDetailsViewController,1
user_engagement_EngineDetailsViewController,1
button_compare_models,1
screen_view_ComparisonResultViewController,1
user_engagement_ComparisonResultViewController,1
screen_view_PresentationExploreSegmentedViewController,1
screen_view_PresentationEditorViewController,1
screen_view_AVPlayerViewController,1
user_engagement_PresentationEditorViewController,1
user_engagement_AVPlayerViewController,1
button_trim_home_save_selection,1
button_trim_home_view_interior,1
button_trim_home_view_exterior,1
screen_view_SFSafariViewController,1
user_engagement_SFSafariViewController,1
