name,count
screen_view_LoginViewController,1
screen_view_SplashViewController,1
user_engagement_SplashViewController,1
user_engagement_LoginViewController,1
button_globalnav_range,1
button_range,1
screen_view_SkodaContentViewController,1
screen_view_RangeContentViewController,1
button_globalnav_presentation,1
button_presentation,1
user_engagement_RangeContentViewController,1
user_engagement_SkodaContentViewController,1
button_globalnav_links,1
button_links,1
screen_view_SFSafariViewController,1
user_engagement_SFSafariViewController,1
button_presentation_home_my_presentations,1
screen_view_MyPresentationsViewController,1
screen_view_PresentationExploreSegmentedViewController,1
screen_view_PresentationEditorViewController,1
user_engagement_PresentationExploreSegmentedViewController,1
user_engagement_PresentationEditorViewController,1
button_range_home_trim_select,1
screen_view_TrimViewController,1
user_engagement_TrimViewController,1
button_globalnav_compare,1
button_compare,1
user_engagement_MyPresentationsViewController,1
button_range_home_filter_open,1
button_trim_home_engine_select,1
button_trim_home_save_selection,1
screen_view_EmailGeneratorViewController,1
button_email_create_email,1
user_engagement_EmailGeneratorViewController,1
screen_view_MFMailComposeInternalViewController,1
user_engagement_MFMailComposeInternalViewController,1
screen_view_SkodaAlertController,1
user_engagement_SkodaAlertController,1
button_refresh_session_dialogue_yes,1
screen_view_PresentationSlideOptionsPopoverViewController,1
user_engagement_PresentationSlideOptionsPopoverViewController,1
screen_view_TemplateViewController,1
user_engagement_TemplateViewController,1
screen_view_PresentationExploreAssetViewController,1
user_engagement_PresentationExploreAssetViewController,1
button_presentation_home_new_presentation,1
screen_view_CreateOrChoosePresentationViewController,1
button_presentation_home_create_presentation,1
user_engagement_CreateOrChoosePresentationViewController,1
button_presentation_home_email_presentation,1
button_trim_home_view_full_details,1
screen_view_EngineDetailsViewController,1
user_engagement_EngineDetailsViewController,1
button_trim_home_like_technology,1
button_refresh_session_dialogue,1
button_compare_models,1
screen_view_ComparisonResultViewController,1
user_engagement_ComparisonResultViewController,1
