name,count
screen_view_SplashViewController,1
screen_view_LoginViewController,1
user_engagement_LoginViewController,1
button_globalnav_range,1
button_range,1
screen_view_SkodaContentViewController,1
screen_view_RangeContentViewController,1
button_globalnav_compare,1
button_compare,1
user_engagement_RangeContentViewController,1
button_compare_models,1
user_engagement_SkodaContentViewController,1
screen_view_ComparisonResultViewController,1
button_compare_results_view_features,1
user_engagement_ComparisonResultViewController,1
screen_view_ComparisonFeaturesViewController,1
user_engagement_ComparisonFeaturesViewController,1
button_globalnav_presentation,1
button_presentation,1
button_globalnav_links,1
button_links,1
