name,count
screen_view_LoginViewController,1
screen_view_SplashViewController,1
user_engagement_SplashViewController,1
user_engagement_LoginViewController,1
button_globalnav_range,1
button_range,1
screen_view_SkodaContentViewController,1
screen_view_RangeContentViewController,1
button_range_home_trim_select,1
screen_view_TrimViewController,1
user_engagement_RangeContentViewController,1
button_trim_home_save_selection,1
user_engagement_TrimViewController,1
screen_view_EmailGeneratorViewController,1
button_email_create_email,1
user_engagement_EmailGeneratorViewController,1
screen_view_MFMailComposeInternalViewController,1
user_engagement_MFMailComposeInternalViewController,1
screen_view_SkodaAlertController,1
button_refresh_session_dialogue_yes,1
user_engagement_SkodaAlertController,1
button_range_home_business_toggle,1
button_range_home_filter_open,1
