name,count
screen_view_SplashViewController,1
screen_view_LoginViewController,1
user_engagement_LoginViewController,1
button_globalnav_range,1
button_range,1
screen_view_SkodaContentViewController,1
screen_view_RangeContentViewController,1
user_engagement_RangeContentViewController,1
button_range_home_filter_open,1
screen_view_ProfileViewController,1
user_engagement_ProfileViewController,1
screen_view_ProfileImageCaptureViewController,1
user_engagement_ProfileImageCaptureViewController,1
button_range_home_trim_select,1
screen_view_TrimViewController,1
button_trim_home_view_full_details,1
user_engagement_TrimViewController,1
screen_view_EngineDetailsViewController,1
user_engagement_EngineDetailsViewController,1
button_globalnav_compare,1
button_compare,1
button_compare_models,1
screen_view_ComparisonResultViewController,1
user_engagement_SkodaContentViewController,1
user_engagement_ComparisonResultViewController,1
button_trim_home_trim_dropdown_select,1
button_trim_home_trim_select_from_dropdown,1
button_trim_home_view_interior,1
button_trim_home_view_exterior,1
button_globalnav_presentation,1
button_presentation,1
screen_view_PresentationExploreSegmentedViewController,1
screen_view_PresentationEditorViewController,1
user_engagement_PresentationEditorViewController,1
button_globalnav_links,1
button_links,1
screen_view_SFSafariViewController,1
user_engagement_SFSafariViewController,1
