name,count
screen_view_LoginViewController,1
screen_view_SplashViewController,1
user_engagement_SplashViewController,1
user_engagement_LoginViewController,1
button_globalnav_range,1
button_range,1
screen_view_SkodaContentViewController,1
screen_view_RangeContentViewController,1
button_globalnav_presentation,1
button_presentation,1
user_engagement_RangeContentViewController,1
button_presentation_home_my_presentations,1
screen_view_MyPresentationsViewController,1
user_engagement_SkodaContentViewController,1
screen_view_PresentationExploreSegmentedViewController,1
user_engagement_MyPresentationsViewController,1
screen_view_PresentationEditorViewController,1
button_presentation_home_email_presentation,1
screen_view_MFMailComposeInternalViewController,1
user_engagement_PresentationEditorViewController,1
user_engagement_MFMailComposeInternalViewController,1
button_globalnav_compare,1
button_compare,1
screen_view_SkodaAlertController,1
user_engagement_SkodaAlertController,1
