user,name,count
ba946113c0e08d7a4a1358ea0077a98e,user_engagement_ComparisonResultViewController,1
ba946113c0e08d7a4a1358ea0077a98e,screen_view_LoginViewController,1
ba946113c0e08d7a4a1358ea0077a98e,screen_view_SplashViewController,1
ba946113c0e08d7a4a1358ea0077a98e,user_engagement_SplashViewController,1
ba946113c0e08d7a4a1358ea0077a98e,user_engagement_LoginViewController,1
ba946113c0e08d7a4a1358ea0077a98e,screen_view_ContentLoaderViewController,1
ba946113c0e08d7a4a1358ea0077a98e,user_engagement_ContentLoaderViewController,1
ba946113c0e08d7a4a1358ea0077a98e,button_globalnav_range,1
ba946113c0e08d7a4a1358ea0077a98e,button_range,1
ba946113c0e08d7a4a1358ea0077a98e,screen_view_SkodaContentViewController,1
ba946113c0e08d7a4a1358ea0077a98e,screen_view_RangeContentViewController,1
ba946113c0e08d7a4a1358ea0077a98e,user_engagement_RangeContentViewController,1
ba946113c0e08d7a4a1358ea0077a98e,button_range_home_trim_select,1
ba946113c0e08d7a4a1358ea0077a98e,screen_view_TrimViewController,1
ba946113c0e08d7a4a1358ea0077a98e,button_trim_home_view_full_details,1
ba946113c0e08d7a4a1358ea0077a98e,user_engagement_TrimViewController,1
ba946113c0e08d7a4a1358ea0077a98e,screen_view_EngineDetailsViewController,1
ba946113c0e08d7a4a1358ea0077a98e,user_engagement_EngineDetailsViewController,1
ba946113c0e08d7a4a1358ea0077a98e,button_trim_home_trim_dropdown_select,1
ba946113c0e08d7a4a1358ea0077a98e,button_trim_home_trim_select_from_dropdown,1
ba946113c0e08d7a4a1358ea0077a98e,button_trim_home_interior_gallery,1
ba946113c0e08d7a4a1358ea0077a98e,button_trim_home_exterior_gallery,1
ba946113c0e08d7a4a1358ea0077a98e,button_trim_home_view_interior,1
ba946113c0e08d7a4a1358ea0077a98e,button_trim_home_view_exterior,1
ba946113c0e08d7a4a1358ea0077a98e,screen_view_ProfileViewController,1
ba946113c0e08d7a4a1358ea0077a98e,user_engagement_ProfileViewController,1
ba946113c0e08d7a4a1358ea0077a98e,button_trim_home_save_selection,1
ba946113c0e08d7a4a1358ea0077a98e,button_trim_home_engine_select,1
ba946113c0e08d7a4a1358ea0077a98e,screen_view_UIAlertController,1
ba946113c0e08d7a4a1358ea0077a98e,user_engagement_UIAlertController,1
cc9c8ab3df6acfd2ca81c7bbef2e4c6a,screen_view_LoginViewController,1
cc9c8ab3df6acfd2ca81c7bbef2e4c6a,user_engagement_LoginViewController,1
cc9c8ab3df6acfd2ca81c7bbef2e4c6a,screen_view_SplashViewController,1
cc9c8ab3df6acfd2ca81c7bbef2e4c6a,screen_view_ContentLoaderViewController,1
cc9c8ab3df6acfd2ca81c7bbef2e4c6a,user_engagement_ContentLoaderViewController,1
cc9c8ab3df6acfd2ca81c7bbef2e4c6a,button_globalnav_range,1
cc9c8ab3df6acfd2ca81c7bbef2e4c6a,button_range,1
cc9c8ab3df6acfd2ca81c7bbef2e4c6a,screen_view_SkodaContentViewController,1
cc9c8ab3df6acfd2ca81c7bbef2e4c6a,screen_view_RangeContentViewController,1
cc9c8ab3df6acfd2ca81c7bbef2e4c6a,button_range_home_trim_select,1
cc9c8ab3df6acfd2ca81c7bbef2e4c6a,screen_view_TrimViewController,1
cc9c8ab3df6acfd2ca81c7bbef2e4c6a,user_engagement_RangeContentViewController,1
cc9c8ab3df6acfd2ca81c7bbef2e4c6a,button_trim_home_trim_dropdown_select,1
cc9c8ab3df6acfd2ca81c7bbef2e4c6a,button_trim_home_trim_select_from_dropdown,1
cc9c8ab3df6acfd2ca81c7bbef2e4c6a,user_engagement_TrimViewController,1
cc9c8ab3df6acfd2ca81c7bbef2e4c6a,button_globalnav_presentation,1
cc9c8ab3df6acfd2ca81c7bbef2e4c6a,button_presentation,1
cc9c8ab3df6acfd2ca81c7bbef2e4c6a,button_presentation_home_download_asset,1
cc9c8ab3df6acfd2ca81c7bbef2e4c6a,user_engagement_SkodaContentViewController,1
cc9c8ab3df6acfd2ca81c7bbef2e4c6a,screen_view_PresentationExploreSegmentedViewController,1
cc9c8ab3df6acfd2ca81c7bbef2e4c6a,screen_view_PresentationEditorViewController,1
cc9c8ab3df6acfd2ca81c7bbef2e4c6a,user_engagement_PresentationEditorViewController,1
cc9c8ab3df6acfd2ca81c7bbef2e4c6a,button_globalnav_links,1
cc9c8ab3df6acfd2ca81c7bbef2e4c6a,button_links,1
cc9c8ab3df6acfd2ca81c7bbef2e4c6a,screen_view_SFSafariViewController,1
cc9c8ab3df6acfd2ca81c7bbef2e4c6a,user_engagement_SFSafariViewController,1
cc9c8ab3df6acfd2ca81c7bbef2e4c6a,button_globalnav_compare,1
cc9c8ab3df6acfd2ca81c7bbef2e4c6a,button_compare,1
3815d233c65e0ed5c46b0e210e2fe10c,screen_view_LoginViewController,1
3815d233c65e0ed5c46b0e210e2fe10c,screen_view_SplashViewController,1
3815d233c65e0ed5c46b0e210e2fe10c,user_engagement_SplashViewController,1
3815d233c65e0ed5c46b0e210e2fe10c,user_engagement_LoginViewController,1
3815d233c65e0ed5c46b0e210e2fe10c,button_globalnav_range,1
3815d233c65e0ed5c46b0e210e2fe10c,button_range,1
3815d233c65e0ed5c46b0e210e2fe10c,screen_view_SkodaContentViewController,1
3815d233c65e0ed5c46b0e210e2fe10c,screen_view_RangeContentViewController,1
3815d233c65e0ed5c46b0e210e2fe10c,user_engagement_RangeContentViewController,1
3815d233c65e0ed5c46b0e210e2fe10c,button_globalnav_links,1
3815d233c65e0ed5c46b0e210e2fe10c,button_links,1
3815d233c65e0ed5c46b0e210e2fe10c,screen_view_SFSafariViewController,1
3815d233c65e0ed5c46b0e210e2fe10c,user_engagement_SkodaContentViewController,1
3815d233c65e0ed5c46b0e210e2fe10c,user_engagement_SFSafariViewController,1
3815d233c65e0ed5c46b0e210e2fe10c,button_globalnav_compare,1
3815d233c65e0ed5c46b0e210e2fe10c,button_compare,1
,user_engagement_LoginViewController,1
,screen_view_LoginViewController,1
,screen_view_SplashViewController,1
,screen_view_ContentLoaderViewController,1
,user_engagement_ContentLoaderViewController,1
352133e211bbdb63baa0ef1de05a92f6,screen_view_LoginViewController,1
352133e211bbdb63baa0ef1de05a92f6,screen_view_SplashViewController,1
352133e211bbdb63baa0ef1de05a92f6,user_engagement_SplashViewController,1
352133e211bbdb63baa0ef1de05a92f6,user_engagement_LoginViewController,1
352133e211bbdb63baa0ef1de05a92f6,screen_view_ContentLoaderViewController,1
352133e211bbdb63baa0ef1de05a92f6,user_engagement_ContentLoaderViewController,1
352133e211bbdb63baa0ef1de05a92f6,button_globalnav_range,1
352133e211bbdb63baa0ef1de05a92f6,button_range,1
352133e211bbdb63baa0ef1de05a92f6,screen_view_SkodaContentViewController,1
352133e211bbdb63baa0ef1de05a92f6,screen_view_RangeContentViewController,1
352133e211bbdb63baa0ef1de05a92f6,button_range_home_filter_open,1
352133e211bbdb63baa0ef1de05a92f6,button_range_home_business_toggle,1
352133e211bbdb63baa0ef1de05a92f6,button_range_home_trim_select,1
352133e211bbdb63baa0ef1de05a92f6,user_engagement_RangeContentViewController,1
352133e211bbdb63baa0ef1de05a92f6,screen_view_TrimViewController,1
352133e211bbdb63baa0ef1de05a92f6,button_trim_home_engine_select,1
352133e211bbdb63baa0ef1de05a92f6,button_trim_home_view_full_details,1
352133e211bbdb63baa0ef1de05a92f6,screen_view_EngineDetailsViewController,1
352133e211bbdb63baa0ef1de05a92f6,user_engagement_TrimViewController,1
352133e211bbdb63baa0ef1de05a92f6,user_engagement_EngineDetailsViewController,1
352133e211bbdb63baa0ef1de05a92f6,screen_view_AVPlayerViewController,1
352133e211bbdb63baa0ef1de05a92f6,user_engagement_AVPlayerViewController,1
352133e211bbdb63baa0ef1de05a92f6,button_globalnav_compare,1
352133e211bbdb63baa0ef1de05a92f6,button_compare,1
352133e211bbdb63baa0ef1de05a92f6,button_compare_models,1
352133e211bbdb63baa0ef1de05a92f6,screen_view_ComparisonResultViewController,1
352133e211bbdb63baa0ef1de05a92f6,user_engagement_SkodaContentViewController,1
352133e211bbdb63baa0ef1de05a92f6,user_engagement_ComparisonResultViewController,1
352133e211bbdb63baa0ef1de05a92f6,screen_view_SkodaAlertController,1
352133e211bbdb63baa0ef1de05a92f6,user_engagement_SkodaAlertController,1
352133e211bbdb63baa0ef1de05a92f6,button_compare_results_view_features,1
352133e211bbdb63baa0ef1de05a92f6,screen_view_ComparisonFeaturesViewController,1
352133e211bbdb63baa0ef1de05a92f6,user_engagement_ComparisonFeaturesViewController,1
352133e211bbdb63baa0ef1de05a92f6,button_compare_results_business_toggle,1
352133e211bbdb63baa0ef1de05a92f6,button_globalnav_presentation,1
352133e211bbdb63baa0ef1de05a92f6,button_presentation,1
352133e211bbdb63baa0ef1de05a92f6,screen_view_PresentationExploreSegmentedViewController,1
352133e211bbdb63baa0ef1de05a92f6,screen_view_PresentationEditorViewController,1
352133e211bbdb63baa0ef1de05a92f6,button_presentation_home_email_presentation,1
352133e211bbdb63baa0ef1de05a92f6,user_engagement_PresentationEditorViewController,1
352133e211bbdb63baa0ef1de05a92f6,screen_view_MFMailComposeInternalViewController,1
352133e211bbdb63baa0ef1de05a92f6,user_engagement_MFMailComposeInternalViewController,1
352133e211bbdb63baa0ef1de05a92f6,button_presentation_home_my_presentations,1
352133e211bbdb63baa0ef1de05a92f6,screen_view_MyPresentationsViewController,1
352133e211bbdb63baa0ef1de05a92f6,button_presentation_home_new_presentation,1
352133e211bbdb63baa0ef1de05a92f6,user_engagement_MyPresentationsViewController,1
352133e211bbdb63baa0ef1de05a92f6,screen_view_CreateOrChoosePresentationViewController,1
352133e211bbdb63baa0ef1de05a92f6,button_presentation_home_create_presentation,1
352133e211bbdb63baa0ef1de05a92f6,user_engagement_CreateOrChoosePresentationViewController,1
352133e211bbdb63baa0ef1de05a92f6,screen_view_TemplateViewController,1
352133e211bbdb63baa0ef1de05a92f6,user_engagement_TemplateViewController,1
352133e211bbdb63baa0ef1de05a92f6,screen_view_PresentationExploreAssetViewController,1
352133e211bbdb63baa0ef1de05a92f6,user_engagement_PresentationExploreAssetViewController,1
352133e211bbdb63baa0ef1de05a92f6,button_globalnav_links,1
352133e211bbdb63baa0ef1de05a92f6,button_links,1
352133e211bbdb63baa0ef1de05a92f6,user_engagement_PresentationExploreSegmentedViewController,1
352133e211bbdb63baa0ef1de05a92f6,button_presentation_home_delete_presentation,1
352133e211bbdb63baa0ef1de05a92f6,screen_view_SFSafariViewController,1
352133e211bbdb63baa0ef1de05a92f6,user_engagement_SFSafariViewController,1
352133e211bbdb63baa0ef1de05a92f6,screen_view_ProfileViewController,1
352133e211bbdb63baa0ef1de05a92f6,user_engagement_ProfileViewController,1
352133e211bbdb63baa0ef1de05a92f6,screen_view_UIAlertController,1
352133e211bbdb63baa0ef1de05a92f6,button_presentation_home_download_asset,1
352133e211bbdb63baa0ef1de05a92f6,button_compare_results_refine,1
352133e211bbdb63baa0ef1de05a92f6,button_compare_results_apply_refinement,1
0d84a01467a42848fdff983408b26889,screen_view_SplashViewController,1
0d84a01467a42848fdff983408b26889,screen_view_LoginViewController,1
0d84a01467a42848fdff983408b26889,user_engagement_LoginViewController,1
d339f25ce0f3a7d05c3c42918899290d,screen_view_SplashViewController,1
d339f25ce0f3a7d05c3c42918899290d,screen_view_LoginViewController,1
d339f25ce0f3a7d05c3c42918899290d,user_engagement_LoginViewController,1
da586463c9fbfa289daccfec40d52ea0,user_engagement_LoginViewController,1
c6b535f66ecd3748583afa7e7b39bb3b,screen_view_LoginViewController,1
c6b535f66ecd3748583afa7e7b39bb3b,screen_view_SplashViewController,1
c6b535f66ecd3748583afa7e7b39bb3b,user_engagement_SplashViewController,1
c6b535f66ecd3748583afa7e7b39bb3b,user_engagement_LoginViewController,1
c6b535f66ecd3748583afa7e7b39bb3b,button_globalnav_range,1
c6b535f66ecd3748583afa7e7b39bb3b,button_range,1
c6b535f66ecd3748583afa7e7b39bb3b,screen_view_SkodaContentViewController,1
c6b535f66ecd3748583afa7e7b39bb3b,screen_view_RangeContentViewController,1
c6b535f66ecd3748583afa7e7b39bb3b,button_globalnav_presentation,1
c6b535f66ecd3748583afa7e7b39bb3b,button_presentation,1
c6b535f66ecd3748583afa7e7b39bb3b,user_engagement_RangeContentViewController,1
c6b535f66ecd3748583afa7e7b39bb3b,user_engagement_SkodaContentViewController,1
c6b535f66ecd3748583afa7e7b39bb3b,screen_view_PresentationExploreSegmentedViewController,1
c6b535f66ecd3748583afa7e7b39bb3b,screen_view_PresentationEditorViewController,1
c6b535f66ecd3748583afa7e7b39bb3b,user_engagement_PresentationEditorViewController,1
c6b535f66ecd3748583afa7e7b39bb3b,screen_view_AVPlayerViewController,1
c6b535f66ecd3748583afa7e7b39bb3b,user_engagement_AVPlayerViewController,1
c6b535f66ecd3748583afa7e7b39bb3b,button_globalnav_compare,1
c6b535f66ecd3748583afa7e7b39bb3b,button_compare,1
c6b535f66ecd3748583afa7e7b39bb3b,button_globalnav_links,1
c6b535f66ecd3748583afa7e7b39bb3b,button_links,1
c6b535f66ecd3748583afa7e7b39bb3b,screen_view_SkodaAlertController,1
c6b535f66ecd3748583afa7e7b39bb3b,user_engagement_SkodaAlertController,1
c6b535f66ecd3748583afa7e7b39bb3b,button_presentation_home_email_presentation,1
c6b535f66ecd3748583afa7e7b39bb3b,screen_view_MFMailComposeInternalViewController,1
c6b535f66ecd3748583afa7e7b39bb3b,user_engagement_MFMailComposeInternalViewController,1
c6b535f66ecd3748583afa7e7b39bb3b,user_engagement_PresentationExploreSegmentedViewController,1
96b9cae1b9cb767955a1610196bbe477,screen_view_SplashViewController,1
96b9cae1b9cb767955a1610196bbe477,screen_view_LoginViewController,1
96b9cae1b9cb767955a1610196bbe477,user_engagement_LoginViewController,1
96b9cae1b9cb767955a1610196bbe477,button_globalnav_range,1
96b9cae1b9cb767955a1610196bbe477,button_range,1
96b9cae1b9cb767955a1610196bbe477,screen_view_SkodaContentViewController,1
96b9cae1b9cb767955a1610196bbe477,screen_view_RangeContentViewController,1
96b9cae1b9cb767955a1610196bbe477,user_engagement_RangeContentViewController,1
96b9cae1b9cb767955a1610196bbe477,button_range_home_trim_select,1
96b9cae1b9cb767955a1610196bbe477,screen_view_TrimViewController,1
96b9cae1b9cb767955a1610196bbe477,button_trim_home_view_full_details,1
96b9cae1b9cb767955a1610196bbe477,screen_view_EngineDetailsViewController,1
96b9cae1b9cb767955a1610196bbe477,user_engagement_TrimViewController,1
96b9cae1b9cb767955a1610196bbe477,user_engagement_EngineDetailsViewController,1
96b9cae1b9cb767955a1610196bbe477,button_globalnav_presentation,1
96b9cae1b9cb767955a1610196bbe477,button_presentation,1
96b9cae1b9cb767955a1610196bbe477,button_presentation_home_my_presentations,1
96b9cae1b9cb767955a1610196bbe477,user_engagement_SkodaContentViewController,1
96b9cae1b9cb767955a1610196bbe477,screen_view_MyPresentationsViewController,1
96b9cae1b9cb767955a1610196bbe477,button_presentation_home_new_presentation,1
96b9cae1b9cb767955a1610196bbe477,screen_view_CreateOrChoosePresentationViewController,1
96b9cae1b9cb767955a1610196bbe477,user_engagement_MyPresentationsViewController,1
96b9cae1b9cb767955a1610196bbe477,button_presentation_home_create_presentation,1
96b9cae1b9cb767955a1610196bbe477,user_engagement_CreateOrChoosePresentationViewController,1
96b9cae1b9cb767955a1610196bbe477,screen_view_PresentationExploreSegmentedViewController,1
96b9cae1b9cb767955a1610196bbe477,screen_view_PresentationEditorViewController,1
96b9cae1b9cb767955a1610196bbe477,screen_view_TemplateViewController,1
96b9cae1b9cb767955a1610196bbe477,user_engagement_PresentationEditorViewController,1
96b9cae1b9cb767955a1610196bbe477,user_engagement_TemplateViewController,1
96b9cae1b9cb767955a1610196bbe477,user_engagement_PresentationExploreSegmentedViewController,1
96b9cae1b9cb767955a1610196bbe477,button_trim_home_engine_select,1
96b9cae1b9cb767955a1610196bbe477,button_globalnav_compare,1
96b9cae1b9cb767955a1610196bbe477,button_compare,1
96b9cae1b9cb767955a1610196bbe477,button_compare_models,1
96b9cae1b9cb767955a1610196bbe477,screen_view_ComparisonResultViewController,1
96b9cae1b9cb767955a1610196bbe477,user_engagement_ComparisonResultViewController,1
96b9cae1b9cb767955a1610196bbe477,button_globalnav_links,1
96b9cae1b9cb767955a1610196bbe477,button_links,1
96b9cae1b9cb767955a1610196bbe477,button_presentation_home_download_asset,1
96b9cae1b9cb767955a1610196bbe477,screen_view_PresentationExploreAssetViewController,1
96b9cae1b9cb767955a1610196bbe477,user_engagement_PresentationExploreAssetViewController,1
96b9cae1b9cb767955a1610196bbe477,screen_view_AVPlayerViewController,1
96b9cae1b9cb767955a1610196bbe477,user_engagement_AVPlayerViewController,1
96b9cae1b9cb767955a1610196bbe477,screen_view_ProfileViewController,1
96b9cae1b9cb767955a1610196bbe477,user_engagement_ProfileViewController,1
96b9cae1b9cb767955a1610196bbe477,button_range_home_filter_open,1
96b9cae1b9cb767955a1610196bbe477,user_engagement_SplashViewController,1
96b9cae1b9cb767955a1610196bbe477,button_range_home_filter_apply,1
96b9cae1b9cb767955a1610196bbe477,screen_view_SFSafariViewController,1
96b9cae1b9cb767955a1610196bbe477,user_engagement_SFSafariViewController,1
96b9cae1b9cb767955a1610196bbe477,button_trim_home_save_selection,1
96b9cae1b9cb767955a1610196bbe477,screen_view_SkodaAlertController,1
96b9cae1b9cb767955a1610196bbe477,user_engagement_SkodaAlertController,1
96b9cae1b9cb767955a1610196bbe477,button_refresh_session_dialogue,1
96b9cae1b9cb767955a1610196bbe477,button_refresh_session_dialogue_yes,1
96b9cae1b9cb767955a1610196bbe477,button_presentation_home_email_presentation,1
96b9cae1b9cb767955a1610196bbe477,screen_view_MFMailComposeInternalViewController,1
96b9cae1b9cb767955a1610196bbe477,user_engagement_MFMailComposeInternalViewController,1
96b9cae1b9cb767955a1610196bbe477,button_trim_home_trim_dropdown_select,1
6adf7dcd7358e4c15d9a44c23348678f,screen_view_RangeContentViewController,1
6adf7dcd7358e4c15d9a44c23348678f,screen_view_LoginViewController,1
6adf7dcd7358e4c15d9a44c23348678f,screen_view_SplashViewController,1
6adf7dcd7358e4c15d9a44c23348678f,user_engagement_SplashViewController,1
6adf7dcd7358e4c15d9a44c23348678f,user_engagement_LoginViewController,1
6adf7dcd7358e4c15d9a44c23348678f,button_globalnav_range,1
6adf7dcd7358e4c15d9a44c23348678f,button_range,1
6adf7dcd7358e4c15d9a44c23348678f,screen_view_SkodaContentViewController,1
6adf7dcd7358e4c15d9a44c23348678f,button_range_home_trim_select,1
6adf7dcd7358e4c15d9a44c23348678f,user_engagement_RangeContentViewController,1
6adf7dcd7358e4c15d9a44c23348678f,screen_view_TrimViewController,1
6adf7dcd7358e4c15d9a44c23348678f,user_engagement_TrimViewController,1
6adf7dcd7358e4c15d9a44c23348678f,button_globalnav_presentation,1
6adf7dcd7358e4c15d9a44c23348678f,button_presentation,1
6adf7dcd7358e4c15d9a44c23348678f,button_presentation_home_my_presentations,1
6adf7dcd7358e4c15d9a44c23348678f,user_engagement_SkodaContentViewController,1
6adf7dcd7358e4c15d9a44c23348678f,screen_view_MyPresentationsViewController,1
6adf7dcd7358e4c15d9a44c23348678f,screen_view_PresentationExploreSegmentedViewController,1
6adf7dcd7358e4c15d9a44c23348678f,screen_view_PresentationEditorViewController,1
6adf7dcd7358e4c15d9a44c23348678f,user_engagement_PresentationExploreSegmentedViewController,1
6adf7dcd7358e4c15d9a44c23348678f,user_engagement_PresentationEditorViewController,1
6adf7dcd7358e4c15d9a44c23348678f,user_engagement_MyPresentationsViewController,1
6adf7dcd7358e4c15d9a44c23348678f,button_trim_home_save_selection,1
6adf7dcd7358e4c15d9a44c23348678f,screen_view_EmailGeneratorViewController,1
6adf7dcd7358e4c15d9a44c23348678f,button_email_create_email,1
6adf7dcd7358e4c15d9a44c23348678f,screen_view_MFMailComposeInternalViewController,1
6adf7dcd7358e4c15d9a44c23348678f,user_engagement_EmailGeneratorViewController,1
6adf7dcd7358e4c15d9a44c23348678f,user_engagement_MFMailComposeInternalViewController,1
6adf7dcd7358e4c15d9a44c23348678f,screen_view_SkodaAlertController,1
6adf7dcd7358e4c15d9a44c23348678f,button_refresh_session_dialogue_yes,1
6adf7dcd7358e4c15d9a44c23348678f,user_engagement_SkodaAlertController,1
6adf7dcd7358e4c15d9a44c23348678f,button_trim_home_engine_select,1
6adf7dcd7358e4c15d9a44c23348678f,button_trim_home_view_full_details,1
6adf7dcd7358e4c15d9a44c23348678f,screen_view_EngineDetailsViewController,1
6adf7dcd7358e4c15d9a44c23348678f,user_engagement_EngineDetailsViewController,1
6adf7dcd7358e4c15d9a44c23348678f,button_globalnav_compare,1
6adf7dcd7358e4c15d9a44c23348678f,button_compare,1
6adf7dcd7358e4c15d9a44c23348678f,button_refresh_session_dialogue,1
6adf7dcd7358e4c15d9a44c23348678f,button_globalnav_links,1
6adf7dcd7358e4c15d9a44c23348678f,button_links,1
6adf7dcd7358e4c15d9a44c23348678f,screen_view_SFSafariViewController,1
6adf7dcd7358e4c15d9a44c23348678f,user_engagement_SFSafariViewController,1
6adf7dcd7358e4c15d9a44c23348678f,button_range_home_business_toggle,1
6adf7dcd7358e4c15d9a44c23348678f,button_range_home_retail_toggle,1
6adf7dcd7358e4c15d9a44c23348678f,button_range_home_filter_open,1
6adf7dcd7358e4c15d9a44c23348678f,button_trim_home_view_interior,1
6adf7dcd7358e4c15d9a44c23348678f,button_email_delete_engine,1
0e54e19c4e691e1b89af2585c70d4acd,screen_view_SplashViewController,1
0e54e19c4e691e1b89af2585c70d4acd,screen_view_LoginViewController,1
0e54e19c4e691e1b89af2585c70d4acd,user_engagement_LoginViewController,1
0e54e19c4e691e1b89af2585c70d4acd,screen_view_ContentLoaderViewController,1
0e54e19c4e691e1b89af2585c70d4acd,user_engagement_ContentLoaderViewController,1
0e54e19c4e691e1b89af2585c70d4acd,button_globalnav_range,1
0e54e19c4e691e1b89af2585c70d4acd,button_range,1
0e54e19c4e691e1b89af2585c70d4acd,screen_view_SkodaContentViewController,1
0e54e19c4e691e1b89af2585c70d4acd,screen_view_RangeContentViewController,1
0e54e19c4e691e1b89af2585c70d4acd,user_engagement_RangeContentViewController,1
cdacf5419947b286b98cd669991f534a,screen_view_LoginViewController,1
cdacf5419947b286b98cd669991f534a,screen_view_SplashViewController,1
cdacf5419947b286b98cd669991f534a,user_engagement_SplashViewController,1
cdacf5419947b286b98cd669991f534a,user_engagement_LoginViewController,1
cdacf5419947b286b98cd669991f534a,button_globalnav_range,1
cdacf5419947b286b98cd669991f534a,button_range,1
cdacf5419947b286b98cd669991f534a,screen_view_SkodaContentViewController,1
cdacf5419947b286b98cd669991f534a,screen_view_RangeContentViewController,1
cdacf5419947b286b98cd669991f534a,button_globalnav_presentation,1
cdacf5419947b286b98cd669991f534a,button_presentation,1
cdacf5419947b286b98cd669991f534a,user_engagement_RangeContentViewController,1
cdacf5419947b286b98cd669991f534a,user_engagement_SkodaContentViewController,1
cdacf5419947b286b98cd669991f534a,button_globalnav_links,1
cdacf5419947b286b98cd669991f534a,button_links,1
cdacf5419947b286b98cd669991f534a,screen_view_SFSafariViewController,1
cdacf5419947b286b98cd669991f534a,user_engagement_SFSafariViewController,1
cdacf5419947b286b98cd669991f534a,button_presentation_home_my_presentations,1
cdacf5419947b286b98cd669991f534a,screen_view_MyPresentationsViewController,1
cdacf5419947b286b98cd669991f534a,screen_view_PresentationExploreSegmentedViewController,1
cdacf5419947b286b98cd669991f534a,screen_view_PresentationEditorViewController,1
cdacf5419947b286b98cd669991f534a,user_engagement_PresentationExploreSegmentedViewController,1
cdacf5419947b286b98cd669991f534a,user_engagement_PresentationEditorViewController,1
cdacf5419947b286b98cd669991f534a,button_range_home_trim_select,1
cdacf5419947b286b98cd669991f534a,screen_view_TrimViewController,1
cdacf5419947b286b98cd669991f534a,user_engagement_TrimViewController,1
cdacf5419947b286b98cd669991f534a,button_globalnav_compare,1
cdacf5419947b286b98cd669991f534a,button_compare,1
cdacf5419947b286b98cd669991f534a,user_engagement_MyPresentationsViewController,1
cdacf5419947b286b98cd669991f534a,button_range_home_filter_open,1
cdacf5419947b286b98cd669991f534a,button_trim_home_engine_select,1
cdacf5419947b286b98cd669991f534a,button_trim_home_save_selection,1
cdacf5419947b286b98cd669991f534a,screen_view_EmailGeneratorViewController,1
cdacf5419947b286b98cd669991f534a,button_email_create_email,1
cdacf5419947b286b98cd669991f534a,user_engagement_EmailGeneratorViewController,1
cdacf5419947b286b98cd669991f534a,screen_view_MFMailComposeInternalViewController,1
cdacf5419947b286b98cd669991f534a,user_engagement_MFMailComposeInternalViewController,1
cdacf5419947b286b98cd669991f534a,screen_view_SkodaAlertController,1
cdacf5419947b286b98cd669991f534a,user_engagement_SkodaAlertController,1
cdacf5419947b286b98cd669991f534a,button_refresh_session_dialogue_yes,1
cdacf5419947b286b98cd669991f534a,screen_view_PresentationSlideOptionsPopoverViewController,1
cdacf5419947b286b98cd669991f534a,user_engagement_PresentationSlideOptionsPopoverViewController,1
cdacf5419947b286b98cd669991f534a,screen_view_TemplateViewController,1
cdacf5419947b286b98cd669991f534a,user_engagement_TemplateViewController,1
cdacf5419947b286b98cd669991f534a,screen_view_PresentationExploreAssetViewController,1
cdacf5419947b286b98cd669991f534a,user_engagement_PresentationExploreAssetViewController,1
cdacf5419947b286b98cd669991f534a,button_presentation_home_new_presentation,1
cdacf5419947b286b98cd669991f534a,screen_view_CreateOrChoosePresentationViewController,1
cdacf5419947b286b98cd669991f534a,button_presentation_home_create_presentation,1
cdacf5419947b286b98cd669991f534a,user_engagement_CreateOrChoosePresentationViewController,1
cdacf5419947b286b98cd669991f534a,button_presentation_home_email_presentation,1
cdacf5419947b286b98cd669991f534a,button_trim_home_view_full_details,1
cdacf5419947b286b98cd669991f534a,screen_view_EngineDetailsViewController,1
cdacf5419947b286b98cd669991f534a,user_engagement_EngineDetailsViewController,1
cdacf5419947b286b98cd669991f534a,button_trim_home_like_technology,1
cdacf5419947b286b98cd669991f534a,button_refresh_session_dialogue,1
cdacf5419947b286b98cd669991f534a,button_compare_models,1
cdacf5419947b286b98cd669991f534a,screen_view_ComparisonResultViewController,1
cdacf5419947b286b98cd669991f534a,user_engagement_ComparisonResultViewController,1
1b537722419fcaeeda617408f78f5d72,screen_view_SplashViewController,1
1b537722419fcaeeda617408f78f5d72,screen_view_LoginViewController,1
1b537722419fcaeeda617408f78f5d72,user_engagement_LoginViewController,1
1b537722419fcaeeda617408f78f5d72,button_globalnav_range,1
1b537722419fcaeeda617408f78f5d72,button_range,1
1b537722419fcaeeda617408f78f5d72,screen_view_SkodaContentViewController,1
1b537722419fcaeeda617408f78f5d72,user_engagement_SplashViewController,1
1b537722419fcaeeda617408f78f5d72,screen_view_RangeContentViewController,1
1b537722419fcaeeda617408f78f5d72,user_engagement_RangeContentViewController,1
1b537722419fcaeeda617408f78f5d72,button_range_home_filter_open,1
1b537722419fcaeeda617408f78f5d72,screen_view_ContentLoaderViewController,1
1b537722419fcaeeda617408f78f5d72,user_engagement_ContentLoaderViewController,1
1b537722419fcaeeda617408f78f5d72,button_range_home_trim_select,1
1b537722419fcaeeda617408f78f5d72,screen_view_TrimViewController,1
1b537722419fcaeeda617408f78f5d72,button_trim_home_trim_dropdown_select,1
1b537722419fcaeeda617408f78f5d72,user_engagement_TrimViewController,1
1b537722419fcaeeda617408f78f5d72,button_trim_home_engine_select,1
1b537722419fcaeeda617408f78f5d72,button_trim_home_view_full_details,1
1b537722419fcaeeda617408f78f5d72,screen_view_EngineDetailsViewController,1
1b537722419fcaeeda617408f78f5d72,user_engagement_EngineDetailsViewController,1
1b537722419fcaeeda617408f78f5d72,button_trim_home_save_selection,1
1b537722419fcaeeda617408f78f5d72,button_refresh_session_dialogue,1
1b537722419fcaeeda617408f78f5d72,screen_view_SkodaAlertController,1
1b537722419fcaeeda617408f78f5d72,button_refresh_session_dialogue_yes,1
1b537722419fcaeeda617408f78f5d72,button_trim_home_view_interior,1
1b537722419fcaeeda617408f78f5d72,button_trim_home_view_exterior,1
1b537722419fcaeeda617408f78f5d72,screen_view_AVPlayerViewController,1
1b537722419fcaeeda617408f78f5d72,user_engagement_AVPlayerViewController,1
1b537722419fcaeeda617408f78f5d72,button_presentation_home_download_asset,1
1b537722419fcaeeda617408f78f5d72,screen_view_PresentationExploreSegmentedViewController,1
1b537722419fcaeeda617408f78f5d72,screen_view_PresentationEditorViewController,1
1b537722419fcaeeda617408f78f5d72,screen_view_PresentationSlideOptionsPopoverViewController,1
1b537722419fcaeeda617408f78f5d72,user_engagement_PresentationEditorViewController,1
1b537722419fcaeeda617408f78f5d72,user_engagement_PresentationSlideOptionsPopoverViewController,1
1b537722419fcaeeda617408f78f5d72,button_globalnav_presentation,1
1b537722419fcaeeda617408f78f5d72,button_presentation,1
1b537722419fcaeeda617408f78f5d72,user_engagement_SkodaContentViewController,1
1b537722419fcaeeda617408f78f5d72,button_presentation_home_my_presentations,1
1b537722419fcaeeda617408f78f5d72,screen_view_MyPresentationsViewController,1
1b537722419fcaeeda617408f78f5d72,button_presentation_home_new_presentation,1
1b537722419fcaeeda617408f78f5d72,user_engagement_MyPresentationsViewController,1
1b537722419fcaeeda617408f78f5d72,screen_view_CreateOrChoosePresentationViewController,1
1b537722419fcaeeda617408f78f5d72,button_presentation_home_create_presentation,1
1b537722419fcaeeda617408f78f5d72,user_engagement_CreateOrChoosePresentationViewController,1
1b537722419fcaeeda617408f78f5d72,screen_view_PresentationExploreAssetViewController,1
1b537722419fcaeeda617408f78f5d72,user_engagement_PresentationExploreAssetViewController,1
1b537722419fcaeeda617408f78f5d72,button_globalnav_compare,1
1b537722419fcaeeda617408f78f5d72,button_compare,1
1b537722419fcaeeda617408f78f5d72,button_compare_models,1
1b537722419fcaeeda617408f78f5d72,button_globalnav_links,1
1b537722419fcaeeda617408f78f5d72,button_links,1
1b537722419fcaeeda617408f78f5d72,screen_view_ProfileViewController,1
1b537722419fcaeeda617408f78f5d72,user_engagement_ProfileViewController,1
7b17711799bf9e41f4114f7d998ee54e,screen_view_LoginViewController,1
7b17711799bf9e41f4114f7d998ee54e,screen_view_SplashViewController,1
7b17711799bf9e41f4114f7d998ee54e,user_engagement_SplashViewController,1
7b17711799bf9e41f4114f7d998ee54e,user_engagement_LoginViewController,1
7b17711799bf9e41f4114f7d998ee54e,button_globalnav_range,1
7b17711799bf9e41f4114f7d998ee54e,button_range,1
7b17711799bf9e41f4114f7d998ee54e,screen_view_SkodaContentViewController,1
7b17711799bf9e41f4114f7d998ee54e,screen_view_RangeContentViewController,1
7b17711799bf9e41f4114f7d998ee54e,button_range_home_trim_select,1
7b17711799bf9e41f4114f7d998ee54e,screen_view_TrimViewController,1
7b17711799bf9e41f4114f7d998ee54e,user_engagement_RangeContentViewController,1
7b17711799bf9e41f4114f7d998ee54e,button_trim_home_save_selection,1
7b17711799bf9e41f4114f7d998ee54e,user_engagement_TrimViewController,1
7b17711799bf9e41f4114f7d998ee54e,screen_view_EmailGeneratorViewController,1
7b17711799bf9e41f4114f7d998ee54e,button_email_create_email,1
7b17711799bf9e41f4114f7d998ee54e,user_engagement_EmailGeneratorViewController,1
7b17711799bf9e41f4114f7d998ee54e,screen_view_MFMailComposeInternalViewController,1
7b17711799bf9e41f4114f7d998ee54e,user_engagement_MFMailComposeInternalViewController,1
7b17711799bf9e41f4114f7d998ee54e,screen_view_SkodaAlertController,1
7b17711799bf9e41f4114f7d998ee54e,button_refresh_session_dialogue_yes,1
7b17711799bf9e41f4114f7d998ee54e,user_engagement_SkodaAlertController,1
7b17711799bf9e41f4114f7d998ee54e,button_range_home_business_toggle,1
7b17711799bf9e41f4114f7d998ee54e,button_range_home_filter_open,1
6a618b77d08300f8cb0cfb6bd619c9c9,screen_view_SplashViewController,1
6a618b77d08300f8cb0cfb6bd619c9c9,screen_view_LoginViewController,1
6a618b77d08300f8cb0cfb6bd619c9c9,user_engagement_LoginViewController,1
6a618b77d08300f8cb0cfb6bd619c9c9,screen_view_ContentLoaderViewController,1
6a618b77d08300f8cb0cfb6bd619c9c9,user_engagement_ContentLoaderViewController,1
6a618b77d08300f8cb0cfb6bd619c9c9,button_globalnav_range,1
6a618b77d08300f8cb0cfb6bd619c9c9,button_range,1
6a618b77d08300f8cb0cfb6bd619c9c9,screen_view_SkodaContentViewController,1
6a618b77d08300f8cb0cfb6bd619c9c9,user_engagement_SplashViewController,1
6a618b77d08300f8cb0cfb6bd619c9c9,screen_view_RangeContentViewController,1
6a618b77d08300f8cb0cfb6bd619c9c9,user_engagement_RangeContentViewController,1
6a618b77d08300f8cb0cfb6bd619c9c9,button_range_home_trim_select,1
6a618b77d08300f8cb0cfb6bd619c9c9,screen_view_TrimViewController,1
6a618b77d08300f8cb0cfb6bd619c9c9,button_trim_home_trim_dropdown_select,1
6a618b77d08300f8cb0cfb6bd619c9c9,button_trim_home_trim_select_from_dropdown,1
6a618b77d08300f8cb0cfb6bd619c9c9,user_engagement_TrimViewController,1
6a618b77d08300f8cb0cfb6bd619c9c9,button_trim_home_view_full_details,1
6a618b77d08300f8cb0cfb6bd619c9c9,screen_view_EngineDetailsViewController,1
6a618b77d08300f8cb0cfb6bd619c9c9,user_engagement_EngineDetailsViewController,1
6a618b77d08300f8cb0cfb6bd619c9c9,button_globalnav_compare,1
6a618b77d08300f8cb0cfb6bd619c9c9,button_compare,1
6a618b77d08300f8cb0cfb6bd619c9c9,button_globalnav_presentation,1
6a618b77d08300f8cb0cfb6bd619c9c9,button_presentation,1
6a618b77d08300f8cb0cfb6bd619c9c9,button_globalnav_links,1
6a618b77d08300f8cb0cfb6bd619c9c9,button_links,1
6a618b77d08300f8cb0cfb6bd619c9c9,user_engagement_SkodaContentViewController,1
6a618b77d08300f8cb0cfb6bd619c9c9,screen_view_SFSafariViewController,1
6a618b77d08300f8cb0cfb6bd619c9c9,user_engagement_SFSafariViewController,1
27a773ed5ce9ed04a0580b749b5dda9c,button_globalnav_range,1
27a773ed5ce9ed04a0580b749b5dda9c,button_range,1
27a773ed5ce9ed04a0580b749b5dda9c,user_engagement_SplashViewController,1
27a773ed5ce9ed04a0580b749b5dda9c,screen_view_SkodaContentViewController,1
27a773ed5ce9ed04a0580b749b5dda9c,screen_view_RangeContentViewController,1
27a773ed5ce9ed04a0580b749b5dda9c,button_globalnav_presentation,1
27a773ed5ce9ed04a0580b749b5dda9c,button_presentation,1
27a773ed5ce9ed04a0580b749b5dda9c,user_engagement_RangeContentViewController,1
27a773ed5ce9ed04a0580b749b5dda9c,user_engagement_SkodaContentViewController,1
27a773ed5ce9ed04a0580b749b5dda9c,screen_view_SkodaAlertController,1
27a773ed5ce9ed04a0580b749b5dda9c,user_engagement_SkodaAlertController,1
27a773ed5ce9ed04a0580b749b5dda9c,screen_view_PresentationExploreSegmentedViewController,1
27a773ed5ce9ed04a0580b749b5dda9c,screen_view_PresentationEditorViewController,1
27a773ed5ce9ed04a0580b749b5dda9c,user_engagement_PresentationEditorViewController,1
27a773ed5ce9ed04a0580b749b5dda9c,screen_view_AVPlayerViewController,1
27a773ed5ce9ed04a0580b749b5dda9c,user_engagement_AVPlayerViewController,1
27a773ed5ce9ed04a0580b749b5dda9c,screen_view_ProfileViewController,1
27a773ed5ce9ed04a0580b749b5dda9c,user_engagement_ProfileViewController,1
27a773ed5ce9ed04a0580b749b5dda9c,button_range_home_trim_select,1
27a773ed5ce9ed04a0580b749b5dda9c,screen_view_TrimViewController,1
27a773ed5ce9ed04a0580b749b5dda9c,button_trim_home_engine_select,1
27a773ed5ce9ed04a0580b749b5dda9c,button_trim_home_trim_dropdown_select,1
27a773ed5ce9ed04a0580b749b5dda9c,button_trim_home_trim_select_from_dropdown,1
27a773ed5ce9ed04a0580b749b5dda9c,user_engagement_TrimViewController,1
27a773ed5ce9ed04a0580b749b5dda9c,button_range_home_business_toggle,1
27a773ed5ce9ed04a0580b749b5dda9c,button_range_home_filter_open,1
27a773ed5ce9ed04a0580b749b5dda9c,button_range_home_retail_toggle,1
27a773ed5ce9ed04a0580b749b5dda9c,button_range_home_filter_apply,1
27a773ed5ce9ed04a0580b749b5dda9c,button_trim_home_save_selection,1
27a773ed5ce9ed04a0580b749b5dda9c,screen_view_EmailGeneratorViewController,1
27a773ed5ce9ed04a0580b749b5dda9c,user_engagement_EmailGeneratorViewController,1
27a773ed5ce9ed04a0580b749b5dda9c,button_globalnav_compare,1
27a773ed5ce9ed04a0580b749b5dda9c,button_compare,1
27a773ed5ce9ed04a0580b749b5dda9c,button_compare_models,1
27a773ed5ce9ed04a0580b749b5dda9c,screen_view_ComparisonResultViewController,1
27a773ed5ce9ed04a0580b749b5dda9c,button_compare_results_save_comparison,1
27a773ed5ce9ed04a0580b749b5dda9c,user_engagement_ComparisonResultViewController,1
27a773ed5ce9ed04a0580b749b5dda9c,button_email_create_email,1
27a773ed5ce9ed04a0580b749b5dda9c,screen_view_MFMailComposeInternalViewController,1
27a773ed5ce9ed04a0580b749b5dda9c,user_engagement_MFMailComposeInternalViewController,1
27a773ed5ce9ed04a0580b749b5dda9c,button_refresh_session_dialogue_yes,1
27a773ed5ce9ed04a0580b749b5dda9c,screen_view_SplashViewController,1
27a773ed5ce9ed04a0580b749b5dda9c,button_presentation_home_my_presentations,1
27a773ed5ce9ed04a0580b749b5dda9c,screen_view_MyPresentationsViewController,1
27a773ed5ce9ed04a0580b749b5dda9c,button_presentation_home_new_presentation,1
27a773ed5ce9ed04a0580b749b5dda9c,user_engagement_MyPresentationsViewController,1
27a773ed5ce9ed04a0580b749b5dda9c,screen_view_CreateOrChoosePresentationViewController,1
27a773ed5ce9ed04a0580b749b5dda9c,button_presentation_home_create_presentation,1
27a773ed5ce9ed04a0580b749b5dda9c,user_engagement_CreateOrChoosePresentationViewController,1
27a773ed5ce9ed04a0580b749b5dda9c,screen_view_PresentationExploreAssetViewController,1
27a773ed5ce9ed04a0580b749b5dda9c,user_engagement_PresentationExploreAssetViewController,1
27a773ed5ce9ed04a0580b749b5dda9c,screen_view_TemplateViewController,1
27a773ed5ce9ed04a0580b749b5dda9c,user_engagement_TemplateViewController,1
27a773ed5ce9ed04a0580b749b5dda9c,user_engagement_PresentationExploreSegmentedViewController,1
27a773ed5ce9ed04a0580b749b5dda9c,screen_view_PresentationSlideOptionsPopoverViewController,1
27a773ed5ce9ed04a0580b749b5dda9c,user_engagement_PresentationSlideOptionsPopoverViewController,1
27a773ed5ce9ed04a0580b749b5dda9c,button_presentation_home_delete_presentation,1
27a773ed5ce9ed04a0580b749b5dda9c,button_presentation_home_download_asset,1
27a773ed5ce9ed04a0580b749b5dda9c,button_globalnav_links,1
27a773ed5ce9ed04a0580b749b5dda9c,button_links,1
27a773ed5ce9ed04a0580b749b5dda9c,screen_view_SFSafariViewController,1
27a773ed5ce9ed04a0580b749b5dda9c,user_engagement_SFSafariViewController,1
27a773ed5ce9ed04a0580b749b5dda9c,button_trim_home_interior_gallery,1
27a773ed5ce9ed04a0580b749b5dda9c,button_trim_home_view_interior,1
27a773ed5ce9ed04a0580b749b5dda9c,button_trim_home_view_exterior,1
27a773ed5ce9ed04a0580b749b5dda9c,screen_view_LoginViewController,1
27a773ed5ce9ed04a0580b749b5dda9c,user_engagement_LoginViewController,1
27a773ed5ce9ed04a0580b749b5dda9c,button_compare_results_refine,1
27a773ed5ce9ed04a0580b749b5dda9c,button_trim_home_view_full_details,1
27a773ed5ce9ed04a0580b749b5dda9c,screen_view_EngineDetailsViewController,1
27a773ed5ce9ed04a0580b749b5dda9c,user_engagement_EngineDetailsViewController,1
27a773ed5ce9ed04a0580b749b5dda9c,button_compare_results_view_features,1
27a773ed5ce9ed04a0580b749b5dda9c,screen_view_ComparisonFeaturesViewController,1
27a773ed5ce9ed04a0580b749b5dda9c,user_engagement_ComparisonFeaturesViewController,1
b8140050d3b610ff8a93bef7a6d60f0d,button_globalnav_range,1
b8140050d3b610ff8a93bef7a6d60f0d,button_range,1
b8140050d3b610ff8a93bef7a6d60f0d,screen_view_SkodaContentViewController,1
b8140050d3b610ff8a93bef7a6d60f0d,screen_view_RangeContentViewController,1
b8140050d3b610ff8a93bef7a6d60f0d,button_range_home_business_toggle,1
b8140050d3b610ff8a93bef7a6d60f0d,button_range_home_retail_toggle,1
b8140050d3b610ff8a93bef7a6d60f0d,button_globalnav_compare,1
b8140050d3b610ff8a93bef7a6d60f0d,button_compare,1
b8140050d3b610ff8a93bef7a6d60f0d,user_engagement_RangeContentViewController,1
b8140050d3b610ff8a93bef7a6d60f0d,button_globalnav_presentation,1
b8140050d3b610ff8a93bef7a6d60f0d,button_presentation,1
b8140050d3b610ff8a93bef7a6d60f0d,button_globalnav_links,1
b8140050d3b610ff8a93bef7a6d60f0d,button_links,1
b8140050d3b610ff8a93bef7a6d60f0d,button_presentation_home_download_asset,1
b8140050d3b610ff8a93bef7a6d60f0d,user_engagement_SkodaContentViewController,1
b8140050d3b610ff8a93bef7a6d60f0d,button_range_home_trim_select,1
b8140050d3b610ff8a93bef7a6d60f0d,screen_view_TrimViewController,1
b8140050d3b610ff8a93bef7a6d60f0d,button_trim_home_engine_select,1
b8140050d3b610ff8a93bef7a6d60f0d,button_trim_home_trim_dropdown_select,1
b8140050d3b610ff8a93bef7a6d60f0d,button_trim_home_trim_select_from_dropdown,1
b8140050d3b610ff8a93bef7a6d60f0d,button_trim_home_view_full_details,1
b8140050d3b610ff8a93bef7a6d60f0d,user_engagement_TrimViewController,1
b8140050d3b610ff8a93bef7a6d60f0d,screen_view_EngineDetailsViewController,1
b8140050d3b610ff8a93bef7a6d60f0d,user_engagement_EngineDetailsViewController,1
b8140050d3b610ff8a93bef7a6d60f0d,button_compare_models,1
b8140050d3b610ff8a93bef7a6d60f0d,screen_view_ComparisonResultViewController,1
b8140050d3b610ff8a93bef7a6d60f0d,user_engagement_ComparisonResultViewController,1
b8140050d3b610ff8a93bef7a6d60f0d,screen_view_PresentationExploreSegmentedViewController,1
b8140050d3b610ff8a93bef7a6d60f0d,screen_view_PresentationEditorViewController,1
b8140050d3b610ff8a93bef7a6d60f0d,screen_view_AVPlayerViewController,1
b8140050d3b610ff8a93bef7a6d60f0d,user_engagement_PresentationEditorViewController,1
b8140050d3b610ff8a93bef7a6d60f0d,user_engagement_AVPlayerViewController,1
b8140050d3b610ff8a93bef7a6d60f0d,button_trim_home_save_selection,1
b8140050d3b610ff8a93bef7a6d60f0d,button_trim_home_view_interior,1
b8140050d3b610ff8a93bef7a6d60f0d,button_trim_home_view_exterior,1
b8140050d3b610ff8a93bef7a6d60f0d,screen_view_SFSafariViewController,1
b8140050d3b610ff8a93bef7a6d60f0d,user_engagement_SFSafariViewController,1
e65ed16c595914f10b59a8d872f916b0,screen_view_SplashViewController,1
e65ed16c595914f10b59a8d872f916b0,screen_view_LoginViewController,1
e65ed16c595914f10b59a8d872f916b0,user_engagement_LoginViewController,1
e65ed16c595914f10b59a8d872f916b0,button_globalnav_range,1
e65ed16c595914f10b59a8d872f916b0,button_range,1
e65ed16c595914f10b59a8d872f916b0,screen_view_SkodaContentViewController,1
e65ed16c595914f10b59a8d872f916b0,screen_view_RangeContentViewController,1
e65ed16c595914f10b59a8d872f916b0,user_engagement_RangeContentViewController,1
e65ed16c595914f10b59a8d872f916b0,button_range_home_filter_open,1
e65ed16c595914f10b59a8d872f916b0,screen_view_ProfileViewController,1
e65ed16c595914f10b59a8d872f916b0,user_engagement_ProfileViewController,1
e65ed16c595914f10b59a8d872f916b0,screen_view_ProfileImageCaptureViewController,1
e65ed16c595914f10b59a8d872f916b0,user_engagement_ProfileImageCaptureViewController,1
e65ed16c595914f10b59a8d872f916b0,button_range_home_trim_select,1
e65ed16c595914f10b59a8d872f916b0,screen_view_TrimViewController,1
e65ed16c595914f10b59a8d872f916b0,button_trim_home_view_full_details,1
e65ed16c595914f10b59a8d872f916b0,user_engagement_TrimViewController,1
e65ed16c595914f10b59a8d872f916b0,screen_view_EngineDetailsViewController,1
e65ed16c595914f10b59a8d872f916b0,user_engagement_EngineDetailsViewController,1
e65ed16c595914f10b59a8d872f916b0,button_globalnav_compare,1
e65ed16c595914f10b59a8d872f916b0,button_compare,1
e65ed16c595914f10b59a8d872f916b0,button_compare_models,1
e65ed16c595914f10b59a8d872f916b0,screen_view_ComparisonResultViewController,1
e65ed16c595914f10b59a8d872f916b0,user_engagement_SkodaContentViewController,1
e65ed16c595914f10b59a8d872f916b0,user_engagement_ComparisonResultViewController,1
e65ed16c595914f10b59a8d872f916b0,button_trim_home_trim_dropdown_select,1
e65ed16c595914f10b59a8d872f916b0,button_trim_home_trim_select_from_dropdown,1
e65ed16c595914f10b59a8d872f916b0,button_trim_home_view_interior,1
e65ed16c595914f10b59a8d872f916b0,button_trim_home_view_exterior,1
e65ed16c595914f10b59a8d872f916b0,button_globalnav_presentation,1
e65ed16c595914f10b59a8d872f916b0,button_presentation,1
e65ed16c595914f10b59a8d872f916b0,screen_view_PresentationExploreSegmentedViewController,1
e65ed16c595914f10b59a8d872f916b0,screen_view_PresentationEditorViewController,1
e65ed16c595914f10b59a8d872f916b0,user_engagement_PresentationEditorViewController,1
e65ed16c595914f10b59a8d872f916b0,button_globalnav_links,1
e65ed16c595914f10b59a8d872f916b0,button_links,1
e65ed16c595914f10b59a8d872f916b0,screen_view_SFSafariViewController,1
e65ed16c595914f10b59a8d872f916b0,user_engagement_SFSafariViewController,1
5923b6e92cddb92053bd283b9bcb6730,screen_view_SplashViewController,1
5923b6e92cddb92053bd283b9bcb6730,screen_view_LoginViewController,1
5923b6e92cddb92053bd283b9bcb6730,user_engagement_LoginViewController,1
5923b6e92cddb92053bd283b9bcb6730,button_globalnav_range,1
5923b6e92cddb92053bd283b9bcb6730,button_range,1
5923b6e92cddb92053bd283b9bcb6730,screen_view_SkodaContentViewController,1
5923b6e92cddb92053bd283b9bcb6730,user_engagement_SplashViewController,1
5923b6e92cddb92053bd283b9bcb6730,screen_view_RangeContentViewController,1
5923b6e92cddb92053bd283b9bcb6730,button_range_home_trim_select,1
5923b6e92cddb92053bd283b9bcb6730,user_engagement_RangeContentViewController,1
5923b6e92cddb92053bd283b9bcb6730,screen_view_TrimViewController,1
5923b6e92cddb92053bd283b9bcb6730,screen_view_PresentationExploreSegmentedViewController,1
5923b6e92cddb92053bd283b9bcb6730,user_engagement_TrimViewController,1
5923b6e92cddb92053bd283b9bcb6730,screen_view_PresentationEditorViewController,1
5923b6e92cddb92053bd283b9bcb6730,user_engagement_PresentationEditorViewController,1
5923b6e92cddb92053bd283b9bcb6730,button_globalnav_presentation,1
5923b6e92cddb92053bd283b9bcb6730,button_presentation,1
5923b6e92cddb92053bd283b9bcb6730,user_engagement_SkodaContentViewController,1
5923b6e92cddb92053bd283b9bcb6730,button_presentation_home_email_presentation,1
5923b6e92cddb92053bd283b9bcb6730,screen_view_MFMailComposeInternalViewController,1
5923b6e92cddb92053bd283b9bcb6730,user_engagement_MFMailComposeInternalViewController,1
5923b6e92cddb92053bd283b9bcb6730,screen_view_AVPlayerViewController,1
5923b6e92cddb92053bd283b9bcb6730,user_engagement_AVPlayerViewController,1
5923b6e92cddb92053bd283b9bcb6730,button_presentation_home_my_presentations,1
5923b6e92cddb92053bd283b9bcb6730,screen_view_MyPresentationsViewController,1
5923b6e92cddb92053bd283b9bcb6730,button_presentation_home_new_presentation,1
5923b6e92cddb92053bd283b9bcb6730,user_engagement_MyPresentationsViewController,1
5923b6e92cddb92053bd283b9bcb6730,screen_view_CreateOrChoosePresentationViewController,1
5923b6e92cddb92053bd283b9bcb6730,button_presentation_home_create_presentation,1
5923b6e92cddb92053bd283b9bcb6730,user_engagement_CreateOrChoosePresentationViewController,1
5923b6e92cddb92053bd283b9bcb6730,screen_view_TemplateViewController,1
5923b6e92cddb92053bd283b9bcb6730,user_engagement_TemplateViewController,1
5923b6e92cddb92053bd283b9bcb6730,screen_view_PresentationExploreAssetViewController,1
5923b6e92cddb92053bd283b9bcb6730,user_engagement_PresentationExploreAssetViewController,1
5923b6e92cddb92053bd283b9bcb6730,button_presentation_home_delete_presentation,1
5923b6e92cddb92053bd283b9bcb6730,screen_view_SkodaAlertController,1
5923b6e92cddb92053bd283b9bcb6730,user_engagement_SkodaAlertController,1
5923b6e92cddb92053bd283b9bcb6730,button_globalnav_links,1
5923b6e92cddb92053bd283b9bcb6730,button_links,1
5923b6e92cddb92053bd283b9bcb6730,screen_view_SFSafariViewController,1
5923b6e92cddb92053bd283b9bcb6730,user_engagement_SFSafariViewController,1
33ec4706d3a65b5b4f0f7a64a8cfbed8,screen_view_SplashViewController,1
33ec4706d3a65b5b4f0f7a64a8cfbed8,screen_view_LoginViewController,1
33ec4706d3a65b5b4f0f7a64a8cfbed8,user_engagement_LoginViewController,1
edc414157e224dd8c2045f87cbb52c7b,screen_view_SplashViewController,1
edc414157e224dd8c2045f87cbb52c7b,screen_view_LoginViewController,1
edc414157e224dd8c2045f87cbb52c7b,user_engagement_LoginViewController,1
edc414157e224dd8c2045f87cbb52c7b,button_globalnav_range,1
edc414157e224dd8c2045f87cbb52c7b,button_range,1
edc414157e224dd8c2045f87cbb52c7b,screen_view_SkodaContentViewController,1
edc414157e224dd8c2045f87cbb52c7b,screen_view_RangeContentViewController,1
edc414157e224dd8c2045f87cbb52c7b,button_range_home_trim_select,1
edc414157e224dd8c2045f87cbb52c7b,screen_view_TrimViewController,1
edc414157e224dd8c2045f87cbb52c7b,user_engagement_RangeContentViewController,1
edc414157e224dd8c2045f87cbb52c7b,user_engagement_TrimViewController,1
edc414157e224dd8c2045f87cbb52c7b,button_trim_home_engine_select,1
edc414157e224dd8c2045f87cbb52c7b,screen_view_PresentationExploreSegmentedViewController,1
edc414157e224dd8c2045f87cbb52c7b,screen_view_PresentationEditorViewController,1
edc414157e224dd8c2045f87cbb52c7b,button_presentation_home_email_presentation,1
edc414157e224dd8c2045f87cbb52c7b,screen_view_MFMailComposeInternalViewController,1
edc414157e224dd8c2045f87cbb52c7b,user_engagement_PresentationEditorViewController,1
edc414157e224dd8c2045f87cbb52c7b,user_engagement_MFMailComposeInternalViewController,1
edc414157e224dd8c2045f87cbb52c7b,user_engagement_PresentationExploreSegmentedViewController,1
edc414157e224dd8c2045f87cbb52c7b,button_globalnav_links,1
edc414157e224dd8c2045f87cbb52c7b,button_links,1
edc414157e224dd8c2045f87cbb52c7b,button_globalnav_presentation,1
edc414157e224dd8c2045f87cbb52c7b,button_presentation,1
edc414157e224dd8c2045f87cbb52c7b,button_presentation_home_my_presentations,1
edc414157e224dd8c2045f87cbb52c7b,screen_view_MyPresentationsViewController,1
edc414157e224dd8c2045f87cbb52c7b,user_engagement_SkodaContentViewController,1
edc414157e224dd8c2045f87cbb52c7b,button_presentation_home_new_presentation,1
edc414157e224dd8c2045f87cbb52c7b,screen_view_CreateOrChoosePresentationViewController,1
edc414157e224dd8c2045f87cbb52c7b,user_engagement_MyPresentationsViewController,1
edc414157e224dd8c2045f87cbb52c7b,button_presentation_home_create_presentation,1
edc414157e224dd8c2045f87cbb52c7b,user_engagement_CreateOrChoosePresentationViewController,1
edc414157e224dd8c2045f87cbb52c7b,screen_view_PresentationExploreAssetViewController,1
edc414157e224dd8c2045f87cbb52c7b,user_engagement_PresentationExploreAssetViewController,1
edc414157e224dd8c2045f87cbb52c7b,screen_view_SkodaAlertController,1
edc414157e224dd8c2045f87cbb52c7b,user_engagement_SkodaAlertController,1
edc414157e224dd8c2045f87cbb52c7b,button_presentation_home_search,1
edc414157e224dd8c2045f87cbb52c7b,button_trim_home_save_selection,1
edc414157e224dd8c2045f87cbb52c7b,screen_view_EmailGeneratorViewController,1
edc414157e224dd8c2045f87cbb52c7b,user_engagement_EmailGeneratorViewController,1
edc414157e224dd8c2045f87cbb52c7b,button_trim_home_view_full_details,1
edc414157e224dd8c2045f87cbb52c7b,screen_view_EngineDetailsViewController,1
edc414157e224dd8c2045f87cbb52c7b,user_engagement_EngineDetailsViewController,1
edc414157e224dd8c2045f87cbb52c7b,screen_view_AVPlayerViewController,1
edc414157e224dd8c2045f87cbb52c7b,user_engagement_AVPlayerViewController,1
edc414157e224dd8c2045f87cbb52c7b,button_trim_home_like_technology,1
edc414157e224dd8c2045f87cbb52c7b,screen_view_PresentationSlideOptionsPopoverViewController,1
edc414157e224dd8c2045f87cbb52c7b,user_engagement_PresentationSlideOptionsPopoverViewController,1
edc414157e224dd8c2045f87cbb52c7b,button_globalnav_compare,1
edc414157e224dd8c2045f87cbb52c7b,button_compare,1
edc414157e224dd8c2045f87cbb52c7b,button_refresh_session_dialogue,1
edc414157e224dd8c2045f87cbb52c7b,button_refresh_session_dialogue_yes,1
edc414157e224dd8c2045f87cbb52c7b,button_range_home_filter_open,1
edc414157e224dd8c2045f87cbb52c7b,button_range_home_filter_apply,1
edc414157e224dd8c2045f87cbb52c7b,button_trim_home_view_interior,1
edc414157e224dd8c2045f87cbb52c7b,button_trim_home_view_exterior,1
edc414157e224dd8c2045f87cbb52c7b,button_compare_models,1
edc414157e224dd8c2045f87cbb52c7b,screen_view_ComparisonResultViewController,1
edc414157e224dd8c2045f87cbb52c7b,user_engagement_ComparisonResultViewController,1
edc414157e224dd8c2045f87cbb52c7b,button_trim_home_trim_dropdown_select,1
26ba0412a6b291ec3aed55794cd0e7bb,button_globalnav_range,1
26ba0412a6b291ec3aed55794cd0e7bb,button_range,1
26ba0412a6b291ec3aed55794cd0e7bb,screen_view_SkodaContentViewController,1
26ba0412a6b291ec3aed55794cd0e7bb,user_engagement_SplashViewController,1
26ba0412a6b291ec3aed55794cd0e7bb,screen_view_RangeContentViewController,1
26ba0412a6b291ec3aed55794cd0e7bb,button_globalnav_compare,1
26ba0412a6b291ec3aed55794cd0e7bb,button_compare,1
26ba0412a6b291ec3aed55794cd0e7bb,user_engagement_RangeContentViewController,1
26ba0412a6b291ec3aed55794cd0e7bb,button_globalnav_presentation,1
26ba0412a6b291ec3aed55794cd0e7bb,button_presentation,1
26ba0412a6b291ec3aed55794cd0e7bb,user_engagement_SkodaContentViewController,1
26ba0412a6b291ec3aed55794cd0e7bb,screen_view_SkodaAlertController,1
26ba0412a6b291ec3aed55794cd0e7bb,user_engagement_SkodaAlertController,1
26ba0412a6b291ec3aed55794cd0e7bb,screen_view_SplashViewController,1
26ba0412a6b291ec3aed55794cd0e7bb,screen_view_LoginViewController,1
26ba0412a6b291ec3aed55794cd0e7bb,user_engagement_LoginViewController,1
9801ea9bd1869c5c827ba092c9c2f678,screen_view_SplashViewController,1
9801ea9bd1869c5c827ba092c9c2f678,screen_view_LoginViewController,1
9801ea9bd1869c5c827ba092c9c2f678,user_engagement_LoginViewController,1
9801ea9bd1869c5c827ba092c9c2f678,button_globalnav_range,1
9801ea9bd1869c5c827ba092c9c2f678,button_range,1
9801ea9bd1869c5c827ba092c9c2f678,screen_view_SkodaContentViewController,1
9801ea9bd1869c5c827ba092c9c2f678,screen_view_RangeContentViewController,1
9801ea9bd1869c5c827ba092c9c2f678,button_globalnav_links,1
9801ea9bd1869c5c827ba092c9c2f678,button_links,1
9801ea9bd1869c5c827ba092c9c2f678,user_engagement_RangeContentViewController,1
9801ea9bd1869c5c827ba092c9c2f678,screen_view_SFSafariViewController,1
9801ea9bd1869c5c827ba092c9c2f678,user_engagement_SkodaContentViewController,1
9801ea9bd1869c5c827ba092c9c2f678,user_engagement_SFSafariViewController,1
9801ea9bd1869c5c827ba092c9c2f678,button_globalnav_compare,1
9801ea9bd1869c5c827ba092c9c2f678,button_compare,1
ca6a908acc5d9b22e1f92b06781b07a9,screen_view_LoginViewController,1
ca6a908acc5d9b22e1f92b06781b07a9,screen_view_SplashViewController,1
ca6a908acc5d9b22e1f92b06781b07a9,user_engagement_SplashViewController,1
ca6a908acc5d9b22e1f92b06781b07a9,user_engagement_LoginViewController,1
ca6a908acc5d9b22e1f92b06781b07a9,button_globalnav_range,1
ca6a908acc5d9b22e1f92b06781b07a9,button_range,1
ca6a908acc5d9b22e1f92b06781b07a9,screen_view_SkodaContentViewController,1
ca6a908acc5d9b22e1f92b06781b07a9,screen_view_RangeContentViewController,1
ca6a908acc5d9b22e1f92b06781b07a9,button_range_home_trim_select,1
ca6a908acc5d9b22e1f92b06781b07a9,screen_view_TrimViewController,1
ca6a908acc5d9b22e1f92b06781b07a9,user_engagement_RangeContentViewController,1
ca6a908acc5d9b22e1f92b06781b07a9,button_trim_home_view_interior,1
ca6a908acc5d9b22e1f92b06781b07a9,user_engagement_TrimViewController,1
ca6a908acc5d9b22e1f92b06781b07a9,screen_view_AVPlayerViewController,1
ca6a908acc5d9b22e1f92b06781b07a9,user_engagement_AVPlayerViewController,1
ca6a908acc5d9b22e1f92b06781b07a9,button_trim_home_engine_select,1
ca6a908acc5d9b22e1f92b06781b07a9,button_trim_home_view_full_details,1
ca6a908acc5d9b22e1f92b06781b07a9,screen_view_EngineDetailsViewController,1
ca6a908acc5d9b22e1f92b06781b07a9,user_engagement_EngineDetailsViewController,1
c0795c1b0be2d3efe8c6cc158277dc44,screen_view_LoginViewController,1
c0795c1b0be2d3efe8c6cc158277dc44,screen_view_SplashViewController,1
c0795c1b0be2d3efe8c6cc158277dc44,user_engagement_SplashViewController,1
c0795c1b0be2d3efe8c6cc158277dc44,user_engagement_LoginViewController,1
c0795c1b0be2d3efe8c6cc158277dc44,button_globalnav_range,1
c0795c1b0be2d3efe8c6cc158277dc44,button_range,1
c0795c1b0be2d3efe8c6cc158277dc44,screen_view_SkodaContentViewController,1
c0795c1b0be2d3efe8c6cc158277dc44,screen_view_RangeContentViewController,1
c0795c1b0be2d3efe8c6cc158277dc44,button_range_home_trim_select,1
c0795c1b0be2d3efe8c6cc158277dc44,screen_view_TrimViewController,1
c0795c1b0be2d3efe8c6cc158277dc44,user_engagement_RangeContentViewController,1
c0795c1b0be2d3efe8c6cc158277dc44,button_globalnav_compare,1
c0795c1b0be2d3efe8c6cc158277dc44,button_compare,1
c0795c1b0be2d3efe8c6cc158277dc44,user_engagement_TrimViewController,1
c0795c1b0be2d3efe8c6cc158277dc44,user_engagement_SkodaContentViewController,1
c0795c1b0be2d3efe8c6cc158277dc44,button_compare_models,1
c0795c1b0be2d3efe8c6cc158277dc44,screen_view_ComparisonResultViewController,1
c0795c1b0be2d3efe8c6cc158277dc44,user_engagement_ComparisonResultViewController,1
c0795c1b0be2d3efe8c6cc158277dc44,button_trim_home_view_full_details,1
c0795c1b0be2d3efe8c6cc158277dc44,screen_view_EngineDetailsViewController,1
c0795c1b0be2d3efe8c6cc158277dc44,user_engagement_EngineDetailsViewController,1
cf45cf67225c8db6fae2aa19b9fc3f14,screen_view_SplashViewController,1
cf45cf67225c8db6fae2aa19b9fc3f14,screen_view_LoginViewController,1
cf45cf67225c8db6fae2aa19b9fc3f14,user_engagement_LoginViewController,1
cf45cf67225c8db6fae2aa19b9fc3f14,button_globalnav_range,1
cf45cf67225c8db6fae2aa19b9fc3f14,button_range,1
cf45cf67225c8db6fae2aa19b9fc3f14,user_engagement_SplashViewController,1
cf45cf67225c8db6fae2aa19b9fc3f14,screen_view_SkodaContentViewController,1
cf45cf67225c8db6fae2aa19b9fc3f14,screen_view_RangeContentViewController,1
cf45cf67225c8db6fae2aa19b9fc3f14,button_globalnav_presentation,1
cf45cf67225c8db6fae2aa19b9fc3f14,button_presentation,1
cf45cf67225c8db6fae2aa19b9fc3f14,user_engagement_RangeContentViewController,1
cf45cf67225c8db6fae2aa19b9fc3f14,button_presentation_home_download_asset,1
cf45cf67225c8db6fae2aa19b9fc3f14,screen_view_SkodaAlertController,1
cf45cf67225c8db6fae2aa19b9fc3f14,user_engagement_SkodaContentViewController,1
cf45cf67225c8db6fae2aa19b9fc3f14,user_engagement_SkodaAlertController,1
cf45cf67225c8db6fae2aa19b9fc3f14,button_range_home_filter_open,1
cf45cf67225c8db6fae2aa19b9fc3f14,button_globalnav_compare,1
cf45cf67225c8db6fae2aa19b9fc3f14,button_compare,1
cf45cf67225c8db6fae2aa19b9fc3f14,screen_view_PresentationExploreSegmentedViewController,1
cf45cf67225c8db6fae2aa19b9fc3f14,screen_view_PresentationEditorViewController,1
cf45cf67225c8db6fae2aa19b9fc3f14,user_engagement_PresentationEditorViewController,1
cf45cf67225c8db6fae2aa19b9fc3f14,button_globalnav_links,1
cf45cf67225c8db6fae2aa19b9fc3f14,button_links,1
cf45cf67225c8db6fae2aa19b9fc3f14,button_presentation_home_my_presentations,1
cf45cf67225c8db6fae2aa19b9fc3f14,screen_view_MyPresentationsViewController,1
cf45cf67225c8db6fae2aa19b9fc3f14,button_presentation_home_new_presentation,1
cf45cf67225c8db6fae2aa19b9fc3f14,user_engagement_MyPresentationsViewController,1
cf45cf67225c8db6fae2aa19b9fc3f14,screen_view_CreateOrChoosePresentationViewController,1
cf45cf67225c8db6fae2aa19b9fc3f14,user_engagement_CreateOrChoosePresentationViewController,1
cf45cf67225c8db6fae2aa19b9fc3f14,screen_view_AVPlayerViewController,1
cf45cf67225c8db6fae2aa19b9fc3f14,user_engagement_AVPlayerViewController,1
6776a5bbdb8392012a9c0ba2c19dac34,screen_view_LoginViewController,1
6776a5bbdb8392012a9c0ba2c19dac34,screen_view_SplashViewController,1
6776a5bbdb8392012a9c0ba2c19dac34,user_engagement_SplashViewController,1
6776a5bbdb8392012a9c0ba2c19dac34,user_engagement_LoginViewController,1
6776a5bbdb8392012a9c0ba2c19dac34,button_globalnav_range,1
6776a5bbdb8392012a9c0ba2c19dac34,button_range,1
6776a5bbdb8392012a9c0ba2c19dac34,screen_view_SkodaContentViewController,1
6776a5bbdb8392012a9c0ba2c19dac34,screen_view_RangeContentViewController,1
6776a5bbdb8392012a9c0ba2c19dac34,button_globalnav_presentation,1
6776a5bbdb8392012a9c0ba2c19dac34,button_presentation,1
6776a5bbdb8392012a9c0ba2c19dac34,user_engagement_RangeContentViewController,1
6776a5bbdb8392012a9c0ba2c19dac34,button_presentation_home_my_presentations,1
6776a5bbdb8392012a9c0ba2c19dac34,screen_view_MyPresentationsViewController,1
6776a5bbdb8392012a9c0ba2c19dac34,user_engagement_SkodaContentViewController,1
6776a5bbdb8392012a9c0ba2c19dac34,screen_view_PresentationExploreSegmentedViewController,1
6776a5bbdb8392012a9c0ba2c19dac34,user_engagement_MyPresentationsViewController,1
6776a5bbdb8392012a9c0ba2c19dac34,screen_view_PresentationEditorViewController,1
6776a5bbdb8392012a9c0ba2c19dac34,button_presentation_home_email_presentation,1
6776a5bbdb8392012a9c0ba2c19dac34,screen_view_MFMailComposeInternalViewController,1
6776a5bbdb8392012a9c0ba2c19dac34,user_engagement_PresentationEditorViewController,1
6776a5bbdb8392012a9c0ba2c19dac34,user_engagement_MFMailComposeInternalViewController,1
6776a5bbdb8392012a9c0ba2c19dac34,button_globalnav_compare,1
6776a5bbdb8392012a9c0ba2c19dac34,button_compare,1
6776a5bbdb8392012a9c0ba2c19dac34,screen_view_SkodaAlertController,1
6776a5bbdb8392012a9c0ba2c19dac34,user_engagement_SkodaAlertController,1
da32f3bc62f2c2abf62680e457a110d2,screen_view_SplashViewController,1
da32f3bc62f2c2abf62680e457a110d2,screen_view_LoginViewController,1
da32f3bc62f2c2abf62680e457a110d2,user_engagement_LoginViewController,1
da32f3bc62f2c2abf62680e457a110d2,button_globalnav_range,1
da32f3bc62f2c2abf62680e457a110d2,button_range,1
da32f3bc62f2c2abf62680e457a110d2,screen_view_SkodaContentViewController,1
da32f3bc62f2c2abf62680e457a110d2,screen_view_RangeContentViewController,1
da32f3bc62f2c2abf62680e457a110d2,button_globalnav_compare,1
da32f3bc62f2c2abf62680e457a110d2,button_compare,1
da32f3bc62f2c2abf62680e457a110d2,user_engagement_RangeContentViewController,1
da32f3bc62f2c2abf62680e457a110d2,button_compare_models,1
da32f3bc62f2c2abf62680e457a110d2,user_engagement_SkodaContentViewController,1
da32f3bc62f2c2abf62680e457a110d2,screen_view_ComparisonResultViewController,1
da32f3bc62f2c2abf62680e457a110d2,button_compare_results_view_features,1
da32f3bc62f2c2abf62680e457a110d2,user_engagement_ComparisonResultViewController,1
da32f3bc62f2c2abf62680e457a110d2,screen_view_ComparisonFeaturesViewController,1
da32f3bc62f2c2abf62680e457a110d2,user_engagement_ComparisonFeaturesViewController,1
da32f3bc62f2c2abf62680e457a110d2,button_globalnav_presentation,1
da32f3bc62f2c2abf62680e457a110d2,button_presentation,1
da32f3bc62f2c2abf62680e457a110d2,button_globalnav_links,1
da32f3bc62f2c2abf62680e457a110d2,button_links,1
696c911815a7522e5ea87e8805be0883,user_engagement_LoginViewController,1
696c911815a7522e5ea87e8805be0883,screen_view_SplashViewController,1
696c911815a7522e5ea87e8805be0883,screen_view_ContentLoaderViewController,1
696c911815a7522e5ea87e8805be0883,user_engagement_ContentLoaderViewController,1
e067a5452f0f29be2806dec15d947940,button_globalnav_range,1
e067a5452f0f29be2806dec15d947940,button_range,1
e067a5452f0f29be2806dec15d947940,user_engagement_SplashViewController,1
e067a5452f0f29be2806dec15d947940,screen_view_SkodaContentViewController,1
e067a5452f0f29be2806dec15d947940,screen_view_RangeContentViewController,1
e067a5452f0f29be2806dec15d947940,user_engagement_RangeContentViewController,1
8f2b77997259d6be3353027fbb502927,screen_view_SplashViewController,1
8f2b77997259d6be3353027fbb502927,screen_view_LoginViewController,1
8f2b77997259d6be3353027fbb502927,user_engagement_LoginViewController,1
8f2b77997259d6be3353027fbb502927,button_globalnav_range,1
8f2b77997259d6be3353027fbb502927,button_range,1
8f2b77997259d6be3353027fbb502927,user_engagement_SplashViewController,1
8f2b77997259d6be3353027fbb502927,screen_view_SkodaContentViewController,1
8f2b77997259d6be3353027fbb502927,screen_view_RangeContentViewController,1
8f2b77997259d6be3353027fbb502927,button_globalnav_compare,1
8f2b77997259d6be3353027fbb502927,button_compare,1
8f2b77997259d6be3353027fbb502927,user_engagement_RangeContentViewController,1
8f2b77997259d6be3353027fbb502927,button_globalnav_presentation,1
8f2b77997259d6be3353027fbb502927,button_presentation,1
8f2b77997259d6be3353027fbb502927,button_presentation_home_download_asset,1
8f2b77997259d6be3353027fbb502927,user_engagement_SkodaContentViewController,1
8f2b77997259d6be3353027fbb502927,screen_view_PresentationExploreSegmentedViewController,1
8f2b77997259d6be3353027fbb502927,screen_view_PresentationEditorViewController,1
8f2b77997259d6be3353027fbb502927,button_presentation_home_email_presentation,1
8f2b77997259d6be3353027fbb502927,user_engagement_PresentationEditorViewController,1
8f2b77997259d6be3353027fbb502927,screen_view_MFMailComposeInternalViewController,1
8f2b77997259d6be3353027fbb502927,user_engagement_MFMailComposeInternalViewController,1
1a9f4d0183ebff4d1b5a22b360df9183,button_globalnav_range,1
1a9f4d0183ebff4d1b5a22b360df9183,button_range,1
1a9f4d0183ebff4d1b5a22b360df9183,screen_view_SkodaContentViewController,1
1a9f4d0183ebff4d1b5a22b360df9183,screen_view_RangeContentViewController,1
1a9f4d0183ebff4d1b5a22b360df9183,button_range_home_trim_select,1
1a9f4d0183ebff4d1b5a22b360df9183,user_engagement_RangeContentViewController,1
1a9f4d0183ebff4d1b5a22b360df9183,screen_view_TrimViewController,1
1a9f4d0183ebff4d1b5a22b360df9183,user_engagement_TrimViewController,1
1a9f4d0183ebff4d1b5a22b360df9183,button_trim_home_trim_dropdown_select,1
1a9f4d0183ebff4d1b5a22b360df9183,button_trim_home_trim_select_from_dropdown,1
1a9f4d0183ebff4d1b5a22b360df9183,button_trim_home_engine_select,1
