name,count
user_engagement_ComparisonResultViewController,1
screen_view_LoginViewController,1
screen_view_SplashViewController,1
user_engagement_SplashViewController,1
user_engagement_LoginViewController,1
screen_view_ContentLoaderViewController,1
user_engagement_ContentLoaderViewController,1
button_globalnav_range,1
button_range,1
screen_view_SkodaContentViewController,1
screen_view_RangeContentViewController,1
user_engagement_RangeContentViewController,1
button_range_home_trim_select,1
screen_view_TrimViewController,1
button_trim_home_view_full_details,1
user_engagement_TrimViewController,1
screen_view_EngineDetailsViewController,1
user_engagement_EngineDetailsViewController,1
button_trim_home_trim_dropdown_select,1
button_trim_home_trim_select_from_dropdown,1
button_trim_home_interior_gallery,1
button_trim_home_exterior_gallery,1
button_trim_home_view_interior,1
button_trim_home_view_exterior,1
screen_view_ProfileViewController,1
user_engagement_ProfileViewController,1
button_trim_home_save_selection,1
button_trim_home_engine_select,1
screen_view_UIAlertController,1
user_engagement_UIAlertController,1
